tree
version=v4
num_class=1
num_tree_per_iteration=1
label_index=0
max_feature_idx=24
objective=regression_l1
feature_names=route_id hour day_of_week p_daytype_28 p_daytype_56 p_dow_56 p_hour_28 level_7 level_28 is_dayoff is_short_day is_holiday is_transfer_workday is_saturday_profile is_sunday_profile temperature_c precipitation_mm snowfall_cm wind_speed_ms humidity_pct cloud_cover_pct is_rain is_snow traffic_congestion_index traffic_duration_s
feature_infos=-1:11:25:12:17:28:1:50:26:5:7 -1:2:6:14:8:7:18:3:10:17:20:11:0:12:4:5:9:19:23:15:16:21:1:22:13 -1:6:2:0:1:5:3:4 [0:5418.5498046875] [0:5332.875] [0:5445.5] [0:4351.21435546875] [0:51606.71484375] [0:50889.39453125] [0:1] [0:1] [0:1] none [0:1] [0:1] [-16:35.099998474121094] [0:8.6999998092651367] [0:1.9600000381469727] [0.05000000074505806:7.9600000381469727] [16:100] [0:100] [0:1] [0:1] [1:1.3344000577926636] [659:2562]
tree_sizes=2940 2965 3038 3049 3008 3055 3018 3026 2973 3022 2991 2931 3049 2938 3056 3040 3024 3000 3061 3014 3013 3019 2939 3027 3004 3017 2993 2948 3020 3038 2987 3001 2980 3048 2984 3028 3030 2970 2949 3017 3017 3032 2945 3004 2958 2939 2949 3015 3017 2926 2971 2953 2999 2988 3021 3023 2943 3033 2988 2938 2977 2969 2975

Tree=0
num_leaves=25
num_cat=2
split_feature=15 19 15 18 8 18 8 19 1 9 1 8 8 8 15 18 8 8 8 15 7 8 8 3
split_gain=1.11876e+07 2.43672e+06 4.12853e+06 2.06301e+06 2.01169e+06 1.63486e+06 1.53788e+06 1.17363e+06 1.08617e+06 1.03316e+06 1.01112e+06 1.03861e+06 1.06181e+06 1.04982e+06 995404 1.05872e+06 976311 1.12263e+06 1.05654e+06 965449 790652 766965 762155 606200
threshold=12.650000095367433 72.500000000000014 22.750000000000004 3.9650000333786015 17886.856445312504 4.1250000000000009 41164.537109375007 33.500000000000007 0 1.0000000180025095e-35 1 49848.732421875007 41164.537109375007 33284.392578125007 14.34999990463257 1.5850000381469729 15047.285644531252 24093.018554687504 28268.875000000004 29.349999427795414 12233.500000000002 48856.125000000007 44278.572265625007 1743.0750122070315
decision_type=2 2 2 2 2 2 2 2 1 2 1 2 2 2 2 2 2 2 2 2 2 2 2 2
left_child=4 2 3 6 20 10 8 19 -2 -9 -6 12 13 -12 15 -3 -10 -18 -19 -4 -1 -14 -8 -20
right_child=1 14 7 -5 5 -7 22 9 16 -11 11 -13 21 -15 -16 -17 17 18 23 -21 -22 -23 -24 -25
leaf_value=0.99234237591394747 0.98973566252753886 0.99362285798320671 0.99093969114956248 0.98942775481669321 0.99075470855209802 0.9901430928699404 0.99330776877823934 0.98810016738037809 0.99364179082621717 0.9900533422666995 0.99183096737656673 0.9904954852205573 0.99310994880695447 0.98988592574141288 0.98859639190955673 0.98929838866198461 0.98978280218202486 0.99310933873139107 0.99224078166348217 0.98601026234630296 0.99392461589908387 0.99145268245558249 0.99133929320636727 0.99033874060270854
leaf_weight=10690270.412737608 7675311.5428276062 2163606.5473666191 10135983.415200233 14632736.258142233 15876738.845635891 13314890.286502361 6193778.3556220531 21355402.302824855 8751126.4329744577 6836402.7072600126 48967318.299035668 4605448.1913452148 9787984.4189715385 3620735.4676055908 30481067.6557585 7554688.8751636744 14962995.898881078 7695534.7345714569 4081837.2193409204 2195571.9868621826 16864891.556489468 7588259.0385131836 8274974.1029188633 8867148.9559326172
leaf_count=53078 7369 3591 7611 11303 33419 10597 2876 17054 25259 8778 37393 1767 4305 2061 46356 14547 17981 5736 6311 1696 27568 2847 3809 3794
internal_value=0.990845 0.986721 0.988374 0.991425 0.995927 0.994433 0.993178 0.982265 0.991299 0.979627 0.995561 0.996705 0.997414 0.995755 0.981718 0.98825 0.992707 0.990984 0.994526 0.988295 1.00156 1.00244 0.999937 0.990439
internal_weight=2.93175e+08 1.61858e+08 1.21659e+08 8.11354e+07 1.31317e+08 1.03761e+08 6.65027e+07 4.05234e+07 5.2034e+07 2.81918e+07 9.04465e+07 7.45697e+07 6.99643e+07 5.25881e+07 4.01994e+07 9.7183e+06 4.43586e+07 3.56075e+07 2.06445e+07 1.23316e+07 2.75552e+07 1.73762e+07 1.44688e+07 1.2949e+07
internal_count=357106 184071 119577 84438 173035 92389 73135 35139 66450 25832 81792 48373 46606 39454 64494 18138 59081 33822 15841 9307 80646 7152 6685 10105
cat_boundaries=0 1 2
cat_threshold=960 16252979
is_linear=0
shrinkage=1


Tree=1
num_leaves=25
num_cat=10
split_feature=21 18 2 2 18 1 0 8 1 1 2 8 24 24 8 5 16 1 23 2 16 1 7 8
split_gain=4.09828e+06 1.99105e+06 1.53769e+06 919864 793166 1.0813e+06 661353 1.13758e+06 647860 579495 1.05781e+06 572827 875323 547302 773957 521386 504578 478925 476814 457478 445200 427774 409509 557675
threshold=1.0000000180025095e-35 4.5250000953674325 0 1 1.7150000333786013 2 3 17995.839843750004 4 5 6 28268.875000000004 1739.5000000000002 1685.5000000000002 46328.875000000007 1424.9375000000002 0.15000000223517421 7 1.0514000058174136 8 0.84999999403953563 9 20278.642578125004 24777.107421875004
decision_type=2 2 1 1 2 1 1 2 1 1 1 2 2 2 2 2 2 1 2 1 2 1 2 2
left_child=1 2 9 16 5 -4 11 -8 -3 10 -1 12 -6 14 18 -15 -2 -12 -13 -10 -5 -18 -9 -24
right_child=3 8 4 20 6 -7 7 22 19 -11 17 13 -14 15 -16 -17 21 -19 -20 -21 -22 -23 23 -25
leaf_value=0.00011720663567638947 0.00037321998449463202 -0.0020553890101371146 0.0015124685350217805 -0.0014368283612708427 0.00069605991094718787 0.00023320997107844564 0.0013808578271010499 -0.002335767555712109 0.00058088013171117613 5.8692073756293871e-05 -0.002930744794178086 -6.9658480167953646e-05 0.0027883104241700528 0.0011510461875862763 6.6266761525967643e-05 -0.00025374674382575528 -0.0020436137392544481 -0.0010541145444736581 0.0018266749785548584 -0.0015875633360267535 -0.0038856606838000404 -0.00032654993428633908 -8.6884995171598272e-06 -0.0024175607370279526
leaf_weight=9864218.5784289837 9246273.3433849812 8687189.1772670746 26752069.347930908 27959635.128695726 13150154.181862712 17907896.587285399 14294788.952985168 5687084.5257185698 4124346.1646431684 50264121.199837327 2979640.2161560059 2420474.9932880402 6885733.5234220028 5877135.8321589231 11734127.25816226 21131395.744018555 4790950.962549448 5643224.1291927099 9800616.4672520161 4919459.8580577374 5119894.5265458822 8157980.7414473295 13307217.731367946 2479196.2415915728
leaf_count=12219 8003 6447 21607 30630 31032 38884 46435 7836 3511 52655 1580 5236 5620 10599 6670 9280 4345 10296 4913 5564 5921 8633 16586 2531
internal_value=-2.49881e-05 0.00131062 0.00191904 -0.00577361 0.00323873 0.00586132 0.00214173 -0.000457031 -0.0062446 -0.000987657 -0.00453554 0.00345093 0.00680831 0.00213101 0.00470985 -0.000156287 -0.00208265 -0.0105316 0.00883765 -0.00185395 -0.00825011 -0.00506866 -0.00386716 -0.0019246
internal_weight=2.93185e+08 2.3791e+08 2.20179e+08 5.52747e+07 1.51428e+08 4.466e+07 1.06768e+08 3.57683e+07 1.7731e+07 6.87512e+07 1.84871e+07 7.09996e+07 2.00359e+07 5.09638e+07 2.39552e+07 2.70085e+07 2.21952e+07 8.62286e+06 1.22211e+07 9.04381e+06 3.30795e+07 1.29489e+07 2.14735e+07 1.57864e+07
internal_count=357033 299501 283979 57532 207229 60491 146738 73388 15522 76750 24095 73350 36652 36698 16819 19879 20981 11876 10149 9075 36551 12978 26953 19117
cat_boundaries=0 1 2 3 4 5 6 7 8 9 10
cat_threshold=17 18 1015296 33691650 12828672 4980914 1 262144 46 6862849
is_linear=0
shrinkage=0.0234364


Tree=2
num_leaves=25
num_cat=5
split_feature=15 16 15 23 18 7 2 0 15 19 9 23 7 7 7 0 15 10 2 23 20 0 19 18
split_gain=1.07623e+07 4.54558e+06 3.0205e+06 1.8839e+06 1.87141e+06 1.08739e+06 1.05676e+06 1.00904e+06 1.00199e+06 1.19128e+06 924376 859569 901795 795149 749320 631498 600611 582602 582388 578089 565371 554506 538040 640358
threshold=12.650000095367433 1.0000000180025095e-35 22.94999980926514 1.167949974536896 4.1250000000000009 18268.500000000004 0 1 28.750000000000004 35.500000000000007 1.0000000180025095e-35 1.1172000169754031 50364.500000000007 38236.357421875007 33422.000000000007 2 3.4500000476837163 1.0000000180025095e-35 3 1.2224000096321108 87.500000000000014 4 67.500000000000014 3.7849999666213994
decision_type=2 2 2 2 2 2 1 1 2 2 2 2 2 2 2 1 2 2 1 2 2 1 2 2
left_child=4 2 3 7 5 21 -6 -2 9 -4 -11 16 13 14 15 -13 -7 -8 -9 -5 -3 -1 23 -20
right_child=1 20 8 19 6 11 17 18 -10 10 -12 12 -14 -15 -16 -17 -18 -19 22 -21 -22 -23 -24 -25
leaf_value=0.0025815242837124918 0.0011923062911247994 -0.0014354366272644578 4.7010053875217607e-05 -0.00058588551795902492 0.0016250263109532971 0.0011321413422151476 -0.0013237944335321302 -0.00072097565818600863 -0.0044671282819286071 -0.0023867518479657977 -0.00027623610652238631 0.001328319184181835 -0.00024442692029092144 0.0013428009132408062 -0.00053068161683734549 0.00020431123145018087 -0.00037670994440625884 0.0032261601330258443 0.0011868711166380561 -0.0016679712143689049 -0.0030259124964976706 0.0017070101601192498 -0.00047052986201060419 -0.00064460504974303448
leaf_weight=14891025.009373903 15206227.970154166 9356269.3623682261 9976580.5970609188 24759329.793479919 2973638.6549582481 4358473.2972518206 12507707.028747916 13476645.970811129 5306307.7573375702 15085824.062360406 5178460.9164657593 32793002.728294134 5219054.1373596191 17028099.064117432 4968149.1079950333 10515366.22693634 13394077.481342316 627061.74128878117 20359564.546598434 7129461.6253967285 21064465.766400456 12040388.187278867 9910134.2937400341 4312452.1048836708
leaf_count=25277 10182 7452 7727 18672 3217 11691 14524 21928 4226 12468 6941 20547 1786 6303 2769 8104 27467 622 30206 5101 20922 50740 33469 4594
internal_value=3.95681e-06 -0.00405495 -0.00215582 2.1787e-05 0.00498414 0.00603031 -0.00249808 0.00236301 -0.00798492 -0.00633668 -0.00960049 0.00477268 0.00593299 0.00668219 0.00514631 0.00613524 0.000163261 -0.00535425 0.000698115 -0.00462304 -0.0122144 0.0101526 0.00230867 0.00416139
internal_weight=2.92438e+08 1.61122e+08 1.30701e+08 9.51538e+07 1.31316e+08 1.15208e+08 1.61084e+07 6.3265e+07 3.55472e+07 3.02409e+07 2.02643e+07 8.82762e+07 7.05237e+07 6.53046e+07 4.82765e+07 4.33084e+07 1.77526e+07 1.31348e+07 4.80588e+07 3.18888e+07 3.04207e+07 2.69314e+07 3.45822e+07 2.4672e+07
internal_count=356935 183888 155514 124152 173047 154684 18363 100379 31362 27136 19409 78667 39509 37723 31420 28651 39158 15146 90197 23773 28374 76017 68269 34800
cat_boundaries=0 1 2 3 4 5
cat_threshold=12 131072 6272 17 67108994
is_linear=0
shrinkage=0.0234364


Tree=3
num_leaves=25
num_cat=1
split_feature=15 16 15 8 8 24 3 6 8 8 8 15 3 9 7 15 8 8 16 20 2 3 6 16
split_gain=1.03919e+07 4.34671e+06 2.8714e+06 1.83844e+06 1.34656e+06 1.29655e+06 1.03502e+06 946540 973021 908614 1.25692e+06 896849 816574 774398 713721 663932 620825 613950 610309 597008 537965 528739 521538 517242
threshold=12.650000095367433 1.0000000180025095e-35 22.94999980926514 17886.856445312504 49848.732421875007 1683.0000000000002 1743.0750122070315 1853.2857055664065 45104.107421875007 24093.018554687504 14557.553710937502 28.750000000000004 1097.8250122070315 1.0000000180025095e-35 12233.500000000002 10.650000095367433 15047.285644531252 10818.607421875002 1.0000000180025095e-35 87.500000000000014 0 2896.1000976562505 794.69641113281261 1.0500000119209292
decision_type=2 2 2 2 2 2 2 2 2 2 2 2 2 2 2 2 2 2 2 2 1 2 2 2
left_child=3 2 5 14 12 7 9 16 21 10 17 13 -5 -4 -1 20 22 -7 -17 -3 23 -9 -2 -14
right_child=1 19 11 4 -6 6 -8 8 -10 -11 -12 -13 15 -15 -16 18 -18 -19 -20 -21 -22 -23 -24 -25
leaf_value=0.0014468860418861028 0.00022989890150052329 -0.0013401670631339522 -0.001459351455858069 -0.00021573180119051854 -0.00065030283754008043 -0.0001769839249092952 -0.00085410615211623311 0.0030704813646953901 0.0001359489326317606 0.0011044734984807579 -0.0016950149472978475 -0.0043639884541927581 0.0010807983495515689 9.8658261445837937e-05 0.0028879544012036617 0.00064789666400734284 -0.00064388453143378983 0.0064215317485592617 -0.0011966340139085354 -0.0029688445131469112 0.00060989692944025465 0.00079670629280079988 0.0034774022350087435 -0.0034616068823323243
leaf_weight=10664124.206748128 3991216.5793943405 9370883.4164161682 23258426.007467628 14457231.481978059 6694537.9741842747 4241214.3549742699 28385398.121337891 5524908.4578857422 6829175.9763183594 12491789.425369263 13073008.013836622 5186147.4834327698 35214289.002563477 7236439.6489421129 16739262.307883501 11850176.225097656 10620250.291104674 3344046.5411874056 3444919.6687011719 21090801.611192465 31344127.489501953 4448820.2258300781 2137432.2037963867 654749.44506835938
leaf_count=52843 31038 7460 18041 49750 3479 10220 11768 2546 2286 16974 19434 4170 16169 9288 27379 5626 21305 4862 1615 20999 15640 1227 2217 334
internal_value=-2.0867e-07 -0.00398445 -0.00212719 0.00490108 0.00347393 1.82699e-07 -0.0020206 0.00370638 0.00763648 0.000791993 -0.0022252 -0.00779648 0.00417579 -0.00626419 0.0102996 0.00507606 -0.000236385 0.00536407 0.00066894 -0.0119575 0.00607895 0.0123032 0.00570335 0.00803896
internal_weight=2.92293e+08 1.6123e+08 1.30768e+08 1.31063e+08 1.0366e+08 9.50873e+07 6.15355e+07 3.35518e+07 1.68029e+07 3.31501e+07 2.06583e+07 3.5681e+07 9.69655e+07 3.04949e+07 2.74034e+07 8.25083e+07 1.67489e+07 7.58526e+06 1.52951e+07 3.04617e+07 6.72132e+07 9.97373e+06 6.12865e+06 3.5869e+07
internal_count=356670 183835 155376 172835 92613 123877 63258 60619 6059 51490 34516 31499 89134 27329 80222 39384 54560 15082 7241 28459 32143 3773 33255 16503
cat_boundaries=0 1
cat_threshold=14
is_linear=0
shrinkage=0.0234364


Tree=4
num_leaves=25
num_cat=8
split_feature=15 16 15 1 8 0 8 18 18 15 0 1 8 18 14 8 8 8 0 15 0 8 1 0
split_gain=9.95525e+06 4.1929e+06 2.72997e+06 2.14532e+06 1.83926e+06 1.45117e+06 1.81514e+06 1.4212e+06 1.2205e+06 905644 838516 830408 847100 824511 828906 811086 1.24535e+06 899762 683437 637707 603331 700270 571930 522511
threshold=12.650000095367433 1.0000000180025095e-35 22.94999980926514 0 17886.856445312504 1 14557.553710937502 4.1250000000000009 4.4449999332427987 28.750000000000004 2 3 49848.732421875007 3.3349999189376835 1.0000000180025095e-35 41164.537109375007 33284.392578125007 44244.500000000007 4 1.3499999642372134 5 28268.875000000004 6 7
decision_type=2 2 2 1 2 1 2 2 2 2 1 1 2 2 2 2 2 2 1 2 1 2 1 1
left_child=4 2 3 -2 10 8 18 11 -5 13 -1 19 15 14 22 16 20 -17 -7 -6 21 23 -4 -13
right_child=1 -3 9 5 7 6 -8 -9 -10 -11 -12 12 -14 -15 -16 17 -18 -19 -20 -21 -22 -23 -24 -25
leaf_value=0.0029447276314087246 -0.0012892244353963067 -0.0023676109524527582 -0.00083743740656950713 0.000833884173709864 0.001130454709176152 0.0062527065220513763 -0.0015444223273782354 -0.00068224286469857425 -0.0013389530164843386 -0.0043227150796042229 0.0012035015797175713 0.0044889801108867321 -0.00031946665768774337 -0.00029092868581956659 0.0010860719799065689 0.0048073404140390871 -0.0011544779815421831 0.00085877766638482245 4.8001621152203888e-05 -0.00029286452901790294 0.00026034992233089265 0.00067951347006132165 -0.0027416279286902913 0.0015181778593331852
leaf_weight=17155160.708960176 17174927.862438083 30718881.385629416 4784604.0826661587 47224057.081649899 3917971.6095051765 3499523.188765645 19501335.353998542 13069219.961519241 4375271.3782308102 5099387.9867038727 10192467.711032987 5188991.0732421875 4400341.5733642578 13387119.340025902 1977837.374778986 3096069.3674316406 3375757.8245875835 13525868.498537064 3587603.017411232 16245779.704975605 13299859.321612954 19254385.72255075 10204957.642025471 8290013.5016064644
leaf_count=28515 30653 28550 5301 44240 7906 6031 22158 10570 2621 4101 51832 3644 1611 10484 3044 1422 1885 5078 18745 30213 12077 11529 8527 6593
internal_value=-5.40769e-07 -0.00389404 -0.00206432 2.20091e-08 0.00480008 0.00164752 -0.00280038 0.00337381 0.00393946 -0.0076169 0.0102065 0.00441606 0.00561663 -0.00608163 -0.00951257 0.00628014 0.00477357 0.0107584 0.00735733 0.000222519 0.00578116 0.00749141 -0.0113942 0.0115884
internal_weight=2.92547e+08 1.61536e+08 1.30817e+08 9.53627e+07 1.31012e+08 7.81878e+07 2.65885e+07 1.03664e+08 5.15993e+07 3.54539e+07 2.73476e+07 9.0595e+07 7.04313e+07 3.03545e+07 1.69674e+07 6.60309e+07 4.9409e+07 1.66219e+07 7.08713e+06 2.01638e+07 4.60332e+07 3.27334e+07 1.49896e+07 1.3479e+07
internal_count=357330 184455 155905 124448 172875 93795 46934 92528 46861 31457 80347 81958 43839 27356 16872 42228 35728 6500 24776 38119 33843 21766 13828 10237
cat_boundaries=0 1 2 4 5 6 7 8 9
cat_threshold=498 33691650 67108994 262144 16253043 67108992 6272 16515137 6144
is_linear=0
shrinkage=0.0234364


Tree=5
num_leaves=25
num_cat=1
split_feature=15 16 15 1 18 8 8 23 15 19 9 7 8 8 8 8 18 7 15 19 8 8 8 15
split_gain=9.76671e+06 3.95351e+06 2.65522e+06 1.98007e+06 1.6101e+06 1.52109e+06 1.09625e+06 958772 922786 1.11064e+06 930018 822406 944189 917372 1.13433e+06 826935 773229 665614 569138 584551 545283 874088 665514 515022
threshold=11.949999809265138 1.0000000180025095e-35 22.750000000000004 0 3.8249999284744267 17886.856445312504 49848.732421875007 1.1186000108718874 28.750000000000004 36.500000000000007 1.0000000180025095e-35 38236.357421875007 15047.285644531252 24093.018554687504 28268.875000000004 44278.572265625007 3.6049998998641972 12233.500000000002 17.750000000000004 78.500000000000014 41164.537109375007 33284.392578125007 44244.500000000007 10.650000095367433
decision_type=2 2 2 1 2 2 2 2 2 2 2 2 2 2 2 2 2 2 2 2 2 2 2 2
left_child=5 2 3 -2 11 17 7 -7 9 -4 -11 12 -5 -14 -15 -13 20 -1 19 -3 21 -9 -22 -18
right_child=1 18 8 4 -6 6 -8 16 -10 10 -12 15 13 14 -16 -17 23 -19 -20 -21 22 -23 -24 -25
leaf_value=0.0013170634142705825 -0.0011856822535526506 -0.00082232998023025971 5.0109615111991762e-05 0.0026172829777692244 -0.00097371161451279768 -5.2260864719388085e-05 -0.00055620103422555792 0.0010533516875868495 -0.0041854130875503054 -0.0022008850894529443 -7.8672720250834948e-05 0.0022584887860819004 -0.00091816028420278327 0.0020068825929778966 -0.00014266830436745361 0.00036991023033811023 0.00046035129333424341 0.0027296704153926122 -0.002876614683509767 -0.002315566203283206 0.0046861677608128916 -0.0010262675172829896 0.00086964420433616738 -0.0017593336552362321
leaf_weight=9906744.7471261024 20740980.337139487 9082826.9896563292 10804771.70998168 10306111.940117836 14382566.600009918 19532894.88811636 6463466.1895389557 37848750.669746399 5158259.3214893341 15633612.214293361 5144923.2491481304 6967391.9258499146 16934125.952849507 9024290.1795880795 13698497.559093356 8084119.0876159668 14309498.659752965 15781753.154682159 15706072.621203303 7642021.4937595129 2561234.0892333984 2610974.4125409126 11847879.704376221 2235910.78728652
leaf_count=49094 46127 7478 8418 30418 11460 41524 3403 25372 4157 13057 6901 3526 19822 7018 10131 3760 8271 25462 13546 9683 1147 1397 4246 1263
internal_value=-4.43893e-05 -0.00369659 -0.00195338 2.38224e-05 0.00170822 0.00497885 0.003641 0.00430379 -0.00734217 -0.00584116 -0.00901035 0.00327796 0.00183121 0.000188787 0.00326598 0.00808041 0.00556227 0.010052 -0.0110541 -0.00804542 0.00690141 0.00550715 0.0108164 0.00112131
internal_weight=2.9241e+08 1.69311e+08 1.3688e+08 1.00138e+08 7.93971e+07 1.23099e+08 9.74106e+07 9.09471e+07 3.67416e+07 3.15833e+07 2.07785e+07 6.50145e+07 4.9963e+07 3.96569e+07 2.27228e+07 1.50515e+07 7.14142e+07 2.56885e+07 3.24309e+07 1.67248e+07 5.48688e+07 4.04597e+07 1.44091e+07 1.65454e+07
internal_count=356681 195502 164795 132262 86135 161179 86623 83220 32533 28376 19958 74675 67389 36971 17149 7286 41696 74556 30707 17161 32162 26769 5393 9534
cat_boundaries=0 1
cat_threshold=4194810
is_linear=0
shrinkage=0.0234364


Tree=6
num_leaves=25
num_cat=8
split_feature=15 16 15 1 0 7 7 1 15 19 9 15 19 7 0 15 0 0 1 15 15 0 16 19
split_gain=9.19386e+06 3.97072e+06 2.77658e+06 1.77913e+06 1.4723e+06 1.27718e+06 1.12196e+06 1.02056e+06 899403 1.04582e+06 834374 652790 653605 630677 685395 614663 574221 504779 502885 502577 443253 428400 396601 509739
threshold=11.949999809265138 1.0000000180025095e-35 22.94999980926514 0 1 50364.500000000007 13015.428710937502 2 28.750000000000004 33.500000000000007 1.0000000180025095e-35 16.050000190734867 78.500000000000014 18268.500000000004 3 13.949999809265138 4 5 6 4.5499999523162851 3.4500000476837163 7 0.35000000894069677 75.500000000000014
decision_type=2 2 2 1 1 2 2 1 2 2 2 2 2 2 1 2 1 1 1 2 2 1 2 2
left_child=5 2 3 15 -5 7 16 13 9 21 18 12 -3 17 22 -2 -6 -1 -11 -16 -9 -4 23 -15
right_child=1 11 8 4 6 -7 -8 20 -10 10 -12 -13 -14 14 19 -17 -18 -19 -20 -21 -22 -23 -24 -25
leaf_value=0.0032960659084296465 0.00028654554610925144 -0.00027776512205233918 0.00072915420914018768 0.00062895242527033837 0.0057182170004828822 -0.00045460677766205317 -0.0012814123323818941 0.001060548933242499 -0.0039898654870579552 -0.0012744412539921338 -0.00022071231080998894 -0.0026106263369040255 -0.0021295285894228312 0.00083756604138010679 0.00090692243057898859 -0.0015137152531174041 -3.1666537538543867e-05 0.0016678399733291468 -0.0026778425759096374 6.9047808067012884e-07 -0.00012991065477770816 -0.00071626288656150483 -0.00023376778209803218 0.0015297181965254461
leaf_weight=6510221.7275390625 4131263.9417148829 6174248.9783457518 4623939.6939258575 55244321.714115143 2752012.8485717773 7168989.397331953 21765372.126205444 6623182.8228642941 5210719.5155038834 6566663.1010510921 5399637.2905488014 20907791.031658292 5631635.4310073853 20177658.282470703 9948418.3486785889 13686098.553055286 3843304.7176613808 16085693.181777954 9275678.5212004185 16576954.105957031 17867095.893844724 4781947.5289096832 2815172.8564758301 19303350.04208374
leaf_count=6337 13111 5085 2853 43298 4106 3723 21853 27422 4174 5840 7117 18116 7597 9353 6239 33891 17327 28832 7121 10278 58741 4303 1246 8910
internal_value=-3.5891e-05 -0.00356791 -0.0018194 0.000162441 0.0015954 0.00484257 -0.00274529 0.00543631 -0.00742485 -0.0058944 -0.00877526 -0.0109054 -0.00649969 0.00657456 0.00545916 -0.00656147 0.00572279 0.0099718 -0.011487 0.00250578 0.00118745 0.000611642 0.00731132 0.00791732
internal_weight=2.93071e+08 1.69995e+08 1.37281e+08 1.01422e+08 8.3605e+07 1.23077e+08 2.83607e+07 1.15908e+08 3.58586e+07 3.06479e+07 2.1242e+07 3.27137e+07 1.18059e+07 9.14175e+07 6.88216e+07 1.78174e+07 6.59532e+06 2.25959e+07 1.58423e+07 2.65254e+07 2.44903e+07 9.40589e+06 4.22962e+07 3.9481e+07
internal_count=356873 195792 164994 133586 86584 161081 43286 157358 31408 27234 20078 30798 12682 71195 36026 47002 21433 35169 12961 16517 86163 7156 19509 18263
cat_boundaries=0 1 2 3 4 5 6 7 8
cat_threshold=4194750 33691650 524160 135296 67108992 67108992 16580609 33689602
is_linear=0
shrinkage=0.0234364


Tree=7
num_leaves=25
num_cat=3
split_feature=15 19 15 18 18 8 1 8 2 19 15 18 9 8 8 8 7 1 8 15 8 8 8 8
split_gain=8.97994e+06 2.1227e+06 3.65757e+06 1.71696e+06 1.69273e+06 1.42188e+06 1.23295e+06 1.09085e+06 976207 974781 948046 999916 852238 831387 966812 987880 824423 824340 859654 732027 686882 662613 1.08249e+06 1.08091e+06
threshold=12.650000095367433 72.500000000000014 22.94999980926514 4.1250000000000009 3.8249999284744267 17418.357421875004 0 41164.537109375007 1 32.500000000000007 14.34999990463257 1.5850000381469729 1.0000000180025095e-35 15047.285644531252 24093.018554687504 28268.875000000004 12233.500000000002 2 50080.857421875007 31.44999980926514 44278.572265625007 41164.537109375007 33284.392578125007 48856.125000000007
decision_type=2 2 2 2 2 2 1 2 1 2 2 2 2 2 2 2 2 1 2 2 2 2 2 2
left_child=3 2 4 5 6 16 -2 13 -5 19 11 -3 -11 -8 -15 -16 -1 -7 21 -4 -9 22 -19 -23
right_child=1 10 9 8 -6 17 7 20 -10 12 -12 -13 -14 14 15 -17 -18 18 -20 -21 -22 23 -24 -25
leaf_value=0.0015426430735281254 -0.0010773923477228494 0.0027942321133564174 8.4938551683714749e-05 0.0015556648726538079 -0.0011490509030717196 2.948528173593418e-05 0.0025144468926387429 0.0023727717387930229 -0.0010854035637532409 -0.0024559411721222718 -0.0020081264377915854 -0.0013974397361783322 -0.00072970142297049763 -0.00092247094389563298 0.0020510989475103565 -6.291693502848604e-05 0.0036952971150756683 0.00092402495703019279 -0.00049181053022172218 -0.0044966307905222828 0.00047522125346462723 0.002152163505918089 -0.0010509629502604128 0.00039835138605286168
leaf_weight=9360316.4633995295 5849387.5923690796 2139648.8919478655 8971027.4031763077 2827910.8252286911 16975634.469940782 20987208.102151871 9077866.2865624428 5692493.6469790936 13163083.907369256 21829189.788039565 30366865.524155736 7616944.7328652143 6999058.6664066315 15644585.979376912 7810277.8555732965 13787513.375170588 11023431.02469337 49604758.292264938 3425042.789855957 1547723.6623535156 7291602.3035571575 9261976.1541035175 3294347.515648365 8192293.3208007812
leaf_count=47417 5234 3569 6759 3125 13256 40787 26091 2676 15097 17296 46397 14653 8897 18492 5762 10557 19262 37259 1236 1152 3444 3845 1823 2997
internal_value=-4.01582e-05 -0.00373788 -0.00219416 0.00451642 0.000620643 0.00551575 0.00233807 0.0033506 -0.00267965 -0.00806952 -0.00841158 -0.00205598 -0.0102978 0.00166773 0.000117559 0.00333137 0.0111311 0.00430791 0.00547373 -0.0019627 0.00935415 0.00603191 0.00472543 0.00999151
internal_weight=2.9274e+08 1.616e+08 1.21476e+08 1.3114e+08 8.21294e+07 1.15149e+08 6.51537e+07 5.93043e+07 1.5991e+07 3.9347e+07 4.01235e+07 9.75659e+06 2.88282e+07 4.63202e+07 3.72424e+07 2.15978e+07 2.03837e+07 9.47656e+07 7.37784e+07 1.05188e+07 1.29841e+07 7.03534e+07 5.28991e+07 1.74543e+07
internal_count=357083 184235 119616 172848 85512 154626 72256 67022 18222 34104 64619 18222 26193 60902 34811 16319 66679 87947 47160 7911 6120 45924 39082 6842
cat_boundaries=0 1 2 3
cat_threshold=448 12 16253043
is_linear=0
shrinkage=0.0234364


Tree=8
num_leaves=25
num_cat=8
split_feature=21 2 19 1 18 1 19 2 1 19 0 8 19 9 2 8 7 24 8 1 18 18 7 7
split_gain=3.45627e+06 1.73345e+06 1.24687e+06 1.30578e+06 1.1221e+06 913444 1.1369e+06 860608 601949 575320 520677 539677 489973 479922 643134 436600 613497 451056 932738 380143 295004 288525 282669 279136
threshold=1.0000000180025095e-35 0 52.500000000000007 1 3.7549999952316289 2 75.500000000000014 3 4 97.500000000000014 5 17995.839843750004 85.500000000000014 1.0000000180025095e-35 6 28268.875000000004 25992.000000000004 1827.0000000000002 44278.572265625007 7 1.8149999976158144 4.5250000953674325 17198.642578125004 20278.642578125004
decision_type=2 1 2 1 2 1 2 1 1 2 1 2 2 2 1 2 2 2 2 1 2 2 2 2
left_child=1 2 -1 13 5 6 10 -2 21 -9 15 22 -5 14 -4 16 -3 18 -17 -14 -8 -6 -12 -13
right_child=7 4 3 12 8 -7 20 9 -10 -11 11 23 19 -15 -16 17 -18 -19 -20 -21 -22 -23 -24 -25
leaf_value=-0.00095227399345554201 -0.00033897935578725176 0.00096532166894151112 0.0023847186110097993 -0.00065834674492324893 -0.00043318533944129456 0.00023725419637737045 0.0021549030924915558 -0.0016391690181355371 0.00023566731072510922 0.0025784301897384229 0.00087502903876724878 -0.0022271477697232999 0.0011386899498065997 -0.0051683398105875798 0.00031606074525853393 0.0022527021654458437 0.003342833882331924 2.0896433994376919e-05 0.00022946441726405908 -0.00023807171250659619 0.0011181867268609724 -0.0019233449618149439 0.0033349042875851567 -0.00013533642446638146
leaf_weight=25193040.525648475 22189442.087200999 6892762.1682891846 7666262.0348510742 24782641.968287587 7459686.6344237328 58452693.892759085 8225042.3611297607 32285128.564907908 15110231.101382852 700861.1345205307 6198050.9340515137 3135384.1799316406 4126530.7811584473 449734.90014648438 7701373.1473999023 6014792.6633300781 4292782.873046875 11678963.109802246 9292055.1391601562 5125394.8363019228 8535335.4834442139 5840727.8224079609 1811313.8554382324 8607023.3417053223
leaf_count=19146 20965 9607 5833 34573 6438 128258 6863 36032 15736 560 13567 2531 2435 446 5731 2702 2573 6059 3091 13576 6985 4640 1812 6246
internal_value=-8.45911e-06 0.00122337 -0.00171993 0.000427601 0.00259065 0.00349294 0.00521035 -0.00529051 -0.00163764 -0.00769116 0.00365491 0.000565927 -0.00215818 0.00599147 0.00668984 0.0052533 0.00914646 0.00363959 0.00628625 0.00244411 0.0105859 -0.00527371 0.00525659 -0.00263352
internal_weight=2.91767e+08 2.36592e+08 7.5045e+07 4.98519e+07 1.61547e+08 1.33136e+08 7.46835e+07 5.51754e+07 2.84106e+07 3.2986e+07 5.79231e+07 1.97518e+07 3.40346e+07 1.58174e+07 1.53676e+07 3.81714e+07 1.11855e+07 2.69858e+07 1.53068e+07 9.25193e+06 1.67604e+07 1.33004e+07 8.00936e+06 1.17424e+07
internal_count=356405 298848 81740 62594 217108 190294 62036 57557 26814 36592 48188 24156 50584 12010 11564 24032 12180 11852 5793 16011 13848 11078 15379 8777
cat_boundaries=0 1 2 3 4 5 6 7 8
cat_threshold=17 260096 949760 18 8634497 33691650 16 263936
is_linear=0
shrinkage=0.0234364


Tree=9
num_leaves=25
num_cat=6
split_feature=15 16 15 8 23 18 19 18 15 19 2 8 23 0 0 2 0 8 8 20 24 10 0 16
split_gain=8.52128e+06 3.77822e+06 2.30679e+06 1.63764e+06 1.4829e+06 1.2833e+06 1.00985e+06 948319 932697 1.01246e+06 742491 741290 874743 806127 721270 712902 651828 688090 617364 615754 502058 484048 479145 469159
threshold=12.750000000000002 1.0000000180025095e-35 22.750000000000004 17995.839843750004 1.167949974536896 4.1250000000000009 67.500000000000014 4.0750000476837167 28.750000000000004 37.500000000000007 0 50080.857421875007 1.1172000169754031 1 2 3 4 15047.285644531252 15833.839355468752 87.500000000000014 1685.5000000000002 1.0000000180025095e-35 5 1.0500000119209292
decision_type=2 2 2 2 2 2 2 2 2 2 1 2 2 1 1 1 1 2 2 2 2 2 1 2
left_child=3 2 4 14 6 11 7 16 9 -4 -7 12 -5 23 18 -11 -2 -18 -1 -3 -6 -12 -17 -14
right_child=1 19 8 5 20 10 -8 -9 -10 15 21 -13 13 -15 -16 22 17 -19 -20 -21 -22 -23 -24 -25
leaf_value=0.0054154537784365806 0.0013612690249865591 -0.0011429831647032022 1.7890522151391213e-05 -1.902109492923268e-05 0.00035558264045490651 0.0012352702543397714 -0.00049308268000450598 -0.00087887256006553328 -0.0038717909045578327 -0.0002509290384177353 -0.0014248587318103766 -0.00042204188682682932 0.0010269078684395751 -6.7918125204165145e-06 0.0010685384682889438 -0.0012735142267032756 0.0034463468104263006 9.6655939846078149e-05 0.0014374356253833546 -0.0027078949590228396 -0.0010538856678630251 0.0030057380521281872 -0.0041650490615947307 -0.0017162694694056227
leaf_weight=7038660.3208512068 17401049.296292305 9492810.4472211599 11701498.059204936 17733184.872470737 4502602.2942428589 2209393.4363485575 17280578.436631799 6141294.1699752808 5198528.8838596344 5025470.8746609688 10312318.093455434 4285672.8890612125 55981845.657579064 11347140.063240051 10384188.728926182 9998466.32216084 4146007.6052584648 17240589.615814567 11544699.618580818 20554169.138087392 26760314.855323792 486029.49698495865 4890256.99074018 936227.62651634216
leaf_count=13356 14612 7519 9142 39824 4932 1649 47972 4925 4168 6737 8435 2276 29793 8733 52328 6275 12488 18792 17161 20491 18424 299 6148 479
internal_value=-4.56673e-06 -0.00363712 -0.0019094 0.00439906 4.76832e-05 0.00301801 0.00214031 0.00399216 -0.00687851 -0.00536585 -0.00386418 0.00400956 0.00448363 0.00568833 0.00932357 -0.00858074 0.005347 0.00260651 0.012088 -0.0111287 -0.00411639 -0.00639693 -0.011157 0.00682546
internal_weight=2.92593e+08 1.60334e+08 1.30287e+08 1.32259e+08 9.34724e+07 1.03292e+08 6.22095e+07 4.49289e+07 3.68142e+07 3.16157e+07 1.30077e+07 9.02841e+07 8.59984e+07 6.82652e+07 2.89675e+07 1.99142e+07 3.87876e+07 2.13866e+07 1.85834e+07 3.0047e+07 3.12629e+07 1.07983e+07 1.48887e+07 5.69181e+07
internal_count=356958 182625 154615 174333 122145 91488 98789 50817 32470 28302 10383 81105 78829 39005 82845 19160 45892 31280 30517 28010 23356 8734 12423 30272
cat_boundaries=0 1 2 4 5 6 8
cat_threshold=12 137344 67108994 262144 96 33689600 33691648 262144
is_linear=0
shrinkage=0.0234364


Tree=10
num_leaves=25
num_cat=8
split_feature=15 16 15 1 18 18 1 1 18 2 15 19 2 11 15 1 2 15 19 18 19 1 19 19
split_gain=8.15761e+06 3.63774e+06 2.4308e+06 1.70804e+06 1.36429e+06 1.26378e+06 1.05932e+06 869016 797739 755402 748259 828840 666466 612163 603998 576990 540507 538767 640835 506442 502510 468066 578990 526598
threshold=11.949999809265138 1.0000000180025095e-35 22.94999980926514 0 4.4449999332427987 5.0650000572204599 1 2 2.9650000333786015 3 28.050000190734867 38.500000000000007 4 1.0000000180025095e-35 13.949999809265138 5 6 16.050000190734867 78.500000000000014 1.0199999809265139 73.500000000000014 7 44.500000000000007 72.500000000000014
decision_type=2 2 2 1 2 2 1 1 2 1 2 2 1 2 2 1 1 2 2 2 2 1 2 2
left_child=5 2 3 14 9 6 8 16 -1 15 11 -9 -13 20 -2 -5 -4 18 -3 -20 -10 23 -23 -11
right_child=1 17 7 4 -6 -7 -8 10 13 21 -12 12 -14 -15 -16 -17 -18 -19 19 -21 -22 22 -24 -25
leaf_value=0.0011898232180229157 0.00029319189813855283 -0.00024691865393907297 -0.0028445803378707186 0.00075938122762038201 -0.0015528565743668738 -0.0014806937988978504 0.00013196001743842682 -0.00021124361853955506 0.00019419546058724543 0.0006465486537708693 -0.0041544261604097663 -0.00056267309022895687 -0.0025861400072624903 -0.0062931068997749634 -0.001391264108910638 -0.00067718375460223577 0.00017137978026390474 -0.0024590080501210891 0.0013513033958775518 -0.0024679371603258836 0.0010346465007517434 9.084714466064664e-05 0.0014593350462580323 -0.0009665887020689273
leaf_weight=55029716.92515564 4412673.4514496326 6097726.5935506821 1739642.3838677406 7860479.6322021484 7242733.0448999405 4645788.4686294794 25587256.199611664 8171964.6866067648 17521568.072639465 12385334.867109299 4847384.0135955811 3369234.6661640406 8868099.8317061663 651378.96704101562 14161552.194765449 14035654.643940687 8861763.7417840958 20833048.975076199 643031.46123027802 4922563.8800439835 19425583.444129944 9766294.1293640137 25490360.46282959 5464480.3315176964
leaf_count=41140 13152 5044 1516 6376 5583 4883 86480 6106 13282 18791 3680 4209 6739 684 32913 14921 9336 18069 554 7053 14471 6880 22909 11972
internal_value=-9.14552e-05 -0.00342952 -0.00175378 0.000110187 0.00155985 0.0045049 0.00497611 -0.00699454 0.00614213 0.00249784 -0.00935831 -0.00739238 -0.0112519 0.00351088 -0.00630881 -0.00116511 -0.00136313 -0.0104776 -0.00644451 -0.0121947 0.00390795 0.0040081 0.00557365 0.000915856
internal_weight=2.92035e+08 1.69174e+08 1.36678e+08 1.0082e+08 8.22453e+07 1.22861e+08 1.18216e+08 3.58581e+07 9.26282e+07 7.50026e+07 2.52567e+07 2.04093e+07 1.22373e+07 3.75985e+07 1.85742e+07 2.18961e+07 1.06014e+07 3.24964e+07 1.16633e+07 5.5656e+06 3.69472e+07 5.31065e+07 3.52567e+07 1.78498e+07
internal_count=356743 195803 165083 133497 87432 160940 156057 31586 69577 81849 20734 17054 10948 28437 46065 21297 10852 30720 12651 7607 27753 60552 29789 30763
cat_boundaries=0 1 2 3 4 5 6 7 8
cat_threshold=510 524160 16515137 17 96 129024 16 15794689
is_linear=0
shrinkage=0.0234364


Tree=11
num_leaves=25
num_cat=11
split_feature=21 2 1 2 0 8 24 16 1 2 1 20 2 20 9 1 16 8 8 24 24 8 1 1
split_gain=3.13315e+06 1.58272e+06 953157 866412 614413 827112 502620 475992 426734 690869 944563 497080 458096 638078 650420 443478 423528 400189 356223 816818 454478 757703 338930 325033
threshold=1.0000000180025095e-35 0 1 2 3 19317.107421875004 1926.0000000000002 1.0500000119209292 4 5 6 8.5000000000000018 7 21.500000000000004 1.0000000180025095e-35 8 0.15000000223517421 24777.107421875004 28268.875000000004 1739.5000000000002 1827.0000000000002 46328.875000000007 9 10
decision_type=2 1 1 1 1 2 2 2 1 1 1 2 1 2 2 1 2 2 2 2 2 2 1 1
left_child=1 8 4 16 18 -6 -7 -5 9 15 -11 -12 13 -10 22 -1 -2 -8 19 -3 21 -20 -15 -18
right_child=3 2 -4 7 5 6 17 -9 12 10 11 -13 -14 14 -16 -17 23 -19 20 -21 -22 -23 -24 -25
leaf_value=0.00066416095030069145 0.00041266780607873677 0.00085817346357012797 6.262085597643709e-05 -0.0011969076669210599 0.0012721414772103711 -0.0032734260297595848 4.76236382002632e-05 -0.0039486334826831148 -0.00097832194499612897 -0.0022059165214548225 -0.0019427555042424995 4.5828082890358167e-05 -0.00038220985833979545 0.001793830979493678 -0.0049406154487080982 -0.00056678819100404248 -0.0001407309781035578 -0.0019320775980795836 0.0014735223344736078 0.0029566887682506656 0.00020973239736566602 0.00024134339327478062 0.00022151916430938271 -0.0015503516513629026
leaf_weight=6700178.345916748 9323637.7321537733 11412684.463790894 70499483.502300382 29026679.153373837 15642270.05770874 1077106.4066162109 12511246.884735107 4139287.1827608347 5026765.1288501024 5812891.2121998072 2324642.6164973974 7225876.4965442419 21854608.1942693 8980485.277015686 864492.34898483753 11037940.544942379 6948082.7428474426 2061280.2494506836 13360141.410827637 5899752.4376831055 18304186.552978516 11463880.265869141 5465018.7183663845 5876123.9033566713
leaf_count=3881 8096 15983 139702 32056 27470 880 9488 4511 6637 5182 2510 7825 25565 7705 1288 12508 5274 1292 5955 3535 9582 3849 8886 7572
internal_value=-8.47469e-05 0.0010851 0.00238841 -0.00510823 0.00396325 0.00129757 -0.00251181 -0.00750516 -0.00172311 -0.00371507 -0.00735317 -0.00281954 -0.000160306 0.00237125 0.00474997 -0.000564023 -0.00151887 -0.00136993 0.00534335 0.00818315 0.0042034 0.00626928 0.00593169 -0.00428227
internal_weight=2.92839e+08 2.37525e+08 1.62232e+08 5.53138e+07 9.17325e+07 3.12919e+07 1.56496e+07 3.3166e+07 7.52929e+07 3.31015e+07 1.53634e+07 9.55052e+06 4.21914e+07 2.03368e+07 1.531e+07 1.77381e+07 2.21478e+07 1.45725e+07 6.04406e+07 1.73124e+07 4.31282e+07 2.4824e+07 1.44455e+07 1.28242e+07
internal_count=357232 299723 217736 57509 78034 39130 11660 36567 81987 31906 15517 10335 50081 24516 17879 16389 20942 10780 38904 19518 19386 9804 16591 12846
cat_boundaries=0 1 2 3 4 5 6 7 8 9 10 11
cat_threshold=17 1981952 18 33691650 5112242 1 786448 16 786432 8517632 9897920
is_linear=0
shrinkage=0.0234364


Tree=12
num_leaves=25
num_cat=1
split_feature=15 16 15 23 8 8 2 15 19 8 23 18 9 19 18 18 8 8 8 15 19 23 15 19
split_gain=7.64966e+06 3.31564e+06 2.33197e+06 1.40063e+06 1.33453e+06 1.05675e+06 869183 856272 998674 826528 814172 806245 721790 702147 699608 593186 577654 980848 962161 567737 535073 499417 476051 466193
threshold=11.949999809265138 1.0000000180025095e-35 22.750000000000004 1.167949974536896 49848.732421875007 17506.963867187504 0 28.750000000000004 37.500000000000007 11303.089355468752 1.1180999875068667 5.0650000572204599 1.0000000180025095e-35 64.500000000000014 3.7849999666213994 4.1449999809265146 41164.537109375007 33284.392578125007 44244.500000000007 17.750000000000004 78.500000000000014 1.063849985599518 13.949999809265138 60.500000000000007
decision_type=2 2 2 2 2 2 1 2 2 2 2 2 2 2 2 2 2 2 2 2 2 2 2 2
left_child=4 2 3 6 5 9 15 8 -4 -1 -7 16 -10 14 -8 -2 17 -12 -18 20 -3 -15 -5 -24
right_child=1 19 7 22 -6 10 13 -9 12 -11 11 -13 -14 21 -16 -17 18 -19 -20 -21 -22 -23 23 -25
leaf_value=0.0011702062228394281 -0.00012834112485610793 -0.00060181084724943059 1.9938370604416958e-05 0.00046445853955378122 -0.00058670923173156345 -2.3340358629312045e-05 0.0013529667819564561 -0.0037948532142681583 -0.0020251014655440084 0.0031660695893940913 0.00085882622067930158 -0.0012990910928242646 -0.00017920047277280042 -0.0010131953065014862 -0.00028804960648568157 -0.002512398647692142 0.0044606999434756885 -0.0010653974992858616 0.00070863670677300298 -0.002577473612027916 -0.002067131444564023 0.00052331100248163593 -0.00030102690641940582 -0.0014429929286624665
leaf_weight=9952317.5423997641 16258469.304793 9068625.7906826735 11755872.708922863 6634771.1019897461 6311866.5391478539 21409354.890702605 25422938.3202914 5094906.6454763412 14989363.562790275 11834818.764503956 49202266.241290331 3192401.9177765846 5006562.2084796429 5494445.3890242577 5547929.960788846 2110012.9264782667 3057853.7515869141 3701175.2071208954 14740937.655426025 15791965.467285156 7815212.4120838642 11516478.89999187 12868022.828620911 14254788.848106384
leaf_count=49148 25104 7441 9225 5100 3334 45663 30146 4118 12492 19865 32940 1904 6730 25461 4885 1766 1340 1946 5231 13576 9879 20008 9249 11013
internal_value=-3.31069e-05 -0.00326282 -0.00166235 0.00019301 0.00440648 0.00497234 0.00217036 -0.00670314 -0.005272 0.00962895 0.0039078 0.00507377 -0.00845895 0.00383003 0.00593117 -0.00216501 0.00559396 0.00436522 0.00924616 -0.00997089 -0.00698322 4.61441e-06 -0.00369345 -0.00506995
internal_weight=2.93033e+08 1.6963e+08 1.36955e+08 1.00108e+08 1.23403e+08 1.17091e+08 6.63503e+07 3.68467e+07 3.17518e+07 2.17871e+07 9.5304e+07 7.38946e+07 1.99959e+07 4.79818e+07 3.09709e+07 1.83685e+07 7.07022e+07 5.29034e+07 1.77988e+07 3.26758e+07 1.68838e+07 1.70109e+07 3.37576e+07 2.71228e+07
internal_count=357564 196193 165297 132732 161371 158037 107370 32565 28447 69013 89024 43361 19222 80500 35031 26870 41457 34886 6571 30896 17320 45469 25362 20262
cat_boundaries=0 1
cat_threshold=17
is_linear=0
shrinkage=0.0234364


Tree=13
num_leaves=25
num_cat=10
split_feature=21 2 1 2 20 16 1 2 1 2 20 9 20 16 7 8 8 7 7 1 1 8 8 2
split_gain=2.74568e+06 1.46944e+06 913498 750780 567856 510589 454967 667508 996682 497250 488051 454795 519655 435607 421973 658172 622001 563038 426960 372942 359277 345189 642856 389001
threshold=1.0000000180025095e-35 0 1 2 4.5000000000000009 0.15000000223517421 3 4 5 6 31.500000000000004 1.0000000180025095e-35 21.500000000000004 1.0500000119209292 26411.286132812504 19317.107421875004 28268.875000000004 20278.642578125004 30447.213867187504 7 8 46328.875000000007 41164.537109375007 9
decision_type=2 1 1 1 2 2 1 1 1 1 2 2 2 2 2 2 2 2 2 1 1 2 2 1
left_child=1 6 4 5 -3 -2 7 19 -9 11 -10 12 -8 -5 15 -6 -16 -17 -18 -1 -14 22 -20 -23
right_child=3 2 -4 13 14 -7 9 8 10 -11 -12 -13 20 -15 16 17 18 -19 21 -21 -22 23 -24 -25
leaf_value=0.00060041972550879728 0.00045731692747810385 0.0014832180096677019 4.6301310371847238e-05 -0.0010945627227976281 0.00081924115190126659 -0.00083742505837574352 -0.00066700051549953732 -0.0029846125916275635 -0.0017606793015256413 -0.00038924341261450067 -0.00012045410131450832 -0.0046178958267339759 -8.597779541941979e-05 -0.003714698688019524 0.0022652856346326582 -0.002896751188992902 -0.00033950957548185308 -0.00015590524365841505 0.00047744650702712305 -0.00043878108924096278 0.001726507785997898 0.00048719116090985298 0.0015611919209219066 -0.0011547751020176905
leaf_weight=6761743.669342041 9227147.3950182199 15949625.086013794 70206096.263513565 29114117.375486612 21964538.940216064 12935994.067373395 4182813.9715781212 3384342.6187744141 5038533.8507688046 19075957.429787278 9320066.865981102 903567.94200289249 3363377.7278518677 4114324.287326932 4923444.405090332 2507699.1110229492 5128237.7849121094 11661241.769104004 12608602.189025879 13665817.480703235 9717054.6743416786 6165177.8013916016 7668886.6918945312 3219798.7001953125
leaf_count=3867 8010 13762 139477 31998 35402 12912 5882 1734 5527 23842 9741 1502 3455 4553 2995 1975 2873 8218 6678 14319 12150 1839 2887 1309
internal_value=-9.07397e-05 0.00100546 0.00226344 -0.00478923 0.0038025 -0.00144832 -0.00169694 -0.00349504 -0.00682048 0.000145952 -0.00412375 0.00292094 0.0037693 -0.00701759 0.00295722 0.00112457 0.00462464 -0.00281363 0.00352128 -0.000606622 0.00606867 0.00460081 0.00632079 0.000884551
internal_weight=2.92808e+08 2.37417e+08 1.62003e+08 5.53916e+07 9.17973e+07 2.21631e+07 7.54133e+07 3.81705e+07 1.77429e+07 3.72428e+07 1.43586e+07 1.81668e+07 1.72632e+07 3.32284e+07 7.58476e+07 3.61335e+07 3.97141e+07 1.41689e+07 3.47907e+07 2.04276e+07 1.30804e+07 2.96625e+07 2.02775e+07 9.38498e+06
internal_count=356907 299434 217415 57473 77938 20922 82019 35188 17002 46831 15268 22989 21487 36551 64176 45595 18581 10193 15586 18186 15605 12713 9565 3148
cat_boundaries=0 1 2 3 4 5 6 7 8 9 10
cat_threshold=17 1981952 18 5112754 1 262144 16 786432 1049664 14
is_linear=0
shrinkage=0.0234364


Tree=14
num_leaves=25
num_cat=3
split_feature=15 16 15 18 23 8 15 19 19 18 0 0 15 14 0 8 23 8 8 8 8 23 20 15
split_gain=7.81396e+06 3.012e+06 2.18225e+06 1.48773e+06 1.38503e+06 1.22078e+06 917445 970342 782846 831924 768112 750662 717535 989785 691364 706269 638095 776238 941689 926357 863627 627931 606222 530309
threshold=12.750000000000002 1.0000000180025095e-35 22.44999980926514 4.1250000000000009 1.167949974536896 17506.963867187504 27.849999427795414 37.500000000000007 67.500000000000014 4.0750000476837167 0 1 10.34999990463257 1.0000000180025095e-35 2 15047.285644531252 1.1172000169754031 49673.697265625007 41164.537109375007 33284.392578125007 44244.500000000007 1.1245999932289126 87.500000000000014 3.4500000476837163
decision_type=2 2 2 2 2 2 2 2 2 2 1 1 2 2 1 2 2 2 2 2 2 2 2 2
left_child=3 2 4 5 8 10 7 -4 9 14 -1 21 13 -5 -2 -16 23 18 19 -18 -20 -9 -3 -7
right_child=1 22 6 12 -6 16 -8 11 -10 -11 -12 -13 -14 -15 15 -17 17 -19 20 -21 -22 -23 -24 -25
leaf_value=0.0034332178612964557 0.0013752941764888875 -0.0009871096863622432 7.5845621191015784e-05 0.00073908186370735623 -0.00074365682260759509 0.00095226040521498821 -0.0032767676436130373 0.00051620053719058777 -0.00041162327630366784 -0.00082143033912012169 0.0011990148031812537 -0.0034110827863855255 -0.0019250190606665788 -0.0037002755911275534 0.0034385960244513901 7.0083367884705238e-06 0.00082874582013873544 -0.00023943180938240213 0.0041909298022321517 -0.00097059473879806718 0.00075980031254989084 -0.0012267157248095528 -0.0025097014887145962 -0.00029946666705642179
leaf_weight=12282479.334487557 16773169.997625351 9400462.4779586792 11871716.745300055 8579497.6290419102 30004207.416976929 5413281.3508530855 6924082.3603658676 3975424.963101387 16905764.282368898 6007759.3362197876 9028366.0520538092 6935127.3592636585 4389288.4919661283 3254673.6432065964 3902764.0256922245 16394590.673873663 48561546.13328743 6200868.5073547363 3539384.264831543 3509886.8324503899 12674251.738128662 10284337.834425926 20395408.424202323 15329711.420833349
leaf_count=21496 14139 7509 9086 9324 22476 14024 5690 4357 47331 4828 46801 10266 4096 5106 11906 18093 32348 2080 1486 1809 4504 5948 20415 31669
internal_value=-2.40544e-05 -0.00351562 -0.00197496 0.00417789 4.94255e-05 0.00510354 -0.00653029 -0.00490591 0.00210579 0.00378305 0.0101741 -0.0079106 -0.00247147 0.000530239 0.00509418 0.00218468 0.00396883 0.00498121 0.00570218 0.00416642 0.0106344 -0.00483471 -0.0102364 0.000333444
internal_weight=2.92538e+08 1.59775e+08 1.29979e+08 1.32763e+08 8.99883e+07 1.1654e+08 3.99907e+07 3.30666e+07 5.9984e+07 4.30783e+07 2.13108e+07 2.11949e+07 1.62235e+07 1.18342e+07 3.70705e+07 2.02974e+07 9.52289e+07 7.44859e+07 6.82851e+07 5.20714e+07 1.62136e+07 1.42598e+07 2.97959e+07 2.0743e+07
internal_count=356787 182044 154120 174743 118773 156217 35347 29657 96297 48966 68297 20571 18526 14430 44138 29999 87920 42227 40147 34157 5990 10305 27924 45693
cat_boundaries=0 2 4 5
cat_threshold=67108994 262144 33691648 262144 33689600
is_linear=0
shrinkage=0.0234364


Tree=15
num_leaves=25
num_cat=7
split_feature=15 16 15 0 8 8 8 0 2 0 15 23 0 0 15 23 23 8 0 16 15 8 7 24
split_gain=7.37966e+06 2.73918e+06 2.02043e+06 1.41589e+06 1.53278e+06 1.33833e+06 1.00375e+06 916258 866044 862847 801196 760785 729811 696650 705425 534454 513297 478508 463402 457762 452436 405961 494621 408427
threshold=12.650000095367433 1.0000000180025095e-35 22.94999980926514 0 14557.553710937502 17506.963867187504 49848.732421875007 1 2 3 28.750000000000004 1.1180999875068667 4 5 6.8500001430511483 1.194600045681 1.0968999862670901 8116.8928222656259 6 0.15000000223517421 3.4500000476837163 20105.053710937504 17198.642578125004 1926.0000000000002
decision_type=2 2 2 1 2 2 2 1 1 1 2 2 1 1 2 2 2 2 1 2 2 2 2 2
left_child=5 2 3 8 9 7 11 -1 -2 -5 12 20 -4 14 -13 -10 -14 -11 -3 -15 -7 22 23 -6
right_child=1 18 10 4 21 6 -8 -9 15 17 -12 13 16 19 -16 -17 -18 -19 -20 -21 -22 -23 -24 -25
leaf_value=0.0031970319302391712 -0.00034434578768670262 -0.0013986658896772001 -0.0029193602091408316 0.0054721842985728068 -0.0025915197944318454 0.00080861206135267544 -0.00056067755009330705 0.00096981617882278023 0.00077032419894165489 0.0035181568875099043 -0.0035045694254304239 0.00079877210860931913 0.00073220304551516809 0.00095629517866674667 -0.0011188869473304957 -0.00044352169300945608 -0.00076985024391964998 -0.0019225463575487268 -0.0039718528710774754 6.2650089560516045e-05 -0.00037294289867175146 -0.0020993573416320781 0.00042336552031028876 7.3182598578654963e-05
leaf_weight=13269920.97685194 18712690.549521208 22137839.56379962 7535237.0721780062 3933169.3284738064 2881153.0556710958 5995696.4853000641 6749063.2552525997 10300155.485498071 39684979.407447577 1181506.2549034357 5245032.7478046417 6773497.1610336304 4478333.6545592546 56674140.908805609 6616910.8250732422 4431574.3771286011 18569790.716812134 3187226.9567563534 8442365.7102133036 8584097.8878458738 16579584.081420183 14719220.58565402 4861909.3786183596 1722228.2846543789
leaf_count=22950 15952 14262 8132 7357 5152 15688 3483 51967 44032 16076 4198 5684 6175 30757 5153 2172 13143 8704 14137 4476 33092 16157 6673 2088
internal_value=-3.06027e-05 -0.00338352 -0.00191067 -0.000127186 -0.00409958 0.00409161 0.00298712 0.00915121 0.00192678 0.0045892 -0.00665534 0.0035706 -0.00520398 0.00465916 -0.000210217 0.00371881 -0.00313391 -0.00257987 -0.00969989 0.00565831 -0.000221755 -0.00708222 -0.0032957 -0.00880155
internal_weight=2.93267e+08 1.61724e+08 1.31144e+08 9.53157e+07 3.24864e+07 1.31543e+08 1.07973e+08 2.35701e+07 6.28292e+07 8.3019e+06 3.58284e+07 1.01224e+08 3.05834e+07 7.86486e+07 1.33904e+07 4.41166e+07 2.30481e+07 4.36873e+06 3.05802e+07 6.52582e+07 2.25753e+07 2.41845e+07 9.46529e+06 4.60338e+06
internal_count=357660 184410 156011 124363 62207 173250 98333 74917 62156 32137 31648 94850 27450 46070 10837 46204 19318 24780 28399 35233 48780 30070 13913 7240
cat_boundaries=0 1 3 4 5 6 8 10
cat_threshold=33691650 67108994 262144 17 67108992 335544448 67108864 262144 137218 262144
is_linear=0
shrinkage=0.0234364


Tree=16
num_leaves=25
num_cat=6
split_feature=15 16 15 1 18 0 1 18 6 18 15 19 9 19 19 15 1 9 15 16 6 0 0 15
split_gain=7.11739e+06 2.84627e+06 1.98978e+06 1.7656e+06 1.45721e+06 1.32805e+06 952466 923776 870824 854803 764571 950237 805179 718208 633154 676788 594829 564111 761482 534675 495367 490528 465638 456167
threshold=12.750000000000002 1.0000000180025095e-35 23.349999427795414 0 5.0650000572204599 1 2 4.4449999332427987 1118.2678833007815 3.3649998903274541 28.750000000000004 35.500000000000007 1.0000000180025095e-35 63.500000000000007 74.500000000000014 16.050000190734867 3 1.0000000180025095e-35 10.84999990463257 1.0500000119209292 1637.0357055664065 4 5 3.4500000476837163
decision_type=2 2 2 1 2 1 1 2 2 2 2 2 2 2 2 2 1 2 2 2 2 1 1 2
left_child=4 2 3 -2 6 7 9 13 -7 19 11 -4 -13 -5 15 -3 -15 18 -11 20 21 -1 -22 -8
right_child=1 14 10 5 -6 8 23 -9 -10 17 -12 12 -14 16 -16 -17 -18 -19 -20 -21 22 -23 -24 -25
leaf_value=0.0027947543840852467 -0.0012979611561137301 0.00040151798385754556 7.2587089896606775e-05 0.00093800621507905875 -0.0016261399862770851 0.0003913154849441772 0.00088726585637739438 -0.0010948391263059768 -0.0014646371083303538 0.00077641655876182992 -0.0033927217758519686 -0.001998665046437505 -5.9590025365154174e-05 0.00097692146513839455 -0.0025597261321847423 -0.0017048127149487263 -0.00047022738137231614 -0.0012339878419471066 -0.0016124720883737139 -0.0017961386809622678 0.00088107617858837885 0.0012399822610600021 0.00032011150700573344 -0.00022226570540087706
leaf_weight=12346231.044372559 14547959.745553017 3732917.2303738594 9632558.7275650501 31570289.538307905 5275066.7683954239 13419768.753007054 6971962.1392672062 4567135.1493213177 14572837.461395264 18235432.115447998 5261820.9242191315 13589981.096265316 4795242.7489192486 7701302.2398529053 14709922.690695167 11667945.465700984 10684452.195832968 6691944.9844818115 2449931.2658996582 1178668.8381652832 27709555.604309082 17097029.933647156 15163234.678253174 20112171.921330929
leaf_count=10284 25606 3171 7482 23204 5630 40200 27577 2706 9890 11844 4238 11092 6383 5114 15563 9245 18809 7729 1644 822 10289 25351 7669 66555
internal_value=-0.000139766 -0.00346435 -0.00196408 -0.000268534 0.00386412 0.00105868 0.00436178 0.00318908 -0.00309085 0.00540953 -0.00690933 -0.0053699 -0.008494 0.00411146 -0.00995871 -0.00663735 0.000429152 0.00187468 0.00378815 0.00672629 0.00698149 0.00932213 0.00537404 0.000459554
internal_weight=2.93685e+08 1.60454e+08 1.30343e+08 9.70637e+07 1.33231e+08 8.25158e+07 1.27956e+08 5.45232e+07 2.79926e+07 1.00872e+08 3.32796e+07 2.80178e+07 1.83852e+07 4.9956e+07 3.01108e+07 1.54009e+07 1.83858e+07 2.73773e+07 2.06854e+07 7.34947e+07 7.23161e+07 2.94433e+07 4.28728e+07 2.70841e+07
internal_count=358097 182703 154724 125529 175394 99923 169764 49833 50090 75632 29195 24957 17475 47127 27979 12416 23923 21217 13488 54415 53593 35635 17958 94132
cat_boundaries=0 1 2 3 4 5 6
cat_threshold=434 33691650 524160 769024 67115136 135168
is_linear=0
shrinkage=0.0234364


Tree=17
num_leaves=25
num_cat=10
split_feature=15 0 8 18 0 15 15 1 14 20 1 8 8 2 8 8 0 1 15 0 18 2 1 8
split_gain=6.91274e+06 1.87856e+06 2.33604e+06 1.33754e+06 1.28438e+06 1.12974e+06 1.08293e+06 1.0367e+06 1.02807e+06 1.00343e+06 1.0309e+06 834064 714653 713431 707390 552742 552151 487682 467758 472944 443886 429386 422364 416268
threshold=12.650000095367433 0 14557.553710937502 3.3549998998641972 1 27.849999427795414 10.650000095367433 2 1.0000000180025095e-35 84.500000000000014 3 17506.963867187504 13375.071777343752 4 7858.2321777343759 49599.250000000007 5 6 21.94999980926514 7 5.1250000000000009 8 9 49599.250000000007
decision_type=2 1 2 2 1 2 2 1 2 2 1 2 2 1 2 2 1 1 2 1 2 1 1 2
left_child=3 2 4 7 12 9 8 11 15 10 -3 16 -2 20 -6 21 -1 -7 19 -12 -11 -5 -20 -13
right_child=1 5 -4 6 14 17 -8 -9 -10 13 18 23 -14 -15 -16 -17 -18 -19 22 -21 -22 -23 -24 -25
leaf_value=0.0016287680523929537 0.0072939593518635427 -0.0011153122011345598 -0.0029301086100287101 0.0019748112123660045 0.0038120585669408325 -0.00017679528102518456 -0.0015085358462572482 0.0001304188148375859 -0.0024691300867973401 -0.00011165971826628051 -0.00078780592061441839 0.00092219421007394867 -0.00026266308710610841 -0.0011436305950209668 -0.0022771120724980774 -0.0005657207654901317 0.0038614639224240814 -0.0029925083519419552 0.00036571118737356318 0.00064040355355390194 -0.0025873230102548498 0.0006602228785507993 -0.00075364046503116893 -5.5928096529876876e-05
leaf_weight=5666014.8713989258 3140849.6501362324 7555830.6111602783 25546148.973138332 2020100.9700243473 1185994.304620266 1566645.4381141663 6401831.6725120544 21440704.685076475 5174534.2670195103 27103704.189698219 5145401.4416306019 53202531.231842041 2334423.8351242542 25138392.366881728 6382360.9096010923 2596301.9817500114 7915895.1741638184 4455885.2992553711 9341689.2687954903 31722192.035455704 1201621.7067871094 21916317.847059608 9779438.7912523746 5554881.8117675781
leaf_count=10598 5705 4175 27399 2688 21909 1033 6816 76237 8972 28228 6795 28376 3831 18918 14997 1172 12811 2795 7017 33529 804 23954 7144 1656
internal_value=-9.70621e-05 -0.00334645 -0.00785792 0.00388434 0.000211784 -0.00193116 0.000181972 0.00538886 0.00195718 -0.00142156 0.000568981 0.00673037 0.0088582 -0.00378832 -0.00604341 0.00382085 0.0119646 -0.0118301 0.00166559 0.0032083 -0.00123648 0.00493491 -0.00130893 0.00552046
internal_weight=2.9349e+08 1.61601e+08 3.85898e+07 1.31889e+08 1.30436e+07 1.23011e+08 3.81091e+07 9.378e+07 3.17073e+07 1.16988e+08 6.35446e+07 7.23393e+07 5.47527e+06 5.34437e+07 7.56836e+06 2.65327e+07 1.35819e+07 6.02253e+06 5.59887e+07 3.68676e+07 2.83053e+07 2.39364e+07 1.91211e+07 5.87574e+07
internal_count=357559 184279 73841 173280 46442 110438 43602 129678 36786 106610 58660 53441 9536 47950 36906 27814 23409 3828 54485 40324 29032 26642 14161 30032
cat_boundaries=0 1 2 3 4 5 6 7 9 10 11
cat_threshold=335544480 67108992 524160 384 106 301989888 16515072 0 262144 8 16654337
is_linear=0
shrinkage=0.0234364


Tree=18
num_leaves=25
num_cat=4
split_feature=15 16 15 18 23 15 9 0 23 0 7 23 3 15 18 16 0 18 23 18 9 15 18 0
split_gain=6.49362e+06 2.52592e+06 1.87483e+06 1.52119e+06 1.23168e+06 1.16109e+06 1.14761e+06 798794 750842 722558 638971 601702 578549 549121 583850 482373 473754 453349 393041 371103 367185 349547 342900 342051
threshold=13.550000190734865 1.0000000180025095e-35 22.94999980926514 3.4650000333786015 1.167949974536896 10.650000095367433 1.0000000180025095e-35 0 1.0710999965667727 1 50364.500000000007 1.0968999862670901 1382.8167114257815 29.349999427795414 3.3349999189376835 1.0500000119209292 2 1.685000002384186 1.2326499819755556 4.0750000476837167 1.0000000180025095e-35 1.1500000357627871 4.8650000095367441 3
decision_type=2 2 2 2 2 2 2 1 2 1 2 2 2 2 2 2 1 2 2 2 2 2 2 1
left_child=3 2 4 8 9 6 -5 -4 -1 19 15 -9 -11 14 20 17 -3 21 22 -2 -13 -10 -6 -19
right_child=1 16 7 5 18 -7 -8 11 10 12 -12 13 -14 -15 -16 -17 -18 23 -20 -21 -22 -23 -24 -25
leaf_value=-4.2009833383485597e-05 0.00075449838696892038 -0.0012408653594488364 -0.0034383377102269077 0.00067563921139359069 -0.00040694931867835355 -0.0017648799177679161 -0.0020320590471428718 0.00055214397074229325 0.00060571327180239983 0.00019893716947580684 -0.00018669485969493281 -0.0016775079139882607 -0.0014986692788472565 -0.0033294876179711663 -5.5670226388575679e-05 -0.001710108541383655 -0.0034048756825509471 0.0010782102518745629 -0.0013707264783610854 -0.00042021894844683006 -0.00010680111808133649 0.0016608751342585206 -0.0025269227994777575 0.00063387817485381561
leaf_weight=13279927.228803873 33135639.880936027 18138783.471763611 8883062.8952606916 20075026.068807364 21576339.017364502 7749053.5337687731 7637283.4748374224 4888973.5179136992 7878313.8773413897 15476793.928206325 4891525.2989807129 7961449.2926940918 6151666.4794921875 2534417.8396911621 8913132.9655761719 1383653.9032492638 10332216.671802998 27576487.606842279 5915425.2384033203 4603356.4350976944 2494271.4576416016 21720007.015081048 903845.6455078125 29155834.561952353
leaf_count=55360 36086 10433 9415 19794 16986 8292 11931 6606 7600 48502 2024 5070 3694 1758 6099 1302 15505 20778 3766 2772 2532 22673 618 37924
internal_value=-2.17286e-05 -0.00338577 -0.00193438 0.00359369 -9.28674e-05 -0.000607575 0.00163493 -0.0064646 0.00500071 0.00182729 0.00574806 -0.00444529 -0.00158806 -0.00610462 -0.00476229 0.00620779 -0.0096784 0.00642781 -0.00410738 0.00378464 -0.00851917 0.0087791 -0.00269297 0.0052011
internal_weight=2.93256e+08 1.51909e+08 1.23438e+08 1.41347e+08 8.77631e+07 3.54614e+07 2.77123e+07 3.56753e+07 1.05886e+08 5.93675e+07 9.26058e+07 2.67922e+07 2.16285e+07 2.19033e+07 1.93689e+07 8.77143e+07 2.8471e+07 8.63306e+07 2.83956e+07 3.7739e+07 1.04557e+07 2.95983e+07 2.24802e+07 5.67323e+07
internal_count=357520 169842 143904 187678 112424 40017 31725 31480 147661 91054 92301 22065 52196 15459 13701 90277 25938 88975 21370 38858 7602 30273 17604 58702
cat_boundaries=0 1 2 4 5
cat_threshold=335544448 33691648 137216 262144 67240066
is_linear=0
shrinkage=0.0234364


Tree=19
num_leaves=25
num_cat=6
split_feature=15 16 15 1 18 9 20 19 9 2 2 1 19 15 19 15 18 18 19 15 1 1 15 3
split_gain=6.43394e+06 3.05955e+06 2.22575e+06 1.36515e+06 1.49134e+06 841532 1.48633e+06 773201 675678 638234 606807 576366 692192 569023 549605 535935 531897 516206 460794 473149 459259 435662 428732 594973
threshold=10.650000095367433 1.0000000180025095e-35 22.94999980926514 0 3.2949999570846562 1.0000000180025095e-35 32.500000000000007 30.500000000000004 1.0000000180025095e-35 1 2 3 51.500000000000007 31.44999980926514 44.500000000000007 17.750000000000004 3.5049999952316289 4.0350000858306894 78.500000000000014 13.050000190734865 4 5 13.949999809265138 1574.4500122070315
decision_type=2 2 2 1 2 2 2 2 2 1 1 1 2 2 2 2 2 2 2 2 1 1 2 2
left_child=5 2 3 4 9 10 -7 13 20 11 -1 -2 -13 -4 -11 17 -8 18 -3 -20 -9 -16 -5 -24
right_child=1 15 7 22 -6 6 16 8 -10 14 -12 12 -14 -15 21 -17 -18 -19 19 -21 -22 -23 23 -25
leaf_value=0.001348118423320439 -0.00058547676864549982 1.3882892728063465e-05 0.00024683941785205428 6.5678465083589185e-05 -0.00047613371129863122 0.0019442756857054992 0.00012366837924506521 -0.00088610211120864423 -0.00044340216872006648 4.6284725718651087e-05 0.00063856138255956362 -0.00071583863964825114 0.0023951641191915238 -0.0036802177690614165 0.0022718057678616623 -0.0022727829403286831 -0.002488701851089133 -0.0023357026624654725 -0.00011196891620841173 -0.0021148823891530559 -0.0024242629853336774 0.00088763459226950286 -0.00054163841620976185 -0.0014058816480381864
leaf_weight=15287950.01931262 9048380.2945709229 7105631.0724930763 8175413.6514358521 8980761.7845900059 26252717.579162598 5447107.8084950447 11318317.792012691 6112249.5540225506 6344823.5493803024 9035380.8424530029 69403613.185675263 3334769.5458374023 4753802.9989929199 1372118.8577575684 10991102.343566895 15703631.355140209 7022516.0348052979 4575343.2079941034 3023856.123467207 5010844.5134618282 13847797.224353433 20928927.773590088 11839141.728374362 8518927.3171386719
leaf_count=17280 6419 5872 6071 27922 19860 12723 24283 5742 8440 6360 77485 2270 4011 987 9180 13529 10507 4809 3545 5714 10279 19778 50837 3209
internal_value=-8.42979e-05 -0.00274204 -0.00127503 0.000330668 0.00184535 0.00444711 0.000552233 -0.00636654 -0.00844004 0.00394032 0.00554109 0.000142713 0.00468864 -0.000653723 0.00552935 -0.00893558 -0.00264036 -0.00636269 -0.00427801 -0.00812298 -0.0105578 0.0069738 -0.00402384 -0.00590555
internal_weight=2.93435e+08 1.84956e+08 1.49536e+08 1.13684e+08 8.43451e+07 1.0848e+08 2.37879e+07 3.58524e+07 2.63049e+07 5.80924e+07 8.46916e+07 1.7137e+07 8.08857e+06 9.54753e+06 4.09554e+07 3.54193e+07 1.83408e+07 1.97157e+07 1.51403e+07 8.0347e+06 1.996e+07 3.192e+07 2.93388e+07 2.03581e+07
internal_count=357112 214834 181365 149846 67878 142278 47513 31519 24461 48018 94765 12700 6281 7058 35318 33469 34790 19940 15131 9259 16021 28958 81968 54046
cat_boundaries=0 1 2 3 4 5 6
cat_threshold=2096640 17 8 1836544 16515073 450560
is_linear=0
shrinkage=0.0234364


Tree=20
num_leaves=25
num_cat=6
split_feature=15 0 7 18 0 15 20 2 23 4 23 2 7 18 7 0 0 7 7 7 15 9 7 7
split_gain=6.11777e+06 1.73036e+06 1.40435e+06 1.14034e+06 1.06968e+06 1.04081e+06 1.04264e+06 931714 708262 680890 632361 625853 565842 442314 435520 554557 483932 391524 389483 367153 397135 395190 307199 398690
threshold=12.650000095367433 0 13015.428710937502 3.6049998998641972 1 27.849999427795414 84.500000000000014 2 1.0710999965667727 1138.6944580078127 1.1700999736785891 3 50364.500000000007 5.1250000000000009 17603.857421875004 4 5 25992.000000000004 32081.428710937504 50364.500000000007 10.650000095367433 1.0000000180025095e-35 26047.857421875004 22373.642578125004
decision_type=2 1 2 2 1 2 2 1 2 2 2 1 2 2 2 1 1 2 2 2 2 2 2 2
left_child=3 2 4 8 -2 6 10 -5 -1 -4 -3 13 14 17 16 -16 -10 -8 22 20 21 -9 23 -17
right_child=1 5 9 7 -6 -7 11 19 12 -11 -12 -13 -14 -15 15 18 -18 -19 -20 -21 -22 -23 -24 -25
leaf_value=-4.8090815301548959e-05 0.003283654334482074 0.00036533421729426216 -0.001276258789102535 0.0010331862954885555 -0.001591350927550214 -0.0021355463027314366 -0.001046149339030433 0.00038575471322774735 0.003181615491049478 -0.0030451914114181799 -0.0004599604022497734 -0.0010800115532215778 -0.00016516643931078462 -0.0024159264966605604 0.00097868344488999067 0.00053329329708490226 0.0016189642828481274 0.00020619916189698696 -0.00055178438515987517 -0.0018551591308901866 -0.0015816964067560759 -0.0016150099760918076 0.0011811518651900369 -0.0010136530723826196
leaf_weight=12820385.614308596 4132643.9473154545 46008069.751925826 8090239.6180216074 7019197.0682226419 7558610.9771201611 6055774.6149940491 8514632.5456031561 10219444.133323789 7394726.9219355583 18795409.880310059 17442752.703086853 25047304.890555978 4935522.4776751995 1228916.0243186951 39792299.966994643 12050960.425044417 9417030.0622602701 18625362.276027799 3717311.1306540966 1695210.9836304188 4261085.6009085178 5857831.3445624113 9042708.9820665121 3370149.5908287764
leaf_count=51712 7078 49500 18251 7188 36805 3847 14757 10075 8027 11470 9355 18863 2038 817 25496 10850 30649 13546 2412 755 4660 9465 6299 3284
internal_value=-3.62292e-05 -0.00309267 -0.00742305 0.00371481 -0.000642054 -0.00173366 -0.00124276 -0.000383878 0.00487609 -0.0103718 0.000788334 -0.0036554 0.00561237 -0.00127171 0.00606142 0.00522606 0.00943894 -0.000648995 0.00271062 -0.00275274 -0.00187931 -0.000193323 0.00378463 0.00177355
internal_weight=2.93094e+08 1.615e+08 3.85769e+07 1.31594e+08 1.16913e+07 1.22923e+08 1.16867e+08 2.90528e+07 1.02541e+08 2.68856e+07 6.34508e+07 5.34162e+07 8.97207e+07 2.83689e+07 8.47852e+07 6.79734e+07 1.68118e+07 2.714e+07 2.81811e+07 2.20336e+07 2.03384e+07 1.60773e+07 2.44638e+07 1.54211e+07
internal_count=357199 184289 73604 172910 43883 110685 106838 32143 140767 29721 58855 47983 89055 29120 87017 48341 38676 28303 22845 24955 24200 19540 20433 14134
cat_boundaries=0 1 2 3 4 5 6
cat_threshold=335544480 67108992 12 106 135296 67108994
is_linear=0
shrinkage=0.0234364


Tree=21
num_leaves=25
num_cat=4
split_feature=15 16 15 1 18 8 1 8 7 15 18 8 8 8 2 2 20 16 8 8 8 18 18 18
split_gain=5.84918e+06 3.00271e+06 2.07594e+06 1.31172e+06 1.34476e+06 1.09428e+06 878243 754217 730092 724044 667754 622801 943522 785005 604242 556545 535609 471400 445088 1.14737e+06 505495 419231 413983 411449
threshold=10.550000190734865 1.0000000180025095e-35 22.44999980926514 0 3.2949999570846562 49599.250000000007 1 17418.357421875004 12233.500000000002 29.349999427795414 3.3349999189376835 41164.537109375007 44278.572265625007 15047.285644531252 2 3 87.500000000000014 1.1500000357627871 24093.018554687504 28268.875000000004 19317.107421875004 3.6049998998641972 4.1749999523162851 4.8450000286102304
decision_type=2 2 2 1 2 2 1 2 2 2 2 2 2 2 1 1 2 2 2 2 2 2 2 2
left_child=5 2 3 4 11 7 -4 8 -1 10 14 13 -13 -2 -8 17 -3 -9 20 -20 -15 -17 -7 -6
right_child=1 16 6 -5 23 22 9 15 -10 -11 -12 12 -14 18 -16 21 -18 -19 19 -21 -22 -23 -24 -25
leaf_value=0.0010596128654580695 0.0028113207851787072 -0.00068076764468386671 0.00034587895691708538 -0.00069958914083340107 -0.00014739785990718456 -0.00013163406837769383 0.00081091073738075506 0.00084833606332029897 0.0029002591776939833 -0.0039349008196861634 -0.00038191707039591908 0.0023810042575793345 0.00036257983394998462 0.0004485349824007488 -0.0018686368995099267 0.00058639323949779719 -0.0019310387821927881 -0.0052446066371528328 0.0021185195425700533 -0.0001711651057483568 -0.0015296753891096842 -0.00035390738789735495 -0.0023820227232144394 -0.0015718624454524345
leaf_weight=8615422.8474801779 9017215.0282440186 10126482.433310986 7199570.5755531788 28824975.063602924 20042075.947006226 7782738.5953233242 1806929.2918175459 39617180.059656024 9477455.1288940907 3451673.4882507324 13153152.881394863 5407363.4992675781 7087397.1071777344 7746618.5350036621 14624793.743192434 29328351.577963233 25909431.999178529 596892.53095459938 7961083.3305053711 11393773.872741699 6713285.4360961914 10752771.11078155 1314470.6159820557 4825878.1115722656
leaf_count=42765 19302 8111 9468 81562 15663 4174 2456 33201 15884 2584 9444 2015 2356 6941 11514 34261 25775 538 4719 5849 4855 9805 644 3440
internal_value=-6.73121e-05 -0.00259031 -0.00112435 0.000554796 0.00209604 0.00428203 -0.00567398 0.00500108 0.00932381 -0.00729037 -0.00610527 0.0041307 0.00873452 0.0027877 -0.00925546 0.00402704 -0.0086621 0.00597499 0.00114928 0.00347334 -0.00196153 0.00207263 -0.0034947 -0.00243073
internal_weight=2.92777e+08 1.85292e+08 1.49256e+08 1.0902e+08 8.01947e+07 1.07485e+08 4.02361e+07 9.83881e+07 1.80929e+07 3.30365e+07 2.95849e+07 5.53267e+07 1.24948e+07 4.2832e+07 1.64317e+07 8.02952e+07 3.60359e+07 4.02141e+07 3.38148e+07 1.93549e+07 1.44599e+07 4.00811e+07 9.09721e+06 2.4868e+07
internal_count=357326 216054 182168 146702 65140 141272 35466 136454 58649 25998 23414 46037 4371 41666 13970 77805 33886 33739 22364 10568 11796 44066 4818 19103
cat_boundaries=0 1 2 3 4
cat_threshold=2096640 16252993 64 14
is_linear=0
shrinkage=0.0234364


Tree=22
num_leaves=25
num_cat=9
split_feature=18 2 20 0 8 7 8 8 7 7 23 7 8 7 0 1 8 0 1 2 2 20 18 1
split_gain=1.40294e+06 1.12189e+06 818038 666664 669750 698877 653722 944571 779162 776164 652687 614573 596802 789742 788242 584629 560450 735733 503834 840613 758846 666913 695547 606013
threshold=4.5250000953674325 0 4.5000000000000009 1 15238.428710937502 15831.928710937502 46328.875000000007 41164.537109375007 44393.714843750007 45935.214843750007 1.063849985599518 42149.072265625007 17995.839843750004 17198.642578125004 2 3 14557.553710937502 4 5 6 7 10.500000000000002 2.554999947547913 8
decision_type=2 1 2 1 2 2 2 2 2 2 2 2 2 2 1 1 2 1 1 1 1 2 2 1
left_child=1 18 -3 4 -4 -6 7 -7 10 -10 -9 -8 13 16 -14 -2 17 -5 19 -1 21 -20 -23 -21
right_child=15 2 3 12 5 6 11 8 9 -11 -12 -13 14 -15 -16 -17 -18 -19 20 23 -22 22 -24 -25
leaf_value=-8.3815048969443839e-05 -0.00032367982366700369 0.00096100374351728017 0.0033634857368048513 0.0036492595467596035 -0.0015658984461827624 0.0002302078237587744 -0.0019917286123501306 -0.00087259627151001641 -0.00041969683845827064 0.0011924707915451564 0.0026579096010271859 -3.3735808910708654e-05 -0.0028148286162243711 0.0022260264494208303 -0.00026385633559832596 -0.0016797980641397631 -0.0017958770940982103 -0.00020697793095080847 -0.0010894909154472792 -0.0027681264485402818 -0.0005422984699006069 0.0014731026995743681 6.0989567173619744e-05 -0.0009478565999058114
leaf_weight=11526731.02261889 10553526.603736877 28227474.337473989 2340244.9538410902 4112758.5380342007 2373643.4698153734 34884486.974120378 1184502.5556612015 716943.15495204926 3407111.4327807426 5991273.1029846668 6135175.9936978817 17914387.014699459 3001186.1194239855 5777399.3724544048 51913488.171402574 12373897.089890599 4372555.6091641188 12563512.297260284 5001418.9437720776 3454720.916809082 34524956.025750279 9789462.7487999201 14395864.021605849 6282104.2521438599
leaf_count=14316 8946 45324 3953 7733 3433 33365 582 1082 1753 3346 2808 9101 3964 8753 51875 13153 6706 59572 5869 1835 34011 11009 13633 11200
internal_value=-7.89288e-05 0.000393889 0.0014182 0.000756578 0.00235307 0.00195532 0.00237802 0.00375986 0.0084268 0.00404495 0.0144369 -0.0013217 -0.000707233 0.00215794 -0.00210689 -0.00564472 5.1224e-05 0.00200945 -0.00183512 -0.0049589 -0.000792576 0.00198926 0.00360029 -0.010029
internal_weight=2.92819e+08 2.69891e+08 1.84916e+08 1.56689e+08 7.49478e+07 7.26075e+07 7.02339e+07 5.1135e+07 1.62505e+07 9.39838e+06 6.85212e+06 1.90989e+07 8.17409e+07 2.68262e+07 5.49147e+07 2.29274e+07 2.10488e+07 1.66763e+07 8.49753e+07 2.12636e+07 6.37117e+07 2.91867e+07 2.41853e+07 9.73683e+06
internal_count=357322 335223 243350 198026 59423 55470 52037 42354 8989 5099 3890 9683 138603 82764 55839 22099 74011 67305 91873 27351 64522 30511 24642 13035
cat_boundaries=0 1 2 3 4 5 6 7 8 9
cat_threshold=17 135170 67108864 3947712 67108992 4980914 1 16 262144
is_linear=0
shrinkage=0.0234364


Tree=23
num_leaves=25
num_cat=4
split_feature=15 16 15 0 8 8 8 0 0 3 6 15 18 8 24 8 24 23 3 24 8 0 15 18
split_gain=5.42267e+06 2.43516e+06 1.75059e+06 1.13502e+06 1.3825e+06 1.08768e+06 831092 826713 793240 784693 985933 664326 768478 648713 1.46734e+06 774133 630515 623942 606358 584778 752325 568859 561406 515544
threshold=11.949999809265138 1.0000000180025095e-35 23.750000000000004 0 18961.196289062504 17506.963867187504 50080.857421875007 1 2 2931.502807617188 2257.696411132813 29.349999427795414 3.4550000429153447 28268.875000000004 1739.5000000000002 15833.839355468752 1796.0000000000002 1.1180999875068667 1980.8333129882815 1803.5000000000002 44278.572265625007 3 17.750000000000004 4.4149999618530282
decision_type=2 2 2 1 2 2 2 1 1 2 2 2 2 2 2 2 2 2 2 2 2 1 2 2
left_child=5 2 3 9 7 8 17 -5 -1 10 13 12 -4 14 15 -2 23 -7 -15 20 -12 -19 -3 -11
right_child=1 22 11 4 -6 6 -8 -9 -10 16 19 -13 -14 18 -16 -17 -18 21 -20 -21 -22 -23 -24 -25
leaf_value=0.0028732635805435516 0.0013467054497957082 -0.0009947435889506005 -0.0015672495519645964 0.009058196022330595 -0.0017382572512689709 -4.6729530188362112e-05 -0.00059337221385425082 -0.00014751944065117517 0.0008266720469382123 0.00022437592688299496 0.0036648236840432034 -0.0034612414743548882 -7.6117074896166041e-05 0.00029082455946314684 0.00240143997132005 -0.0010168346589397126 -0.0010659666108939405 -0.0012828555795002024 -0.00078458352314626854 -6.0039682101473347e-06 0.00059555835744786617 0.00065112359813001934 -0.0021840304475300733 -0.001482364812609176
leaf_weight=12218646.691172004 6740568.5291304588 16838100.035530806 14448228.024325132 2367499.0453948975 19091398.532146811 21640637.500299573 4964425.8520317078 14867642.475624204 9626586.5576457977 10322754.45703125 4292894.1776733398 3990150.397808075 11334976.120788574 12497422.952978492 8270220.128344059 6687356.087674737 5523179.58203125 2510951.6606750488 8533459.9880371094 2717536.0140380859 4011335.2107543945 72306537.323644638 15729057.772248626 1089975.7138671875
leaf_count=20801 19238 17168 14191 4149 21411 46024 2580 44067 48282 2728 2018 3273 8438 19919 6404 10372 1693 2113 3653 1377 1734 41457 13560 296
internal_value=1.21341e-05 -0.00270976 -0.00133848 5.99967e-05 -0.0033069 0.00375166 0.00272995 0.00150507 0.00849523 0.00179028 0.00317634 -0.00636499 -0.0049878 0.00156426 0.00440724 -0.000375748 -0.00260878 0.00321125 -0.00136891 0.00942602 0.0125142 0.00422499 -0.00846931 0.000537035
internal_weight=2.92622e+08 1.69354e+08 1.36787e+08 1.07013e+08 3.63265e+07 1.23268e+08 1.01423e+08 1.72351e+07 2.18452e+07 7.06867e+07 5.37508e+07 2.97734e+07 2.57832e+07 4.2729e+07 2.16981e+07 1.34279e+07 1.69359e+07 9.64581e+07 2.10309e+07 1.10218e+07 8.30423e+06 7.48175e+07 3.25672e+07 1.14127e+07
internal_count=356946 195689 164961 139059 69627 161257 92174 48216 69083 69432 64715 25902 22629 59586 36014 29610 4717 89594 23572 5129 3752 43570 30728 3024
cat_boundaries=0 1 2 4 5
cat_threshold=33691650 128 67108994 262144 67108864
is_linear=0
shrinkage=0.0234364


Tree=24
num_leaves=25
num_cat=6
split_feature=15 16 15 1 7 3 3 7 15 19 9 1 15 9 20 1 7 7 1 19 19 2 20 1
split_gain=5.20584e+06 2.61313e+06 1.88706e+06 1.2099e+06 870936 1.02197e+06 1.01792e+06 842914 771868 985319 630861 561682 508517 496448 1.14004e+06 482882 480774 664858 465628 451090 403573 395480 391994 387256
threshold=10.550000190734865 1.0000000180025095e-35 22.44999980926514 0 38236.357421875007 1838.7388916015627 2796.2500000000005 50364.500000000007 27.849999427795414 37.500000000000007 1.0000000180025095e-35 1 17.750000000000004 1.0000000180025095e-35 32.500000000000007 2 25034.285156250004 18268.500000000004 3 76.500000000000014 44.500000000000007 4 88.500000000000014 5
decision_type=2 2 2 1 2 2 2 2 2 2 2 1 2 2 2 1 2 2 1 2 2 1 2 1
left_child=7 2 3 4 5 16 18 11 9 -4 15 19 22 -13 -15 -11 17 -2 -6 -1 -14 -21 -3 -10
right_child=1 12 8 -5 6 -7 -8 -9 23 10 -12 13 20 14 -16 -17 -18 -19 -20 21 -22 -23 -24 -25
leaf_value=0.0006801367201281532 0.0011274055961542286 5.2136082199896992e-05 0.00019905589996003855 -0.00065141285567756686 0.00018360023299228366 -0.00055800099603841907 0.00023616403950699137 -0.00038818413261026963 -0.0038086507457490131 -0.0022354167287427849 -1.4393997343968889e-05 0.00065261115068515391 0.00017185125095666308 0.0019258561096396677 -0.00087270959190444554 -0.00098216453889654154 0.0013184793008028217 -0.00072542325865764207 0.0027488915736135029 0.0006012114613404572 -0.002300152361250717 0.0018685028491471 -0.0013052886533811811 -0.0014512004572552843
leaf_weight=11408801.223968506 19786737.059539795 4838289.10901618 11783203.02521801 28616438.530254841 1511389.8616943359 20717312.583496094 11192206.068603516 6423766.4385871887 3387589.9475250244 6774058.4711608887 5471453.7501163483 60399486.444127321 1302945.8657150269 3864751.0508115292 11960064.970332861 8919693.5636453629 10965253.710754395 10757200.307281494 5498326.705078125 3181142.5652923584 14464075.504433632 10330451.635894775 15308741.442631721 3524217.1173906326
leaf_count=10056 33376 4075 9078 80976 741 8872 3218 3418 2767 4335 7299 77477 1016 10873 27650 8901 7690 9026 2334 3258 12570 8675 16126 2896
internal_value=-1.26116e-05 -0.00239836 -0.00102977 0.000565362 0.0020379 0.000718883 0.00654718 0.00408648 -0.00539354 -0.00389981 -0.00692382 0.00460931 -0.00807277 0.0036107 -8.44116e-05 -0.00931291 0.00284074 0.00132949 0.0135504 0.00766376 -0.0112252 0.0105612 -0.00560571 -0.0125141
internal_weight=2.92388e+08 1.84819e+08 1.48905e+08 1.09045e+08 8.04284e+07 6.22265e+07 1.82019e+07 1.07568e+08 3.98602e+07 3.29484e+07 2.11652e+07 1.01145e+08 3.59141e+07 7.62243e+07 1.58248e+07 1.56938e+07 4.15092e+07 3.05439e+07 7.00972e+06 2.49204e+07 1.5767e+07 1.35116e+07 2.0147e+07 6.91181e+06
internal_count=356703 215296 181509 146233 65257 58964 6293 141407 35276 29613 20535 137989 33787 116000 38523 13236 50092 42402 3075 21989 13586 11933 20201 5663
cat_boundaries=0 1 2 3 4 5 6
cat_threshold=2096640 7680 151424 1049088 65 63488
is_linear=0
shrinkage=0.0234364


Tree=25
num_leaves=25
num_cat=4
split_feature=15 19 15 18 18 7 1 15 9 19 1 9 15 2 20 1 15 19 20 4 7 20 7 15
split_gain=5.05893e+06 2.20745e+06 2.38739e+06 1.36177e+06 1.27711e+06 1.02366e+06 950516 924483 969959 825764 726564 623612 614612 614630 630680 536084 526060 598216 490111 488830 488010 486679 473416 442774
threshold=13.550000190734865 72.500000000000014 22.94999980926514 3.9650000333786015 3.4650000333786015 38236.357421875007 0 10.650000095367433 1.0000000180025095e-35 29.500000000000004 1 1.0000000180025095e-35 18.550000190734867 2 10.500000000000002 3 26.150000572204593 41.500000000000007 95.500000000000014 2865.2351074218755 42540.357421875007 17.500000000000004 44393.714843750007 31.44999980926514
decision_type=2 2 2 2 2 2 1 2 2 2 1 2 2 1 2 1 2 2 2 2 2 2 2 2
left_child=4 2 3 5 6 10 19 8 -6 23 -2 15 13 -3 -15 -11 17 -17 -9 20 -1 -10 -7 -4
right_child=1 12 9 -5 7 22 -8 18 21 11 -12 -13 -14 14 -16 16 -18 -19 -20 -21 -22 -23 -24 -25
leaf_value=0.0012478306132445134 -0.0009017899129678612 -0.0003177621313451493 0.00030369538692182659 -0.00097859666041814962 0.00057487542305256019 0.0016665008016841947 0.0003074218567553927 -5.2455825898688847e-05 0.0021961333475228402 -0.00070201974668365784 0.00035899864082427805 -0.00044374045828633084 -0.0022994323252171814 0.00053457495859948322 -0.0018294185051092866 0.00027193474208136661 -0.0034340985243207752 -0.0020983536343710521 -0.0020203184142370931 0.00021085468451873939 0.0020182270142323475 -0.0023999173350877701 0.00034932923286394948 -0.0028288702855896243
leaf_weight=41321867.857116699 6816563.7742500305 9501653.1197593212 7880060.4548034668 14035231.836885333 19939700.985602498 6836619.1980354786 47778701.018952966 2829418.0471658707 440418.79167819023 6610543.7838118076 42505929.919867277 7204983.2162524462 12199525.976868272 2224727.6922746897 10356221.660112619 2147063.8691045046 6082059.3644104004 8347144.4819331169 4836586.8953975439 12993468.231689453 4143883.3518066406 7230882.9927902222 7404876.8483242989 1230099.8052368164
leaf_count=38085 6688 17010 5797 10935 19798 3150 104288 2860 711 6043 56433 9236 17167 4980 15211 1519 4375 6434 5418 3631 1700 11124 3484 878
internal_value=-4.11049e-05 -0.0030191 -0.00148783 0.000899718 0.00314455 0.00235859 0.0044275 -0.000719093 0.00128002 -0.00617803 0.000760441 -0.00803324 -0.00824961 -0.0059172 -0.00931514 -0.00990464 -0.012155 -0.0089766 -0.00791939 0.00643161 0.00757729 -0.0058019 0.00789346 1.10307e-05
internal_weight=2.92898e+08 1.51383e+08 1.17101e+08 7.75992e+07 1.41515e+08 6.3564e+07 1.06238e+08 3.5277e+07 2.7611e+07 3.9502e+07 4.93225e+07 3.03918e+07 3.42821e+07 2.20826e+07 1.25809e+07 2.31868e+07 1.65763e+07 1.04942e+07 7.666e+06 5.84592e+07 4.54658e+07 7.6713e+06 1.42415e+07 9.11016e+06
internal_count=356955 169340 114972 80690 187615 69755 147704 39911 31633 34282 63121 27607 54368 37201 20191 18371 12328 7953 8278 43416 39785 11835 6634 6675
cat_boundaries=0 1 2 3 4
cat_threshold=196352 960 82 16515073
is_linear=0
shrinkage=0.0234364


Tree=26
num_leaves=25
num_cat=9
split_feature=15 0 8 8 0 2 1 0 8 15 2 8 2 8 0 15 8 8 8 7 1 15 15 20
split_gain=5.07879e+06 1.8676e+06 2.08275e+06 1.16831e+06 1.14693e+06 871922 856382 845261 811731 784735 702380 643644 571851 570172 526323 664769 505845 1.32028e+06 586530 1.47508e+06 460829 440860 433833 449854
threshold=12.650000095367433 0 14557.553710937502 17418.357421875004 1 2 3 4 49848.732421875007 23.349999427795414 5 8116.8928222656259 6 13375.071777343752 7 4.5499999523162851 41164.537109375007 44278.572265625007 28268.875000000004 25992.000000000004 8 17.44999980926514 27.349999427795414 98.500000000000014
decision_type=2 1 2 2 1 1 1 1 2 2 1 2 1 2 1 2 2 2 2 2 1 2 2 2
left_child=3 2 4 7 13 22 -7 -1 10 16 -5 -6 -11 -2 20 -16 18 -18 19 -8 -12 -4 23 -3
right_child=1 5 21 8 11 6 9 -9 -10 12 14 -13 -14 -15 15 -17 17 -19 -20 -21 -22 -23 -24 -25
leaf_value=0.0028434761728860576 0.0067630194732867738 -0.00029773445791626423 -0.0014768481877156354 -5.3427254048372097e-05 0.0027030751728783073 0.00065195149484452073 -0.00057268195559176339 0.00077251322659190188 -0.00051168334645061025 -1.2674386845473258e-05 5.9705147546712849e-05 -0.0021581552403422224 -0.0015652165966455766 -7.3927528245745783e-05 0.00090432286375353402 -0.00010666420814947612 0.0019236224214608866 -0.00029254837956134883 -0.00068085395122050008 0.0025085945258556479 0.00095681143445833792 -0.0033454573047589698 -0.0025888650016440461 -0.0013590234197227307
leaf_weight=12435347.264196873 3074490.3999824524 24213512.611618638 8244737.4245966673 26702277.54445672 1568293.5551379919 21519589.946353912 14646916.449967742 10216928.050078034 6783790.5229344368 4804552.1412149668 7369192.5505633354 5976131.808760643 8538803.2748452425 2272066.8981044292 10744387.232651114 21700627.783649921 5737518.4701206684 8218757.1564121246 15464549.445888162 5325618.1018850803 35464876.513970494 17442105.90168786 1954686.8910751343 12836898.711032152
leaf_count=21829 5610 19483 10752 27891 22945 17389 26558 51839 3464 4700 12830 13914 5354 3740 12808 22729 3454 4681 13247 5185 19670 16645 1130 9438
internal_value=-1.6083e-05 -0.00279536 -0.00729559 0.00340656 0.000391339 -0.00138689 -4.5748e-05 0.00824865 0.00239811 -0.00142957 0.0029203 -0.00549357 -0.00647261 0.00869542 0.00407869 0.00182704 -6.72151e-05 0.00371206 -0.00155562 0.00109751 0.00578422 -0.0111533 -0.00428394 -0.00371623
internal_weight=2.93257e+08 1.61839e+08 3.85778e+07 1.31417e+08 1.2891e+07 1.23261e+08 8.42563e+07 2.26523e+07 1.08765e+08 6.27367e+07 1.01981e+08 7.54443e+06 1.33434e+07 5.34656e+06 7.52791e+07 3.2445e+07 4.93934e+07 1.39563e+07 3.54371e+07 1.99725e+07 4.28341e+07 2.56868e+07 3.90051e+07 3.70504e+07
internal_count=357285 184225 73606 173060 46209 110619 80568 73668 99392 63179 95928 36859 10054 9350 68037 35537 53125 8135 44990 31743 32500 27397 30051 28921
cat_boundaries=0 1 2 3 4 6 7 8 9 10
cat_threshold=335544480 67108992 17 3932224 67108994 262144 65 96 135296 16252979
is_linear=0
shrinkage=0.0234364


Tree=27
num_leaves=25
num_cat=10
split_feature=21 2 1 19 19 1 16 19 2 20 0 4 0 8 0 2 9 16 8 6 1 20 2 19
split_gain=1.94966e+06 1.31903e+06 776484 833935 703541 1.16663e+06 607229 559117 492897 444814 438343 422918 538666 528104 573398 420127 552137 409426 399254 578226 417458 394965 387791 380223
threshold=1.0000000180025095e-35 0 1 77.500000000000014 52.500000000000007 2 1.7500000000000002 89.500000000000014 3 4.5000000000000009 4 2948.2500000000005 5 15833.839355468752 6 7 1.0000000180025095e-35 0.35000000894069677 28268.875000000004 2290.1250000000005 8 28.500000000000004 9 85.500000000000014
decision_type=2 1 1 2 2 1 2 2 1 2 1 2 1 2 1 1 2 2 2 2 1 2 1 2
left_child=1 4 3 9 -1 15 7 8 -2 -3 -11 12 18 14 -14 16 -6 -9 20 -20 -4 -17 -5 -7
right_child=6 2 11 22 5 23 -8 17 -10 10 -12 -13 13 -15 -16 21 -18 -19 19 -21 -22 -23 -24 -25
leaf_value=-0.00073531572555823768 -0.0018256928864708144 0.0012147790245988623 -0.00068321471390235186 -0.00030939126475089374 0.0020119260460425654 -0.00064146289697599465 -0.0036236147021364556 0.00058553053397204249 -0.00060957621931870905 0.00047236917977708064 -0.0004085958290901515 -0.00028913572969134656 0.0048571593211783658 -0.00023750084733617331 0.00042517283398930646 0.0025186073664124247 -0.0045596678422890179 -0.00083841749271835108 8.917528306975771e-05 0.001668656957637273 0.0044328304527999907 -0.00029507047397542941 0.001506402094671289 0.00021770871343923209
leaf_weight=25412718.139546037 9535713.1414225101 9779384.0506896973 583372.50299453735 1704497.3506622314 7756748.2048950195 24865974.392914057 2785490.3186894655 7479210.4932522774 30785280.80400753 25826762.427444458 13741793.253723145 16117528.654052734 3142745.6784301996 43737619.547254562 11764691.030564904 1923192.9169616699 448333.95855712891 5086549.7641375065 15160182.195278883 7513126.9571533203 1968452.6924271584 5968584.8019104004 11547031.218170166 9256526.4215934277
leaf_count=19255 9474 8114 1021 2421 5905 34689 3160 10221 26685 16332 16378 4513 7730 65813 58142 1608 446 8168 22421 3829 1902 4194 9098 16105
internal_value=-9.71014e-05 0.000825697 0.00201513 0.00406205 -0.00173124 -0.000123288 -0.00404572 -0.00348399 -0.00482922 0.0026603 0.00155412 0.000733607 0.00140178 0.000169962 0.0039794 0.00507752 0.00879078 0.000832586 0.0042656 0.00327644 0.0130544 0.00121683 0.00928208 -0.0025767
internal_weight=2.93892e+08 2.38219e+08 1.62587e+08 6.25995e+07 7.56321e+07 5.02194e+07 5.56722e+07 5.28868e+07 4.0321e+07 4.93479e+07 3.95686e+07 9.99877e+07 8.38702e+07 5.86451e+07 1.49074e+07 1.60969e+07 8.20508e+06 1.25658e+07 2.52251e+07 2.26733e+07 2.55183e+06 7.89178e+06 1.32515e+07 3.41225e+07
internal_count=357624 299916 217714 52343 82202 62947 57708 54548 36159 40824 32710 165371 160858 131685 65872 12153 6351 18389 29173 26250 2923 5802 11519 50794
cat_boundaries=0 1 2 3 4 5 6 7 8 9 10
cat_threshold=17 794112 260096 33 33691650 135168 130 16 15728673 64
is_linear=0
shrinkage=0.0234364


Tree=28
num_leaves=25
num_cat=5
split_feature=15 16 15 1 0 18 8 1 15 9 8 0 8 8 4 8 8 16 0 8 8 8 8 8
split_gain=4.69133e+06 1.9822e+06 1.47172e+06 1.58555e+06 1.38949e+06 1.3074e+06 1.02984e+06 990085 957732 954800 672111 604723 536631 1.06372e+06 757764 667302 621187 512819 453693 451379 432792 752799 640397 472508
threshold=13.949999809265138 1.0000000180025095e-35 27.849999427795414 0 1 3.4650000333786015 14557.553710937502 2 10.650000095367433 1.0000000180025095e-35 17506.963867187504 3 47006.677734375007 41164.537109375007 1717.3375244140627 28268.875000000004 25873.214843750004 1.0500000119209292 4 44767.589843750007 49599.250000000007 41164.537109375007 33284.392578125007 44244.500000000007
decision_type=2 2 2 1 1 2 2 1 2 2 2 1 2 2 2 2 2 2 1 2 2 2 2 2
left_child=5 2 3 -2 12 7 11 10 9 -7 -1 -6 13 14 -5 16 -16 20 -3 -15 21 22 -12 -23
right_child=1 18 -4 4 6 8 -8 -9 -10 -11 17 -13 -14 19 15 -17 -18 -19 -20 -21 -22 23 -24 -25
leaf_value=0.0028265263432152585 -0.0011067151866388032 -0.0011144921451510222 -0.0026038405533614097 0.00075297248783802396 0.0041589979250860852 0.00057492229722724613 -0.0014222637073742755 0.00025786833447094369 -0.001515445941721929 -0.0019104338134196064 0.00083182506234696354 -0.00060305040100685852 -0.0004929891092097093 0.0015170036789971411 -0.0021350419759255789 -0.00061652764660129916 0.0017253896699941491 -0.0025890156867588218 -0.0036044408403119073 0.00025277295220475115 -0.00017686280367360774 0.0039201105132861567 -0.0010016499605937999 0.00089225817189994279
leaf_weight=11545962.055831909 19115684.048867464 19340293.010944724 6973226.8396930695 22833160.036475658 3506172.0809512138 19878869.47284627 24327911.591521978 48637559.237530708 9019454.4700014591 7737211.2181180716 31709178.263641357 4338755.6050827503 6017316.3872070312 10002977.342438698 731153.18737792969 15161043.129394531 3092037.1654052734 737751.27807617188 7542145.2570148706 4142850.8739156723 4323853.244140625 2313295.7463378906 2071732.532043457 6962759.6160888672
leaf_count=19863 23485 12108 5711 36259 6010 19654 26879 107919 9923 11890 19166 21774 2761 5107 411 6438 1443 365 12301 2106 1296 810 893 2200
internal_value=-9.9514e-05 -0.00304766 -0.0017614 -0.00111807 0.000131331 0.00289312 -0.00382037 0.00418772 -0.000934 0.00123156 0.00621091 0.00356359 0.00218258 0.00289765 0.00101838 -0.00244154 0.00630844 0.00499245 -0.00880093 0.00845309 0.00529435 0.00600416 0.00438028 0.0119179
internal_weight=2.92062e+08 1.47125e+08 1.20242e+08 1.13269e+08 9.41534e+07 1.44938e+08 3.21728e+07 1.08302e+08 3.66355e+07 2.76161e+07 5.96645e+07 7.84493e+06 6.19805e+07 5.59632e+07 4.18174e+07 1.89842e+07 3.82319e+06 4.81186e+07 2.68824e+07 1.41458e+07 4.73808e+07 4.3057e+07 3.37809e+07 9.27606e+06
internal_count=356772 162793 138384 132673 109188 193979 54663 152512 41467 31544 44593 27784 54525 51764 44551 8292 1854 24730 24409 7213 24365 23069 20059 3010
cat_boundaries=0 1 2 3 4 6
cat_threshold=914 33691650 196352 67108992 137218 262144
is_linear=0
shrinkage=0.0234364


Tree=29
num_leaves=25
num_cat=4
split_feature=15 16 15 8 0 8 0 18 0 8 3 6 0 24 15 20 8 24 8 3 4 24 8 18
split_gain=4.60894e+06 2.0602e+06 1.43466e+06 1.11501e+06 1.03737e+06 1.10258e+06 912538 849002 764124 685602 669732 882258 597234 580424 535109 507699 504081 1.39632e+06 654699 473997 448946 438432 679899 429762
threshold=12.650000095367433 1.0000000180025095e-35 23.750000000000004 17119.142578125004 0 14557.553710937502 1 1.685000002384186 2 49848.732421875007 2896.1000976562505 2257.696411132813 3 1796.0000000000002 10.650000095367433 87.500000000000014 28268.875000000004 1719.0000000000002 15833.839355468752 1636.9124755859377 933.31250000000011 1803.5000000000002 44278.572265625007 2.9650000333786015
decision_type=2 2 2 2 1 2 1 2 1 2 2 2 1 2 2 2 2 2 2 2 2 2 2 2
left_child=3 2 4 6 10 8 -1 -5 -6 14 11 16 -4 -12 -9 -3 17 18 20 -18 -2 22 -13 -16
right_child=1 15 12 7 5 -7 -8 9 -10 -11 13 21 -14 -15 23 -17 19 -19 -20 -21 -22 -23 -24 -25
leaf_value=0.0029926638128697047 2.6322985147731729e-05 -0.00067925469044635462 -0.0031353385194949198 0.00074643447964561351 0.0047500797850675821 -0.0013048141760850873 0.00074039220613303488 0.00039067651201413564 -0.00074230721215593279 -0.00070407566389384493 5.6644422241892297e-05 0.0032978573068513841 -0.00064599831689812282 -0.00098557193172435433 0.00029203275893361573 -0.0019229213640016439 0.00053468606931843135 0.0023080847317921626 -0.0010402938836909855 -0.00052450902855062046 0.002891292234643955 -2.5244068579995419e-05 0.00051972328287992308 -0.0011637916775095213
leaf_weight=11004350.904089332 4233737.7296229601 9519297.1995116472 7389638.9205704927 27256897.176016688 4088850.7854429483 25847485.377492189 10258783.951182723 63448072.93518889 4692002.7592984438 5403781.9211761951 11268122.807373047 4131054.6791381836 22640554.390020251 5349332.2595214844 7153212.7457436323 21051069.373924255 8213641.2721407413 7811238.1419391632 6313824.3584872484 11933675.456176758 2163389.9375 2120376.2006835938 3564288.1090087891 6671081.2392539978
leaf_count=19540 16193 7578 7713 24817 7606 31350 51803 61527 25959 2807 3017 1941 18243 1650 7128 20930 16639 5990 9655 5585 1833 1140 1557 5209
internal_value=-4.40465e-05 -0.00268418 -0.00141244 0.00322264 -8.37433e-05 -0.0033782 0.00813533 0.00227243 0.00379678 0.00108986 0.00161636 0.00295966 -0.00591354 -0.00246468 0.00165424 -0.00816552 0.00143759 0.00402285 -0.000769438 -0.00119576 0.00451472 0.00926603 0.011866 -0.00252394
internal_weight=2.93528e+08 1.62332e+08 1.31761e+08 1.31196e+08 1.01731e+08 3.46283e+07 2.12631e+07 1.09933e+08 8.78085e+06 8.26761e+07 6.71027e+07 5.04852e+07 3.00302e+07 1.66175e+07 7.72724e+07 3.05704e+07 4.06695e+07 2.05222e+07 1.2711e+07 2.01473e+07 6.39713e+06 9.81572e+06 7.69534e+06 1.38243e+07
internal_count=357410 184579 156071 172831 130115 64915 71343 101488 33565 76671 65200 60533 25956 4667 73864 28508 55895 33671 27681 22224 18026 4638 3498 12337
cat_boundaries=0 1 3 4 5
cat_threshold=33691650 67108994 262144 67108992 335544448
is_linear=0
shrinkage=0.0234364


Tree=30
num_leaves=25
num_cat=5
split_feature=2 20 18 0 7 18 2 19 10 4 0 23 9 20 4 19 7 4 5 6 19 7 4 0
split_gain=1.17014e+06 908874 732117 590799 739357 487068 748693 450546 410196 376364 391506 512296 323924 744912 503419 304405 290548 267387 336426 312486 263341 261899 544887 426183
threshold=0 4.5000000000000009 4.9349999427795419 1 26097.500000000004 1.825000047683716 2 46.500000000000007 1.0000000180025095e-35 2907.2570800781255 3 1.1186000108718874 1.0000000180025095e-35 99.500000000000014 730.27465820312511 51.500000000000007 33422.000000000007 2766.391479492188 2111.479125976563 2769.1071777343755 66.500000000000014 38236.357421875007 1662.4375000000002 4
decision_type=1 2 2 1 2 2 1 2 2 2 1 2 2 2 2 2 2 2 2 2 2 2 2 1
left_child=7 5 3 9 12 8 -7 -1 -2 10 11 20 13 -5 -14 -15 -12 18 -13 -20 -3 22 -9 -24
right_child=1 2 -4 4 -6 6 -8 21 -10 -11 16 17 14 15 -16 -17 -18 -19 19 -21 -22 -23 23 -25
leaf_value=-0.00084228676049177202 0.0014095549332585973 0.001051043860322043 -0.0014376728632201664 -0.00063359197058461721 -0.0022936358303943406 0.0014834090898556249 -0.00058950294694989035 -1.5860119447680219e-05 -0.0016935458789814619 -6.7354022677918428e-05 0.00035859582214046971 0.00064505456759765794 -9.389591425834707e-05 -0.00093718443280765417 -0.0028041808059431077 0.00087659802894083782 -0.00052560562357812735 0.00013231256946772012 0.0026782458747781433 0.0011982139273119218 -0.00058417720742813669 0.0001192832674944164 -0.00051396822772688938 -0.0018795442215340165
leaf_weight=17569664.225827456 13865688.206020832 1944988.0158731937 6903562.4383014441 20366391.448783159 3214283.7192127705 7342835.2379984856 7727602.6979615688 31210403.895941257 437717.70042181015 26249299.113037109 52068426.636838913 3845455.715057373 9785870.9262623787 1989668.918690443 5790241.3321533203 19760089.749099851 5965497.5225870609 2971356.1098632812 4138556.7668457031 2618051.5852050781 3206374.1097631454 16892048.908347845 21814119.442016602 5595759.8797607422
leaf_count=12896 19971 1974 6429 33832 2994 14360 11211 66077 313 7429 54347 3083 44037 2737 6279 33365 5349 1047 1743 1042 6290 8421 9533 2747
internal_value=-6.81871e-05 0.000941256 0.00028642 0.000601298 -0.00122851 0.00474933 0.00180924 -0.0022392 0.00784709 0.00168323 0.00251165 0.0054583 -0.000619015 0.000448953 -0.00350669 0.00346507 0.00156091 0.00784644 0.00958783 0.0127374 -0.000834239 -0.0014527 -0.00219361 -0.00460471
internal_weight=2.93274e+08 2.00192e+08 1.70818e+08 1.63915e+08 6.09065e+07 2.93738e+07 1.50704e+07 9.3082e+07 1.43034e+07 1.03008e+08 7.67587e+07 1.87248e+07 5.76923e+07 4.21162e+07 1.55761e+07 2.17498e+07 5.80339e+07 1.35734e+07 1.06021e+07 6.75661e+06 5.15136e+06 7.55123e+07 5.86203e+07 2.74099e+07
internal_count=357506 257832 211977 205548 123244 45855 25571 99674 20284 82304 74875 15179 120250 69934 50316 36102 59696 6915 5868 2785 8264 86778 78357 12280
cat_boundaries=0 1 2 3 4 6
cat_threshold=17 137218 98 131072 6144 262144
is_linear=0
shrinkage=0.0234364


Tree=31
num_leaves=25
num_cat=4
split_feature=21 2 2 16 0 8 7 8 8 24 24 8 8 7 3 7 8 0 8 8 24 7 8 5
split_gain=1.63193e+06 1.17063e+06 637374 479245 469234 1.11779e+06 876657 694119 642649 1.5014e+06 609604 1.34249e+06 537979 525155 484536 464387 613752 700674 455291 430042 479248 512892 425380 422018
threshold=1.0000000180025095e-35 0 1 0.75000000000000011 2 19661.000000000004 20278.642578125004 24777.107421875004 28268.875000000004 1719.0000000000002 1823.5000000000002 44767.589843750007 15833.839355468752 42149.072265625007 931.51388549804699 17140.642578125004 14557.553710937502 3 23398.893554687504 41164.537109375007 1485.5000000000002 45000.427734375007 8116.8928222656259 1424.9375000000002
decision_type=2 1 1 2 1 2 2 2 2 2 2 2 2 2 2 2 2 1 2 2 2 2 2 2
left_child=1 -1 3 -2 8 15 -7 18 9 12 11 19 14 -13 -3 16 17 -6 -8 -10 -21 -22 -19 -12
right_child=2 4 -4 -5 5 6 7 -9 10 -11 23 13 -14 -15 -16 -17 -18 22 -20 20 21 -23 -24 -25
leaf_value=-0.0002581237826347584 -0.00015632979091499504 0.00082813993385306745 -0.0014537903604973817 -0.0015625715927866863 0.0042312884151236964 -0.0029303359053847108 -0.00030317865163196597 -0.0021702534799258209 0.0004774485939404463 0.0026597632019419505 0.00079105991125803278 -0.001698778843096818 -0.00023877636613943188 6.2752207929882417e-05 0.0036636453385262609 0.0015176778237762862 -0.0012743434155059439 0.0043690609901522945 0.0014239472246728915 -0.00021941393633753323 0.0027908182346176582 0.00079953192590619256 -0.0007114858371296284 -0.00025520814540834762
leaf_weight=75374969.231444359 31728480.822456717 6761272.8012925386 17550964.785546303 6052963.2704212666 4337607.2638245821 4740327.9375054836 13714269.90429616 3580168.7083922625 6112634.16474998 10485610.245516539 7201955.6279981136 954543.49807262421 11048789.079213262 23430697.314642191 2144951.419128418 10342468.966570497 5313817.8290159702 1491302.8542313576 4699533.2648851871 1464521.9621515274 6485871.148352623 4422058.8479559422 6050100.9630907774 27077931.172363281
leaf_count=82159 29051 26309 21997 6382 8948 6092 17004 3616 8966 8559 12601 554 17712 12463 1791 15893 8404 26803 5119 2207 3220 2113 16681 12313
internal_value=-5.94155e-05 0.000785919 -0.00368375 -0.00196936 0.00190937 0.000132626 -0.0032809 -0.00131064 0.00280557 0.00568915 0.00166782 0.00353071 0.00191619 -8.01818e-05 0.00620224 0.00344685 0.00108624 0.00404784 0.000525206 0.00829414 0.0108067 0.0124969 -0.000268923 -0.000661908
internal_weight=2.92568e+08 2.37235e+08 5.53324e+07 3.77814e+07 1.6186e+08 5.42696e+07 2.67343e+07 2.1994e+07 1.07591e+08 3.04406e+07 7.71502e+07 4.28703e+07 1.9955e+07 2.43852e+07 8.90622e+06 2.75353e+07 1.71928e+07 1.1879e+07 1.84138e+07 1.84851e+07 1.23725e+07 1.09079e+07 7.5414e+06 3.42799e+07
internal_count=356957 299527 57430 35433 217368 108560 31831 25739 108808 54371 54437 29523 45812 13017 28100 76729 60836 52432 22123 16506 7540 5333 43484 24914
cat_boundaries=0 1 2 3 4
cat_threshold=17 30 33691650 67108992
is_linear=0
shrinkage=0.0234364


Tree=32
num_leaves=25
num_cat=8
split_feature=15 16 15 0 18 3 1 1 4 20 2 7 7 3 15 1 7 0 0 23 15 7 4 2
split_gain=4.21574e+06 1.87824e+06 1.36775e+06 1.22503e+06 916853 870437 860826 792756 676409 577186 555248 500496 731507 447669 415067 396233 396211 515973 419294 387050 365538 364317 621049 349870
threshold=12.750000000000002 1.0000000180025095e-35 27.849999427795414 0 5.0650000572204599 1346.112487792969 1 2 2865.2351074218755 87.500000000000014 3 38236.357421875007 33422.000000000007 2197.650024414063 15.150000095367433 4 17603.857421875004 5 6 1.1637500524520876 6.8500001430511483 34176.000000000007 3383.4047851562505 7
decision_type=2 2 2 1 2 2 1 1 2 2 1 2 2 2 2 1 2 1 1 2 2 2 2 1
left_child=4 2 3 6 7 -5 13 8 11 14 -8 12 16 -2 -3 -4 18 20 -1 -10 -18 -15 -23 -6
right_child=1 9 15 5 23 -7 10 -9 19 -11 -12 -13 -14 21 -16 -17 17 -19 -20 -21 -22 22 -24 -25
leaf_value=0.0030554153520786758 0.00044464902286559394 0.0011353042717029904 -0.0032130421028177323 -0.00019586894035247734 -2.7117551621731648e-05 -0.0013631042988100279 -0.00013166013649893498 0.00013633277310144484 -0.00042574936216049913 -0.0018934974444518558 0.00065055558304897925 0.001739337843890612 -0.0010205298370951105 -0.0012035390808844023 -0.00087573218331084594 -0.00082884483618541173 0.00060181662766193059 0.0010428812096770896 0.0011453293300065161 0.00033086881909024708 -0.00089248101123748716 0.0016219945367632826 -0.00060548306881627123 -0.0019960285300470427
leaf_weight=8387332.969909668 5961820.2181825638 1466252.2540602684 4447457.7516174316 28777853.621750951 2421067.594170928 24149543.907104492 15788214.477490306 45134828.209720016 6332564.7014160156 20474469.0659585 35975484.70437324 6142293.2602539062 3164367.41015625 6186195.458984375 7914088.0520335436 2494624.2387313843 5169260.9687805176 29761788.218139648 6481619.6421508789 12415317.396728516 4635233.197845459 1745525.5871582031 4902858.568359375 2754625.7597135305
leaf_count=7604 14320 1382 3579 75703 2783 13629 11021 107742 2042 20431 29995 2558 1748 2304 6066 2090 3755 18692 18254 3196 3284 616 1240 2796
internal_value=-6.64709e-05 -0.00262497 -0.00141119 -0.000842151 0.00302153 -0.00353736 0.00117953 0.00341368 0.00477999 -0.00792772 0.00273942 0.00593095 0.00525278 -0.00311627 -0.00311336 -0.0115333 0.00588957 0.00466385 0.00915121 0.000866797 9.23968e-07 -0.00558134 -0.0017725 -0.00664842
internal_weight=2.93085e+08 1.60284e+08 1.3043e+08 1.23487e+08 1.328e+08 5.29274e+07 7.05601e+07 1.27625e+08 8.24898e+07 2.98548e+07 5.17637e+07 6.37419e+07 5.75996e+07 1.87964e+07 9.38034e+06 6.94208e+06 5.44352e+07 3.95663e+07 1.4869e+07 1.87479e+07 9.80449e+06 1.28346e+07 6.64838e+06 5.17569e+06
internal_count=356830 182376 154497 148828 174454 89332 59496 168875 61133 27879 41016 55895 53337 18480 7448 5669 51589 25731 25858 5238 7039 4160 1856 5579
cat_boundaries=0 1 2 3 4 5 7 9 10
cat_threshold=33691648 8455090 458496 17 130048 67108864 262144 67108994 262144 60
is_linear=0
shrinkage=0.0234364


Tree=33
num_leaves=25
num_cat=1
split_feature=15 16 15 8 7 8 8 7 8 3 8 7 7 8 8 8 20 15 3 6 7 7 2 8
split_gain=4.16175e+06 1.83702e+06 1.42362e+06 1.09453e+06 1.07287e+06 1.36983e+06 1.20314e+06 1.04087e+06 1.36156e+06 978900 813096 863756 835699 715676 586714 521661 484090 481220 531700 445525 444428 764479 443516 419962
threshold=12.650000095367433 1.0000000180025095e-35 27.849999427795414 49122.214843750007 26411.286132812504 15047.285644531252 28268.875000000004 34176.000000000007 44767.589843750007 1817.549987792969 16674.250000000004 12233.500000000002 42540.357421875007 10818.607421875002 33284.392578125007 44244.500000000007 87.500000000000014 4.5499999523162851 1006.4249877929689 2257.696411132813 42149.072265625007 44393.714843750007 0 41566.787109375007
decision_type=2 2 2 2 2 2 2 2 2 2 2 2 2 2 2 2 2 2 2 2 2 2 1 2
left_child=3 2 4 10 5 13 -6 9 -9 -8 11 -1 14 -2 17 19 -3 22 -19 -14 -10 -22 -12 -16
right_child=1 16 -4 -5 6 -7 7 8 20 -11 12 -13 15 -15 23 -17 -18 18 -20 -21 21 -23 -24 -25
leaf_value=0.00085284288200572272 -0.00042798788471867908 -0.00058307104817324643 -0.0024352140027641698 -0.00031039608071313312 0.0016758051731857705 -0.0010749424917668633 0.00044623520187834928 0.00095425908643570587 -0.0019861000056931822 -0.0010136179955142809 0.0010430807607075205 0.0030285634575477854 -0.00043671229191747523 0.0024731404290915635 -0.0011629432565823268 0.00056195915049182051 -0.0018367110339263563 -0.001003285474767141 0.00040340512540902596 0.0036693248560375055 0.0012839786404222992 -0.00045600184444650837 0.00019424166228751807 0.00045407917913451985
leaf_weight=10551944.003909707 9903954.3069440126 9415220.6101977825 7086134.5530500412 13062355.696308374 9247757.0577991009 42948110.693142891 8386684.626935482 17499740.859922171 1171795.6374192238 14968969.510864258 16038268.278762341 9959891.5977236032 633807.33578300476 7257588.8290739059 5315602.0279581547 11934111.333304882 21036061.468720317 8311887.7131893635 40410181.377319336 2990054.0183105469 2001159.7326087952 10309544.117203712 10230857.129023552 2078550.0911955833
leaf_count=52704 44956 7472 5775 6632 7889 49669 12012 9819 646 6062 17750 17508 1279 12682 4234 6386 21013 27967 22705 1060 932 5064 13243 1483
internal_value=-5.54031e-05 -0.00257915 -0.00137203 0.00303856 -0.000786773 -0.00303166 0.00133539 5.43712e-06 0.00282172 -0.00373048 0.00374854 0.00799151 0.00285995 0.00256522 0.00191919 0.00784164 -0.00776346 0.00254023 0.0011617 0.0156295 -0.00277564 -0.00146286 0.00509703 -0.00437934
internal_weight=2.9275e+08 1.61233e+08 1.30781e+08 1.31518e+08 1.23695e+08 6.01097e+07 6.35857e+07 5.43379e+07 3.09822e+07 2.33557e+07 1.18455e+08 2.05118e+07 9.79433e+07 1.71615e+07 8.23853e+07 1.5558e+07 3.04513e+07 7.49912e+07 4.87221e+07 3.62386e+06 1.34825e+07 1.23107e+07 2.62691e+07 7.39415e+06
internal_count=356942 183991 155506 172951 149731 107307 42424 34535 16461 18074 166319 70212 96107 57638 87382 8725 28485 81665 50672 2339 6642 5996 30993 5717
cat_boundaries=0 1
cat_threshold=46
is_linear=0
shrinkage=0.0234364


Tree=34
num_leaves=25
num_cat=5
split_feature=21 2 18 16 2 0 3 7 18 16 18 6 18 10 6 0 7 7 4 7 7 3 7 0
split_gain=1.56265e+06 1.13422e+06 730113 581774 473743 451670 517532 415930 409690 306927 303561 289408 278078 552173 266857 265362 272842 247435 240603 371427 569143 311998 291715 283741
threshold=1.0000000180025095e-35 0 1.4950000047683718 1.4499999880790713 1 2 2896.1000976562505 26097.500000000004 3.8249999284744267 0.25000000745058065 2.3549998998641972 2257.696411132813 4.6449999809265146 1.0000000180025095e-35 1125.5178833007815 3 44393.714843750007 23671.571289062504 1393.301452636719 38236.357421875007 44393.714843750007 2440.5354003906255 41965.427734375007 4
decision_type=2 1 2 2 1 1 2 2 2 2 2 2 2 2 2 1 2 2 2 2 2 2 2 1
left_child=1 12 -3 4 9 6 11 14 -6 10 -2 -4 18 -14 -7 16 -13 -16 -1 21 22 23 -21 -20
right_child=3 2 5 -5 8 7 -8 -9 -10 -11 -12 15 13 -15 17 -17 -18 -19 19 20 -22 -23 -24 -25
leaf_value=0.00020168808296867877 -0.00052833794793614639 0.00072577656250051776 0.00040149161548943418 -0.0029917311876923899 -0.00057909415471462549 0.0004500456136742458 -0.0001359435891748476 -0.0018579927716741171 -0.0016384830162580672 -0.00075733115342242383 0.00049448077860810653 0.0026513716558845915 -0.0015372430372284206 0.0033010150065632842 -0.00066515776361827201 0.00011877299506299264 0.00074026710849490248 0.00066911595564313111 0.00010481494266632644 0.00016546810458882512 -0.00019553438254893456 -0.00097100548768302812 0.0015844826225786522 -0.00089355989215988627
leaf_weight=20157071.186690092 4951570.0082967281 34590921.82673955 50354818.816285849 3997662.4520909786 17852413.264412642 18561390.503756642 20642881.868652344 2578417.5851340294 6534819.461071372 9283492.5620729923 12215701.772882223 4029070.05859375 4871310.063880682 509471.12368774414 17559337.039260864 3646923.0817871094 5756209.0418701172 4238931.063873291 11506679.11126709 2043888.7886962891 10118064.526489258 10232016.186035156 2406579.1508789062 13094776.047363281
leaf_count=55543 4148 45938 73108 4207 20062 66724 5903 2536 7652 10424 10744 1912 4016 553 13536 2210 2629 2911 5944 664 3142 3604 810 7644
internal_value=-0.000104972 0.000720265 0.00182336 -0.00367012 -0.00299319 0.00100332 0.0019986 -0.000953714 -0.00534935 -0.00082084 0.00103565 0.00304243 -0.00166372 -0.00679673 -0.000370696 0.00609894 0.00810994 -0.00212923 -0.00126665 -0.0021471 0.000995179 -0.00346131 0.00797974 -0.00203088
internal_weight=2.91734e+08 2.36899e+08 1.61959e+08 5.48357e+07 5.0838e+07 1.27368e+08 8.44299e+07 4.29381e+07 2.43872e+07 2.64508e+07 1.71673e+07 6.3787e+07 7.49399e+07 5.38078e+06 4.03597e+07 1.34322e+07 9.78528e+06 2.17983e+07 6.95591e+07 4.9402e+07 1.45685e+07 3.48335e+07 4.45047e+06 2.46015e+07
internal_count=356564 299327 217407 57237 53030 171469 85762 85707 27714 25316 14892 79859 81920 4569 83171 6751 4541 16447 77351 21808 4616 17192 1474 13588
cat_boundaries=0 1 2 3 4 5
cat_threshold=17 26 33691650 131072 137216
is_linear=0
shrinkage=0.0234364


Tree=35
num_leaves=25
num_cat=7
split_feature=15 21 15 1 0 8 8 8 8 8 0 8 0 4 6 0 8 15 1 0 7 8 7 15
split_gain=3.84279e+06 1.67792e+06 1.30855e+06 1.20497e+06 1.02654e+06 1.34839e+06 999582 807217 1.06344e+06 1.34315e+06 797747 752324 933579 707642 699810 633933 649760 553407 521873 515637 510056 746242 563539 462159
threshold=12.750000000000002 1.0000000180025095e-35 27.849999427795414 0 1 15047.285644531252 49599.250000000007 28268.875000000004 38058.232421875007 44767.589843750007 2 16674.250000000004 3 1567.8069458007815 1075.7500000000002 4 31433.411132812504 4.5499999523162851 5 6 42540.357421875007 48856.125000000007 35017.712890625007 17.44999980926514
decision_type=2 2 2 1 1 2 2 2 2 2 1 2 1 2 2 1 2 2 1 1 2 2 2 2
left_child=6 2 3 23 7 10 11 14 13 -10 -6 12 -1 -9 -5 18 17 -17 -13 -3 22 -22 -20 -2
right_child=1 19 -4 4 5 -7 -8 8 9 -11 -12 15 -14 -15 -16 16 -18 -19 20 -21 21 -23 -24 -25
leaf_value=0.0029681273325594657 -0.00052016074363432586 -0.00094627204943045177 -0.0023505422504943863 -3.1615537831426613e-05 0.0044086507996637754 -0.0010263839398733144 -0.00038691603905599803 0.00062239763307732343 0.0011752547116545284 -0.00021333396903660751 0.00010245358476853126 5.6500220412706232e-05 0.00064502187061554468 -0.00070284027396416433 0.0021560657899084741 0.00080298599595267611 -0.00077042451723039298 -2.8604171718685637e-05 0.00088159991302275186 -0.0031491130670571886 0.0019303720726475424 0.00019861801418621919 -0.00048639649147987914 -0.0018099328880902454
leaf_weight=10349814.580599666 7726203.2901637554 21741153.764974117 7103024.9993886948 4441751.9498157501 3484976.3037614822 34829584.291028857 10534674.909525633 6678343.8972578049 13382574.623613119 11899380.963016987 8131098.3219674826 13580004.561139703 10402213.205486536 17619875.528686523 8085622.7562255859 13343761.252175212 7537054.0009676218 25611317.852964997 23264983.970583797 8241072.4698262215 8466329.4581549168 5161142.8762817383 4696041.0284075737 6965659.0331902504
leaf_count=18658 9286 14011 5804 15993 6009 41785 5348 11001 7368 5929 32190 19009 52519 7866 4917 17865 6028 29981 16991 13951 3775 2028 2678 6605
internal_value=-4.81396e-05 -0.00249104 -0.00134118 -0.000777447 7.50865e-05 -0.00256037 0.00289792 0.00204595 0.000702912 0.00406783 0.00435428 0.00349408 0.00756063 -0.00279824 0.00736137 0.00266397 0.000647965 0.00186666 0.00436292 -0.00749011 0.00566546 0.00938322 0.00385352 -0.00707652
internal_weight=2.93278e+08 1.6033e+08 1.30348e+08 1.23245e+08 1.08553e+08 4.64457e+07 1.32947e+08 6.21075e+07 4.95802e+07 2.5282e+07 1.16161e+07 1.22413e+08 2.0752e+07 2.42982e+07 1.25274e+07 1.01661e+08 4.64921e+07 3.89551e+07 5.51685e+07 2.99822e+07 4.15885e+07 1.36275e+07 2.7961e+07 1.46919e+07
internal_count=357595 182715 154753 148949 133058 79984 174880 53074 32164 13297 38199 169532 71177 18867 20910 98355 53874 47846 44481 27962 25472 5803 19669 15891
cat_boundaries=0 1 2 3 5 6 7 9
cat_threshold=400 33691648 130 67108994 262144 135296 16515123 137218 262144
is_linear=0
shrinkage=0.0234364


Tree=36
num_leaves=25
num_cat=0
split_feature=15 16 15 19 19 15 18 14 20 23 7 19 7 9 20 15 18 15 4 15 18 19 15 7
split_gain=3.89523e+06 1.95497e+06 1.43266e+06 797106 744404 1.32414e+06 1.15899e+06 656694 941926 627325 575581 517242 518037 513588 510658 485620 482849 468752 372446 364520 670714 430713 376016 360060
threshold=10.550000190734865 1.0000000180025095e-35 22.750000000000004 29.500000000000004 63.500000000000007 13.949999809265138 4.055000066757203 1.0000000180025095e-35 32.500000000000007 1.0827500224113467 17831.000000000004 40.500000000000007 38236.357421875007 1.0000000180025095e-35 94.500000000000014 31.44999980926514 3.9450000524520878 15.550000190734865 1798.5476074218752 19.250000000000004 2.8549998998641972 67.500000000000014 15.34999990463257 12233.500000000002
decision_type=2 2 2 2 2 2 2 2 2 2 2 2 2 2 2 2 2 2 2 2 2 2 2 2
left_child=7 2 4 15 6 9 11 10 -9 -6 23 17 18 16 -3 -4 -5 -2 -13 20 22 -22 -16 -1
right_child=1 14 3 13 5 -7 -8 8 -10 -11 -12 12 -14 -15 19 -17 -18 -19 -20 -21 21 -23 -24 -25
leaf_value=0.00099467523344800809 -0.0024056739576485795 -0.00049703345009921335 0.00044759941731393647 -0.0017583131958171299 -0.0012691930253825898 -0.00076328942511472966 -0.00088493634814107924 0.0016298054010235338 -0.0013778895382086914 0.0012070232116576226 0.00043258112780993166 0.0012057931975040226 0.0010384660925423692 -0.00033148013854180692 0.00036179585008108602 -0.002748468695270821 -8.1722616341256625e-05 0.00016506477332618616 -4.3220775790351985e-05 -0.002578444839193646 -0.00032309510419813501 -0.0023351576575921392 -0.0011749709341579123 0.0022179636144853483
leaf_weight=7564720.383005023 2286386.3683166504 11445849.708146095 8272879.0539093018 17821260.018038511 2805144.4272516966 32800249.5432657 10059536.170005798 3528101.5092269182 9689367.1854343414 13402583.237673163 76325667.822043061 21572198.410887718 9437228.8409092426 6690173.8745144606 4514518.3048986197 1198104.2223510742 3108762.3186445236 9448670.2618756294 10674665.095947266 6507491.7960987091 1975837.5710296631 7598860.8220881224 3884094.0196192265 10034599.504380107
leaf_count=34588 1323 9478 6035 14713 16127 55566 7513 8222 19333 16849 63777 35510 4191 8801 5101 856 2281 7863 4591 5712 1486 7646 4560 15120
internal_value=-6.13123e-05 -0.0021162 -0.000937082 -0.00493141 0.000380001 -0.00178983 0.00205519 0.00349649 -0.00139462 0.00369043 0.00418478 0.00342941 0.00465303 -0.00694327 -0.00702538 0.00093577 -0.0087501 -0.000917003 0.00323964 -0.00893593 -0.00721513 -0.0114553 -0.00238116 0.00800546
internal_weight=2.92647e+08 1.85504e+08 1.49578e+08 3.70912e+07 1.12487e+08 4.9008e+07 6.34787e+07 1.07142e+08 1.32175e+07 1.62077e+07 9.3925e+07 5.34191e+07 4.16841e+07 2.76202e+07 3.59267e+07 9.47098e+06 2.093e+07 1.17351e+07 3.22469e+07 2.44808e+07 1.79733e+07 9.5747e+06 8.39861e+06 1.75993e+07
internal_count=357242 216202 182219 32686 149533 88542 60991 141040 27555 32976 113485 53478 44292 25795 33983 6891 16994 9186 40101 24505 18793 9132 9661 49708
is_linear=0
shrinkage=0.0234364


Tree=37
num_leaves=25
num_cat=7
split_feature=16 2 1 19 18 20 19 1 2 9 20 16 19 20 19 19 1 18 19 19 20 1 16 2
split_gain=1.50103e+06 1.03898e+06 848829 747732 737462 507569 446709 779554 924386 700285 499426 429817 454219 422211 400415 425364 424471 390592 341730 327963 310517 372254 339162 482456
threshold=0.15000000223517421 0 1 86.500000000000014 4.5250000953674325 4.5000000000000009 46.500000000000007 2 3 1.0000000180025095e-35 18.500000000000004 1.5500000119209292 89.500000000000014 28.500000000000004 59.500000000000007 39.500000000000007 4 3.6550000905990605 85.500000000000014 72.500000000000014 94.500000000000014 5 1.0000000180025095e-35 6
decision_type=2 1 1 2 2 2 2 1 1 2 2 2 2 2 2 2 1 2 2 2 2 1 2 1
left_child=1 6 3 5 14 -3 -1 8 9 10 -8 12 -2 -10 15 16 -4 -17 -9 -6 -16 22 -22 -24
right_child=11 2 4 -5 19 -7 7 18 13 -11 -12 -13 -14 -15 20 17 -18 -19 -20 -21 21 -23 23 -25
leaf_value=-0.00077508130748731908 -0.00097757282033532149 0.0011804499513812761 -0.00039292239756012287 0.001478093418054242 -0.0016276489490530072 0.00029604062621188944 -0.00057041266002041805 -0.0006211867110774309 0.00099632725009472095 -0.0044865864864824983 0.001994676224194396 -0.00277087476692075 0.00010075967679034222 -0.0006115607034636346 -0.00042914846172761704 0.0011431688534499994 0.0026352401106195418 -0.00044625289077001418 0.00014426370573429216 0.00066332333551469074 0.00055688214984813496 -0.00069067286815790996 -0.0015062145902105444 0.0001524911121347663
leaf_weight=17185424.483045578 20643566.190621257 12459915.853927612 10699137.986328125 5973651.4699554443 6075014.9399604797 61309002.876052856 1741374.8380432129 28829984.354200482 2651148.2413330078 666717.69149780273 9145599.7170715332 4092393.6750586033 9478488.3829916716 9565101.0725708008 25051662.505119324 18194008.823049784 1354407.0044006109 3925484.8629939556 10074378.586569428 1046360.3182666302 20374781.77469635 6468837.8734692335 1226150.6999130249 3781852.0671043396
leaf_count=12720 19535 10691 7494 4943 4871 51516 1329 38887 2151 661 6824 4224 13738 6792 61143 24262 3011 4026 17566 1611 18645 36114 775 3147
internal_value=-4.04867e-05 0.000571647 0.00156838 0.00336464 0.000109708 0.00271884 -0.00164924 -0.00073138 0.00261253 0.00736491 0.00879277 -0.00465281 -0.00368459 -0.00188211 0.00067763 0.00268289 -0.0008592 0.00461307 -0.00277445 -0.00715353 -0.000526618 0.00100877 0.00228782 -0.00317653
internal_weight=2.92014e+08 2.578e+08 1.7794e+08 7.97426e+07 9.81977e+07 7.37689e+07 7.98597e+07 6.26743e+07 2.37699e+07 1.15537e+07 1.0887e+07 3.42144e+07 3.01221e+07 1.22162e+07 9.10763e+07 3.4173e+07 1.20535e+07 2.21195e+07 3.89044e+07 7.12138e+06 5.69033e+07 3.18516e+07 2.53828e+07 5.008e+06
internal_count=356676 319179 232249 67150 165099 62207 86930 74210 17757 8814 8153 37497 33273 8943 158617 38793 10505 28288 56453 6482 119824 58681 22567 3922
cat_boundaries=0 1 2 3 4 5 6 7
cat_threshold=17 802304 260096 16 246016 246208 4
is_linear=0
shrinkage=0.0234364


Tree=38
num_leaves=25
num_cat=9
split_feature=16 2 1 19 20 18 1 2 2 1 18 20 9 19 16 0 8 0 19 1 20 18 18 18
split_gain=1.47362e+06 983172 833892 662074 662901 585212 472799 960423 823601 696989 534888 522798 634744 464503 452063 444425 492994 428452 424486 472503 416149 423447 397517 388474
threshold=0.15000000223517421 0 1 86.500000000000014 4.5000000000000009 4.5250000953674325 2 3 4 5 1.8750000000000002 10.500000000000002 1.0000000180025095e-35 97.500000000000014 1.5500000119209292 6 14557.553710937502 7 47.500000000000007 8 1.5000000000000002 1.8450000286102297 4.8949999809265146 0.39499999582767492
decision_type=2 1 1 2 2 2 1 1 1 1 2 2 2 2 2 1 2 1 2 1 2 2 2 2
left_child=1 6 3 4 -3 -4 7 10 11 -9 -1 -8 18 14 22 16 17 -6 -13 -20 -10 23 -2 -22
right_child=13 2 5 -5 15 -7 8 9 20 -11 -12 12 -14 -15 -16 -17 -18 -19 19 -21 21 -23 -24 -25
leaf_value=-0.0012321266332028559 -0.00055769306303235706 0.0011431218470477336 2.4412483979853955e-05 0.0013292471383628632 0.0036314413419606985 -0.0015517618443877436 -0.0008284256998634371 -0.0026688732699264132 0.00061307876837186914 -0.0007855030065357677 0.00036805392014463444 -0.00015464768286394852 -0.003903673246462386 0.0020739586502189506 -0.0029622707578519842 0.00035964809314081023 -0.00086395103366781068 -0.00030840289262125549 0.0002544453145630714 0.0018307699866096289 0.0035933126227986859 -0.00039413659017074301 -0.002269850124792147 -0.0019661781463798113
leaf_weight=3613596.8194035292 27386707.275743604 16349266.280471802 71418344.075772762 6613666.4981689453 2441764.6602783203 5031548.4339374304 4175351.3763417006 3666965.627746582 3821181.6412094831 9264411.884499073 10666843.188610554 4781988.172726512 1143455.7414221764 785472.70536184311 3761842.8137769699 60211009.581771851 13018364.36239624 3702049.9320068359 5768552.9405214787 9561872.4847892523 244271.0418548584 18844257.84546268 2137526.6411248446 4810074.0835086107
leaf_count=4486 29728 13871 141436 5571 3103 5010 5415 1877 4621 12346 10538 3438 1683 982 3897 46902 10341 6646 7055 10436 208 19133 2893 5680
internal_value=-0.000117858 0.000484575 0.00145239 0.0028358 0.0023403 -0.000399457 -0.00166855 -0.00418089 -0.000382307 -0.0088078 8.92291e-06 0.00266351 0.00415281 -0.00469997 -0.00512033 0.00145515 -0.00165348 0.00381855 0.00511848 0.00702007 -0.00317666 -0.0043249 -0.00414541 -0.0103486
internal_weight=2.9322e+08 2.59149e+08 1.78786e+08 1.02336e+08 9.57225e+07 7.64499e+07 8.03628e+07 2.72118e+07 5.3151e+07 1.29314e+07 1.42804e+07 2.54312e+07 2.12559e+07 3.40715e+07 3.32861e+07 7.93732e+07 1.91622e+07 6.14381e+06 2.01124e+07 1.53304e+07 2.77198e+07 2.38986e+07 2.95242e+07 5.05435e+06
internal_count=357296 319796 232880 86434 80863 146446 86916 29247 57669 14223 15024 28027 22612 37500 36518 66992 20090 9749 20929 17491 29642 25021 32621 5888
cat_boundaries=0 1 2 3 4 5 6 7 8 9
cat_threshold=17 1981952 4981170 1 16 262144 335544448 67108992 3147329
is_linear=0
shrinkage=0.0234364


Tree=39
num_leaves=25
num_cat=2
split_feature=15 19 15 8 8 19 23 8 8 8 8 23 15 8 9 7 15 3 8 7 1 2 8 8
split_gain=3.66093e+06 2.16699e+06 2.20229e+06 1.01931e+06 997799 889420 767308 633768 833872 903535 819042 851608 675662 565037 563586 541487 516877 480042 519167 516382 476164 445328 441764 676312
threshold=13.949999809265138 67.500000000000014 23.750000000000004 17506.963867187504 41164.537109375007 27.500000000000004 1.1657999753952029 49599.250000000007 41164.537109375007 33284.392578125007 44244.500000000007 1.063849985599518 10.34999990463257 45104.107421875007 1.0000000180025095e-35 12233.500000000002 16.44999980926514 588.07501220703136 15833.839355468752 16041.571289062502 0 1 15047.285644531252 24093.018554687504
decision_type=2 2 2 2 2 2 2 2 2 2 2 2 2 2 2 2 2 2 2 2 1 1 2 2
left_child=3 2 4 15 6 -4 22 8 9 12 11 -10 -5 -6 -7 -1 21 -17 -19 -20 -18 -3 -2 -24
right_child=1 16 5 7 13 14 -8 -9 10 -11 -12 -13 -14 -15 -16 17 20 18 19 -21 -22 -23 23 -25
leaf_value=0.00078880546521279912 0.0020935221099512113 0.00026047652909192402 0.00015669010603043876 0.00050651940731771979 0.0014738418108914623 -0.0017547074711597298 -0.00070933354170840983 -0.00035916222144333708 -0.0014714945869796273 -0.001104103138430916 0.00037751694854095975 0.0032826114995121759 -0.00034248870337548644 0.00019943470097898437 -0.00042619146488535479 -5.3133478160967772e-05 -0.0022519851962215873 0.0045766401286042469 -0.0029785967857692565 0.0014752038530528348 -0.0010813714687108855 -0.00092237390825524173 -0.00069763773651781969 0.00047977603385418552
leaf_weight=11926371.808603287 7019406.5006819963 6261820.3088526726 7819523.9195556641 58108565.292115092 7805779.8178915977 18608330.228330374 16388324.712768555 10926693.377916336 622949.57513427734 5784806.1692982912 16856820.072955608 4802288.173286438 21125960.558570147 6866317.5962240696 5907128.7147223949 2208129.5311603546 11623559.800338745 6189000.8767089844 369853.66577148438 5709779.7323608398 15688590.704866767 10719634.718426228 11419342.630787253 21216538.146737576
leaf_count=59663 21172 8952 5475 63135 3404 14318 13100 5559 1129 4629 9395 2540 22631 2805 7645 14260 8564 5914 286 4715 29421 18110 14431 15230
internal_value=-4.27829e-05 -0.00264281 -0.000779446 0.00260602 0.00153731 -0.00584613 0.000112895 0.00167624 0.0022238 0.00116612 0.0062595 0.0141799 0.00181894 0.00697822 -0.00804135 0.00676939 -0.00697799 0.0098157 0.0116262 0.00676198 -0.00897428 -0.00376726 0.0018758 0.000728605
internal_weight=2.91976e+08 1.47344e+08 1.03051e+08 1.44631e+08 7.07157e+07 3.2335e+07 5.60436e+07 1.18228e+08 1.07301e+08 8.50193e+07 2.22821e+07 5.42524e+06 7.92345e+07 1.46721e+07 2.45155e+07 2.64031e+07 4.42936e+07 1.44768e+07 1.22686e+07 6.07963e+06 2.73122e+07 1.69815e+07 3.96553e+07 3.26359e+07
internal_count=356483 162627 97580 193856 70142 27438 63933 109018 103459 90395 13064 3669 85766 6209 21963 84838 65047 25175 10915 5001 37985 27062 50833 29661
cat_boundaries=0 1 2
cat_threshold=254336 18
is_linear=0
shrinkage=0.0234364


Tree=40
num_leaves=25
num_cat=6
split_feature=15 16 15 8 8 8 0 8 0 19 8 4 0 24 7 15 9 8 0 24 0 0 8 7
split_gain=3.60357e+06 1.70858e+06 1.38456e+06 821867 1.1462e+06 967545 981360 1.98698e+06 976216 783095 769731 668409 656972 640073 813098 613016 565013 519552 670345 519051 493285 483322 475491 445179
threshold=10.550000190734865 1.0000000180025095e-35 22.94999980926514 41164.537109375007 44278.572265625007 15047.285644531252 0 28268.875000000004 1 33.500000000000007 49599.250000000007 1859.394714355469 2 1485.5000000000002 46729.357421875007 29.349999427795414 1.0000000180025095e-35 17140.231445312504 3 1719.0000000000002 4 5 45104.107421875007 41965.427734375007
decision_type=2 2 2 2 2 2 1 2 1 2 2 2 1 2 2 2 2 2 1 2 1 1 2 2
left_child=10 2 3 5 13 8 7 19 -2 15 17 -9 22 -5 -15 -4 -16 18 -1 -7 -3 -19 -11 -6
right_child=1 20 9 4 23 6 -8 11 -10 12 -12 -13 -14 14 16 -17 -18 21 -20 -21 -22 -23 -24 -25
leaf_value=0.00257058212653841 0.0033625854214581019 -0.00078112688695693123 0.00040013716304673026 -0.00067003712971252637 -0.0018252923684248519 -0.00094663338393623719 -0.00097382487390266592 0.00039767846230023737 -0.00021067072788182761 -9.0539321370955179e-05 -0.0003354240050080283 -0.00070103501442910941 -0.0023767863706719954 0.0024789429210429733 -0.00037354512751965914 -0.002799850954685267 0.0073357645951496343 -0.00074384517891821632 0.0007344416778228655 0.0020664428461477057 -0.0026251116233588193 0.0005276269942835278 -0.0012790534953556146 0.00010841322056115556
leaf_weight=8595889.0953723192 7533174.0565952063 26099887.928627014 9587918.2112865448 1331749.1156711578 910297.80432891846 907547.16178393364 35574808.884179711 9305509.2185026407 8972739.2673327923 8672221.9110617638 9107390.4100046158 17082963.558349609 12405779.856166244 6591924.296705246 1822696.4976143837 2113507.7281112671 474810.25 3887611.2324757576 8381243.3826501369 9653030.800483942 9910439.3956338167 77895127.730581641 2788426.4749469757 13474484.794444561
leaf_count=14750 14047 16935 7286 1914 576 2070 46272 14942 45197 5654 4857 6730 15826 2979 728 1614 410 5842 42145 7557 16969 73659 1080 7224
internal_value=-1.28937e-05 -0.00199611 -0.000890265 0.000372805 0.00416405 -0.000675015 -0.00184058 0.000834479 0.00444627 -0.00492565 0.0033924 -0.00260365 -0.00736062 0.0101647 0.0124348 4.07695e-05 0.000428637 0.00399361 0.00772451 0.00942557 -0.00657804 0.00321912 -0.00331506 -9.97793e-05
internal_weight=2.93081e+08 1.85214e+08 1.49204e+08 1.13636e+08 2.4606e+07 8.90298e+07 7.25239e+07 3.69491e+07 1.65059e+07 3.55679e+07 1.07867e+08 2.63885e+07 2.38664e+07 1.02212e+07 8.88943e+06 1.17014e+07 2.29751e+06 9.87599e+07 1.69771e+07 1.05606e+07 3.60103e+07 8.17827e+07 1.14606e+07 1.43848e+07
internal_count=357263 216010 182106 150646 13831 136815 77571 31299 59244 31460 141253 21672 22560 6031 4117 8900 1138 136396 56895 9627 33904 79501 6734 7800
cat_boundaries=0 1 2 4 6 8 9
cat_threshold=137216 67108994 133120 262144 67108994 262144 137218 262144 67108864
is_linear=0
shrinkage=0.0234364


Tree=41
num_leaves=25
num_cat=4
split_feature=15 19 15 0 18 15 19 9 18 6 0 9 15 0 23 20 7 3 18 15 15 20 0 18
split_gain=3.385e+06 1.90282e+06 2.00488e+06 1.19669e+06 1.07894e+06 950138 822320 774850 710742 635547 620479 556965 549148 684323 549137 423540 413343 583291 408456 393368 392638 326610 320828 317988
threshold=13.550000190734865 67.500000000000014 23.750000000000004 0 3.3649998903274541 10.750000000000002 27.500000000000004 1.0000000180025095e-35 4.0750000476837167 981.03570556640636 1 1.0000000180025095e-35 16.44999980926514 2 1.0710999965667727 17.500000000000004 25992.000000000004 2643.724975585938 1.685000002384186 -1.4499999880790708 32.149999618530281 98.500000000000014 3 5.1250000000000009
decision_type=2 2 2 1 2 2 2 2 2 2 1 2 2 1 2 2 2 2 2 2 2 2 1 2
left_child=4 2 3 8 14 7 20 -6 -2 -5 -8 -12 23 -14 -1 -9 -15 -18 19 -16 22 -7 -4 -3
right_child=1 12 6 9 5 21 10 15 -10 -11 11 -13 13 16 18 -17 17 -19 -20 -21 -22 -23 -24 -25
leaf_value=-0.00012169572432309806 0.000684989282805381 -0.00046725133134914264 0.0011083842037412554 0.0008831074694387027 0.00046510753056669028 -0.00032463257214334615 -0.0036701521397856126 0.0020650029589618303 -0.00046574928259457415 -0.00099495065169444784 -0.001203185751251203 0.00033463329355408364 0.00070303417435905427 -0.0030023492121137199 0.00011938943740239529 -0.0020167395557890624 -0.00055091007979303638 -0.0015856721443418898 0.00051810569828161129 0.001109252158618895 -0.0025170263986666426 -0.0016462125423697259 -0.00029714756992722016 -0.0027824630040395866
leaf_weight=12780564.370953083 39660156.300251722 18908530.27555418 3376020.9597015381 7586896.463393569 23209064.885271192 3380935.9544714689 6092351.9176138639 537894.7496175766 7583678.886590004 17148189.24810791 14141357.998296499 4493458.2079558372 2959488.0743612051 9955877.8207368851 5581195.5654984713 7927651.1930063963 8950115.7596993446 5630189.3449707031 56828822.903470159 25715137.819542766 1087365.0590820312 5085678.6281754971 3092568.5660247803 605575.99991989136
leaf_count=53069 31310 31770 1853 23411 23098 3198 6639 881 4473 12292 10115 5395 3896 23017 5375 12640 9524 1653 57101 26044 723 6186 2785 500
internal_value=-5.90583e-05 -0.00249431 -0.00072933 0.00144716 0.00255274 -0.000697171 -0.00558206 0.00116701 0.00363373 -0.00272916 -0.00764973 -0.00552698 -0.00640884 -0.00854278 0.00384558 -0.00490238 -0.00982686 -0.00731325 0.00450399 0.00665405 0.00118446 -0.00767129 0.00337487 -0.00340208
internal_weight=2.92319e+08 1.51272e+08 1.04262e+08 7.19789e+07 1.41047e+08 4.01412e+07 3.22831e+07 3.16746e+07 4.72438e+07 2.47351e+07 2.47272e+07 1.86348e+07 4.70098e+07 2.74957e+07 1.00906e+08 8.46555e+06 2.45362e+07 1.45803e+07 8.81252e+07 3.12963e+07 7.55595e+06 8.46661e+06 6.46859e+06 1.95141e+07
internal_count=356948 169356 98996 71486 187592 46003 27510 36619 35783 35703 22149 15510 70360 38090 141589 13521 34194 11177 88520 31419 5361 9384 4638 32270
cat_boundaries=0 1 2 4 5
cat_threshold=33691650 335544448 0 262144 33689728
is_linear=0
shrinkage=0.0234364


Tree=42
num_leaves=25
num_cat=10
split_feature=21 2 1 19 20 2 1 2 1 19 1 2 14 20 0 19 4 6 19 1 8 8 8 24
split_gain=1.16845e+06 986305 743321 502396 508282 431871 417765 695416 827152 544833 456216 399272 479525 408957 333541 404371 333453 460240 332314 325987 313720 560472 363837 627256
threshold=1.0000000180025095e-35 0 1 86.500000000000014 4.5000000000000009 2 3 4 5 52.500000000000007 6 7 1.0000000180025095e-35 18.500000000000004 8 59.500000000000007 2948.2500000000005 2367.2856445312505 97.500000000000014 9 46328.875000000007 41164.537109375007 28268.875000000004 1739.5000000000002
decision_type=2 1 1 2 2 1 1 1 1 2 1 1 2 2 1 2 2 2 2 1 2 2 2 2
left_child=1 6 3 4 -3 -2 7 19 -9 -8 11 12 13 -11 20 -16 17 -4 -7 -1 21 22 23 -6
right_child=5 2 16 -5 14 18 9 8 -10 10 -12 -13 -14 -15 15 -17 -18 -19 -20 -21 -22 -23 -24 -25
leaf_value=0.00050556441822788018 -0.0001076722679555349 0.0010684035602586349 -3.4937403325433457e-05 0.0011616078739182603 0.00031609056737822003 -0.00086721121132268657 -0.00053741252879177645 -0.0026306479418381065 -0.00066848822762648305 -0.00084765538679667477 -0.00015533343630782625 0.00014674416772599474 -0.0044227369877943056 0.0022865964482544176 -0.00070095846711257714 0.00054917924256356939 -0.00038629434227019892 0.0016850181990039608 0.0019432420724062312 -0.00042514542070620195 -0.00010635178336140797 0.0011286732403748951 2.7759749429862477e-05 0.002213444701958302
leaf_weight=6773560.1702880859 22378711.917017221 17517206.630477905 46749768.426427603 5774795.7607116699 9784671.2505340576 32627756.985771537 14854050.37984848 3366705.9576416016 12094974.134113312 861587.41592407227 14676001.407825112 6300445.5956420898 363622.89993286133 5550593.3519287109 13493824.922943115 13013745.555023193 10465060.621826172 3580547.6081542969 715524.37870931625 10831698.258969188 9439986.2960205078 8191886.2071533203 19281979.552307129 4932926.6474609375
leaf_count=3869 21060 14941 126317 4732 13657 36044 12745 1764 13652 676 27085 4953 354 4452 16225 16995 2853 2226 567 12527 3159 3102 10441 2993
internal_value=-9.54569e-05 0.000620056 0.0016507 0.0028789 0.00247363 -0.00315027 -0.00158942 -0.00356605 -0.00719272 -5.53459e-05 0.00188357 0.00506695 0.00901596 0.0105007 0.00166475 -0.000472241 -0.000398421 0.000393039 -0.00484058 -0.000380947 0.00276188 0.00362601 0.00230011 0.00507512
internal_weight=2.93622e+08 2.379e+08 1.62226e+08 1.01431e+08 9.56562e+07 5.5722e+07 7.56732e+07 3.30669e+07 1.54617e+07 4.26063e+07 2.77523e+07 1.30762e+07 6.7758e+06 6.41218e+06 7.8139e+07 2.65076e+07 6.07954e+07 5.03303e+07 3.33433e+07 1.76053e+07 5.16314e+07 4.21915e+07 3.39996e+07 1.47176e+07
internal_count=357389 299718 217641 86245 81513 57671 82077 31812 15416 50265 37520 10435 5482 5128 66572 33220 131396 128543 36611 16396 33352 30193 27091 16650
cat_boundaries=0 1 2 3 4 5 6 7 8 9 10
cat_threshold=17 1998336 18 5112242 1 262144 129024 16 33691650 786432
is_linear=0
shrinkage=0.0234364


Tree=43
num_leaves=25
num_cat=0
split_feature=15 19 15 8 8 8 19 15 9 3 15 7 8 8 8 23 8 8 8 8 7 8 23 19
split_gain=3.14586e+06 1.5762e+06 1.76837e+06 952037 875168 815415 800901 750694 714934 703446 693973 631892 630012 538901 850593 532401 465844 1.27103e+06 996418 455651 417820 330224 315775 315704
threshold=12.750000000000002 72.500000000000014 22.94999980926514 17119.142578125004 41164.537109375007 45104.107421875007 38.500000000000007 28.250000000000004 1.0000000180025095e-35 1663.456237792969 17.650000572204593 12233.500000000002 50080.857421875007 24093.018554687504 15729.267578125002 1.1172000169754031 41164.537109375007 44244.500000000007 33284.392578125007 48856.125000000007 47514.070312500007 10818.607421875002 1.0802500247955324 53.500000000000007
decision_type=2 2 2 2 2 2 2 2 2 2 2 2 2 2 2 2 2 2 2 2 2 2 2 2
left_child=3 2 4 11 9 -6 7 -4 -8 13 -3 -1 15 14 21 -5 18 -18 -17 20 -19 -2 -11 -24
right_child=1 10 6 12 5 -7 8 -9 -10 22 -12 -13 -14 -15 -16 16 17 19 -20 -21 -22 -23 23 -25
leaf_value=0.00073479603305589029 0.00019317874451522623 -0.00069796714097114911 0.00033446162464896822 -0.00017413807480005935 0.0012925592087559869 1.1274069665023867e-05 -0.0017211695624714004 -0.0019913535187506036 -0.00016723479800631456 0.0008036946549229623 -0.001826155690234543 0.0024472057272963057 -0.00060975904217128586 0.0011794683149825608 -0.00076938591473671371 0.00046023602213818456 0.003341300598819351 -0.00033357615057769943 -0.0012538249737866301 -1.2917356912528125e-06 0.0010791601227935637 0.002277894668047432 -0.00019827121143786786 -0.0010420473777865817
leaf_weight=10667172.262493014 6629885.2799605131 23532949.867226243 11445792.633382559 23129277.078497052 9270478.0944845676 7875257.9088265896 17280342.545268297 4608614.5340232849 5838925.4987914562 1688737.5108642578 15354536.989656806 10924221.909780979 5167960.2231807709 10613239.000843644 14498292.445340037 56541643.351473927 3827750.8268127441 1484456.864440918 4332205.2823586464 10081738.342010498 6035838.2301940918 6324744.8137603998 13481260.834594727 10808479.177856445
leaf_count=53089 25598 40954 9134 51019 4234 3388 14017 3508 7480 742 21914 19040 2654 12581 18958 38241 1617 631 2233 3400 2153 8654 5933 4871
internal_value=-0.000150298 -0.00236872 -0.00104343 0.00252222 0.000929785 0.00563249 -0.00513306 -0.0011117 -0.00792556 -0.0003292 -0.00647074 0.00702369 0.00164345 0.00169989 -3.39326e-05 0.00203507 0.00291793 0.00588965 0.00187178 0.003228 0.00759392 0.00433025 -0.00330242 -0.00398373
internal_weight=2.91444e+08 1.59252e+08 1.20364e+08 1.32192e+08 8.11904e+07 1.71457e+07 3.91737e+07 1.60544e+07 2.31193e+07 6.40446e+07 3.88875e+07 2.15914e+07 1.10601e+08 3.80662e+07 2.74529e+07 1.05433e+08 8.23036e+07 2.14298e+07 6.08738e+07 1.7602e+07 7.5203e+06 1.29546e+07 2.59785e+07 2.42897e+07
internal_count=356043 181966 119098 174077 84959 7622 34139 12642 21497 77337 62868 72129 101948 65791 53210 99294 48275 7801 40474 6184 2784 34252 11546 10804
is_linear=0
shrinkage=0.0234364


Tree=44
num_leaves=25
num_cat=10
split_feature=21 18 1 18 16 0 4 0 3 0 1 1 3 10 1 0 20 4 4 1 4 1 9 24
split_gain=1.2313e+06 604637 593886 626781 436255 408731 801731 466702 455514 528315 401336 393416 443241 391210 377745 348261 299162 292820 316708 278271 274246 272499 457243 380811
threshold=1.0000000180025095e-35 4.5250000953674325 0 1.4950000047683718 1.7500000000000002 1 1649.0818481445315 2 2931.502807617188 3 4 5 2512.1110839843755 1.0000000180025095e-35 6 7 1.5000000000000002 1310.549987792969 1057.907897949219 8 1590.7639160156252 9 1.0000000180025095e-35 2007.0000000000002
decision_type=2 2 1 2 2 1 2 1 2 1 1 1 2 2 1 1 2 2 2 1 2 1 2 2
left_child=1 2 -1 16 15 8 7 21 9 11 -10 -5 -13 14 -3 19 -4 18 -11 -2 -17 -7 -23 -24
right_child=4 13 3 5 -6 6 -8 -9 10 17 -12 12 -14 -15 -16 20 -18 -19 -20 -21 -22 22 23 -25
leaf_value=-0.00025235852877548775 0.0002361089415415419 -0.0013814645082353629 0.0012204322658048411 0.00023397957504484946 -0.0028822906780930063 5.1135579256041609e-05 -0.00057483845737000931 -8.336555180120942e-05 0.00019163840801605041 0.00044307763512944302 -0.0004801535501769148 0.0032959147470667887 0.00060410832036872115 0.0031668668137291773 -0.00013924607298026163 -0.00062422124792456846 0.0004504981661711108 -1.1150207783798366e-05 0.0016924980487584445 -0.00048454021022241564 -0.0012107540201344968 0.0034548495928308541 0.0014489567771548274 -0.00098020241598136774
leaf_weight=42160526.168036222 11958125.831588745 8349790.5899362564 8324930.1158485413 6176701.4491271973 2657549.8900427818 5693486.011932373 26721198.750854492 27481025.034454346 12453410.124755859 10684248.427337646 7713451.82421875 3854353.6375732422 6470173.970703125 534650.47412216663 8651282.8374915123 16310241.072263718 24301172.081390381 21871935.753051758 4384122.4888916016 14041796.212635279 10386921.294433594 5102024.015625 3579937.41796875 3082902.8666992188
leaf_count=127682 5588 6295 7802 3765 3089 6199 12749 48069 3344 21467 2407 1797 2343 557 8567 32896 21137 12157 3655 10851 5143 3842 2618 3229
internal_value=-0.000125444 0.000607955 0.000941702 0.00153442 -0.00327331 0.00087515 -0.00038478 0.00152674 0.00210174 0.00323429 -0.000899483 0.00672079 0.00951978 -0.00358024 -0.00420101 -0.00280608 0.00446984 0.00167687 0.00419079 -0.000875463 -0.00468628 0.00452322 0.00656011 0.00251704
internal_weight=2.92946e+08 2.37591e+08 2.20056e+08 1.77895e+08 5.53546e+07 1.45269e+08 7.16606e+07 4.49394e+07 7.36084e+07 5.34415e+07 2.01669e+07 1.65012e+07 1.03245e+07 1.75357e+07 1.70011e+07 5.26971e+07 3.26261e+07 3.69403e+07 1.50684e+07 2.59999e+07 2.66972e+07 1.74584e+07 1.17649e+07 6.66284e+06
internal_count=357248 299681 284262 156580 57567 127641 76706 63957 50935 45184 5751 7905 4140 15419 14862 54478 28939 37279 25122 16439 38039 15888 9689 5847
cat_boundaries=0 1 2 3 4 5 6 7 9 10 11
cat_threshold=12583359 33689602 2176 131072 918016 3670592 12828672 135168 262144 287680 3145792
is_linear=0
shrinkage=0.0234364


Tree=45
num_leaves=25
num_cat=10
split_feature=21 2 1 19 2 2 19 1 3 6 2 9 20 19 1 19 1 20 0 19 20 20 1 19
split_gain=1.15016e+06 914822 712216 576467 507256 471127 408297 655833 396319 500494 391328 419284 356334 326903 317453 291070 331563 285776 276628 261774 248557 244604 241397 240738
threshold=1.0000000180025095e-35 0 1 77.500000000000014 2 3 46.500000000000007 4 2931.502807617188 2402.785766601563 5 1.0000000180025095e-35 5.5000000000000009 58.500000000000007 6 84.500000000000014 7 52.500000000000007 8 97.500000000000014 98.500000000000014 1.0000000180025095e-35 9 60.500000000000007
decision_type=2 1 1 2 1 1 2 1 2 2 1 2 2 2 1 2 1 2 1 2 2 2 1 2
left_child=1 6 3 12 -2 22 -1 10 9 21 11 13 -3 14 -8 23 20 -12 -14 -6 -17 -4 -5 -9
right_child=4 2 8 5 19 -7 7 15 -10 -11 17 -13 18 -15 -16 16 -18 -19 -20 -21 -22 -23 -24 -25
leaf_value=-0.00069719583013398158 -0.00026214329815642517 0.000930520664118079 0.00077043544795147093 0.00045483932576627237 -0.0012906754487437154 0.0011643071894551148 0.0020598377490365868 -5.2100190757410477e-05 -0.0003524820234185072 0.0014183958246870682 0.00085570595713911103 -0.004147456797650351 -0.00040353462576593824 0.0020666363882150714 -0.0010661808138349392 0.0020924983997425723 -0.00037320168253495052 -0.00049687190671546613 0.00034744997539764563 0.0016432062175714812 0.00012097611219436415 -3.8738970450094322e-05 -0.0026178650458994722 -0.0007674413935655507
leaf_weight=17058580.37543869 37816265.490741491 12437424.330307007 9230618.8691157103 1302521.2501373291 16935114.191979766 12844761.045181274 2337535.7005004883 10455779.460179329 12952524.625488281 5021427.2418212891 2966958.8499145508 438078.23284912109 11592338.234313965 4117159.9800720215 1480369.2867736816 2138109.5397338867 5483509.0364881754 5264076.6673278809 36279597.976242065 519841.68970966339 2652616.2596435547 59800791.523194551 611037.07540893555 20836465.284595847
leaf_count=12558 35482 10079 24003 1913 21514 9864 1818 10167 3642 2754 2489 434 11509 3309 1152 1244 14963 3918 26934 442 1570 126059 733 28571
internal_value=-5.33241e-05 0.000655845 0.00164724 0.00331982 -0.00309808 0.00747151 -0.00148 -0.000545015 0.000204144 0.00086567 0.00339228 0.00695954 0.00230386 0.00819181 0.00325199 -0.00211781 0.00130483 -0.000236576 0.00138563 -0.0064028 0.00580912 0.000346022 -0.00337733 -0.00324157
internal_weight=2.92574e+08 2.37302e+08 1.62073e+08 7.50677e+07 5.52712e+07 1.47583e+07 7.52292e+07 5.81707e+07 8.70054e+07 7.40528e+07 1.66042e+07 8.37314e+06 6.03094e+07 7.93506e+06 3.8179e+06 4.15665e+07 1.02742e+07 8.23104e+06 4.78719e+07 1.7455e+07 4.79073e+06 6.90314e+07 1.91356e+06 3.12922e+07
internal_count=357121 299683 217490 61032 57438 12510 82193 69635 156458 152816 13120 6713 48522 6279 2970 56515 17777 6407 38443 21956 2814 150062 2646 38738
cat_boundaries=0 1 2 3 4 5 6 7 8 9 10
cat_threshold=17 925184 30 64 129024 16 114688 395008 335544448 7680
is_linear=0
shrinkage=0.0234364


Tree=46
num_leaves=25
num_cat=11
split_feature=21 2 1 18 2 10 18 18 1 2 18 1 1 2 1 18 18 10 4 18 2 18 0 4
split_gain=1.00444e+06 931597 668478 552514 502551 465864 407872 360009 357779 1.23061e+06 473355 412280 352066 338444 558275 492174 355243 337748 303630 292154 609993 278733 252118 372140
threshold=1.0000000180025095e-35 0 1 1.4950000047683718 2 1.0000000180025095e-35 4.8450000286102304 2.2250000238418584 3 4 2.5749999284744267 5 6 7 8 4.1449999809265146 1.8450000286102297 1.0000000180025095e-35 3383.4047851562505 5.0250000953674325 9 0.60500001907348644 10 1798.5476074218752
decision_type=2 1 1 2 1 2 2 2 1 1 2 1 1 1 1 2 2 2 2 2 1 2 1 2
left_child=1 8 3 -3 7 -5 18 12 9 10 -1 -11 -2 14 -10 -16 -15 -17 22 -9 -21 -6 -4 -24
right_child=4 2 6 5 21 -7 -8 19 13 11 -12 -13 -14 16 15 17 -18 -19 -20 20 -22 -23 23 -25
leaf_value=-0.00046500778846542183 -0.0011732070470288386 0.00096382013049070613 0.00043227681239167871 0.00037519587479065787 0.0027495691855937542 -0.0024270077502173068 -0.0016108995778883952 0.00011711514085152362 -0.00024135821050250405 -0.0025855784073038285 0.0009806070987048649 -0.00096168870470489452 2.6468781203470021e-05 -0.0012378148690682263 0.0013386535209394012 -0.0019460985985764307 -0.00012258522692646374 0.0049645275356333786 -0.00041439104165152832 0.00096802019857281259 -0.0023169330485764152 -0.0012724084988981568 0.00021449854467288162 -0.00064463457651221692
leaf_weight=4905853.6398954391 6225937.7746634483 17991690.933776855 23770993.783576012 65299530.927947998 344667.60025024414 966404.02770996094 3273606.4543499947 25618051.872422338 14961499.643501282 3426305.3659057617 4898085.7483553886 5210638.3003296852 4005983.1811430454 6272277.8149971962 9876289.0008288622 1872146.4388730526 23853138.194069505 249792.79121506214 6299242.1674804688 557642.80040788651 1155371.408436656 17117080.951777458 35478188.551044941 9391989.6475830078
leaf_count=6713 4290 14669 27492 53535 308 568 3369 23802 11273 1782 4177 8693 5092 7405 16243 1698 23774 289 1548 871 1152 21716 112529 4157
internal_value=-4.15488e-05 0.000618226 0.00161794 0.00306633 -0.00289526 0.00207744 5.76461e-05 -0.00136817 -0.00153237 -0.00437042 0.00131208 -0.0108207 -0.00511804 -0.00061556 0.00129201 0.00505806 -0.00232268 -0.00518246 0.000411371 3.56695e-05 -0.00933479 -0.00618028 0.000863286 -0.000170535
internal_weight=2.93022e+08 2.37998e+08 1.62472e+08 8.42576e+07 5.50247e+07 6.62659e+07 7.8214e+07 3.7563e+07 7.5526e+07 1.84409e+07 9.80394e+06 8.63694e+06 1.02319e+07 5.70851e+07 2.69597e+07 1.19982e+07 3.01254e+07 2.12194e+06 7.49404e+07 2.73311e+07 1.71301e+06 1.74617e+07 6.86412e+07 4.48702e+07
internal_count=357145 299914 217867 68772 57231 54103 149095 35207 82047 21365 10890 10475 9382 60682 29503 18230 31179 1987 145726 25825 2023 22024 144178 116686
cat_boundaries=0 1 2 3 4 5 6 7 8 9 10 11
cat_threshold=17 933376 30 786610 1 262144 8899840 16 1189696 16 135168
is_linear=0
shrinkage=0.0234364


Tree=47
num_leaves=25
num_cat=0
split_feature=15 19 15 18 8 19 15 15 9 8 23 8 8 8 7 8 8 8 24 18 7 24 18 23
split_gain=3.05574e+06 1.52853e+06 1.82739e+06 902742 864482 820926 751118 688464 648457 625722 572268 607795 1.10716e+06 799908 520682 508041 506131 726067 481858 479667 442759 433039 417948 400274
threshold=12.750000000000002 72.500000000000014 22.44999980926514 3.9650000333786015 17886.856445312504 38.500000000000007 17.650000572204593 28.250000000000004 1.0000000180025095e-35 49848.732421875007 1.1172000169754031 41164.537109375007 44244.500000000007 33284.392578125007 38236.357421875007 15047.285644531252 24093.018554687504 27767.375000000004 2157.0000000000005 1.1349999904632571 44393.714843750007 1827.0000000000002 3.9650000333786015 1.0726000070571902
decision_type=2 2 2 2 2 2 2 2 2 2 2 2 2 2 2 2 2 2 2 2 2 2 2 2
left_child=4 2 3 14 18 7 19 -4 22 10 -6 13 -13 21 15 -2 -17 -18 -1 -3 -16 -12 23 -7
right_child=1 6 5 -5 9 8 -8 -9 -10 -11 11 12 -14 -15 20 16 17 -19 -20 -21 -22 -23 -24 -25
leaf_value=0.0010371806325809414 0.0017679659573852542 0.0010179712176482275 0.00026358178662973415 -0.00069052295708256072 -0.00025272898496186974 -0.00027224170854384333 -0.0017644510481841778 -0.0018094173528764971 -0.00021682856928699088 -0.00047239568490974656 -0.00084256264154199199 0.0031585772365808748 0.00034113119440835714 -0.0011423515795598363 0.0014116379000930102 -0.00058144125928219145 0.001721483809673326 -4.2162062862860514e-05 0.0061793620841880939 -0.00089630274196120241 0.00023379262544728804 0.00049959608991311975 -0.00038862806517504973 -0.002034302003566434
leaf_weight=25147035.88762176 9350507.6668976545 2768478.3157311678 13336305.858408213 14227656.785985351 19827080.136187792 2059420.5982888937 15501144.66719389 4653489.7992401123 6582458.5830808878 6850988.8885624409 3389302.1809997559 3833563.589630127 16375015.247436523 4336086.2866249084 6669956.6432030201 16927435.05081141 6697759.3164016008 15917362.283952832 2657051.3713226318 20976931.983790636 7451770.9228830338 50365261.576641679 3453018.1543197632 14055133.043976903
leaf_count=78387 26956 4224 10382 11080 44338 3704 22073 3525 8526 3525 2482 1637 5820 2257 3133 19691 4960 11850 2607 36992 3527 33285 2400 9784
internal_value=-0.000124475 -0.00229902 -0.000999033 0.00117475 0.00250612 -0.00480304 -0.00631963 -0.000949588 -0.00745401 0.00153291 0.00201101 0.00291164 0.00641251 0.00169376 0.00237865 0.00123373 7.20054e-05 0.00236597 0.00618058 -0.00370002 0.00634266 0.00247485 -0.00959453 -0.0111801
internal_weight=2.9341e+08 1.60629e+08 1.21382e+08 7.72424e+07 1.32781e+08 4.41398e+07 3.92466e+07 1.79898e+07 2.615e+07 1.04977e+08 9.81263e+07 7.82992e+07 2.02086e+07 5.80907e+07 6.30148e+07 4.88931e+07 3.95426e+07 2.26151e+07 2.78041e+07 2.37454e+07 1.41217e+07 5.37546e+07 1.95676e+07 1.61146e+07
internal_count=357145 182807 119518 81197 174338 38321 63289 13907 24414 93344 89819 45481 7457 38024 70117 63457 36501 16810 80994 41216 6660 35767 15888 13488
is_linear=0
shrinkage=0.0234364


Tree=48
num_leaves=25
num_cat=5
split_feature=15 16 15 1 1 16 20 15 15 3 15 1 15 24 6 6 20 15 23 9 1 15 1 24
split_gain=3.09228e+06 1.08263e+06 1.04568e+06 973296 655564 723671 517270 478131 474412 467686 447013 445118 316976 294529 287080 292878 284230 274344 269252 268942 265105 261905 251699 238834
threshold=13.550000190734865 1.0000000180025095e-35 27.849999427795414 0 1 0.35000000894069677 3.5000000000000004 13.949999809265138 22.650000572204593 2931.502807617188 17.750000000000004 2 18.650000572204593 1689.0000000000002 1118.2678833007815 2290.1250000000005 68.500000000000014 9.9499998092651385 1.1791500449180605 1.0000000180025095e-35 3 6.8500001430511483 4 1936.5000000000002
decision_type=2 2 2 1 1 2 2 2 2 2 2 1 2 2 2 2 2 2 2 2 1 2 1 2
left_child=4 2 3 7 5 9 -5 -2 22 14 16 -4 -9 -10 -1 -16 -3 -6 -11 -12 -17 -7 -8 -20
right_child=1 10 11 6 17 21 8 12 13 18 19 -13 -14 -15 15 20 -18 -19 23 -21 -22 -23 -24 -25
leaf_value=0.0020681987737371653 0.0034490243049108784 0.00060444242332331646 -0.0029262967138401833 0.00079041357410416103 0.00024226864324708886 0.00017813848808701123 0.00036863589672537773 -0.00048097448621297012 -1.3025294334357673e-05 -0.00026209973022374677 -0.0017441360230185513 -0.00076856524938836068 -0.0014284895736073164 -0.00095796768085931055 0.00062596771010521937 0.00047372615405310903 -0.00086785856681269183 -0.0003052536670457915 0.00047563083066778081 -0.00025892086331452647 0.0013996560405039121 -0.0013567460726763329 -0.00014919877268931123 -0.00023288718058361548
leaf_weight=12926866.200027466 773227.00369536877 2568763.0650138855 3607761.9954528809 14247934.973971725 42219328.298134565 2629208.3857421875 27745144.19152832 10153849.045318484 9062043.7721740007 6340994.2680664062 13555170.812213898 3403026.7119112015 8884075.2055120468 14487735.169863343 39320531.736053467 2606008.3189086914 9808351.9734201431 17569438.150600553 6240067.0339355469 2146717.1320259571 5127517.9498901367 3280749.461517334 30713979.587175965 2811126.2180175781
leaf_count=24584 1429 2019 2957 22042 88173 1903 22242 13966 9328 2033 10681 2791 9508 10790 25282 1583 10179 37565 1450 2897 1972 2291 48668 836
internal_value=-5.22142e-05 -0.00238123 -0.00143387 -0.000902954 0.00244331 0.00381353 7.06803e-05 -0.00563357 -0.000645428 0.00443275 -0.0065338 -0.0102235 -0.00636733 -0.00345391 0.00536794 0.00451811 -0.00320317 0.000580506 0.000788431 -0.00915918 0.00868735 -0.00408375 0.000485943 0.00338288
internal_weight=2.9223e+08 1.51158e+08 1.23079e+08 1.16068e+08 1.41072e+08 8.12831e+07 9.62568e+07 1.98112e+07 8.20089e+07 7.53731e+07 2.8079e+07 7.01079e+06 1.90379e+07 2.35498e+07 5.99809e+07 4.70541e+07 1.23771e+07 5.97888e+07 1.53922e+07 1.57019e+07 7.73353e+06 5.90996e+06 5.84591e+07 9.05119e+06
internal_count=357169 169497 143721 137973 187672 61934 113070 24903 91028 57740 25776 5748 23474 20118 53421 28837 12198 125738 4319 13578 3555 4194 70910 2286
cat_boundaries=0 1 2 3 4 5
cat_threshold=914 196352 64512 131840 847872
is_linear=0
shrinkage=0.0234364


Tree=49
num_leaves=25
num_cat=9
split_feature=21 3 0 3 6 0 1 7 7 1 7 6 7 0 1 3 1 7 19 1 1 7 7 7
split_gain=979062 573813 1.04335e+06 738607 525913 450926 439400 434868 633937 514929 427998 422341 497111 391216 378063 390862 403898 373101 350023 343379 285978 281736 556554 377362
threshold=1.0000000180025095e-35 2896.1000976562505 0 1651.174987792969 2257.696411132813 1 2 38236.357421875007 44393.714843750007 3 42149.072265625007 1153.589294433594 23027.786132812504 4 5 2512.1110839843755 6 41338.927734375007 71.500000000000014 7 8 45935.214843750007 48700.142578125007 49085.212890625007
decision_type=2 2 1 2 2 1 1 2 2 1 2 2 2 1 1 2 1 2 2 1 1 2 2 2
left_child=1 2 4 5 14 6 11 -3 9 10 17 -4 -13 -2 -1 16 -16 -9 20 -6 -5 -10 -23 -24
right_child=13 7 3 18 19 -7 -8 8 21 -11 -12 12 -14 -15 15 -17 -18 -19 -20 -21 -22 22 23 -25
leaf_value=0.0032286297619348379 -0.00025248336652052754 -0.00063723651630117077 0.011715454670027887 -0.00021831734867348303 -0.00027233946564752246 4.6327543950046435e-05 8.1377073930404893e-05 0.0012481704357031047 -0.00079314533562786305 -0.00064896638931027711 0.0016371127858758933 -0.00095191814404695357 0.0016274324644046543 -0.0014617972965028285 0.0012298816847452741 -0.000835144738550664 0.00018981003862996227 -0.00040639407531985986 6.081839516909541e-05 0.0011934661989246467 -0.00087051259107765757 0.00086484776075378285 -0.0017490602708463967 -0.00016193804805454486
leaf_weight=1549683.1052246094 40004551.691467166 12497934.673339844 2060868.3949584961 12511611.865356445 2051112.4310302734 66976089.621129751 11784925.571337342 1631318.7924804688 2668951.8637695312 1948322.8466796875 2956073.0322265625 3194292.1369018555 10061875.970214844 15101309.935356259 5576468.265625 3016089.0959472656 25862345.812371969 1798321.076171875 15622149.359741211 16052608.535461426 17264925.299194336 2773654.2543945312 853433.046875 17015839.233642578
leaf_count=737 28683 3934 2525 5761 1198 172072 31216 444 711 616 778 2716 7817 28828 3161 1138 35295 427 7472 7381 8776 742 228 4629
internal_value=-6.48898e-05 0.000587553 0.00113739 6.57445e-05 0.0038998 0.00125049 0.00380118 -0.00182366 -0.000361839 0.0051859 0.00840371 0.00641874 0.0048843 -0.00287955 0.0022614 0.00175208 0.00252524 0.00277072 -0.00238935 0.00715825 -0.00387992 -0.00234516 -0.00141874 -0.00293486
internal_weight=2.92835e+08 2.37729e+08 1.93585e+08 1.39477e+08 5.41083e+07 9.40781e+07 2.7102e+07 4.41438e+07 3.16459e+07 8.33404e+06 6.38571e+06 1.5317e+07 1.32562e+07 5.51059e+07 3.60046e+07 3.44549e+07 3.14388e+07 3.42964e+06 4.53987e+07 1.81037e+07 2.97765e+07 2.33119e+07 2.06429e+07 1.78693e+07
internal_count=357285 299774 287265 238355 48910 216346 44274 12509 8575 2265 1649 13058 10533 57511 40331 39594 38456 871 22009 8579 14537 6310 5599 4857
cat_boundaries=0 1 2 3 4 6 7 8 9 10
cat_threshold=135168 2176 982784 918400 137218 262144 393472 590464 1572992 1966080
is_linear=0
shrinkage=0.0234364


Tree=50
num_leaves=25
num_cat=6
split_feature=15 19 15 18 1 15 14 20 1 8 8 8 8 6 24 8 2 8 8 8 1 2 2 8
split_gain=2.89333e+06 1.69407e+06 1.33649e+06 1.1539e+06 978897 798462 693889 645107 633759 622071 608106 599518 592673 574783 521712 671295 510220 445073 1.21217e+06 599439 426301 402080 396286 367666
threshold=17.750000000000004 63.500000000000007 25.750000000000004 3.3649998903274541 0 10.750000000000002 1.0000000180025095e-35 96.500000000000014 1 24093.018554687504 20105.053710937504 15833.839355468752 10818.607421875002 1557.6250000000002 1844.5000000000002 45104.107421875007 2 41164.537109375007 44244.500000000007 33284.392578125007 3 4 5 49848.732421875007
decision_type=2 2 2 2 1 2 2 2 1 2 2 2 2 2 2 2 1 2 2 2 1 1 1 2
left_child=3 2 9 4 11 6 22 20 21 10 -2 12 -1 -11 15 -15 -3 19 -19 -13 -7 -4 -5 -24
right_child=1 16 8 5 -6 7 -8 -9 -10 13 -12 17 -14 14 -16 -17 -18 18 -20 -21 -22 -23 23 -25
leaf_value=0.001048809667537698 -4.6117258750421214e-05 -0.0001338206674398312 -0.00073493547822884838 0.0014558608597601229 -8.8984533456918952e-05 -0.0017810552286620233 -0.0020694905239816942 -0.0012500735915215041 -0.00029057268940502819 0.0025441762169402657 -0.0016727540589075247 0.00042827925681756699 0.0036242814403139732 0.0009293484498702233 -0.0002789113913751027 -0.00020857506222272219 -0.0016582012123776953 0.002343449309861152 0.00029007910620055291 -0.00086133652363004978 0.00033800710585520094 -0.0023335439896398987 0.00038987242207111296 -0.00065105077663172542
leaf_weight=7989131.2025146484 16221730.921081185 3968976.6171443462 2748884.1650085449 2168633.6009685993 36102789.0150249 1250739.9432373047 4993633.5254861116 14176092.160828829 7036524.663865447 3663864.2151978016 6751125.3718924522 58837480.496368408 7213697.7042541504 9081644.3036499023 13713410.324737549 5307594.6658935547 22817470.746789455 5258007.6015625 17498984.251464844 3375614.7100219727 8874787.8749862909 8028429.9691772461 22924931.424123883 1600670.7847332954
leaf_count=22742 27527 9758 2966 2774 119498 832 8647 14649 6263 4769 5654 36601 7453 3790 6640 1715 25464 1842 5392 1432 8629 5765 24449 693
internal_value=-0.000136231 -0.00338397 -0.00152435 0.00154181 0.00270559 -0.00129076 0.0011602 -0.00448666 -0.00710026 0.000290216 -0.00264769 0.00389805 0.0081844 0.00241485 0.00127655 0.00439391 -0.00842089 0.00313114 0.00593565 0.00210527 3.14686e-05 -0.0106721 0.00266019 0.00181107
internal_weight=2.91605e+08 9.93397e+07 7.25532e+07 1.92265e+08 1.36276e+08 5.59895e+07 3.16879e+07 2.43016e+07 1.78138e+07 5.47394e+07 2.29729e+07 1.00173e+08 1.52028e+07 3.17665e+07 2.81026e+07 1.43892e+07 2.67864e+07 8.49701e+07 2.2757e+07 6.22131e+07 1.01255e+07 1.07773e+07 2.66942e+07 2.45256e+07
internal_count=355944 100311 65089 255633 194960 60673 36563 24110 14994 50095 33181 75462 30195 16914 12145 5505 35222 45267 7234 38033 9461 8731 27916 25142
cat_boundaries=0 1 2 3 4 5 6
cat_threshold=1048320 130560 96 896 96 8
is_linear=0
shrinkage=0.0234364


Tree=51
num_leaves=25
num_cat=9
split_feature=16 2 1 19 20 0 19 1 2 20 9 20 1 16 19 16 19 0 19 4 0 4 19 1
split_gain=1.14454e+06 717849 605276 437998 439848 420681 380803 748708 698429 469034 478005 467635 327251 287897 275880 264967 221300 209821 200308 193848 418428 331175 317618 296902
threshold=0.25000000745058065 0 1 86.500000000000014 4.5000000000000009 2 52.500000000000007 3 4 18.500000000000004 1.0000000180025095e-35 50.500000000000007 5 1.7500000000000002 89.500000000000014 1.0000000180025095e-35 92.500000000000014 6 97.500000000000014 2948.2500000000005 7 1739.6638793945315 60.500000000000007 8
decision_type=2 1 1 2 2 1 2 1 1 2 2 2 1 2 2 2 2 1 2 2 1 2 2 1
left_child=1 6 3 4 -3 -6 -1 8 9 12 17 -10 -8 18 -9 19 -17 -11 -2 20 22 -22 -4 -24
right_child=13 2 15 -5 5 -7 7 14 11 10 -12 -13 -14 -15 -16 16 -18 -19 -20 -21 21 -23 23 -25
leaf_value=-0.00056679199919503398 -0.00070497185297547073 0.00098035809488543216 0.0013690514939753643 0.0010837344260487744 0.00037396479549609875 -0.00024050543964276221 0.0033251620235208875 -0.00056488339598951913 0.0011701024660578365 0.0019548249510032839 -0.0032315125718086713 -0.00061843474119339969 -0.001708817684259662 -0.0026420723024593441 0.00024631914050934781 -0.0007164955648121744 0.00051616258131988526 0.0013774550797906601 0.0020993745953093563 -0.00023001998956344449 0.00017338843588416892 -0.0006066044435673846 0.00068600944194783717 -0.00037250712901742262
leaf_weight=25365204.511946917 21991706.900635242 12668147.908172607 9205679.54867661 6877246.02734375 40190233.844299316 24203146.337387085 255254.30014038086 26775326.701633692 3358379.7842102051 3290156.3804931641 567749.03318786621 9367010.8171081543 1441296.4247131348 2883028.6795871258 6107914.8174903393 10077394.718086243 1556039.2009884119 6550151.7351379395 451022.24768841267 14741504.01953125 38897480.951030135 13499739.96105957 7402167.1939086914 5438503.8833155632
leaf_count=19441 25004 10695 6929 5571 21532 32318 173 40516 2648 1465 616 6571 1075 3250 11027 11682 3410 5798 611 4090 116528 6267 5028 15037
internal_value=-0.000127362 0.000322935 0.00113655 0.00260667 0.00210093 0.00131558 -0.00148644 -0.000434534 0.00263737 0.00666754 0.00853013 -0.0011962 -0.0047591 -0.00488954 -0.00275412 -8.74441e-05 -0.00341411 0.00973654 -0.00399394 0.000346491 0.00083271 -0.000307019 0.00354148 0.00115967
internal_weight=2.93161e+08 2.67836e+08 1.84757e+08 8.39388e+07 7.70615e+07 6.43934e+07 8.30784e+07 5.77132e+07 2.483e+07 1.21046e+07 1.04081e+07 1.27254e+07 1.69655e+06 2.53258e+07 3.28832e+07 1.00819e+08 1.16334e+07 9.84031e+06 2.24427e+07 8.91851e+07 7.44436e+07 5.23972e+07 2.20464e+07 1.28407e+07
internal_count=357282 328417 239087 70116 64545 53850 89330 69889 18346 9127 7879 9219 1248 28865 51543 168971 15092 7263 25615 153879 149789 122795 26994 20065
cat_boundaries=0 1 2 3 4 5 6 7 8 9
cat_threshold=17 802304 137218 260608 16 196608 131200 135168 246208
is_linear=0
shrinkage=0.0234364


Tree=52
num_leaves=25
num_cat=8
split_feature=15 19 15 0 8 19 8 0 0 8 8 0 8 0 15 0 8 3 0 4 1 24 8 4
split_gain=2.68701e+06 1.77922e+06 1.74799e+06 1.11668e+06 862417 824002 684009 649867 582046 825798 632976 566990 549796 698666 583893 530585 508944 506274 490502 468192 442690 442690 959024 447717
threshold=13.949999809265138 67.500000000000014 24.050000190734867 0 17506.963867187504 29.500000000000004 14557.553710937502 1 2 15729.267578125002 28268.875000000004 3 49848.732421875007 4 4.5499999523162851 5 15833.839355468752 1271.9749755859377 6 570.09027099609386 7 1827.0000000000002 45104.107421875007 1680.5125122070315
decision_type=2 2 2 1 2 2 2 1 1 2 2 1 2 1 2 1 2 2 1 2 1 2 2 2
left_child=4 2 3 20 7 -4 18 16 10 11 -3 -10 13 -6 -15 17 19 -7 -5 -1 -2 22 -12 -23
right_child=1 8 5 6 12 15 -8 -9 9 -11 21 -13 -14 14 -16 -17 -18 -19 -20 -21 -22 23 -24 -25
leaf_value=0.00010456150865974898 6.5617229420546219e-05 0.00015744617718394885 0.00013585661252060361 0.0048953335061534715 0.00045761032035034294 0.0010410446393805896 -0.0009435029358841713 0.00046086449601396982 0.0011305032499080176 -0.0034874010040851899 0.00016073370695807981 -0.0020354470909886638 -0.00044158883917457599 0.00047538479073889561 -0.00039370996669940359 -0.0036256573657824556 0.00081835186930876791 -0.0010271444476667117 -0.00040392852943823594 0.0045709098370429191 0.00076195956094408891 -0.00024019344288469664 -0.0013249680841111789 -0.0018741585859436772
leaf_weight=1312204.2858552933 19299796.129470825 8920716.3868260384 8217181.9984893799 2482201.5152360201 64256237.099143147 2373618.9150519371 19370729.98720324 11343973.031000257 2171751.0239847898 7499825.1687670946 7373706.1815497875 5654473.5781594515 7093553.4903872013 15234997.696583629 32321698.730724335 6046854.384069562 7053572.0911898613 13311806.930541992 3440341.7769864798 6691042.0864868164 29054282.421354771 2077262.94292593 4161707.2490639687 6228463.7066650391
leaf_count=8958 11490 10876 6054 3326 51269 3508 18474 58138 4360 10611 6308 24023 3666 19274 35294 9627 10986 6183 14543 6598 24947 3703 2485 2636
internal_value=-5.34367e-05 -0.00227968 -0.00060156 0.00133979 0.00220924 -0.00537544 -0.00265038 0.00604101 -0.0062229 -0.00991185 -0.0042572 -0.00458635 0.00135847 0.00175986 -0.000393569 -0.00776583 0.00923262 -0.00549212 0.0043197 0.0132777 0.00342698 -0.00658847 -0.00361797 -0.010714
internal_weight=2.92992e+08 1.47685e+08 1.03597e+08 7.36474e+07 1.45307e+08 2.99495e+07 2.52933e+07 2.64008e+07 4.40879e+07 1.5326e+07 2.87619e+07 7.82622e+06 1.18906e+08 1.11813e+08 4.75567e+07 2.17323e+07 1.50568e+07 1.56854e+07 5.92254e+06 8.00325e+06 4.83541e+07 1.98411e+07 1.15354e+07 8.30573e+06
internal_count=357337 163154 98152 72780 194183 25372 36343 84680 65002 38994 26008 28383 109503 105837 54568 19318 26542 9691 17869 15556 36437 15132 8793 6339
cat_boundaries=0 1 3 5 6 7 9 10 11
cat_threshold=33691650 67108994 262144 137216 262144 130 135296 137218 262144 67108992 200640
is_linear=0
shrinkage=0.0234364


Tree=53
num_leaves=25
num_cat=8
split_feature=15 21 15 1 18 0 8 1 0 15 18 8 8 24 8 0 20 1 15 18 15 1 0 8
split_gain=2.62434e+06 1.25386e+06 1.10861e+06 902548 999824 817827 754794 737997 526219 464309 523990 432903 770409 673956 465801 420814 413777 396001 485156 362594 355211 345357 350736 704176
threshold=10.550000190734865 1.0000000180025095e-35 22.44999980926514 0 3.2949999570846562 1 48856.125000000007 2 3 28.050000190734867 3.3349999189376835 41164.537109375007 31433.411132812504 1571.0000000000002 44244.500000000007 4 94.500000000000014 5 19.050000190734867 4.0150001049041757 17.750000000000004 6 7 30010.053710937504
decision_type=2 2 2 1 2 1 2 1 1 2 2 2 2 2 2 1 2 1 2 2 2 1 1 2
left_child=6 2 3 4 17 -4 11 -7 16 10 -9 12 21 -13 -15 -14 -3 -2 -19 -8 -10 -1 23 -23
right_child=1 8 5 -5 -6 7 19 9 20 -11 -12 13 15 14 -16 -17 -18 18 -20 -21 -22 22 -24 -25
leaf_value=3.1038019711830065e-05 0.0012347678076285028 6.4557525960503122e-05 -0.0024446121084695845 -0.00046098806596156137 -0.00031237005950875938 0.000532288936519571 -3.3550277729990863e-05 -0.00089886959880496162 -0.0013273761186171338 -0.0021656885086187988 0.00016502589879261701 -0.00065591693067383594 0.00019839582441999478 0.003420142929696667 0.00072458373971961575 -0.00077885069048049872 -0.00093465264824906891 0.00054427029796436349 -0.00048490010042247889 -0.0010911429420535357 -0.0039560735310902248 0.0030763718174919665 0.00070641697868923227 0.00046729426642483623
leaf_weight=9267396.2671140432 23624709.439605713 8284374.2768645287 9997669.181217432 34393801.380994797 24124906.505477905 8950310.8208806515 12740064.05668211 9851775.2435718775 5458815.6681623459 3560700.8473510742 7769178.1757953167 1678109.0694217682 11907873.545351744 2389848.3394165039 5922041.6807250977 6313552.8839715719 17793438.105482578 20162024.683822632 7539206.2242584229 2408170.0158085823 4355634.5944241285 5721234.4455566406 41989045.453201294 6826013.4824829102
leaf_count=57067 19294 4744 10642 87553 18026 8510 6739 8234 10058 2515 5543 2645 9678 1023 2195 5273 12276 15834 5994 1167 6783 3138 48435 3464
internal_value=-4.2625e-05 -0.00172672 -0.000785038 0.000432872 0.00186719 -0.00411876 0.00287831 -0.00219156 -0.00566151 -0.00457577 -0.00301597 0.00367637 0.00311536 0.00828261 0.0110178 -0.00113484 -0.00392062 0.00371682 0.00181572 -0.00196933 -0.0102872 0.00432916 0.00503995 0.00847815
internal_weight=2.9303e+08 1.85867e+08 1.49974e+08 1.09845e+08 7.54508e+07 4.01296e+07 1.07163e+08 3.0132e+07 3.58923e+07 2.11817e+07 1.7621e+07 9.20151e+07 8.20251e+07 9.99e+06 8.31189e+06 1.82214e+07 2.60778e+07 5.13259e+07 2.77012e+07 1.51482e+07 9.81445e+06 6.38037e+07 5.45363e+07 1.25472e+07
internal_count=356830 216006 182145 146701 59148 35444 140824 24802 33861 16292 13777 132918 127055 5863 3218 14951 17020 41122 21828 7906 16841 112104 55037 6602
cat_boundaries=0 1 2 3 5 6 7 8 9
cat_threshold=1048064 335544448 16515137 137218 262144 135168 258048 15728767 6144
is_linear=0
shrinkage=0.0234364


Tree=54
num_leaves=25
num_cat=5
split_feature=16 0 8 8 0 7 7 8 7 8 7 24 7 8 0 8 24 7 5 8 1 8 0 7
split_gain=1.08205e+06 659997 1.39437e+06 1.19286e+06 1.93511e+06 1.37758e+06 763322 1.34066e+06 707439 649758 976237 1.20805e+06 692524 611544 1.516e+06 594940 575916 539130 758214 536836 533460 532758 1.06005e+06 484677
threshold=0.25000000745058065 0 28268.875000000004 15047.285644531252 1 14451.357421875002 32492.857421875004 46328.875000000007 42149.072265625007 41164.537109375007 44393.714843750007 1541.5000000000002 45935.214843750007 18961.196289062504 2 6456.7321777343759 2145.0000000000005 20278.642578125004 1693.8125000000002 42835.464843750007 3 28372.517578125004 4 33422.000000000007
decision_type=2 1 2 2 1 2 2 2 2 2 2 2 2 2 1 2 2 2 2 2 1 2 1 2
left_child=1 2 20 4 -3 -5 -4 9 -9 23 11 -11 -12 16 -15 -6 -7 -16 -19 -13 -1 22 -20 -8
right_child=-2 3 6 5 15 13 7 8 -10 10 12 19 -14 14 17 -17 -18 18 21 -21 -22 -23 -24 -25
leaf_value=-0.00034730636349438121 -0.00082049775081136501 0.0029763177483399148 -0.00044565707527151885 -0.0023408147118447902 0.0025330259324815763 1.2209301886263178e-05 0.00086286291534580712 -0.0015973159957934182 -6.2486747633491301e-05 -0.00095086195791481019 -0.00034654738939286507 0.0030713149038515508 0.00074321384261010078 -0.0032286835281760146 -0.0016760445121853217 -0.00066233913101525579 0.0020347823050028847 0.00029957811339294976 0.0014381635339930541 0.0009051857304834273 0.0031078472427041679 -0.00072001660041827811 -0.00065794508495509748 -0.00021720599457968943
leaf_weight=1126136.2500267029 25084587.67947197 12638197.497474074 18602757.569959521 5341581.6025665998 3635896.9567755461 28041048.141752243 8637122.0628700256 1794341.4704504013 30023161.445997477 1461991.5609865189 5227927.6519489288 5917769.4761714935 10547435.195374489 3003929.6929419041 8227959.7234605551 17580242.766525984 6903943.673248291 37796903.85677588 5705076.5626220703 4336149.7677612305 5413190.8201835155 20431990.387207031 13642517.133636475 11476770.80339241
leaf_count=1669 28804 22699 14255 7431 47744 42799 6419 916 14842 2369 2846 2525 5654 3723 9401 50696 5868 54094 2667 1806 4066 8994 6430 8313
internal_value=-3.59865e-05 0.000400437 0.00185362 -0.000532076 0.0033836 -0.00155894 0.00115461 0.00215552 -0.00156902 0.00464486 0.00698687 0.0121116 0.00318087 -0.00105596 -0.00208941 -0.000940999 0.00157044 -0.00151648 -0.000911468 0.0149533 0.0123319 -0.00316996 -0.000382771 0.00144383
internal_weight=2.92599e+08 2.67514e+08 1.04565e+08 1.62949e+08 3.38543e+07 1.29095e+08 9.80254e+07 7.94227e+07 3.18175e+07 4.76052e+07 2.74913e+07 1.17159e+07 1.57754e+07 1.23753e+08 8.88084e+07 2.12161e+07 3.4945e+07 8.58044e+07 7.75765e+07 1.02539e+07 6.53933e+06 3.97796e+07 1.93476e+07 2.01139e+07
internal_count=357030 328226 65680 262546 121139 141407 59945 45690 15758 29932 15200 6700 8500 133976 85309 98440 48667 81586 72185 4331 5735 18091 9097 14732
cat_boundaries=0 1 2 3 4 5
cat_threshold=135168 67108994 67108864 15728737 2048
is_linear=0
shrinkage=0.0234364


Tree=55
num_leaves=25
num_cat=4
split_feature=16 8 0 0 7 8 3 6 8 7 1 3 7 8 8 8 7 24 8 5 8 8 8 0
split_gain=946087 649446 1.69737e+06 1.57462e+06 933734 955474 660460 771360 811268 2.01603e+06 1.16818e+06 600081 767132 599301 582331 946646 1.20042e+06 639079 526177 449476 440429 1.36364e+06 391791 576064
threshold=0.15000000223517421 15047.285644531252 0 1 14451.357421875002 24777.107421875004 2931.502807617188 2290.1250000000005 28268.875000000004 26047.857421875004 2 1513.424987792969 30759.857421875004 18683.606445312504 24093.018554687504 20105.053710937504 20669.500000000004 2145.0000000000005 5722.1071777343759 560.93750000000011 44278.572265625007 38058.232421875007 13375.071777343752 3
decision_type=2 2 1 1 2 2 2 2 2 2 1 2 2 2 2 2 2 2 2 2 2 2 2 1
left_child=1 2 19 6 -5 14 7 8 9 13 -11 -10 -13 -3 15 17 -17 -6 -4 -1 21 -9 -21 -24
right_child=-2 3 18 4 5 -7 -8 20 11 10 -12 12 -14 -15 -16 16 -18 -19 -20 22 -22 -23 23 -25
leaf_value=-0.00015014936127483039 -0.00062164521376426962 0.0018109111674485161 0.0046241411729977724 -0.0022107016316855856 -2.4789622552441659e-05 -0.0022147175455750783 -0.00012415475392043296 5.7960017589155285e-05 0.00047884437631497698 -0.00097840489805718286 0.0025520671744261466 -0.00094854381635247102 -2.6677741211537743e-05 -0.0003706465286495912 0.001371081985130839 -0.0035018678325721706 -0.00041538785764597651 0.0062668330619212289 -0.00042372650962389167 0.0082557154574356417 0.00028866171653875005 0.0028723408302949952 0.0031185362594613676 6.8797321832394297e-05
leaf_weight=1745822.6917259693 33976251.318876624 5789244.5684779882 1726378.6714420319 5059501.4327828884 26028402.275388479 5850496.7699253559 44386977.839355469 5843862.8001708984 17558579.149783015 2119757.8192672729 13891638.357406139 11770107.296386719 25436443.721191406 22080797.502868414 4435138.8826881647 5672865.5733449459 11042547.989734173 1001660.8478393555 18780431.734368801 4038997.5017089844 11350753.208557129 6791270.1279907227 3909104.0081787109 2761001.3461303711
leaf_count=10837 37447 7910 39530 7178 37238 5455 12408 3179 38915 3760 10820 5661 12248 25087 4466 6474 11898 899 56460 4977 4785 3166 3867 2822
internal_value=-5.44165e-05 0.000427825 0.00350114 -2.01951e-05 -0.00330828 -0.00240676 0.00114311 0.00202977 0.00111322 0.00348757 0.0101151 -0.000789256 -0.00247456 -0.00031997 -0.00132074 -0.00214114 -0.00652526 0.000570005 -0.000643578 0.0103253 0.00579923 0.00880928 0.012123 0.00863467
internal_weight=2.93048e+08 2.59072e+08 3.29617e+07 2.2611e+08 5.90906e+07 5.40311e+07 1.67019e+08 1.22632e+08 9.86466e+07 4.38814e+07 1.60114e+07 5.47651e+07 3.72066e+07 2.787e+07 4.81806e+07 4.37455e+07 1.67154e+07 2.70301e+07 2.05068e+07 1.24549e+07 2.39859e+07 1.26351e+07 1.07091e+07 6.67011e+06
internal_count=357487 320040 118493 201547 73608 66430 127939 115531 104401 47577 14580 56824 17909 32997 60975 56509 18372 38137 95990 22503 11130 6345 11666 6689
cat_boundaries=0 1 3 4 5
cat_threshold=67108994 137216 262144 15728673 130
is_linear=0
shrinkage=0.0234364


Tree=56
num_leaves=25
num_cat=11
split_feature=16 18 2 20 1 1 2 2 18 1 8 0 8 7 24 8 1 1 18 18 1 1 18 14
split_gain=960326 703869 587704 480818 475683 396853 833265 766025 588090 583326 460154 386967 590051 659659 578701 490441 353362 334769 327320 325611 295861 272584 493749 253608
threshold=0.35000000894069677 4.5250000953674325 0 4.5000000000000009 1 2 3 4 1.8750000000000002 5 38058.232421875007 6 20105.053710937504 20669.500000000004 2157.0000000000005 24777.107421875004 7 8 2.3249999284744267 0.45499999821186071 9 10 2.6550000905990605 1.0000000180025095e-35
decision_type=2 2 1 2 1 1 1 1 2 1 2 1 2 2 2 2 1 1 2 2 1 1 2 2
left_child=1 2 5 20 -3 6 8 10 -1 -8 21 12 14 -14 -5 -15 -2 -13 19 -9 -4 -7 -23 -24
right_child=16 4 3 11 -6 7 9 18 -10 -11 -12 17 13 15 -16 -17 -18 -19 -20 -21 -22 22 23 -25
leaf_value=-0.0010811755253945206 -0.00035829007410359136 -0.0012191517811785662 0.0011091899951060674 2.2407743995943423e-05 -4.8086531887579533e-05 -0.00044984499229918718 -0.0023152421229024295 0.0029573040553405087 0.00047409562714199421 -0.00070470499354653683 0.0010584623419094056 0.00039747634494706192 -0.003370989129128765 0.00014085663421178039 0.0083827723877782315 -0.0019161538838527638 -0.0016579874776303303 2.5276644165935436e-05 -7.2453942281388041e-05 -0.0011415607977713295 0.00028524227830450016 0.0016945734810511108 0.00010134842592501495 -0.0041806080802908986
leaf_weight=3759556.0498387814 11389682.402648926 10764075.739066362 13318337.272491455 17818893.813474417 10537133.691140294 5623861.655921936 3278431.2197570801 403637.51624274254 10320972.729657292 9620399.3098449707 5205705.6711028814 59258879.714355469 3159244.9800800085 8625591.4746359587 1716914.2989807129 3334617.6744788885 8218168.6825681925 52508307.065936089 16926261.809580564 9931098.4705513716 14947367.617020726 5360634.2527565956 6298062.0401608944 493680.70001029968
leaf_count=4651 10023 8173 11570 55636 10353 6052 1773 405 10177 12477 2611 37881 3673 9520 2012 3176 13185 73657 16729 12356 33764 9413 7565 649
internal_value=-7.31626e-05 0.000286392 0.000632305 0.00138494 -0.0038044 -0.00107027 -0.00336302 0.00016088 0.000579123 -0.00766631 0.00331263 0.000844718 -0.00131898 -0.00479513 0.00137134 -0.00227916 -0.00508313 0.00151561 -0.00249615 -0.00578267 0.00418343 0.00151803 0.0034923 -0.000704615
internal_weight=2.9282e+08 2.73212e+08 2.5191e+08 1.74688e+08 2.13012e+07 7.72223e+07 2.69794e+07 5.02429e+07 1.40805e+07 1.28988e+07 2.29819e+07 1.46422e+08 3.46553e+07 1.51195e+07 1.95358e+07 1.19602e+07 1.96079e+07 1.11767e+08 2.7261e+07 1.03347e+07 2.82657e+07 1.77762e+07 1.21524e+07 6.79174e+06
internal_count=357481 334273 315747 230889 18526 84858 29078 55780 14828 14250 26290 185555 74017 16369 57648 12696 23208 111538 29490 12761 45334 23679 17627 8214
cat_boundaries=0 1 2 3 4 5 6 7 8 9 10 11
cat_threshold=17 8634625 4981170 1 16 262144 335544480 2048480 947712 1993728 1050176
is_linear=0
shrinkage=0.0234364


Tree=57
num_leaves=25
num_cat=1
split_feature=16 8 7 7 7 8 8 7 7 3 1 8 8 7 23 4 8 7 7 8 3 7 8 8
split_gain=900252 616199 1.6548e+06 1.34131e+06 722032 1.76547e+06 954233 1.22694e+06 945494 816266 738342 684506 1.26253e+06 1.07071e+06 1.16378e+06 687598 673894 658593 635881 520951 484492 466287 450831 441737
threshold=0.35000000894069677 15047.285644531252 14451.357421875002 12233.500000000002 26383.857421875004 28268.875000000004 19661.000000000004 20278.642578125004 31422.928710937504 1466.3750000000002 0 46328.875000000007 41164.537109375007 44393.714843750007 1.063849985599518 2766.391479492188 32949.179687500007 42149.072265625007 35174.927734375007 42835.464843750007 1604.674987792969 10070.000000000002 30314.786132812504 21768.731445312504
decision_type=2 2 2 2 2 2 2 2 2 2 1 2 2 2 2 2 2 2 2 2 2 2 2 2
left_child=1 3 -3 21 6 10 -4 -8 9 -7 -6 12 16 14 -14 -15 -10 -13 -12 -16 -18 -1 -11 -9
right_child=-2 2 4 -5 5 8 7 23 11 22 18 17 13 15 19 -17 20 -19 -20 -21 -22 -23 -24 -25
leaf_value=0.00043650352119690348 -0.00084747704766852496 -0.0022418194313403085 0.00019564761768719742 0.0025065552502454868 -0.00078244710321775403 0.00071281562504471585 -0.0028285319121820977 0.00043788985803628309 0.0002745348528563179 -0.0012268346661590578 0.0021946064368257578 -0.0015212719171072623 -0.00093764252445628518 0.0013358130177664304 0.0029233525742271799 -0.00011972660396311511 0.00083445525709618571 -6.9430506526319455e-05 -0.0014148772561415246 0.00079837485625809245 -0.0010498846650689967 -0.0015750816407667293 -0.00019748334161712191 -0.00061687891624109337
leaf_weight=18863089.280576229 19669497.206158757 5359192.3638125658 39694062.031968832 11520083.58129859 2191738.1876487732 5675707.7378975153 8301302.7723470926 9131862.655415535 29830416.9290874 11075130.60559082 14370692.404438734 1894495.5224556923 1428286.6612625122 6024162.5699357986 5902613.9241695404 10071015.407714844 2526168.4933075905 31040486.202531576 971794.12681365013 4466338.5670015812 8220832.2230224609 4158334.7050791979 8447118.7200927734 31775336.19445014
leaf_count=92711 23263 7485 54231 20243 3852 11406 9507 10400 22927 5091 10795 956 1970 5676 2723 2868 4359 15227 713 1993 3159 10089 3590 31595
internal_value=-8.16141e-05 0.000267358 -0.000156515 0.00319285 0.00013959 0.00116412 -0.00152147 -0.0037022 0.000198833 -0.00386415 0.00813378 0.00120844 0.00254389 0.00638239 0.0117458 0.00245119 -9.46429e-05 -0.00156789 0.00995148 0.0144778 -0.00512652 -7.41284e-05 -0.00613856 -0.00203513
internal_weight=2.9261e+08 2.7294e+08 2.38399e+08 3.45415e+07 2.3304e+08 1.44137e+08 8.89026e+07 4.92085e+07 1.26603e+08 2.5198e+07 1.75342e+07 1.01405e+08 6.84698e+07 2.78924e+07 1.17972e+07 1.60952e+07 4.05774e+07 3.2935e+07 1.53425e+07 1.0369e+07 1.0747e+07 2.30214e+07 1.95222e+07 4.09072e+07
internal_count=356829 333566 210523 123043 203038 97305 105733 51502 81945 20087 15360 61858 45675 15230 6686 8544 30445 16183 11508 4716 7518 102800 8681 41995
cat_boundaries=0 1
cat_threshold=15728673
is_linear=0
shrinkage=0.0234364


Tree=58
num_leaves=25
num_cat=7
split_feature=15 16 15 0 3 3 9 6 18 0 16 3 1 1 2 7 7 7 7 1 9 0 4 3
split_gain=2.6016e+06 1.15573e+06 1.18394e+06 733521 754246 753281 588272 556444 551486 451312 438792 408842 659672 407840 397010 387686 684464 438772 524247 368382 556016 583506 483052 467513
threshold=10.550000190734865 1.0000000180025095e-35 28.050000190734867 0 1346.112487792969 2896.1000976562505 1.0000000180025095e-35 2257.696411132813 3.6049998998641972 1 0.15000000223517421 1776.1777954101565 2 3 4 38236.357421875007 44393.714843750007 41965.427734375007 41338.927734375007 5 1.0000000180025095e-35 6 1158.229187011719 729.57501220703136
decision_type=2 2 2 1 2 2 2 2 2 1 2 2 1 1 1 2 2 2 2 1 2 1 2 2
left_child=6 2 3 5 19 7 14 11 10 -3 -8 13 -13 -2 -1 -7 17 18 -17 20 21 22 -5 -22
right_child=1 9 -4 4 -6 15 8 -9 -10 -11 -12 12 -14 -15 -16 16 -18 -19 -20 -21 23 -23 -24 -25
leaf_value=0.00092126542335038469 0.0014478692456998598 -0.00051326409349915485 -0.0021720436370660078 0.0067534757650469191 -0.0009841667095558098 -0.00083526375699171621 0.00061026723694572959 0.00094547583564682169 -0.0019137661062527916 -0.0019272738160919598 -0.0043769365140250991 0.00076722952057243902 -0.00052436628173138362 0.00012475187482724646 0.00040304476822216798 0.0010209468914698483 -0.00034020293791709957 0.0011173208899015357 -0.00084429759101740476 -0.00073434996684641047 0.00069711225495171529 8.5630645098460996e-05 0.0011874150026433242 -0.0020640192751602148
leaf_weight=15186733.715063572 10301306.353012085 22715052.525534153 6563609.6594562531 1925615.6448364258 27690949.23034668 7145133.92578125 15983248.235012293 13487679.921264648 6749538.3938579559 13132777.533125639 1097922.5837050676 5726946.4393310547 13572034.273925781 14306847.697405815 68449206.692089558 1479001.638671875 11063065.805664062 3153071.0852050781 1683125.4685058594 12416500.997803807 3970640.600769043 6874486.4255371094 3867155.618347168 4221059.2145996094
leaf_count=17043 11783 13387 5244 2023 15632 2246 34966 6320 10139 20283 2295 2387 6343 36854 76790 409 2984 849 452 57869 9599 13416 3193 4562
internal_value=-6.40615e-05 -0.00174657 -0.00084006 -0.000392977 -0.00233945 0.00105566 0.00283695 0.0025247 -0.000411462 -0.00552576 0.00182967 0.00124571 -0.00130801 0.00324847 0.00376253 -0.00238249 -0.000493009 0.00566311 -0.000505593 3.85291e-05 0.00194106 0.0050181 0.0104977 -0.00281714
internal_weight=2.92763e+08 1.85296e+08 1.49448e+08 1.42885e+08 6.09664e+07 8.19182e+07 1.07467e+08 5.73948e+07 2.38307e+07 3.58478e+07 1.70812e+07 4.39071e+07 1.9299e+07 2.46082e+07 8.36359e+07 2.45234e+07 1.73783e+07 6.3152e+06 3.16213e+06 3.32755e+07 2.0859e+07 1.26673e+07 5.79277e+06 8.1917e+06
internal_count=357068 215835 182165 176921 106294 70627 141233 63687 47400 33670 37261 57367 8730 48637 93833 6940 4694 1710 861 90662 32793 18632 5216 14161
cat_boundaries=0 1 3 4 5 6 7 9
cat_threshold=33691648 137216 262144 1966336 1045504 8 1047552 130 262144
is_linear=0
shrinkage=0.0234364


Tree=59
num_leaves=25
num_cat=9
split_feature=21 2 1 18 2 10 1 2 1 18 19 1 19 18 2 18 9 8 8 4 19 8 0 18
split_gain=753087 747061 587488 509063 426336 384343 341713 938010 631469 462102 451210 341934 308652 325157 289454 508740 376900 285406 242151 338310 284392 250024 323033 234576
threshold=1.0000000180025095e-35 0 1 1.3049999475479128 2 1.0000000180025095e-35 3 4 5 1.8750000000000002 52.500000000000007 6 97.500000000000014 0.60500001907348644 7 1.9450000524520876 1.0000000180025095e-35 49014.697265625007 38058.232421875007 1798.5476074218752 73.500000000000014 28268.875000000004 8 0.78499999642372142
decision_type=2 1 1 2 1 2 1 1 1 2 2 1 2 2 1 2 2 2 2 2 2 2 1 2
left_child=1 6 3 -3 12 -5 7 9 -9 -1 -8 14 13 -2 16 -16 -12 18 19 -4 -21 22 -22 -6
right_child=4 2 17 5 23 -7 10 8 -10 -11 11 -13 -14 -15 15 -17 -18 -19 -20 20 21 -23 -24 -25
leaf_value=-0.00088908020615181588 0.0026222070207754123 0.00093441015165875206 0.00015181612648149421 0.00030912632884755374 -0.0023147062401694708 -0.0017073790869304266 -0.00046342921389167077 -0.0024494963146556525 -0.00074677950705865118 0.00041803739189907429 0.0019569163525850917 -4.7678048840777525e-05 0.0019235909650609335 -0.001275863769624635 -0.001962645268584274 0.00068695444352123334 -0.0040831742481489486 -0.00054673326805187831 0.00042958077751664009 -0.00092868405903101688 0.0052280585232435213 -0.00043278434894688698 -9.8823969598020714e-05 -0.00016833852203144222
leaf_weight=3864183.838373065 372010.00064086914 14209483.568450928 37785309.312383294 76369090.838928223 1148129.5878630877 1269108.67578125 18447990.379979253 3342967.8641662598 8887049.2033114433 10148677.577216625 4886806.2808227539 20271256.128170371 502055.94798660278 13234041.07809639 1013047.6441345215 3856807.679473877 289486.70007324219 5135896.7478814125 11405443.469538689 8636475.0272216797 1092781.7526855469 3617247.1267089844 2245267.2663574219 40483102.505480289
leaf_count=4569 320 11981 119198 64996 907 810 14578 1719 11969 9888 3851 30970 381 14816 758 3075 270 3910 9973 3769 472 1330 1002 41243
internal_value=-0.000108214 0.000468757 0.00136518 0.00259745 -0.00255912 0.00185102 -0.0014645 -0.00362084 -0.00836368 0.000518569 -0.00030408 0.00145446 -0.00608008 -0.00674597 0.00499 0.000888602 0.00884859 -0.00025359 0.000168014 -0.000494329 -0.00339892 0.000128133 0.00475372 -0.00136593
internal_weight=2.92514e+08 2.36774e+08 1.61766e+08 9.18477e+07 5.57393e+07 7.76382e+07 7.50083e+07 2.62429e+07 1.223e+07 1.40129e+07 4.87654e+07 3.03174e+07 1.41081e+07 1.36061e+07 1.00461e+07 4.86986e+06 5.17629e+06 6.99184e+07 6.47825e+07 5.33771e+07 1.55918e+07 6.9553e+06 3.33805e+06 4.16312e+07
internal_count=356755 299088 217441 77787 57667 65806 81647 28145 13688 14457 53502 38924 15517 15136 7954 3833 4121 139654 135744 125771 6573 2804 1474 42150
cat_boundaries=0 1 2 3 4 5 6 7 8 9
cat_threshold=17 1981952 33 4981170 1 262144 126976 16 6144
is_linear=0
shrinkage=0.0234364


Tree=60
num_leaves=25
num_cat=8
split_feature=15 0 15 19 19 15 18 1 15 18 1 1 18 9 5 2 15 1 19 11 1 2 15 9
split_gain=2.38825e+06 1.21671e+06 978753 803920 750799 717925 732184 611738 584538 839279 596708 553791 625544 558305 537709 398412 375131 576816 430108 625399 506978 362587 359587 389601
threshold=11.949999809265138 0 17.650000572204593 62.500000000000007 68.500000000000014 24.050000190734867 4.055000066757203 1 13.949999809265138 2.8649998903274541 2 3 3.6049998998641972 1.0000000180025095e-35 904.83749389648449 4 1.1500000357627871 5 75.500000000000014 1.0000000180025095e-35 6 7 26.150000572204593 1.0000000180025095e-35
decision_type=2 1 2 2 2 2 2 1 2 2 1 1 2 2 2 1 2 1 2 2 1 1 2 2
left_child=11 4 -3 14 5 6 -2 22 9 10 -6 12 16 -14 -4 -9 17 -1 20 -20 -18 -8 -7 -24
right_child=1 2 3 -5 8 7 21 15 -10 -11 -12 -13 13 -15 -16 -17 18 -19 19 -21 -22 -23 23 -25
leaf_value=-0.0006200168782492004 0.00041612603592508881 -0.00018229328686950163 -0.00012811013968141082 -0.0037387719140136375 0.0019985422367738495 -0.00025517231655859072 -0.0013244707106126539 -0.0010807778160700427 -0.00068137342909293543 -0.001129343557961201 -3.5854006320578317e-05 -8.7734635567455324e-05 0.00027625405413076435 -0.0019390773501836514 -0.0018779185945828902 0.00057271038221324286 -0.00040276920523069104 0.00048271549832381341 0.001056539891864943 -0.0070650690491831864 0.00074315189987995218 -4.1102336512945514e-05 -0.0019563866757714514 -0.00010721216835243233
leaf_weight=5594259.2707519531 50536694.191163063 18058059.67750895 7878869.4695171118 7698334.2976115942 3209193.3970336914 6198979.4223327637 3981743.360534668 1621028.846141696 31152240.955285788 3643679.2731794119 3427609.6593548059 26048105.913506389 17220014.855499268 6376781.8184738159 12511449.763153076 7449244.0428009033 6329381.0788345337 10376949.796638489 30990730.498046875 579396.35021209717 19764615.686294556 6240667.2696037292 4714457.2937011719 1651994.9736328125
leaf_count=3820 36421 46615 23553 19020 1542 3426 1777 805 31092 4136 6762 88692 11019 7041 8690 4861 4517 7807 23179 723 14722 3646 2401 1256
internal_value=-6.14385e-06 -0.00180735 -0.00505546 -0.00779215 -0.000596879 0.000697214 0.00200266 -0.00296885 -0.00317037 0.00167541 0.00663707 0.00247729 0.00329031 -3.04028e-05 -0.00535593 0.00166953 0.00435445 0.00117594 0.0052348 0.00707497 0.00300844 -0.00371768 -0.00631703 -0.0102292
internal_weight=2.93254e+08 1.69974e+08 4.61467e+07 2.80887e+07 1.23828e+08 8.23948e+07 6.07591e+07 2.16357e+07 4.14327e+07 1.02805e+07 6.6368e+06 1.2328e+08 9.72321e+07 2.35968e+07 2.03903e+07 9.07027e+06 7.36353e+07 1.59712e+07 5.76641e+07 3.15701e+07 2.6094e+07 1.02224e+07 1.25654e+07 6.36645e+06
internal_count=357523 196003 97878 51263 98125 54593 41844 12749 43532 12440 8304 161520 72828 18060 32243 5666 54768 11627 43141 23902 19239 5423 7083 3657
cat_boundaries=0 2 3 4 5 6 7 8 9
cat_threshold=137218 262144 130816 1569024 524160 16 253952 1920 20
is_linear=0
shrinkage=0.0234364


Tree=61
num_leaves=25
num_cat=5
split_feature=2 20 1 18 2 18 19 18 1 10 8 7 4 7 8 1 7 7 8 8 8 8 7 7
split_gain=693922 565165 410331 401606 628779 367697 381501 365474 362114 330609 307071 761581 534068 427844 350612 354714 317138 302449 577233 559446 452938 441409 533577 430070
threshold=0 4.5000000000000009 1 1.825000047683716 2 5.5350000858306894 26.500000000000004 4.5250000953674325 3 1.0000000180025095e-35 41164.537109375007 44393.714843750007 1662.4375000000002 45935.214843750007 47625.697265625007 4 43394.714843750007 27167.213867187504 27831.125000000004 28268.875000000004 25873.214843750004 15833.839355468752 14709.500000000002 12233.500000000002
decision_type=1 2 1 2 1 2 2 2 1 2 2 2 2 2 2 1 2 2 2 2 2 2 2 2
left_child=10 3 7 9 -5 6 -4 -3 -6 -2 12 14 -1 -13 15 -12 -16 18 20 -19 21 23 -23 -8
right_child=1 2 5 4 8 -7 17 -9 -10 -11 11 13 -14 -15 16 -17 -18 19 -20 -21 -22 22 -24 -25
leaf_value=-0.00010084983364731365 0.0010369914557613485 -0.00026617322534783645 0.0013746438082141009 0.0012565382535021925 0.00059938612835334036 -0.0015754444662724916 -0.00010166140116488163 -0.0018428135243381252 -0.0012129661482212844 -0.001591337575020279 2.9896881472987937e-05 -0.0010564171513288152 -0.00069234215800140415 -2.6559881588263742e-05 -0.0020460515645726713 0.001920465190949721 0.00064670965257335807 0.0017049246961549456 -0.0010537277041945353 0.00012856033821970669 0.0013899003360198182 -0.0020105637259625474 -0.00017909856715802582 0.001348063049603606
leaf_weight=36791768.994066954 13826956.436496258 26083155.639640331 2461787.4816741943 7363882.2122702599 2792764.0122551918 1718342.9092559814 11671576.621253967 3191012.3330987692 4908065.2129585743 394140.0065536499 1209079.4465026855 2444457.5739841461 36443973.806884766 12052241.379515171 611081.1651506424 3199361.2517857552 609955.60277223587 6012208.3208007812 5945332.4802246094 60737440.863098145 3758658.7027587891 2526179.3610992432 37496828.8074646 8767691.2426147461
leaf_count=74101 19968 79810 1899 14277 4903 1440 38072 4772 6286 298 563 1133 16206 5482 269 1690 281 3827 3543 28684 2403 2547 33691 10668
internal_value=-9.81877e-05 0.000681719 0.000164745 0.00368921 0.00102267 0.000688642 0.000821484 -0.00236034 -0.00365946 0.00651394 -0.00176603 0.000797898 -0.00247063 -0.00204308 0.00811381 0.011192 -0.00299962 0.000657069 -0.00041729 0.00178642 0.000229483 -0.000261251 -0.00169227 0.0025409
internal_weight=2.93018e+08 1.99656e+08 1.7037e+08 2.92858e+07 1.50647e+07 1.41096e+08 1.39378e+08 2.92742e+07 7.70083e+06 1.42211e+07 9.33619e+07 2.01262e+07 7.32357e+07 1.44967e+07 5.62948e+06 4.40844e+06 1.22104e+06 1.36916e+08 7.01663e+07 6.67496e+07 6.42209e+07 6.04623e+07 4.0023e+07 2.04393e+07
internal_count=356813 257088 211356 45732 25466 126774 125334 84582 11189 20266 99725 9418 90307 6615 2803 2253 550 123435 90924 32511 87381 84978 36238 48740
cat_boundaries=0 1 2 3 4 5
cat_threshold=17 12681279 98 16515169 16515072
is_linear=0
shrinkage=0.0234364


Tree=62
num_leaves=25
num_cat=8
split_feature=15 0 18 15 1 4 9 15 7 1 15 2 4 7 7 4 7 18 21 2 2 9 2 1
split_gain=2.39552e+06 1.32455e+06 900609 1.1659e+06 962899 829586 799291 616180 608248 602387 494897 470055 383992 702151 393855 378356 388090 342282 335755 321558 299970 295778 289079 287636
threshold=13.949999809265138 0 2.9650000333786015 10.650000095367433 1 1043.1875000000002 1.0000000180025095e-35 1.1500000357627871 13015.428710937502 2 26.150000572204593 3 3383.4047851562505 38236.357421875007 44669.142578125007 1798.5476074218752 25992.000000000004 1.5049999952316286 1.0000000180025095e-35 4 5 1.0000000180025095e-35 6 7
decision_type=2 1 2 2 1 2 2 2 2 1 2 1 2 2 2 2 2 2 2 1 1 2 1 1
left_child=2 5 4 6 7 -2 19 23 -7 10 12 -11 13 15 -15 16 -3 -9 -5 -4 -6 -12 -19 -1
right_child=1 9 3 18 20 8 -8 17 -10 11 21 -13 -14 14 -16 -17 -18 22 -20 -21 -22 -23 -24 -25
leaf_value=0.00047244739533681989 -0.00045983570614952396 -0.00053207942382604986 0.0012667877375242978 -0.00063377358818589031 0.00046990537176887427 0.0017798804101921959 -0.0010873700482976023 0.0013835316720183842 -0.0022546234834695512 -0.00036163441667141314 -0.0019178638642582994 0.00029012256635726797 -0.00066476895042972574 0.0014399917114606949 -4.9790332878733329e-05 -0.00076155211230775107 0.00095916923967854595 0.0014508004227230188 -0.0015144144262227972 0.00037295028885754881 -0.00016685120853404542 -0.00014968623576247915 0.00065135548596155057 -0.00039370963227305738
leaf_weight=4760017.9785461426 14723714.638779879 11069231.013010859 3453356.8590576649 9176463.3990379572 14359750.978724599 1822288.9311523438 10806901.893251061 14062169.88381958 18649268.749023438 19646297.553254128 3350204.4434814453 43517761.992179275 6273240.6779785156 3964898.1206450462 3752954.9162170887 14712244.243896484 4802969.3656008244 6106156.6747131348 4614931.914839983 30995525.36314857 20507525.404518962 1242779.0329030752 21097802.45463562 5218293.6094970703
leaf_count=3596 51684 16979 4273 11005 35223 1610 18562 11074 11860 16127 1898 42804 1615 2221 2217 6567 6259 5202 4878 31314 50365 1148 14854 3653
internal_value=-8.03748e-05 -0.00218354 0.00205712 -0.000172184 0.00358576 -0.00615088 0.00164579 0.00563001 -0.00920237 -0.000940524 -0.00288574 0.000573679 -0.00213099 -0.00125067 0.0050661 -0.00284468 -0.000335042 0.00689374 -0.00613778 0.00339028 0.000581311 -0.0102107 0.00535914 0.000403775
internal_weight=2.92687e+08 1.47528e+08 1.45159e+08 5.90472e+07 8.61117e+07 3.51953e+07 4.52558e+07 5.12444e+07 2.04716e+07 1.12333e+08 4.91685e+07 6.31641e+07 4.45755e+07 3.83023e+07 7.71785e+06 3.05844e+07 1.58722e+07 4.12661e+07 1.37914e+07 3.44489e+07 3.48673e+07 4.59298e+06 2.7204e+07 9.97831e+06
internal_count=356988 162989 193999 70032 123967 65154 54149 38379 13470 97835 38904 58931 35858 34243 4438 29805 23238 31130 15883 35587 85588 3046 20056 7249
cat_boundaries=0 1 2 3 4 5 6 7 8
cat_threshold=335544480 261888 117682 17 8 42 80 3840
is_linear=0
shrinkage=0.0234364


end of trees

feature_importances:
level_28=257
temperature_c=177
hour=153
route_id=131
level_7=123
wind_speed_ms=115
humidity_pct=99
day_of_week=97
precipitation_mm=59
cloud_cover_pct=55
is_dayoff=44
p_daytype_28=38
traffic_congestion_index=36
p_daytype_56=33
traffic_duration_s=33
p_hour_28=22
is_rain=16
is_short_day=9
is_sunday_profile=7
p_dow_56=6
is_holiday=2

parameters:
[boosting: gbdt]
[objective: regression_l1]
[metric: l1]
[tree_learner: serial]
[device_type: cpu]
[data_sample_strategy: bagging]
[data: ]
[valid: ]
[num_iterations: 63]
[learning_rate: 0.0234364]
[num_leaves: 25]
[num_threads: 0]
[seed: 42]
[deterministic: 0]
[force_col_wise: 0]
[force_row_wise: 0]
[histogram_pool_size: -1]
[max_depth: -1]
[min_data_in_leaf: 11]
[min_sum_hessian_in_leaf: 0.001]
[bagging_fraction: 0.694339]
[pos_bagging_fraction: 1]
[neg_bagging_fraction: 1]
[bagging_freq: 1]
[bagging_seed: 400]
[bagging_by_query: 0]
[feature_fraction: 0.662665]
[feature_fraction_bynode: 1]
[feature_fraction_seed: 30056]
[extra_trees: 0]
[extra_seed: 12879]
[early_stopping_round: 0]
[early_stopping_min_delta: 0]
[first_metric_only: 0]
[max_delta_step: 0]
[lambda_l1: 0]
[lambda_l2: 0.0164007]
[linear_lambda: 0]
[min_gain_to_split: 0]
[drop_rate: 0.1]
[max_drop: 50]
[skip_drop: 0.5]
[xgboost_dart_mode: 0]
[uniform_drop: 0]
[drop_seed: 17869]
[top_rate: 0.2]
[other_rate: 0.1]
[min_data_per_group: 100]
[max_cat_threshold: 32]
[cat_l2: 10]
[cat_smooth: 10]
[max_cat_to_onehot: 4]
[top_k: 20]
[monotone_constraints: ]
[monotone_constraints_method: basic]
[monotone_penalty: 0]
[feature_contri: ]
[forcedsplits_filename: ]
[refit_decay_rate: 0.9]
[cegb_tradeoff: 1]
[cegb_penalty_split: 0]
[cegb_penalty_feature_lazy: ]
[cegb_penalty_feature_coupled: ]
[path_smooth: 0]
[interaction_constraints: ]
[verbosity: -1]
[saved_feature_importance_type: 0]
[use_quantized_grad: 0]
[num_grad_quant_bins: 4]
[quant_train_renew_leaf: 0]
[stochastic_rounding: 1]
[linear_tree: 0]
[max_bin: 255]
[max_bin_by_feature: ]
[min_data_in_bin: 3]
[bin_construct_sample_cnt: 200000]
[data_random_seed: 175]
[is_enable_sparse: 1]
[enable_bundle: 1]
[use_missing: 1]
[zero_as_missing: 0]
[feature_pre_filter: 1]
[pre_partition: 0]
[two_round: 0]
[header: 0]
[label_column: ]
[weight_column: ]
[group_column: ]
[ignore_column: ]
[categorical_feature: 0,1,2]
[forcedbins_filename: ]
[precise_float_parser: 0]
[parser_config_file: ]
[objective_seed: 16083]
[num_class: 1]
[is_unbalance: 0]
[scale_pos_weight: 1]
[sigmoid: 1]
[boost_from_average: 1]
[reg_sqrt: 0]
[alpha: 0.9]
[fair_c: 1]
[poisson_max_delta_step: 0.7]
[tweedie_variance_power: 1.5]
[lambdarank_truncation_level: 30]
[lambdarank_norm: 1]
[label_gain: ]
[lambdarank_position_bias_regularization: 0]
[eval_at: ]
[multi_error_top_k: 1]
[auc_mu_weights: ]
[num_machines: 1]
[local_listen_port: 12400]
[time_out: 120]
[machine_list_filename: ]
[machines: ]
[gpu_platform_id: -1]
[gpu_device_id: -1]
[gpu_device_id_list: ]
[gpu_use_dp: 0]
[num_gpu: 1]

end of parameters

pandas_categorical:[]
