route;date;hour;prediction
1;2025-11-01;0;5
1;2025-11-01;1;1
1;2025-11-01;2;1
1;2025-11-01;3;1
1;2025-11-01;4;10
1;2025-11-01;5;125
1;2025-11-01;6;500
1;2025-11-01;7;1527
1;2025-11-01;8;1995
1;2025-11-01;9;1512
1;2025-11-01;10;1366
1;2025-11-01;11;1371
1;2025-11-01;12;1420
1;2025-11-01;13;1472
1;2025-11-01;14;1411
1;2025-11-01;15;1547
1;2025-11-01;16;1593
1;2025-11-01;17;1879
1;2025-11-01;18;1859
1;2025-11-01;19;1376
1;2025-11-01;20;876
1;2025-11-01;21;474
1;2025-11-01;22;183
1;2025-11-01;23;41
1;2025-11-02;0;1
1;2025-11-02;1;1
1;2025-11-02;2;1
1;2025-11-02;3;1
1;2025-11-02;4;1
1;2025-11-02;5;22
1;2025-11-02;6;117
1;2025-11-02;7;271
1;2025-11-02;8;366
1;2025-11-02;9;641
1;2025-11-02;10;714
1;2025-11-02;11;754
1;2025-11-02;12;869
1;2025-11-02;13;879
1;2025-11-02;14;831
1;2025-11-02;15;740
1;2025-11-02;16;679
1;2025-11-02;17;598
1;2025-11-02;18;516
1;2025-11-02;19;443
1;2025-11-02;20;339
1;2025-11-02;21;278
1;2025-11-02;22;102
1;2025-11-02;23;27
1;2025-11-03;0;1
1;2025-11-03;1;1
1;2025-11-03;2;1
1;2025-11-03;3;1
1;2025-11-03;4;1
1;2025-11-03;5;22
1;2025-11-03;6;116
1;2025-11-03;7;268
1;2025-11-03;8;361
1;2025-11-03;9;626
1;2025-11-03;10;682
1;2025-11-03;11;704
1;2025-11-03;12;807
1;2025-11-03;13;836
1;2025-11-03;14;781
1;2025-11-03;15;700
1;2025-11-03;16;650
1;2025-11-03;17;574
1;2025-11-03;18;503
1;2025-11-03;19;432
1;2025-11-03;20;329
1;2025-11-03;21;269
1;2025-11-03;22;99
1;2025-11-03;23;27
1;2025-11-04;0;1
1;2025-11-04;1;1
1;2025-11-04;2;1
1;2025-11-04;3;1
1;2025-11-04;4;1
1;2025-11-04;5;21
1;2025-11-04;6;114
1;2025-11-04;7;260
1;2025-11-04;8;346
1;2025-11-04;9;602
1;2025-11-04;10;670
1;2025-11-04;11;708
1;2025-11-04;12;809
1;2025-11-04;13;836
1;2025-11-04;14;822
1;2025-11-04;15;733
1;2025-11-04;16;673
1;2025-11-04;17;597
1;2025-11-04;18;517
1;2025-11-04;19;446
1;2025-11-04;20;339
1;2025-11-04;21;277
1;2025-11-04;22;102
1;2025-11-04;23;27
1;2025-11-05;0;5
1;2025-11-05;1;1
1;2025-11-05;2;1
1;2025-11-05;3;1
1;2025-11-05;4;10
1;2025-11-05;5;125
1;2025-11-05;6;503
1;2025-11-05;7;1527
1;2025-11-05;8;1997
1;2025-11-05;9;1525
1;2025-11-05;10;1374
1;2025-11-05;11;1373
1;2025-11-05;12;1419
1;2025-11-05;13;1475
1;2025-11-05;14;1409
1;2025-11-05;15;1544
1;2025-11-05;16;1586
1;2025-11-05;17;1866
1;2025-11-05;18;1846
1;2025-11-05;19;1367
1;2025-11-05;20;877
1;2025-11-05;21;474
1;2025-11-05;22;183
1;2025-11-05;23;41
1;2025-11-06;0;5
1;2025-11-06;1;1
1;2025-11-06;2;1
1;2025-11-06;3;1
1;2025-11-06;4;10
1;2025-11-06;5;125
1;2025-11-06;6;502
1;2025-11-06;7;1531
1;2025-11-06;8;2000
1;2025-11-06;9;1525
1;2025-11-06;10;1376
1;2025-11-06;11;1350
1;2025-11-06;12;1435
1;2025-11-06;13;1488
1;2025-11-06;14;1415
1;2025-11-06;15;1531
1;2025-11-06;16;1576
1;2025-11-06;17;1871
1;2025-11-06;18;1862
1;2025-11-06;19;1376
1;2025-11-06;20;866
1;2025-11-06;21;478
1;2025-11-06;22;184
1;2025-11-06;23;41
1;2025-11-07;0;5
1;2025-11-07;1;1
1;2025-11-07;2;1
1;2025-11-07;3;1
1;2025-11-07;4;10
1;2025-11-07;5;125
1;2025-11-07;6;499
1;2025-11-07;7;1511
1;2025-11-07;8;1989
1;2025-11-07;9;1483
1;2025-11-07;10;1358
1;2025-11-07;11;1392
1;2025-11-07;12;1443
1;2025-11-07;13;1498
1;2025-11-07;14;1433
1;2025-11-07;15;1577
1;2025-11-07;16;1620
1;2025-11-07;17;1872
1;2025-11-07;18;1785
1;2025-11-07;19;1343
1;2025-11-07;20;872
1;2025-11-07;21;475
1;2025-11-07;22;182
1;2025-11-07;23;41
1;2025-11-08;0;5
1;2025-11-08;1;1
1;2025-11-08;2;1
1;2025-11-08;3;1
1;2025-11-08;4;1
1;2025-11-08;5;32
1;2025-11-08;6;152
1;2025-11-08;7;351
1;2025-11-08;8;486
1;2025-11-08;9;758
1;2025-11-08;10;929
1;2025-11-08;11;920
1;2025-11-08;12;1088
1;2025-11-08;13;1140
1;2025-11-08;14;1084
1;2025-11-08;15;940
1;2025-11-08;16;798
1;2025-11-08;17;755
1;2025-11-08;18;661
1;2025-11-08;19;565
1;2025-11-08;20;430
1;2025-11-08;21;301
1;2025-11-08;22;120
1;2025-11-08;23;26
1;2025-11-09;0;1
1;2025-11-09;1;1
1;2025-11-09;2;1
1;2025-11-09;3;1
1;2025-11-09;4;1
1;2025-11-09;5;22
1;2025-11-09;6;117
1;2025-11-09;7;270
1;2025-11-09;8;365
1;2025-11-09;9;637
1;2025-11-09;10;709
1;2025-11-09;11;749
1;2025-11-09;12;859
1;2025-11-09;13;890
1;2025-11-09;14;809
1;2025-11-09;15;738
1;2025-11-09;16;679
1;2025-11-09;17;598
1;2025-11-09;18;517
1;2025-11-09;19;444
1;2025-11-09;20;340
1;2025-11-09;21;278
1;2025-11-09;22;102
1;2025-11-09;23;27
1;2025-11-10;0;5
1;2025-11-10;1;1
1;2025-11-10;2;1
1;2025-11-10;3;1
1;2025-11-10;4;10
1;2025-11-10;5;126
1;2025-11-10;6;501
1;2025-11-10;7;1520
1;2025-11-10;8;1990
1;2025-11-10;9;1501
1;2025-11-10;10;1357
1;2025-11-10;11;1364
1;2025-11-10;12;1414
1;2025-11-10;13;1467
1;2025-11-10;14;1401
1;2025-11-10;15;1536
1;2025-11-10;16;1574
1;2025-11-10;17;1839
1;2025-11-10;18;1820
1;2025-11-10;19;1363
1;2025-11-10;20;875
1;2025-11-10;21;474
1;2025-11-10;22;183
1;2025-11-10;23;41
1;2025-11-11;0;5
1;2025-11-11;1;1
1;2025-11-11;2;1
1;2025-11-11;3;1
1;2025-11-11;4;10
1;2025-11-11;5;126
1;2025-11-11;6;506
1;2025-11-11;7;1535
1;2025-11-11;8;2007
1;2025-11-11;9;1537
1;2025-11-11;10;1386
1;2025-11-11;11;1393
1;2025-11-11;12;1442
1;2025-11-11;13;1494
1;2025-11-11;14;1418
1;2025-11-11;15;1555
1;2025-11-11;16;1600
1;2025-11-11;17;1889
1;2025-11-11;18;1873
1;2025-11-11;19;1386
1;2025-11-11;20;884
1;2025-11-11;21;479
1;2025-11-11;22;184
1;2025-11-11;23;41
1;2025-11-12;0;5
1;2025-11-12;1;1
1;2025-11-12;2;1
1;2025-11-12;3;1
1;2025-11-12;4;10
1;2025-11-12;5;126
1;2025-11-12;6;505
1;2025-11-12;7;1532
1;2025-11-12;8;2002
1;2025-11-12;9;1528
1;2025-11-12;10;1358
1;2025-11-12;11;1352
1;2025-11-12;12;1409
1;2025-11-12;13;1462
1;2025-11-12;14;1398
1;2025-11-12;15;1532
1;2025-11-12;16;1593
1;2025-11-12;17;1877
1;2025-11-12;18;1833
1;2025-11-12;19;1379
1;2025-11-12;20;883
1;2025-11-12;21;476
1;2025-11-12;22;184
1;2025-11-12;23;41
1;2025-11-13;0;5
1;2025-11-13;1;1
1;2025-11-13;2;1
1;2025-11-13;3;1
1;2025-11-13;4;10
1;2025-11-13;5;126
1;2025-11-13;6;500
1;2025-11-13;7;1537
1;2025-11-13;8;2010
1;2025-11-13;9;1536
1;2025-11-13;10;1387
1;2025-11-13;11;1390
1;2025-11-13;12;1440
1;2025-11-13;13;1487
1;2025-11-13;14;1414
1;2025-11-13;15;1548
1;2025-11-13;16;1590
1;2025-11-13;17;1875
1;2025-11-13;18;1861
1;2025-11-13;19;1381
1;2025-11-13;20;886
1;2025-11-13;21;478
1;2025-11-13;22;185
1;2025-11-13;23;41
1;2025-11-14;0;5
1;2025-11-14;1;1
1;2025-11-14;2;1
1;2025-11-14;3;1
1;2025-11-14;4;10
1;2025-11-14;5;123
1;2025-11-14;6;492
1;2025-11-14;7;1481
1;2025-11-14;8;1925
1;2025-11-14;9;1461
1;2025-11-14;10;1320
1;2025-11-14;11;1352
1;2025-11-14;12;1406
1;2025-11-14;13;1464
1;2025-11-14;14;1390
1;2025-11-14;15;1535
1;2025-11-14;16;1578
1;2025-11-14;17;1824
1;2025-11-14;18;1754
1;2025-11-14;19;1331
1;2025-11-14;20;874
1;2025-11-14;21;470
1;2025-11-14;22;182
1;2025-11-14;23;41
1;2025-11-15;0;5
1;2025-11-15;1;1
1;2025-11-15;2;1
1;2025-11-15;3;1
1;2025-11-15;4;1
1;2025-11-15;5;32
1;2025-11-15;6;151
1;2025-11-15;7;356
1;2025-11-15;8;501
1;2025-11-15;9;755
1;2025-11-15;10;950
1;2025-11-15;11;930
1;2025-11-15;12;1122
1;2025-11-15;13;1181
1;2025-11-15;14;1088
1;2025-11-15;15;947
1;2025-11-15;16;800
1;2025-11-15;17;739
1;2025-11-15;18;648
1;2025-11-15;19;559
1;2025-11-15;20;437
1;2025-11-15;21;307
1;2025-11-15;22;122
1;2025-11-15;23;26
1;2025-11-16;0;1
1;2025-11-16;1;1
1;2025-11-16;2;1
1;2025-11-16;3;1
1;2025-11-16;4;1
1;2025-11-16;5;22
1;2025-11-16;6;118
1;2025-11-16;7;271
1;2025-11-16;8;366
1;2025-11-16;9;639
1;2025-11-16;10;714
1;2025-11-16;11;760
1;2025-11-16;12;868
1;2025-11-16;13;901
1;2025-11-16;14;830
1;2025-11-16;15;741
1;2025-11-16;16;680
1;2025-11-16;17;600
1;2025-11-16;18;509
1;2025-11-16;19;445
1;2025-11-16;20;340
1;2025-11-16;21;280
1;2025-11-16;22;101
1;2025-11-16;23;27
1;2025-11-17;0;5
1;2025-11-17;1;1
1;2025-11-17;2;1
1;2025-11-17;3;1
1;2025-11-17;4;10
1;2025-11-17;5;126
1;2025-11-17;6;503
1;2025-11-17;7;1519
1;2025-11-17;8;1961
1;2025-11-17;9;1474
1;2025-11-17;10;1321
1;2025-11-17;11;1326
1;2025-11-17;12;1374
1;2025-11-17;13;1413
1;2025-11-17;14;1362
1;2025-11-17;15;1499
1;2025-11-17;16;1556
1;2025-11-17;17;1814
1;2025-11-17;18;1834
1;2025-11-17;19;1370
1;2025-11-17;20;880
1;2025-11-17;21;472
1;2025-11-17;22;184
1;2025-11-17;23;41
1;2025-11-18;0;5
1;2025-11-18;1;1
1;2025-11-18;2;1
1;2025-11-18;3;1
1;2025-11-18;4;10
1;2025-11-18;5;122
1;2025-11-18;6;486
1;2025-11-18;7;1484
1;2025-11-18;8;1923
1;2025-11-18;9;1442
1;2025-11-18;10;1289
1;2025-11-18;11;1319
1;2025-11-18;12;1371
1;2025-11-18;13;1409
1;2025-11-18;14;1350
1;2025-11-18;15;1508
1;2025-11-18;16;1549
1;2025-11-18;17;1833
1;2025-11-18;18;1797
1;2025-11-18;19;1348
1;2025-11-18;20;879
1;2025-11-18;21;471
1;2025-11-18;22;182
1;2025-11-18;23;40
1;2025-11-19;0;5
1;2025-11-19;1;1
1;2025-11-19;2;1
1;2025-11-19;3;1
1;2025-11-19;4;10
1;2025-11-19;5;127
1;2025-11-19;6;506
1;2025-11-19;7;1532
1;2025-11-19;8;2001
1;2025-11-19;9;1522
1;2025-11-19;10;1371
1;2025-11-19;11;1378
1;2025-11-19;12;1435
1;2025-11-19;13;1485
1;2025-11-19;14;1415
1;2025-11-19;15;1550
1;2025-11-19;16;1591
1;2025-11-19;17;1868
1;2025-11-19;18;1851
1;2025-11-19;19;1381
1;2025-11-19;20;887
1;2025-11-19;21;479
1;2025-11-19;22;185
1;2025-11-19;23;41
1;2025-11-20;0;5
1;2025-11-20;1;1
1;2025-11-20;2;1
1;2025-11-20;3;1
1;2025-11-20;4;10
1;2025-11-20;5;127
1;2025-11-20;6;507
1;2025-11-20;7;1534
1;2025-11-20;8;2004
1;2025-11-20;9;1524
1;2025-11-20;10;1377
1;2025-11-20;11;1386
1;2025-11-20;12;1436
1;2025-11-20;13;1486
1;2025-11-20;14;1421
1;2025-11-20;15;1552
1;2025-11-20;16;1591
1;2025-11-20;17;1872
1;2025-11-20;18;1858
1;2025-11-20;19;1384
1;2025-11-20;20;888
1;2025-11-20;21;480
1;2025-11-20;22;185
1;2025-11-20;23;41
1;2025-11-21;0;5
1;2025-11-21;1;1
1;2025-11-21;2;1
1;2025-11-21;3;1
1;2025-11-21;4;10
1;2025-11-21;5;125
1;2025-11-21;6;502
1;2025-11-21;7;1509
1;2025-11-21;8;1976
1;2025-11-21;9;1508
1;2025-11-21;10;1362
1;2025-11-21;11;1396
1;2025-11-21;12;1429
1;2025-11-21;13;1504
1;2025-11-21;14;1440
1;2025-11-21;15;1584
1;2025-11-21;16;1619
1;2025-11-21;17;1870
1;2025-11-21;18;1791
1;2025-11-21;19;1357
1;2025-11-21;20;883
1;2025-11-21;21;481
1;2025-11-21;22;184
1;2025-11-21;23;41
1;2025-11-22;0;5
1;2025-11-22;1;1
1;2025-11-22;2;1
1;2025-11-22;3;1
1;2025-11-22;4;1
1;2025-11-22;5;32
1;2025-11-22;6;155
1;2025-11-22;7;362
1;2025-11-22;8;501
1;2025-11-22;9;782
1;2025-11-22;10;964
1;2025-11-22;11;947
1;2025-11-22;12;1142
1;2025-11-22;13;1189
1;2025-11-22;14;1098
1;2025-11-22;15;949
1;2025-11-22;16;806
1;2025-11-22;17;761
1;2025-11-22;18;668
1;2025-11-22;19;572
1;2025-11-22;20;436
1;2025-11-22;21;304
1;2025-11-22;22;120
1;2025-11-22;23;26
1;2025-11-23;0;1
1;2025-11-23;1;1
1;2025-11-23;2;1
1;2025-11-23;3;1
1;2025-11-23;4;1
1;2025-11-23;5;22
1;2025-11-23;6;118
1;2025-11-23;7;271
1;2025-11-23;8;366
1;2025-11-23;9;640
1;2025-11-23;10;714
1;2025-11-23;11;752
1;2025-11-23;12;867
1;2025-11-23;13;904
1;2025-11-23;14;838
1;2025-11-23;15;750
1;2025-11-23;16;686
1;2025-11-23;17;602
1;2025-11-23;18;521
1;2025-11-23;19;449
1;2025-11-23;20;342
1;2025-11-23;21;280
1;2025-11-23;22;102
1;2025-11-23;23;27
1;2025-11-24;0;5
1;2025-11-24;1;1
1;2025-11-24;2;1
1;2025-11-24;3;1
1;2025-11-24;4;10
1;2025-11-24;5;122
1;2025-11-24;6;488
1;2025-11-24;7;1486
1;2025-11-24;8;1962
1;2025-11-24;9;1485
1;2025-11-24;10;1333
1;2025-11-24;11;1329
1;2025-11-24;12;1385
1;2025-11-24;13;1443
1;2025-11-24;14;1378
1;2025-11-24;15;1510
1;2025-11-24;16;1559
1;2025-11-24;17;1805
1;2025-11-24;18;1816
1;2025-11-24;19;1355
1;2025-11-24;20;872
1;2025-11-24;21;469
1;2025-11-24;22;182
1;2025-11-24;23;40
1;2025-11-25;0;5
1;2025-11-25;1;1
1;2025-11-25;2;1
1;2025-11-25;3;1
1;2025-11-25;4;10
1;2025-11-25;5;127
1;2025-11-25;6;506
1;2025-11-25;7;1532
1;2025-11-25;8;2002
1;2025-11-25;9;1522
1;2025-11-25;10;1375
1;2025-11-25;11;1385
1;2025-11-25;12;1434
1;2025-11-25;13;1490
1;2025-11-25;14;1420
1;2025-11-25;15;1550
1;2025-11-25;16;1589
1;2025-11-25;17;1870
1;2025-11-25;18;1856
1;2025-11-25;19;1382
1;2025-11-25;20;889
1;2025-11-25;21;480
1;2025-11-25;22;185
1;2025-11-25;23;41
1;2025-11-26;0;5
1;2025-11-26;1;1
1;2025-11-26;2;1
1;2025-11-26;3;1
1;2025-11-26;4;10
1;2025-11-26;5;126
1;2025-11-26;6;504
1;2025-11-26;7;1531
1;2025-11-26;8;1998
1;2025-11-26;9;1506
1;2025-11-26;10;1357
1;2025-11-26;11;1364
1;2025-11-26;12;1423
1;2025-11-26;13;1479
1;2025-11-26;14;1407
1;2025-11-26;15;1549
1;2025-11-26;16;1592
1;2025-11-26;17;1879
1;2025-11-26;18;1842
1;2025-11-26;19;1373
1;2025-11-26;20;885
1;2025-11-26;21;480
1;2025-11-26;22;185
1;2025-11-26;23;41
1;2025-11-27;0;5
1;2025-11-27;1;1
1;2025-11-27;2;1
1;2025-11-27;3;1
1;2025-11-27;4;10
1;2025-11-27;5;126
1;2025-11-27;6;506
1;2025-11-27;7;1535
1;2025-11-27;8;2006
1;2025-11-27;9;1528
1;2025-11-27;10;1380
1;2025-11-27;11;1374
1;2025-11-27;12;1402
1;2025-11-27;13;1470
1;2025-11-27;14;1394
1;2025-11-27;15;1553
1;2025-11-27;16;1596
1;2025-11-27;17;1840
1;2025-11-27;18;1818
1;2025-11-27;19;1347
1;2025-11-27;20;864
1;2025-11-27;21;468
1;2025-11-27;22;180
1;2025-11-27;23;39
1;2025-11-28;0;5
1;2025-11-28;1;1
1;2025-11-28;2;1
1;2025-11-28;3;1
1;2025-11-28;4;10
1;2025-11-28;5;124
1;2025-11-28;6;499
1;2025-11-28;7;1515
1;2025-11-28;8;1988
1;2025-11-28;9;1508
1;2025-11-28;10;1366
1;2025-11-28;11;1402
1;2025-11-28;12;1451
1;2025-11-28;13;1505
1;2025-11-28;14;1445
1;2025-11-28;15;1584
1;2025-11-28;16;1624
1;2025-11-28;17;1876
1;2025-11-28;18;1789
1;2025-11-28;19;1353
1;2025-11-28;20;880
1;2025-11-28;21;479
1;2025-11-28;22;183
1;2025-11-28;23;41
1;2025-11-29;0;5
1;2025-11-29;1;1
1;2025-11-29;2;1
1;2025-11-29;3;1
1;2025-11-29;4;2
1;2025-11-29;5;32
1;2025-11-29;6;156
1;2025-11-29;7;362
1;2025-11-29;8;503
1;2025-11-29;9;785
1;2025-11-29;10;961
1;2025-11-29;11;943
1;2025-11-29;12;1139
1;2025-11-29;13;1181
1;2025-11-29;14;1090
1;2025-11-29;15;944
1;2025-11-29;16;802
1;2025-11-29;17;759
1;2025-11-29;18;668
1;2025-11-29;19;572
1;2025-11-29;20;435
1;2025-11-29;21;305
1;2025-11-29;22;121
1;2025-11-29;23;26
1;2025-11-30;0;1
1;2025-11-30;1;1
1;2025-11-30;2;1
1;2025-11-30;3;1
1;2025-11-30;4;1
1;2025-11-30;5;22
1;2025-11-30;6;118
1;2025-11-30;7;271
1;2025-11-30;8;366
1;2025-11-30;9;643
1;2025-11-30;10;718
1;2025-11-30;11;758
1;2025-11-30;12;873
1;2025-11-30;13;905
1;2025-11-30;14;838
1;2025-11-30;15;744
1;2025-11-30;16;683
1;2025-11-30;17;605
1;2025-11-30;18;523
1;2025-11-30;19;450
1;2025-11-30;20;342
1;2025-11-30;21;279
1;2025-11-30;22;102
1;2025-11-30;23;27
1;2025-12-01;0;5
1;2025-12-01;1;1
1;2025-12-01;2;1
1;2025-12-01;3;1
1;2025-12-01;4;10
1;2025-12-01;5;126
1;2025-12-01;6;502
1;2025-12-01;7;1521
1;2025-12-01;8;1990
1;2025-12-01;9;1499
1;2025-12-01;10;1358
1;2025-12-01;11;1363
1;2025-12-01;12;1412
1;2025-12-01;13;1470
1;2025-12-01;14;1406
1;2025-12-01;15;1537
1;2025-12-01;16;1574
1;2025-12-01;17;1840
1;2025-12-01;18;1837
1;2025-12-01;19;1370
1;2025-12-01;20;879
1;2025-12-01;21;477
1;2025-12-01;22;184
1;2025-12-01;23;41
1;2025-12-02;0;5
1;2025-12-02;1;1
1;2025-12-02;2;1
1;2025-12-02;3;1
1;2025-12-02;4;10
1;2025-12-02;5;126
1;2025-12-02;6;506
1;2025-12-02;7;1532
1;2025-12-02;8;2002
1;2025-12-02;9;1529
1;2025-12-02;10;1380
1;2025-12-02;11;1393
1;2025-12-02;12;1442
1;2025-12-02;13;1495
1;2025-12-02;14;1421
1;2025-12-02;15;1552
1;2025-12-02;16;1593
1;2025-12-02;17;1881
1;2025-12-02;18;1870
1;2025-12-02;19;1393
1;2025-12-02;20;889
1;2025-12-02;21;480
1;2025-12-02;22;185
1;2025-12-02;23;41
1;2025-12-03;0;5
1;2025-12-03;1;1
1;2025-12-03;2;1
1;2025-12-03;3;1
1;2025-12-03;4;10
1;2025-12-03;5;126
1;2025-12-03;6;506
1;2025-12-03;7;1532
1;2025-12-03;8;2002
1;2025-12-03;9;1534
1;2025-12-03;10;1386
1;2025-12-03;11;1393
1;2025-12-03;12;1450
1;2025-12-03;13;1503
1;2025-12-03;14;1427
1;2025-12-03;15;1552
1;2025-12-03;16;1593
1;2025-12-03;17;1881
1;2025-12-03;18;1869
1;2025-12-03;19;1392
1;2025-12-03;20;888
1;2025-12-03;21;479
1;2025-12-03;22;185
1;2025-12-03;23;41
1;2025-12-04;0;5
1;2025-12-04;1;1
1;2025-12-04;2;1
1;2025-12-04;3;1
1;2025-12-04;4;10
1;2025-12-04;5;127
1;2025-12-04;6;507
1;2025-12-04;7;1534
1;2025-12-04;8;2004
1;2025-12-04;9;1531
1;2025-12-04;10;1383
1;2025-12-04;11;1395
1;2025-12-04;12;1443
1;2025-12-04;13;1496
1;2025-12-04;14;1422
1;2025-12-04;15;1556
1;2025-12-04;16;1595
1;2025-12-04;17;1880
1;2025-12-04;18;1865
1;2025-12-04;19;1382
1;2025-12-04;20;887
1;2025-12-04;21;479
1;2025-12-04;22;185
1;2025-12-04;23;41
1;2025-12-05;0;5
1;2025-12-05;1;1
1;2025-12-05;2;1
1;2025-12-05;3;1
1;2025-12-05;4;10
1;2025-12-05;5;125
1;2025-12-05;6;504
1;2025-12-05;7;1514
1;2025-12-05;8;1997
1;2025-12-05;9;1513
1;2025-12-05;10;1367
1;2025-12-05;11;1402
1;2025-12-05;12;1455
1;2025-12-05;13;1509
1;2025-12-05;14;1445
1;2025-12-05;15;1587
1;2025-12-05;16;1624
1;2025-12-05;17;1876
1;2025-12-05;18;1792
1;2025-12-05;19;1352
1;2025-12-05;20;880
1;2025-12-05;21;480
1;2025-12-05;22;183
1;2025-12-05;23;41
1;2025-12-06;0;5
1;2025-12-06;1;1
1;2025-12-06;2;1
1;2025-12-06;3;1
1;2025-12-06;4;2
1;2025-12-06;5;32
1;2025-12-06;6;156
1;2025-12-06;7;363
1;2025-12-06;8;503
1;2025-12-06;9;786
1;2025-12-06;10;963
1;2025-12-06;11;944
1;2025-12-06;12;1140
1;2025-12-06;13;1182
1;2025-12-06;14;1091
1;2025-12-06;15;948
1;2025-12-06;16;804
1;2025-12-06;17;761
1;2025-12-06;18;668
1;2025-12-06;19;572
1;2025-12-06;20;435
1;2025-12-06;21;304
1;2025-12-06;22;121
1;2025-12-06;23;26
1;2025-12-07;0;1
1;2025-12-07;1;1
1;2025-12-07;2;1
1;2025-12-07;3;1
1;2025-12-07;4;1
1;2025-12-07;5;22
1;2025-12-07;6;118
1;2025-12-07;7;271
1;2025-12-07;8;366
1;2025-12-07;9;640
1;2025-12-07;10;713
1;2025-12-07;11;753
1;2025-12-07;12;864
1;2025-12-07;13;894
1;2025-12-07;14;833
1;2025-12-07;15;741
1;2025-12-07;16;680
1;2025-12-07;17;599
1;2025-12-07;18;518
1;2025-12-07;19;447
1;2025-12-07;20;342
1;2025-12-07;21;280
1;2025-12-07;22;102
1;2025-12-07;23;28
1;2025-12-08;0;5
1;2025-12-08;1;1
1;2025-12-08;2;1
1;2025-12-08;3;1
1;2025-12-08;4;10
1;2025-12-08;5;125
1;2025-12-08;6;501
1;2025-12-08;7;1519
1;2025-12-08;8;1978
1;2025-12-08;9;1498
1;2025-12-08;10;1352
1;2025-12-08;11;1363
1;2025-12-08;12;1412
1;2025-12-08;13;1467
1;2025-12-08;14;1402
1;2025-12-08;15;1537
1;2025-12-08;16;1575
1;2025-12-08;17;1838
1;2025-12-08;18;1830
1;2025-12-08;19;1370
1;2025-12-08;20;879
1;2025-12-08;21;477
1;2025-12-08;22;185
1;2025-12-08;23;41
1;2025-12-09;0;5
1;2025-12-09;1;1
1;2025-12-09;2;1
1;2025-12-09;3;1
1;2025-12-09;4;10
1;2025-12-09;5;127
1;2025-12-09;6;506
1;2025-12-09;7;1529
1;2025-12-09;8;1995
1;2025-12-09;9;1522
1;2025-12-09;10;1370
1;2025-12-09;11;1366
1;2025-12-09;12;1412
1;2025-12-09;13;1466
1;2025-12-09;14;1398
1;2025-12-09;15;1548
1;2025-12-09;16;1589
1;2025-12-09;17;1846
1;2025-12-09;18;1834
1;2025-12-09;19;1382
1;2025-12-09;20;890
1;2025-12-09;21;477
1;2025-12-09;22;185
1;2025-12-09;23;41
1;2025-12-10;0;5
1;2025-12-10;1;1
1;2025-12-10;2;1
1;2025-12-10;3;1
1;2025-12-10;4;10
1;2025-12-10;5;126
1;2025-12-10;6;504
1;2025-12-10;7;1524
1;2025-12-10;8;1997
1;2025-12-10;9;1528
1;2025-12-10;10;1380
1;2025-12-10;11;1390
1;2025-12-10;12;1439
1;2025-12-10;13;1490
1;2025-12-10;14;1416
1;2025-12-10;15;1550
1;2025-12-10;16;1589
1;2025-12-10;17;1873
1;2025-12-10;18;1861
1;2025-12-10;19;1386
1;2025-12-10;20;888
1;2025-12-10;21;479
1;2025-12-10;22;185
1;2025-12-10;23;41
1;2025-12-11;0;5
1;2025-12-11;1;1
1;2025-12-11;2;1
1;2025-12-11;3;1
1;2025-12-11;4;10
1;2025-12-11;5;128
1;2025-12-11;6;509
1;2025-12-11;7;1534
1;2025-12-11;8;1997
1;2025-12-11;9;1485
1;2025-12-11;10;1350
1;2025-12-11;11;1360
1;2025-12-11;12;1414
1;2025-12-11;13;1476
1;2025-12-11;14;1418
1;2025-12-11;15;1545
1;2025-12-11;16;1582
1;2025-12-11;17;1867
1;2025-12-11;18;1843
1;2025-12-11;19;1357
1;2025-12-11;20;876
1;2025-12-11;21;474
1;2025-12-11;22;185
1;2025-12-11;23;41
1;2025-12-12;0;5
1;2025-12-12;1;1
1;2025-12-12;2;1
1;2025-12-12;3;1
1;2025-12-12;4;10
1;2025-12-12;5;125
1;2025-12-12;6;500
1;2025-12-12;7;1512
1;2025-12-12;8;1982
1;2025-12-12;9;1504
1;2025-12-12;10;1359
1;2025-12-12;11;1395
1;2025-12-12;12;1397
1;2025-12-12;13;1454
1;2025-12-12;14;1393
1;2025-12-12;15;1529
1;2025-12-12;16;1576
1;2025-12-12;17;1802
1;2025-12-12;18;1754
1;2025-12-12;19;1332
1;2025-12-12;20;872
1;2025-12-12;21;472
1;2025-12-12;22;180
1;2025-12-12;23;40
1;2025-12-13;0;5
1;2025-12-13;1;1
1;2025-12-13;2;1
1;2025-12-13;3;1
1;2025-12-13;4;1
1;2025-12-13;5;31
1;2025-12-13;6;149
1;2025-12-13;7;344
1;2025-12-13;8;477
1;2025-12-13;9;743
1;2025-12-13;10;912
1;2025-12-13;11;894
1;2025-12-13;12;1080
1;2025-12-13;13;1126
1;2025-12-13;14;1027
1;2025-12-13;15;890
1;2025-12-13;16;757
1;2025-12-13;17;719
1;2025-12-13;18;639
1;2025-12-13;19;552
1;2025-12-13;20;422
1;2025-12-13;21;296
1;2025-12-13;22;118
1;2025-12-13;23;25
1;2025-12-14;0;1
1;2025-12-14;1;1
1;2025-12-14;2;1
1;2025-12-14;3;1
1;2025-12-14;4;1
1;2025-12-14;5;21
1;2025-12-14;6;118
1;2025-12-14;7;271
1;2025-12-14;8;358
1;2025-12-14;9;618
1;2025-12-14;10;687
1;2025-12-14;11;727
1;2025-12-14;12;824
1;2025-12-14;13;853
1;2025-12-14;14;792
1;2025-12-14;15;707
1;2025-12-14;16;666
1;2025-12-14;17;586
1;2025-12-14;18;514
1;2025-12-14;19;448
1;2025-12-14;20;342
1;2025-12-14;21;280
1;2025-12-14;22;102
1;2025-12-14;23;28
1;2025-12-15;0;5
1;2025-12-15;1;1
1;2025-12-15;2;1
1;2025-12-15;3;1
1;2025-12-15;4;10
1;2025-12-15;5;125
1;2025-12-15;6;500
1;2025-12-15;7;1513
1;2025-12-15;8;1978
1;2025-12-15;9;1493
1;2025-12-15;10;1351
1;2025-12-15;11;1357
1;2025-12-15;12;1402
1;2025-12-15;13;1456
1;2025-12-15;14;1393
1;2025-12-15;15;1527
1;2025-12-15;16;1565
1;2025-12-15;17;1831
1;2025-12-15;18;1817
1;2025-12-15;19;1359
1;2025-12-15;20;874
1;2025-12-15;21;474
1;2025-12-15;22;183
1;2025-12-15;23;41
1;2025-12-16;0;5
1;2025-12-16;1;1
1;2025-12-16;2;1
1;2025-12-16;3;1
1;2025-12-16;4;10
1;2025-12-16;5;126
1;2025-12-16;6;506
1;2025-12-16;7;1532
1;2025-12-16;8;2002
1;2025-12-16;9;1528
1;2025-12-16;10;1380
1;2025-12-16;11;1384
1;2025-12-16;12;1430
1;2025-12-16;13;1457
1;2025-12-16;14;1416
1;2025-12-16;15;1548
1;2025-12-16;16;1590
1;2025-12-16;17;1871
1;2025-12-16;18;1858
1;2025-12-16;19;1385
1;2025-12-16;20;891
1;2025-12-16;21;480
1;2025-12-16;22;185
1;2025-12-16;23;41
1;2025-12-17;0;5
1;2025-12-17;1;1
1;2025-12-17;2;1
1;2025-12-17;3;1
1;2025-12-17;4;10
1;2025-12-17;5;126
1;2025-12-17;6;505
1;2025-12-17;7;1532
1;2025-12-17;8;2002
1;2025-12-17;9;1528
1;2025-12-17;10;1381
1;2025-12-17;11;1391
1;2025-12-17;12;1441
1;2025-12-17;13;1494
1;2025-12-17;14;1420
1;2025-12-17;15;1554
1;2025-12-17;16;1589
1;2025-12-17;17;1873
1;2025-12-17;18;1861
1;2025-12-17;19;1386
1;2025-12-17;20;888
1;2025-12-17;21;479
1;2025-12-17;22;185
1;2025-12-17;23;41
1;2025-12-18;0;5
1;2025-12-18;1;1
1;2025-12-18;2;1
1;2025-12-18;3;1
1;2025-12-18;4;10
1;2025-12-18;5;127
1;2025-12-18;6;507
1;2025-12-18;7;1538
1;2025-12-18;8;2006
1;2025-12-18;9;1531
1;2025-12-18;10;1382
1;2025-12-18;11;1389
1;2025-12-18;12;1442
1;2025-12-18;13;1494
1;2025-12-18;14;1420
1;2025-12-18;15;1554
1;2025-12-18;16;1594
1;2025-12-18;17;1881
1;2025-12-18;18;1868
1;2025-12-18;19;1394
1;2025-12-18;20;895
1;2025-12-18;21;480
1;2025-12-18;22;185
1;2025-12-18;23;41
1;2025-12-19;0;5
1;2025-12-19;1;1
1;2025-12-19;2;1
1;2025-12-19;3;1
1;2025-12-19;4;10
1;2025-12-19;5;125
1;2025-12-19;6;504
1;2025-12-19;7;1514
1;2025-12-19;8;1988
1;2025-12-19;9;1510
1;2025-12-19;10;1363
1;2025-12-19;11;1396
1;2025-12-19;12;1448
1;2025-12-19;13;1501
1;2025-12-19;14;1437
1;2025-12-19;15;1579
1;2025-12-19;16;1614
1;2025-12-19;17;1865
1;2025-12-19;18;1817
1;2025-12-19;19;1355
1;2025-12-19;20;883
1;2025-12-19;21;481
1;2025-12-19;22;184
1;2025-12-19;23;41
1;2025-12-20;0;5
1;2025-12-20;1;1
1;2025-12-20;2;1
1;2025-12-20;3;1
1;2025-12-20;4;2
1;2025-12-20;5;32
1;2025-12-20;6;156
1;2025-12-20;7;362
1;2025-12-20;8;503
1;2025-12-20;9;780
1;2025-12-20;10;961
1;2025-12-20;11;942
1;2025-12-20;12;1138
1;2025-12-20;13;1181
1;2025-12-20;14;1090
1;2025-12-20;15;944
1;2025-12-20;16;801
1;2025-12-20;17;755
1;2025-12-20;18;656
1;2025-12-20;19;565
1;2025-12-20;20;428
1;2025-12-20;21;299
1;2025-12-20;22;119
1;2025-12-20;23;26
1;2025-12-21;0;1
1;2025-12-21;1;1
1;2025-12-21;2;1
1;2025-12-21;3;1
1;2025-12-21;4;1
1;2025-12-21;5;22
1;2025-12-21;6;117
1;2025-12-21;7;271
1;2025-12-21;8;365
1;2025-12-21;9;640
1;2025-12-21;10;713
1;2025-12-21;11;753
1;2025-12-21;12;866
1;2025-12-21;13;898
1;2025-12-21;14;832
1;2025-12-21;15;741
1;2025-12-21;16;680
1;2025-12-21;17;600
1;2025-12-21;18;520
1;2025-12-21;19;449
1;2025-12-21;20;343
1;2025-12-21;21;280
1;2025-12-21;22;101
1;2025-12-21;23;28
1;2025-12-22;0;5
1;2025-12-22;1;1
1;2025-12-22;2;1
1;2025-12-22;3;1
1;2025-12-22;4;10
1;2025-12-22;5;126
1;2025-12-22;6;502
1;2025-12-22;7;1523
1;2025-12-22;8;1990
1;2025-12-22;9;1482
1;2025-12-22;10;1337
1;2025-12-22;11;1345
1;2025-12-22;12;1391
1;2025-12-22;13;1446
1;2025-12-22;14;1364
1;2025-12-22;15;1509
1;2025-12-22;16;1549
1;2025-12-22;17;1804
1;2025-12-22;18;1800
1;2025-12-22;19;1348
1;2025-12-22;20;863
1;2025-12-22;21;472
1;2025-12-22;22;184
1;2025-12-22;23;40
1;2025-12-23;0;5
1;2025-12-23;1;1
1;2025-12-23;2;1
1;2025-12-23;3;1
1;2025-12-23;4;10
1;2025-12-23;5;125
1;2025-12-23;6;499
1;2025-12-23;7;1504
1;2025-12-23;8;1957
1;2025-12-23;9;1492
1;2025-12-23;10;1352
1;2025-12-23;11;1361
1;2025-12-23;12;1410
1;2025-12-23;13;1466
1;2025-12-23;14;1411
1;2025-12-23;15;1547
1;2025-12-23;16;1587
1;2025-12-23;17;1861
1;2025-12-23;18;1846
1;2025-12-23;19;1380
1;2025-12-23;20;887
1;2025-12-23;21;479
1;2025-12-23;22;185
1;2025-12-23;23;41
1;2025-12-24;0;5
1;2025-12-24;1;1
1;2025-12-24;2;1
1;2025-12-24;3;1
1;2025-12-24;4;10
1;2025-12-24;5;126
1;2025-12-24;6;505
1;2025-12-24;7;1531
1;2025-12-24;8;2002
1;2025-12-24;9;1522
1;2025-12-24;10;1374
1;2025-12-24;11;1381
1;2025-12-24;12;1432
1;2025-12-24;13;1480
1;2025-12-24;14;1410
1;2025-12-24;15;1545
1;2025-12-24;16;1589
1;2025-12-24;17;1867
1;2025-12-24;18;1854
1;2025-12-24;19;1382
1;2025-12-24;20;890
1;2025-12-24;21;480
1;2025-12-24;22;185
1;2025-12-24;23;41
1;2025-12-25;0;5
1;2025-12-25;1;1
1;2025-12-25;2;1
1;2025-12-25;3;1
1;2025-12-25;4;10
1;2025-12-25;5;127
1;2025-12-25;6;508
1;2025-12-25;7;1538
1;2025-12-25;8;2006
1;2025-12-25;9;1531
1;2025-12-25;10;1385
1;2025-12-25;11;1393
1;2025-12-25;12;1443
1;2025-12-25;13;1496
1;2025-12-25;14;1420
1;2025-12-25;15;1556
1;2025-12-25;16;1597
1;2025-12-25;17;1867
1;2025-12-25;18;1844
1;2025-12-25;19;1391
1;2025-12-25;20;888
1;2025-12-25;21;477
1;2025-12-25;22;182
1;2025-12-25;23;40
1;2025-12-26;0;5
1;2025-12-26;1;1
1;2025-12-26;2;1
1;2025-12-26;3;1
1;2025-12-26;4;10
1;2025-12-26;5;124
1;2025-12-26;6;490
1;2025-12-26;7;1475
1;2025-12-26;8;1925
1;2025-12-26;9;1461
1;2025-12-26;10;1319
1;2025-12-26;11;1339
1;2025-12-26;12;1392
1;2025-12-26;13;1469
1;2025-12-26;14;1395
1;2025-12-26;15;1531
1;2025-12-26;16;1569
1;2025-12-26;17;1813
1;2025-12-26;18;1775
1;2025-12-26;19;1337
1;2025-12-26;20;865
1;2025-12-26;21;471
1;2025-12-26;22;180
1;2025-12-26;23;40
1;2025-12-27;0;5
1;2025-12-27;1;1
1;2025-12-27;2;1
1;2025-12-27;3;1
1;2025-12-27;4;1
1;2025-12-27;5;31
1;2025-12-27;6;151
1;2025-12-27;7;349
1;2025-12-27;8;489
1;2025-12-27;9;784
1;2025-12-27;10;944
1;2025-12-27;11;928
1;2025-12-27;12;1138
1;2025-12-27;13;1181
1;2025-12-27;14;1091
1;2025-12-27;15;944
1;2025-12-27;16;802
1;2025-12-27;17;759
1;2025-12-27;18;668
1;2025-12-27;19;572
1;2025-12-27;20;435
1;2025-12-27;21;304
1;2025-12-27;22;120
1;2025-12-27;23;26
1;2025-12-28;0;1
1;2025-12-28;1;1
1;2025-12-28;2;1
1;2025-12-28;3;1
1;2025-12-28;4;1
1;2025-12-28;5;22
1;2025-12-28;6;117
1;2025-12-28;7;269
1;2025-12-28;8;362
1;2025-12-28;9;633
1;2025-12-28;10;713
1;2025-12-28;11;747
1;2025-12-28;12;867
1;2025-12-28;13;898
1;2025-12-28;14;831
1;2025-12-28;15;740
1;2025-12-28;16;680
1;2025-12-28;17;600
1;2025-12-28;18;520
1;2025-12-28;19;449
1;2025-12-28;20;343
1;2025-12-28;21;280
1;2025-12-28;22;102
1;2025-12-28;23;28
1;2025-12-29;0;5
1;2025-12-29;1;1
1;2025-12-29;2;1
1;2025-12-29;3;1
1;2025-12-29;4;10
1;2025-12-29;5;126
1;2025-12-29;6;500
1;2025-12-29;7;1514
1;2025-12-29;8;1978
1;2025-12-29;9;1494
1;2025-12-29;10;1352
1;2025-12-29;11;1356
1;2025-12-29;12;1403
1;2025-12-29;13;1456
1;2025-12-29;14;1393
1;2025-12-29;15;1527
1;2025-12-29;16;1565
1;2025-12-29;17;1832
1;2025-12-29;18;1824
1;2025-12-29;19;1362
1;2025-12-29;20;879
1;2025-12-29;21;476
1;2025-12-29;22;183
1;2025-12-29;23;41
1;2025-12-30;0;5
1;2025-12-30;1;1
1;2025-12-30;2;1
1;2025-12-30;3;1
1;2025-12-30;4;10
1;2025-12-30;5;126
1;2025-12-30;6;506
1;2025-12-30;7;1531
1;2025-12-30;8;1994
1;2025-12-30;9;1514
1;2025-12-30;10;1367
1;2025-12-30;11;1377
1;2025-12-30;12;1434
1;2025-12-30;13;1482
1;2025-12-30;14;1415
1;2025-12-30;15;1548
1;2025-12-30;16;1587
1;2025-12-30;17;1865
1;2025-12-30;18;1862
1;2025-12-30;19;1378
1;2025-12-30;20;886
1;2025-12-30;21;479
1;2025-12-30;22;185
1;2025-12-30;23;41
1;2025-12-31;0;1
1;2025-12-31;1;1
1;2025-12-31;2;1
1;2025-12-31;3;1
1;2025-12-31;4;1
1;2025-12-31;5;22
1;2025-12-31;6;117
1;2025-12-31;7;269
1;2025-12-31;8;365
1;2025-12-31;9;643
1;2025-12-31;10;718
1;2025-12-31;11;758
1;2025-12-31;12;869
1;2025-12-31;13;896
1;2025-12-31;14;830
1;2025-12-31;15;740
1;2025-12-31;16;681
1;2025-12-31;17;602
1;2025-12-31;18;522
1;2025-12-31;19;451
1;2025-12-31;20;343
1;2025-12-31;21;280
1;2025-12-31;22;102
1;2025-12-31;23;28
5;2025-11-01;0;0
5;2025-11-01;1;0
5;2025-11-01;2;0
5;2025-11-01;3;0
5;2025-11-01;4;0
5;2025-11-01;5;0
5;2025-11-01;6;0
5;2025-11-01;7;0
5;2025-11-01;8;0
5;2025-11-01;9;0
5;2025-11-01;10;0
5;2025-11-01;11;0
5;2025-11-01;12;0
5;2025-11-01;13;0
5;2025-11-01;14;0
5;2025-11-01;15;0
5;2025-11-01;16;0
5;2025-11-01;17;0
5;2025-11-01;18;0
5;2025-11-01;19;0
5;2025-11-01;20;0
5;2025-11-01;21;0
5;2025-11-01;22;0
5;2025-11-01;23;0
5;2025-11-02;0;0
5;2025-11-02;1;0
5;2025-11-02;2;0
5;2025-11-02;3;0
5;2025-11-02;4;0
5;2025-11-02;5;0
5;2025-11-02;6;0
5;2025-11-02;7;0
5;2025-11-02;8;0
5;2025-11-02;9;0
5;2025-11-02;10;0
5;2025-11-02;11;0
5;2025-11-02;12;0
5;2025-11-02;13;0
5;2025-11-02;14;0
5;2025-11-02;15;0
5;2025-11-02;16;0
5;2025-11-02;17;0
5;2025-11-02;18;0
5;2025-11-02;19;0
5;2025-11-02;20;0
5;2025-11-02;21;0
5;2025-11-02;22;0
5;2025-11-02;23;0
5;2025-11-03;0;0
5;2025-11-03;1;0
5;2025-11-03;2;0
5;2025-11-03;3;0
5;2025-11-03;4;0
5;2025-11-03;5;0
5;2025-11-03;6;0
5;2025-11-03;7;0
5;2025-11-03;8;0
5;2025-11-03;9;0
5;2025-11-03;10;0
5;2025-11-03;11;0
5;2025-11-03;12;0
5;2025-11-03;13;0
5;2025-11-03;14;0
5;2025-11-03;15;0
5;2025-11-03;16;0
5;2025-11-03;17;0
5;2025-11-03;18;0
5;2025-11-03;19;0
5;2025-11-03;20;0
5;2025-11-03;21;0
5;2025-11-03;22;0
5;2025-11-03;23;0
5;2025-11-04;0;0
5;2025-11-04;1;0
5;2025-11-04;2;0
5;2025-11-04;3;0
5;2025-11-04;4;0
5;2025-11-04;5;0
5;2025-11-04;6;0
5;2025-11-04;7;0
5;2025-11-04;8;0
5;2025-11-04;9;0
5;2025-11-04;10;0
5;2025-11-04;11;0
5;2025-11-04;12;0
5;2025-11-04;13;0
5;2025-11-04;14;0
5;2025-11-04;15;0
5;2025-11-04;16;0
5;2025-11-04;17;0
5;2025-11-04;18;0
5;2025-11-04;19;0
5;2025-11-04;20;0
5;2025-11-04;21;0
5;2025-11-04;22;0
5;2025-11-04;23;0
5;2025-11-05;0;0
5;2025-11-05;1;0
5;2025-11-05;2;0
5;2025-11-05;3;0
5;2025-11-05;4;0
5;2025-11-05;5;0
5;2025-11-05;6;0
5;2025-11-05;7;0
5;2025-11-05;8;0
5;2025-11-05;9;0
5;2025-11-05;10;0
5;2025-11-05;11;0
5;2025-11-05;12;0
5;2025-11-05;13;0
5;2025-11-05;14;0
5;2025-11-05;15;0
5;2025-11-05;16;0
5;2025-11-05;17;0
5;2025-11-05;18;0
5;2025-11-05;19;0
5;2025-11-05;20;0
5;2025-11-05;21;0
5;2025-11-05;22;0
5;2025-11-05;23;0
5;2025-11-06;0;0
5;2025-11-06;1;0
5;2025-11-06;2;0
5;2025-11-06;3;0
5;2025-11-06;4;0
5;2025-11-06;5;0
5;2025-11-06;6;0
5;2025-11-06;7;0
5;2025-11-06;8;0
5;2025-11-06;9;0
5;2025-11-06;10;0
5;2025-11-06;11;0
5;2025-11-06;12;0
5;2025-11-06;13;0
5;2025-11-06;14;0
5;2025-11-06;15;0
5;2025-11-06;16;0
5;2025-11-06;17;0
5;2025-11-06;18;0
5;2025-11-06;19;0
5;2025-11-06;20;0
5;2025-11-06;21;0
5;2025-11-06;22;0
5;2025-11-06;23;0
5;2025-11-07;0;0
5;2025-11-07;1;0
5;2025-11-07;2;0
5;2025-11-07;3;0
5;2025-11-07;4;0
5;2025-11-07;5;0
5;2025-11-07;6;0
5;2025-11-07;7;0
5;2025-11-07;8;0
5;2025-11-07;9;0
5;2025-11-07;10;0
5;2025-11-07;11;0
5;2025-11-07;12;0
5;2025-11-07;13;0
5;2025-11-07;14;0
5;2025-11-07;15;0
5;2025-11-07;16;0
5;2025-11-07;17;0
5;2025-11-07;18;0
5;2025-11-07;19;0
5;2025-11-07;20;0
5;2025-11-07;21;0
5;2025-11-07;22;0
5;2025-11-07;23;0
5;2025-11-08;0;0
5;2025-11-08;1;0
5;2025-11-08;2;0
5;2025-11-08;3;0
5;2025-11-08;4;0
5;2025-11-08;5;0
5;2025-11-08;6;0
5;2025-11-08;7;0
5;2025-11-08;8;0
5;2025-11-08;9;0
5;2025-11-08;10;0
5;2025-11-08;11;0
5;2025-11-08;12;0
5;2025-11-08;13;0
5;2025-11-08;14;0
5;2025-11-08;15;0
5;2025-11-08;16;0
5;2025-11-08;17;0
5;2025-11-08;18;0
5;2025-11-08;19;0
5;2025-11-08;20;0
5;2025-11-08;21;0
5;2025-11-08;22;0
5;2025-11-08;23;0
5;2025-11-09;0;0
5;2025-11-09;1;0
5;2025-11-09;2;0
5;2025-11-09;3;0
5;2025-11-09;4;0
5;2025-11-09;5;0
5;2025-11-09;6;0
5;2025-11-09;7;0
5;2025-11-09;8;0
5;2025-11-09;9;0
5;2025-11-09;10;0
5;2025-11-09;11;0
5;2025-11-09;12;0
5;2025-11-09;13;0
5;2025-11-09;14;0
5;2025-11-09;15;0
5;2025-11-09;16;0
5;2025-11-09;17;0
5;2025-11-09;18;0
5;2025-11-09;19;0
5;2025-11-09;20;0
5;2025-11-09;21;0
5;2025-11-09;22;0
5;2025-11-09;23;0
5;2025-11-10;0;0
5;2025-11-10;1;0
5;2025-11-10;2;0
5;2025-11-10;3;0
5;2025-11-10;4;0
5;2025-11-10;5;0
5;2025-11-10;6;0
5;2025-11-10;7;0
5;2025-11-10;8;0
5;2025-11-10;9;0
5;2025-11-10;10;0
5;2025-11-10;11;0
5;2025-11-10;12;0
5;2025-11-10;13;0
5;2025-11-10;14;0
5;2025-11-10;15;0
5;2025-11-10;16;0
5;2025-11-10;17;0
5;2025-11-10;18;0
5;2025-11-10;19;0
5;2025-11-10;20;0
5;2025-11-10;21;0
5;2025-11-10;22;0
5;2025-11-10;23;0
5;2025-11-11;0;0
5;2025-11-11;1;0
5;2025-11-11;2;0
5;2025-11-11;3;0
5;2025-11-11;4;0
5;2025-11-11;5;0
5;2025-11-11;6;0
5;2025-11-11;7;0
5;2025-11-11;8;0
5;2025-11-11;9;0
5;2025-11-11;10;0
5;2025-11-11;11;0
5;2025-11-11;12;0
5;2025-11-11;13;0
5;2025-11-11;14;0
5;2025-11-11;15;0
5;2025-11-11;16;0
5;2025-11-11;17;0
5;2025-11-11;18;0
5;2025-11-11;19;0
5;2025-11-11;20;0
5;2025-11-11;21;0
5;2025-11-11;22;0
5;2025-11-11;23;0
5;2025-11-12;0;0
5;2025-11-12;1;0
5;2025-11-12;2;0
5;2025-11-12;3;0
5;2025-11-12;4;0
5;2025-11-12;5;0
5;2025-11-12;6;0
5;2025-11-12;7;0
5;2025-11-12;8;0
5;2025-11-12;9;0
5;2025-11-12;10;0
5;2025-11-12;11;0
5;2025-11-12;12;0
5;2025-11-12;13;0
5;2025-11-12;14;0
5;2025-11-12;15;0
5;2025-11-12;16;0
5;2025-11-12;17;0
5;2025-11-12;18;0
5;2025-11-12;19;0
5;2025-11-12;20;0
5;2025-11-12;21;0
5;2025-11-12;22;0
5;2025-11-12;23;0
5;2025-11-13;0;0
5;2025-11-13;1;0
5;2025-11-13;2;0
5;2025-11-13;3;0
5;2025-11-13;4;0
5;2025-11-13;5;0
5;2025-11-13;6;0
5;2025-11-13;7;0
5;2025-11-13;8;0
5;2025-11-13;9;0
5;2025-11-13;10;0
5;2025-11-13;11;0
5;2025-11-13;12;0
5;2025-11-13;13;0
5;2025-11-13;14;0
5;2025-11-13;15;0
5;2025-11-13;16;0
5;2025-11-13;17;0
5;2025-11-13;18;0
5;2025-11-13;19;0
5;2025-11-13;20;0
5;2025-11-13;21;0
5;2025-11-13;22;0
5;2025-11-13;23;0
5;2025-11-14;0;0
5;2025-11-14;1;0
5;2025-11-14;2;0
5;2025-11-14;3;0
5;2025-11-14;4;0
5;2025-11-14;5;0
5;2025-11-14;6;0
5;2025-11-14;7;0
5;2025-11-14;8;0
5;2025-11-14;9;0
5;2025-11-14;10;0
5;2025-11-14;11;0
5;2025-11-14;12;0
5;2025-11-14;13;0
5;2025-11-14;14;0
5;2025-11-14;15;0
5;2025-11-14;16;0
5;2025-11-14;17;0
5;2025-11-14;18;0
5;2025-11-14;19;0
5;2025-11-14;20;0
5;2025-11-14;21;0
5;2025-11-14;22;0
5;2025-11-14;23;0
5;2025-11-15;0;0
5;2025-11-15;1;0
5;2025-11-15;2;0
5;2025-11-15;3;0
5;2025-11-15;4;0
5;2025-11-15;5;0
5;2025-11-15;6;0
5;2025-11-15;7;0
5;2025-11-15;8;0
5;2025-11-15;9;0
5;2025-11-15;10;0
5;2025-11-15;11;0
5;2025-11-15;12;0
5;2025-11-15;13;0
5;2025-11-15;14;0
5;2025-11-15;15;0
5;2025-11-15;16;0
5;2025-11-15;17;0
5;2025-11-15;18;0
5;2025-11-15;19;0
5;2025-11-15;20;0
5;2025-11-15;21;0
5;2025-11-15;22;0
5;2025-11-15;23;0
5;2025-11-16;0;0
5;2025-11-16;1;0
5;2025-11-16;2;0
5;2025-11-16;3;0
5;2025-11-16;4;0
5;2025-11-16;5;0
5;2025-11-16;6;0
5;2025-11-16;7;0
5;2025-11-16;8;0
5;2025-11-16;9;0
5;2025-11-16;10;0
5;2025-11-16;11;0
5;2025-11-16;12;0
5;2025-11-16;13;0
5;2025-11-16;14;0
5;2025-11-16;15;0
5;2025-11-16;16;0
5;2025-11-16;17;0
5;2025-11-16;18;0
5;2025-11-16;19;0
5;2025-11-16;20;0
5;2025-11-16;21;0
5;2025-11-16;22;0
5;2025-11-16;23;0
5;2025-11-17;0;0
5;2025-11-17;1;0
5;2025-11-17;2;0
5;2025-11-17;3;0
5;2025-11-17;4;0
5;2025-11-17;5;0
5;2025-11-17;6;0
5;2025-11-17;7;0
5;2025-11-17;8;0
5;2025-11-17;9;0
5;2025-11-17;10;0
5;2025-11-17;11;0
5;2025-11-17;12;0
5;2025-11-17;13;0
5;2025-11-17;14;0
5;2025-11-17;15;0
5;2025-11-17;16;0
5;2025-11-17;17;0
5;2025-11-17;18;0
5;2025-11-17;19;0
5;2025-11-17;20;0
5;2025-11-17;21;0
5;2025-11-17;22;0
5;2025-11-17;23;0
5;2025-11-18;0;0
5;2025-11-18;1;0
5;2025-11-18;2;0
5;2025-11-18;3;0
5;2025-11-18;4;0
5;2025-11-18;5;0
5;2025-11-18;6;0
5;2025-11-18;7;0
5;2025-11-18;8;0
5;2025-11-18;9;0
5;2025-11-18;10;0
5;2025-11-18;11;0
5;2025-11-18;12;0
5;2025-11-18;13;0
5;2025-11-18;14;0
5;2025-11-18;15;0
5;2025-11-18;16;0
5;2025-11-18;17;0
5;2025-11-18;18;0
5;2025-11-18;19;0
5;2025-11-18;20;0
5;2025-11-18;21;0
5;2025-11-18;22;0
5;2025-11-18;23;0
5;2025-11-19;0;0
5;2025-11-19;1;0
5;2025-11-19;2;0
5;2025-11-19;3;0
5;2025-11-19;4;0
5;2025-11-19;5;0
5;2025-11-19;6;0
5;2025-11-19;7;0
5;2025-11-19;8;0
5;2025-11-19;9;0
5;2025-11-19;10;0
5;2025-11-19;11;0
5;2025-11-19;12;0
5;2025-11-19;13;0
5;2025-11-19;14;0
5;2025-11-19;15;0
5;2025-11-19;16;0
5;2025-11-19;17;0
5;2025-11-19;18;0
5;2025-11-19;19;0
5;2025-11-19;20;0
5;2025-11-19;21;0
5;2025-11-19;22;0
5;2025-11-19;23;0
5;2025-11-20;0;0
5;2025-11-20;1;0
5;2025-11-20;2;0
5;2025-11-20;3;0
5;2025-11-20;4;0
5;2025-11-20;5;0
5;2025-11-20;6;0
5;2025-11-20;7;0
5;2025-11-20;8;0
5;2025-11-20;9;0
5;2025-11-20;10;0
5;2025-11-20;11;0
5;2025-11-20;12;0
5;2025-11-20;13;0
5;2025-11-20;14;0
5;2025-11-20;15;0
5;2025-11-20;16;0
5;2025-11-20;17;0
5;2025-11-20;18;0
5;2025-11-20;19;0
5;2025-11-20;20;0
5;2025-11-20;21;0
5;2025-11-20;22;0
5;2025-11-20;23;0
5;2025-11-21;0;0
5;2025-11-21;1;0
5;2025-11-21;2;0
5;2025-11-21;3;0
5;2025-11-21;4;0
5;2025-11-21;5;0
5;2025-11-21;6;0
5;2025-11-21;7;0
5;2025-11-21;8;0
5;2025-11-21;9;0
5;2025-11-21;10;0
5;2025-11-21;11;0
5;2025-11-21;12;0
5;2025-11-21;13;0
5;2025-11-21;14;0
5;2025-11-21;15;0
5;2025-11-21;16;0
5;2025-11-21;17;0
5;2025-11-21;18;0
5;2025-11-21;19;0
5;2025-11-21;20;0
5;2025-11-21;21;0
5;2025-11-21;22;0
5;2025-11-21;23;0
5;2025-11-22;0;0
5;2025-11-22;1;0
5;2025-11-22;2;0
5;2025-11-22;3;0
5;2025-11-22;4;0
5;2025-11-22;5;0
5;2025-11-22;6;0
5;2025-11-22;7;0
5;2025-11-22;8;0
5;2025-11-22;9;0
5;2025-11-22;10;0
5;2025-11-22;11;0
5;2025-11-22;12;0
5;2025-11-22;13;0
5;2025-11-22;14;0
5;2025-11-22;15;0
5;2025-11-22;16;0
5;2025-11-22;17;0
5;2025-11-22;18;0
5;2025-11-22;19;0
5;2025-11-22;20;0
5;2025-11-22;21;0
5;2025-11-22;22;0
5;2025-11-22;23;0
5;2025-11-23;0;0
5;2025-11-23;1;0
5;2025-11-23;2;0
5;2025-11-23;3;0
5;2025-11-23;4;0
5;2025-11-23;5;0
5;2025-11-23;6;0
5;2025-11-23;7;0
5;2025-11-23;8;0
5;2025-11-23;9;0
5;2025-11-23;10;0
5;2025-11-23;11;0
5;2025-11-23;12;0
5;2025-11-23;13;0
5;2025-11-23;14;0
5;2025-11-23;15;0
5;2025-11-23;16;0
5;2025-11-23;17;0
5;2025-11-23;18;0
5;2025-11-23;19;0
5;2025-11-23;20;0
5;2025-11-23;21;0
5;2025-11-23;22;0
5;2025-11-23;23;0
5;2025-11-24;0;0
5;2025-11-24;1;0
5;2025-11-24;2;0
5;2025-11-24;3;0
5;2025-11-24;4;0
5;2025-11-24;5;0
5;2025-11-24;6;0
5;2025-11-24;7;0
5;2025-11-24;8;0
5;2025-11-24;9;0
5;2025-11-24;10;0
5;2025-11-24;11;0
5;2025-11-24;12;0
5;2025-11-24;13;0
5;2025-11-24;14;0
5;2025-11-24;15;0
5;2025-11-24;16;0
5;2025-11-24;17;0
5;2025-11-24;18;0
5;2025-11-24;19;0
5;2025-11-24;20;0
5;2025-11-24;21;0
5;2025-11-24;22;0
5;2025-11-24;23;0
5;2025-11-25;0;0
5;2025-11-25;1;0
5;2025-11-25;2;0
5;2025-11-25;3;0
5;2025-11-25;4;0
5;2025-11-25;5;0
5;2025-11-25;6;0
5;2025-11-25;7;0
5;2025-11-25;8;0
5;2025-11-25;9;0
5;2025-11-25;10;0
5;2025-11-25;11;0
5;2025-11-25;12;0
5;2025-11-25;13;0
5;2025-11-25;14;0
5;2025-11-25;15;0
5;2025-11-25;16;0
5;2025-11-25;17;0
5;2025-11-25;18;0
5;2025-11-25;19;0
5;2025-11-25;20;0
5;2025-11-25;21;0
5;2025-11-25;22;0
5;2025-11-25;23;0
5;2025-11-26;0;0
5;2025-11-26;1;0
5;2025-11-26;2;0
5;2025-11-26;3;0
5;2025-11-26;4;0
5;2025-11-26;5;0
5;2025-11-26;6;0
5;2025-11-26;7;0
5;2025-11-26;8;0
5;2025-11-26;9;0
5;2025-11-26;10;0
5;2025-11-26;11;0
5;2025-11-26;12;0
5;2025-11-26;13;0
5;2025-11-26;14;0
5;2025-11-26;15;0
5;2025-11-26;16;0
5;2025-11-26;17;0
5;2025-11-26;18;0
5;2025-11-26;19;0
5;2025-11-26;20;0
5;2025-11-26;21;0
5;2025-11-26;22;0
5;2025-11-26;23;0
5;2025-11-27;0;0
5;2025-11-27;1;0
5;2025-11-27;2;0
5;2025-11-27;3;0
5;2025-11-27;4;0
5;2025-11-27;5;0
5;2025-11-27;6;0
5;2025-11-27;7;0
5;2025-11-27;8;0
5;2025-11-27;9;0
5;2025-11-27;10;0
5;2025-11-27;11;0
5;2025-11-27;12;0
5;2025-11-27;13;0
5;2025-11-27;14;0
5;2025-11-27;15;0
5;2025-11-27;16;0
5;2025-11-27;17;0
5;2025-11-27;18;0
5;2025-11-27;19;0
5;2025-11-27;20;0
5;2025-11-27;21;0
5;2025-11-27;22;0
5;2025-11-27;23;0
5;2025-11-28;0;0
5;2025-11-28;1;0
5;2025-11-28;2;0
5;2025-11-28;3;0
5;2025-11-28;4;0
5;2025-11-28;5;0
5;2025-11-28;6;0
5;2025-11-28;7;0
5;2025-11-28;8;0
5;2025-11-28;9;0
5;2025-11-28;10;0
5;2025-11-28;11;0
5;2025-11-28;12;0
5;2025-11-28;13;0
5;2025-11-28;14;0
5;2025-11-28;15;0
5;2025-11-28;16;0
5;2025-11-28;17;0
5;2025-11-28;18;0
5;2025-11-28;19;0
5;2025-11-28;20;0
5;2025-11-28;21;0
5;2025-11-28;22;0
5;2025-11-28;23;0
5;2025-11-29;0;0
5;2025-11-29;1;0
5;2025-11-29;2;0
5;2025-11-29;3;0
5;2025-11-29;4;0
5;2025-11-29;5;0
5;2025-11-29;6;0
5;2025-11-29;7;0
5;2025-11-29;8;0
5;2025-11-29;9;0
5;2025-11-29;10;0
5;2025-11-29;11;0
5;2025-11-29;12;0
5;2025-11-29;13;0
5;2025-11-29;14;0
5;2025-11-29;15;0
5;2025-11-29;16;0
5;2025-11-29;17;0
5;2025-11-29;18;0
5;2025-11-29;19;0
5;2025-11-29;20;0
5;2025-11-29;21;0
5;2025-11-29;22;0
5;2025-11-29;23;0
5;2025-11-30;0;0
5;2025-11-30;1;0
5;2025-11-30;2;0
5;2025-11-30;3;0
5;2025-11-30;4;0
5;2025-11-30;5;0
5;2025-11-30;6;0
5;2025-11-30;7;0
5;2025-11-30;8;0
5;2025-11-30;9;0
5;2025-11-30;10;0
5;2025-11-30;11;0
5;2025-11-30;12;0
5;2025-11-30;13;0
5;2025-11-30;14;0
5;2025-11-30;15;0
5;2025-11-30;16;0
5;2025-11-30;17;0
5;2025-11-30;18;0
5;2025-11-30;19;0
5;2025-11-30;20;0
5;2025-11-30;21;0
5;2025-11-30;22;0
5;2025-11-30;23;0
5;2025-12-01;0;0
5;2025-12-01;1;0
5;2025-12-01;2;0
5;2025-12-01;3;0
5;2025-12-01;4;0
5;2025-12-01;5;0
5;2025-12-01;6;0
5;2025-12-01;7;0
5;2025-12-01;8;0
5;2025-12-01;9;0
5;2025-12-01;10;0
5;2025-12-01;11;0
5;2025-12-01;12;0
5;2025-12-01;13;0
5;2025-12-01;14;0
5;2025-12-01;15;0
5;2025-12-01;16;0
5;2025-12-01;17;0
5;2025-12-01;18;0
5;2025-12-01;19;0
5;2025-12-01;20;0
5;2025-12-01;21;0
5;2025-12-01;22;0
5;2025-12-01;23;0
5;2025-12-02;0;0
5;2025-12-02;1;0
5;2025-12-02;2;0
5;2025-12-02;3;0
5;2025-12-02;4;0
5;2025-12-02;5;0
5;2025-12-02;6;0
5;2025-12-02;7;0
5;2025-12-02;8;0
5;2025-12-02;9;0
5;2025-12-02;10;0
5;2025-12-02;11;0
5;2025-12-02;12;0
5;2025-12-02;13;0
5;2025-12-02;14;0
5;2025-12-02;15;0
5;2025-12-02;16;0
5;2025-12-02;17;0
5;2025-12-02;18;0
5;2025-12-02;19;0
5;2025-12-02;20;0
5;2025-12-02;21;0
5;2025-12-02;22;0
5;2025-12-02;23;0
5;2025-12-03;0;0
5;2025-12-03;1;0
5;2025-12-03;2;0
5;2025-12-03;3;0
5;2025-12-03;4;0
5;2025-12-03;5;0
5;2025-12-03;6;0
5;2025-12-03;7;0
5;2025-12-03;8;0
5;2025-12-03;9;0
5;2025-12-03;10;0
5;2025-12-03;11;0
5;2025-12-03;12;0
5;2025-12-03;13;0
5;2025-12-03;14;0
5;2025-12-03;15;0
5;2025-12-03;16;0
5;2025-12-03;17;0
5;2025-12-03;18;0
5;2025-12-03;19;0
5;2025-12-03;20;0
5;2025-12-03;21;0
5;2025-12-03;22;0
5;2025-12-03;23;0
5;2025-12-04;0;0
5;2025-12-04;1;0
5;2025-12-04;2;0
5;2025-12-04;3;0
5;2025-12-04;4;0
5;2025-12-04;5;0
5;2025-12-04;6;0
5;2025-12-04;7;0
5;2025-12-04;8;0
5;2025-12-04;9;0
5;2025-12-04;10;0
5;2025-12-04;11;0
5;2025-12-04;12;0
5;2025-12-04;13;0
5;2025-12-04;14;0
5;2025-12-04;15;0
5;2025-12-04;16;0
5;2025-12-04;17;0
5;2025-12-04;18;0
5;2025-12-04;19;0
5;2025-12-04;20;0
5;2025-12-04;21;0
5;2025-12-04;22;0
5;2025-12-04;23;0
5;2025-12-05;0;0
5;2025-12-05;1;0
5;2025-12-05;2;0
5;2025-12-05;3;0
5;2025-12-05;4;0
5;2025-12-05;5;0
5;2025-12-05;6;0
5;2025-12-05;7;0
5;2025-12-05;8;0
5;2025-12-05;9;0
5;2025-12-05;10;0
5;2025-12-05;11;0
5;2025-12-05;12;0
5;2025-12-05;13;0
5;2025-12-05;14;0
5;2025-12-05;15;0
5;2025-12-05;16;0
5;2025-12-05;17;0
5;2025-12-05;18;0
5;2025-12-05;19;0
5;2025-12-05;20;0
5;2025-12-05;21;0
5;2025-12-05;22;0
5;2025-12-05;23;0
5;2025-12-06;0;0
5;2025-12-06;1;0
5;2025-12-06;2;0
5;2025-12-06;3;0
5;2025-12-06;4;0
5;2025-12-06;5;0
5;2025-12-06;6;0
5;2025-12-06;7;0
5;2025-12-06;8;0
5;2025-12-06;9;0
5;2025-12-06;10;0
5;2025-12-06;11;0
5;2025-12-06;12;0
5;2025-12-06;13;0
5;2025-12-06;14;0
5;2025-12-06;15;0
5;2025-12-06;16;0
5;2025-12-06;17;0
5;2025-12-06;18;0
5;2025-12-06;19;0
5;2025-12-06;20;0
5;2025-12-06;21;0
5;2025-12-06;22;0
5;2025-12-06;23;0
5;2025-12-07;0;0
5;2025-12-07;1;0
5;2025-12-07;2;0
5;2025-12-07;3;0
5;2025-12-07;4;0
5;2025-12-07;5;0
5;2025-12-07;6;0
5;2025-12-07;7;0
5;2025-12-07;8;0
5;2025-12-07;9;0
5;2025-12-07;10;0
5;2025-12-07;11;0
5;2025-12-07;12;0
5;2025-12-07;13;0
5;2025-12-07;14;0
5;2025-12-07;15;0
5;2025-12-07;16;0
5;2025-12-07;17;0
5;2025-12-07;18;0
5;2025-12-07;19;0
5;2025-12-07;20;0
5;2025-12-07;21;0
5;2025-12-07;22;0
5;2025-12-07;23;0
5;2025-12-08;0;0
5;2025-12-08;1;0
5;2025-12-08;2;0
5;2025-12-08;3;0
5;2025-12-08;4;0
5;2025-12-08;5;0
5;2025-12-08;6;0
5;2025-12-08;7;0
5;2025-12-08;8;0
5;2025-12-08;9;0
5;2025-12-08;10;0
5;2025-12-08;11;0
5;2025-12-08;12;0
5;2025-12-08;13;0
5;2025-12-08;14;0
5;2025-12-08;15;0
5;2025-12-08;16;0
5;2025-12-08;17;0
5;2025-12-08;18;0
5;2025-12-08;19;0
5;2025-12-08;20;0
5;2025-12-08;21;0
5;2025-12-08;22;0
5;2025-12-08;23;0
5;2025-12-09;0;0
5;2025-12-09;1;0
5;2025-12-09;2;0
5;2025-12-09;3;0
5;2025-12-09;4;0
5;2025-12-09;5;0
5;2025-12-09;6;0
5;2025-12-09;7;0
5;2025-12-09;8;0
5;2025-12-09;9;0
5;2025-12-09;10;0
5;2025-12-09;11;0
5;2025-12-09;12;0
5;2025-12-09;13;0
5;2025-12-09;14;0
5;2025-12-09;15;0
5;2025-12-09;16;0
5;2025-12-09;17;0
5;2025-12-09;18;0
5;2025-12-09;19;0
5;2025-12-09;20;0
5;2025-12-09;21;0
5;2025-12-09;22;0
5;2025-12-09;23;0
5;2025-12-10;0;0
5;2025-12-10;1;0
5;2025-12-10;2;0
5;2025-12-10;3;0
5;2025-12-10;4;0
5;2025-12-10;5;0
5;2025-12-10;6;0
5;2025-12-10;7;0
5;2025-12-10;8;0
5;2025-12-10;9;0
5;2025-12-10;10;0
5;2025-12-10;11;0
5;2025-12-10;12;0
5;2025-12-10;13;0
5;2025-12-10;14;0
5;2025-12-10;15;0
5;2025-12-10;16;0
5;2025-12-10;17;0
5;2025-12-10;18;0
5;2025-12-10;19;0
5;2025-12-10;20;0
5;2025-12-10;21;0
5;2025-12-10;22;0
5;2025-12-10;23;0
5;2025-12-11;0;0
5;2025-12-11;1;0
5;2025-12-11;2;0
5;2025-12-11;3;0
5;2025-12-11;4;0
5;2025-12-11;5;0
5;2025-12-11;6;0
5;2025-12-11;7;0
5;2025-12-11;8;0
5;2025-12-11;9;0
5;2025-12-11;10;0
5;2025-12-11;11;0
5;2025-12-11;12;0
5;2025-12-11;13;0
5;2025-12-11;14;0
5;2025-12-11;15;0
5;2025-12-11;16;0
5;2025-12-11;17;0
5;2025-12-11;18;0
5;2025-12-11;19;0
5;2025-12-11;20;0
5;2025-12-11;21;0
5;2025-12-11;22;0
5;2025-12-11;23;0
5;2025-12-12;0;0
5;2025-12-12;1;0
5;2025-12-12;2;0
5;2025-12-12;3;0
5;2025-12-12;4;0
5;2025-12-12;5;0
5;2025-12-12;6;0
5;2025-12-12;7;0
5;2025-12-12;8;0
5;2025-12-12;9;0
5;2025-12-12;10;0
5;2025-12-12;11;0
5;2025-12-12;12;0
5;2025-12-12;13;0
5;2025-12-12;14;0
5;2025-12-12;15;0
5;2025-12-12;16;0
5;2025-12-12;17;0
5;2025-12-12;18;0
5;2025-12-12;19;0
5;2025-12-12;20;0
5;2025-12-12;21;0
5;2025-12-12;22;0
5;2025-12-12;23;0
5;2025-12-13;0;0
5;2025-12-13;1;0
5;2025-12-13;2;0
5;2025-12-13;3;0
5;2025-12-13;4;0
5;2025-12-13;5;0
5;2025-12-13;6;0
5;2025-12-13;7;0
5;2025-12-13;8;0
5;2025-12-13;9;0
5;2025-12-13;10;0
5;2025-12-13;11;0
5;2025-12-13;12;0
5;2025-12-13;13;0
5;2025-12-13;14;0
5;2025-12-13;15;0
5;2025-12-13;16;0
5;2025-12-13;17;0
5;2025-12-13;18;0
5;2025-12-13;19;0
5;2025-12-13;20;0
5;2025-12-13;21;0
5;2025-12-13;22;0
5;2025-12-13;23;0
5;2025-12-14;0;0
5;2025-12-14;1;0
5;2025-12-14;2;0
5;2025-12-14;3;0
5;2025-12-14;4;0
5;2025-12-14;5;0
5;2025-12-14;6;0
5;2025-12-14;7;0
5;2025-12-14;8;0
5;2025-12-14;9;0
5;2025-12-14;10;0
5;2025-12-14;11;0
5;2025-12-14;12;0
5;2025-12-14;13;0
5;2025-12-14;14;0
5;2025-12-14;15;0
5;2025-12-14;16;0
5;2025-12-14;17;0
5;2025-12-14;18;0
5;2025-12-14;19;0
5;2025-12-14;20;0
5;2025-12-14;21;0
5;2025-12-14;22;0
5;2025-12-14;23;0
5;2025-12-15;0;0
5;2025-12-15;1;0
5;2025-12-15;2;0
5;2025-12-15;3;0
5;2025-12-15;4;0
5;2025-12-15;5;0
5;2025-12-15;6;0
5;2025-12-15;7;0
5;2025-12-15;8;0
5;2025-12-15;9;0
5;2025-12-15;10;0
5;2025-12-15;11;0
5;2025-12-15;12;0
5;2025-12-15;13;0
5;2025-12-15;14;0
5;2025-12-15;15;0
5;2025-12-15;16;0
5;2025-12-15;17;0
5;2025-12-15;18;0
5;2025-12-15;19;0
5;2025-12-15;20;0
5;2025-12-15;21;0
5;2025-12-15;22;0
5;2025-12-15;23;0
5;2025-12-16;0;0
5;2025-12-16;1;0
5;2025-12-16;2;0
5;2025-12-16;3;0
5;2025-12-16;4;0
5;2025-12-16;5;0
5;2025-12-16;6;0
5;2025-12-16;7;0
5;2025-12-16;8;0
5;2025-12-16;9;0
5;2025-12-16;10;0
5;2025-12-16;11;0
5;2025-12-16;12;0
5;2025-12-16;13;0
5;2025-12-16;14;0
5;2025-12-16;15;0
5;2025-12-16;16;0
5;2025-12-16;17;0
5;2025-12-16;18;0
5;2025-12-16;19;0
5;2025-12-16;20;0
5;2025-12-16;21;0
5;2025-12-16;22;0
5;2025-12-16;23;0
5;2025-12-17;0;0
5;2025-12-17;1;0
5;2025-12-17;2;0
5;2025-12-17;3;0
5;2025-12-17;4;0
5;2025-12-17;5;0
5;2025-12-17;6;0
5;2025-12-17;7;0
5;2025-12-17;8;0
5;2025-12-17;9;0
5;2025-12-17;10;0
5;2025-12-17;11;0
5;2025-12-17;12;0
5;2025-12-17;13;0
5;2025-12-17;14;0
5;2025-12-17;15;0
5;2025-12-17;16;0
5;2025-12-17;17;0
5;2025-12-17;18;0
5;2025-12-17;19;0
5;2025-12-17;20;0
5;2025-12-17;21;0
5;2025-12-17;22;0
5;2025-12-17;23;0
5;2025-12-18;0;0
5;2025-12-18;1;0
5;2025-12-18;2;0
5;2025-12-18;3;0
5;2025-12-18;4;0
5;2025-12-18;5;0
5;2025-12-18;6;0
5;2025-12-18;7;0
5;2025-12-18;8;0
5;2025-12-18;9;0
5;2025-12-18;10;0
5;2025-12-18;11;0
5;2025-12-18;12;0
5;2025-12-18;13;0
5;2025-12-18;14;0
5;2025-12-18;15;0
5;2025-12-18;16;0
5;2025-12-18;17;0
5;2025-12-18;18;0
5;2025-12-18;19;0
5;2025-12-18;20;0
5;2025-12-18;21;0
5;2025-12-18;22;0
5;2025-12-18;23;0
5;2025-12-19;0;0
5;2025-12-19;1;0
5;2025-12-19;2;0
5;2025-12-19;3;0
5;2025-12-19;4;0
5;2025-12-19;5;0
5;2025-12-19;6;0
5;2025-12-19;7;0
5;2025-12-19;8;0
5;2025-12-19;9;0
5;2025-12-19;10;0
5;2025-12-19;11;0
5;2025-12-19;12;0
5;2025-12-19;13;0
5;2025-12-19;14;0
5;2025-12-19;15;0
5;2025-12-19;16;0
5;2025-12-19;17;0
5;2025-12-19;18;0
5;2025-12-19;19;0
5;2025-12-19;20;0
5;2025-12-19;21;0
5;2025-12-19;22;0
5;2025-12-19;23;0
5;2025-12-20;0;0
5;2025-12-20;1;0
5;2025-12-20;2;0
5;2025-12-20;3;0
5;2025-12-20;4;0
5;2025-12-20;5;0
5;2025-12-20;6;0
5;2025-12-20;7;0
5;2025-12-20;8;0
5;2025-12-20;9;0
5;2025-12-20;10;0
5;2025-12-20;11;0
5;2025-12-20;12;0
5;2025-12-20;13;0
5;2025-12-20;14;0
5;2025-12-20;15;0
5;2025-12-20;16;0
5;2025-12-20;17;0
5;2025-12-20;18;0
5;2025-12-20;19;0
5;2025-12-20;20;0
5;2025-12-20;21;0
5;2025-12-20;22;0
5;2025-12-20;23;0
5;2025-12-21;0;0
5;2025-12-21;1;0
5;2025-12-21;2;0
5;2025-12-21;3;0
5;2025-12-21;4;0
5;2025-12-21;5;0
5;2025-12-21;6;0
5;2025-12-21;7;0
5;2025-12-21;8;0
5;2025-12-21;9;0
5;2025-12-21;10;0
5;2025-12-21;11;0
5;2025-12-21;12;0
5;2025-12-21;13;0
5;2025-12-21;14;0
5;2025-12-21;15;0
5;2025-12-21;16;0
5;2025-12-21;17;0
5;2025-12-21;18;0
5;2025-12-21;19;0
5;2025-12-21;20;0
5;2025-12-21;21;0
5;2025-12-21;22;0
5;2025-12-21;23;0
5;2025-12-22;0;0
5;2025-12-22;1;0
5;2025-12-22;2;0
5;2025-12-22;3;0
5;2025-12-22;4;0
5;2025-12-22;5;0
5;2025-12-22;6;0
5;2025-12-22;7;0
5;2025-12-22;8;0
5;2025-12-22;9;0
5;2025-12-22;10;0
5;2025-12-22;11;0
5;2025-12-22;12;0
5;2025-12-22;13;0
5;2025-12-22;14;0
5;2025-12-22;15;0
5;2025-12-22;16;0
5;2025-12-22;17;0
5;2025-12-22;18;0
5;2025-12-22;19;0
5;2025-12-22;20;0
5;2025-12-22;21;0
5;2025-12-22;22;0
5;2025-12-22;23;0
5;2025-12-23;0;0
5;2025-12-23;1;0
5;2025-12-23;2;0
5;2025-12-23;3;0
5;2025-12-23;4;0
5;2025-12-23;5;0
5;2025-12-23;6;0
5;2025-12-23;7;0
5;2025-12-23;8;0
5;2025-12-23;9;0
5;2025-12-23;10;0
5;2025-12-23;11;0
5;2025-12-23;12;0
5;2025-12-23;13;0
5;2025-12-23;14;0
5;2025-12-23;15;0
5;2025-12-23;16;0
5;2025-12-23;17;0
5;2025-12-23;18;0
5;2025-12-23;19;0
5;2025-12-23;20;0
5;2025-12-23;21;0
5;2025-12-23;22;0
5;2025-12-23;23;0
5;2025-12-24;0;0
5;2025-12-24;1;0
5;2025-12-24;2;0
5;2025-12-24;3;0
5;2025-12-24;4;0
5;2025-12-24;5;0
5;2025-12-24;6;0
5;2025-12-24;7;0
5;2025-12-24;8;0
5;2025-12-24;9;0
5;2025-12-24;10;0
5;2025-12-24;11;0
5;2025-12-24;12;0
5;2025-12-24;13;0
5;2025-12-24;14;0
5;2025-12-24;15;0
5;2025-12-24;16;0
5;2025-12-24;17;0
5;2025-12-24;18;0
5;2025-12-24;19;0
5;2025-12-24;20;0
5;2025-12-24;21;0
5;2025-12-24;22;0
5;2025-12-24;23;0
5;2025-12-25;0;0
5;2025-12-25;1;0
5;2025-12-25;2;0
5;2025-12-25;3;0
5;2025-12-25;4;0
5;2025-12-25;5;0
5;2025-12-25;6;0
5;2025-12-25;7;0
5;2025-12-25;8;0
5;2025-12-25;9;0
5;2025-12-25;10;0
5;2025-12-25;11;0
5;2025-12-25;12;0
5;2025-12-25;13;0
5;2025-12-25;14;0
5;2025-12-25;15;0
5;2025-12-25;16;0
5;2025-12-25;17;0
5;2025-12-25;18;0
5;2025-12-25;19;0
5;2025-12-25;20;0
5;2025-12-25;21;0
5;2025-12-25;22;0
5;2025-12-25;23;0
5;2025-12-26;0;0
5;2025-12-26;1;0
5;2025-12-26;2;0
5;2025-12-26;3;0
5;2025-12-26;4;0
5;2025-12-26;5;0
5;2025-12-26;6;0
5;2025-12-26;7;0
5;2025-12-26;8;0
5;2025-12-26;9;0
5;2025-12-26;10;0
5;2025-12-26;11;0
5;2025-12-26;12;0
5;2025-12-26;13;0
5;2025-12-26;14;0
5;2025-12-26;15;0
5;2025-12-26;16;0
5;2025-12-26;17;0
5;2025-12-26;18;0
5;2025-12-26;19;0
5;2025-12-26;20;0
5;2025-12-26;21;0
5;2025-12-26;22;0
5;2025-12-26;23;0
5;2025-12-27;0;0
5;2025-12-27;1;0
5;2025-12-27;2;0
5;2025-12-27;3;0
5;2025-12-27;4;0
5;2025-12-27;5;0
5;2025-12-27;6;0
5;2025-12-27;7;0
5;2025-12-27;8;0
5;2025-12-27;9;0
5;2025-12-27;10;0
5;2025-12-27;11;0
5;2025-12-27;12;0
5;2025-12-27;13;0
5;2025-12-27;14;0
5;2025-12-27;15;0
5;2025-12-27;16;0
5;2025-12-27;17;0
5;2025-12-27;18;0
5;2025-12-27;19;0
5;2025-12-27;20;0
5;2025-12-27;21;0
5;2025-12-27;22;0
5;2025-12-27;23;0
5;2025-12-28;0;0
5;2025-12-28;1;0
5;2025-12-28;2;0
5;2025-12-28;3;0
5;2025-12-28;4;0
5;2025-12-28;5;0
5;2025-12-28;6;0
5;2025-12-28;7;0
5;2025-12-28;8;0
5;2025-12-28;9;0
5;2025-12-28;10;0
5;2025-12-28;11;0
5;2025-12-28;12;0
5;2025-12-28;13;0
5;2025-12-28;14;0
5;2025-12-28;15;0
5;2025-12-28;16;0
5;2025-12-28;17;0
5;2025-12-28;18;0
5;2025-12-28;19;0
5;2025-12-28;20;0
5;2025-12-28;21;0
5;2025-12-28;22;0
5;2025-12-28;23;0
5;2025-12-29;0;0
5;2025-12-29;1;0
5;2025-12-29;2;0
5;2025-12-29;3;0
5;2025-12-29;4;0
5;2025-12-29;5;0
5;2025-12-29;6;0
5;2025-12-29;7;0
5;2025-12-29;8;0
5;2025-12-29;9;0
5;2025-12-29;10;0
5;2025-12-29;11;0
5;2025-12-29;12;0
5;2025-12-29;13;0
5;2025-12-29;14;0
5;2025-12-29;15;0
5;2025-12-29;16;0
5;2025-12-29;17;0
5;2025-12-29;18;0
5;2025-12-29;19;0
5;2025-12-29;20;0
5;2025-12-29;21;0
5;2025-12-29;22;0
5;2025-12-29;23;0
5;2025-12-30;0;0
5;2025-12-30;1;0
5;2025-12-30;2;0
5;2025-12-30;3;0
5;2025-12-30;4;0
5;2025-12-30;5;0
5;2025-12-30;6;0
5;2025-12-30;7;0
5;2025-12-30;8;0
5;2025-12-30;9;0
5;2025-12-30;10;0
5;2025-12-30;11;0
5;2025-12-30;12;0
5;2025-12-30;13;0
5;2025-12-30;14;0
5;2025-12-30;15;0
5;2025-12-30;16;0
5;2025-12-30;17;0
5;2025-12-30;18;0
5;2025-12-30;19;0
5;2025-12-30;20;0
5;2025-12-30;21;0
5;2025-12-30;22;0
5;2025-12-30;23;0
5;2025-12-31;0;0
5;2025-12-31;1;0
5;2025-12-31;2;0
5;2025-12-31;3;0
5;2025-12-31;4;0
5;2025-12-31;5;0
5;2025-12-31;6;0
5;2025-12-31;7;0
5;2025-12-31;8;0
5;2025-12-31;9;0
5;2025-12-31;10;0
5;2025-12-31;11;0
5;2025-12-31;12;0
5;2025-12-31;13;0
5;2025-12-31;14;0
5;2025-12-31;15;0
5;2025-12-31;16;0
5;2025-12-31;17;0
5;2025-12-31;18;0
5;2025-12-31;19;0
5;2025-12-31;20;0
5;2025-12-31;21;0
5;2025-12-31;22;0
5;2025-12-31;23;0
7;2025-11-01;0;63
7;2025-11-01;1;14
7;2025-11-01;2;1
7;2025-11-01;3;1
7;2025-11-01;4;3
7;2025-11-01;5;185
7;2025-11-01;6;597
7;2025-11-01;7;1614
7;2025-11-01;8;2491
7;2025-11-01;9;1869
7;2025-11-01;10;1728
7;2025-11-01;11;1603
7;2025-11-01;12;1726
7;2025-11-01;13;1625
7;2025-11-01;14;1690
7;2025-11-01;15;1829
7;2025-11-01;16;1936
7;2025-11-01;17;2443
7;2025-11-01;18;2541
7;2025-11-01;19;1625
7;2025-11-01;20;1046
7;2025-11-01;21;621
7;2025-11-01;22;305
7;2025-11-01;23;205
7;2025-11-02;0;102
7;2025-11-02;1;25
7;2025-11-02;2;1
7;2025-11-02;3;1
7;2025-11-02;4;2
7;2025-11-02;5;30
7;2025-11-02;6;130
7;2025-11-02;7;176
7;2025-11-02;8;396
7;2025-11-02;9;530
7;2025-11-02;10;411
7;2025-11-02;11;610
7;2025-11-02;12;659
7;2025-11-02;13;638
7;2025-11-02;14;676
7;2025-11-02;15;731
7;2025-11-02;16;628
7;2025-11-02;17;637
7;2025-11-02;18;652
7;2025-11-02;19;478
7;2025-11-02;20;395
7;2025-11-02;21;291
7;2025-11-02;22;151
7;2025-11-02;23;121
7;2025-11-03;0;102
7;2025-11-03;1;25
7;2025-11-03;2;1
7;2025-11-03;3;1
7;2025-11-03;4;2
7;2025-11-03;5;30
7;2025-11-03;6;129
7;2025-11-03;7;175
7;2025-11-03;8;391
7;2025-11-03;9;518
7;2025-11-03;10;392
7;2025-11-03;11;570
7;2025-11-03;12;611
7;2025-11-03;13;607
7;2025-11-03;14;636
7;2025-11-03;15;692
7;2025-11-03;16;600
7;2025-11-03;17;616
7;2025-11-03;18;639
7;2025-11-03;19;467
7;2025-11-03;20;385
7;2025-11-03;21;282
7;2025-11-03;22;147
7;2025-11-03;23;118
7;2025-11-04;0;100
7;2025-11-04;1;25
7;2025-11-04;2;1
7;2025-11-04;3;1
7;2025-11-04;4;2
7;2025-11-04;5;29
7;2025-11-04;6;126
7;2025-11-04;7;168
7;2025-11-04;8;374
7;2025-11-04;9;496
7;2025-11-04;10;385
7;2025-11-04;11;573
7;2025-11-04;12;613
7;2025-11-04;13;607
7;2025-11-04;14;670
7;2025-11-04;15;723
7;2025-11-04;16;622
7;2025-11-04;17;637
7;2025-11-04;18;653
7;2025-11-04;19;481
7;2025-11-04;20;396
7;2025-11-04;21;291
7;2025-11-04;22;151
7;2025-11-04;23;121
7;2025-11-05;0;63
7;2025-11-05;1;14
7;2025-11-05;2;1
7;2025-11-05;3;1
7;2025-11-05;4;3
7;2025-11-05;5;185
7;2025-11-05;6;599
7;2025-11-05;7;1614
7;2025-11-05;8;2487
7;2025-11-05;9;1878
7;2025-11-05;10;1735
7;2025-11-05;11;1602
7;2025-11-05;12;1714
7;2025-11-05;13;1619
7;2025-11-05;14;1682
7;2025-11-05;15;1816
7;2025-11-05;16;1916
7;2025-11-05;17;2409
7;2025-11-05;18;2507
7;2025-11-05;19;1614
7;2025-11-05;20;1047
7;2025-11-05;21;621
7;2025-11-05;22;305
7;2025-11-05;23;205
7;2025-11-06;0;63
7;2025-11-06;1;14
7;2025-11-06;2;1
7;2025-11-06;3;1
7;2025-11-06;4;3
7;2025-11-06;5;185
7;2025-11-06;6;598
7;2025-11-06;7;1618
7;2025-11-06;8;2495
7;2025-11-06;9;1880
7;2025-11-06;10;1738
7;2025-11-06;11;1581
7;2025-11-06;12;1743
7;2025-11-06;13;1645
7;2025-11-06;14;1690
7;2025-11-06;15;1801
7;2025-11-06;16;1910
7;2025-11-06;17;2429
7;2025-11-06;18;2540
7;2025-11-06;19;1627
7;2025-11-06;20;1036
7;2025-11-06;21;626
7;2025-11-06;22;308
7;2025-11-06;23;204
7;2025-11-07;0;63
7;2025-11-07;1;14
7;2025-11-07;2;1
7;2025-11-07;3;1
7;2025-11-07;4;3
7;2025-11-07;5;184
7;2025-11-07;6;595
7;2025-11-07;7;1601
7;2025-11-07;8;2482
7;2025-11-07;9;1831
7;2025-11-07;10;1723
7;2025-11-07;11;1635
7;2025-11-07;12;1762
7;2025-11-07;13;1663
7;2025-11-07;14;1717
7;2025-11-07;15;1861
7;2025-11-07;16;1966
7;2025-11-07;17;2439
7;2025-11-07;18;2449
7;2025-11-07;19;1595
7;2025-11-07;20;1044
7;2025-11-07;21;623
7;2025-11-07;22;304
7;2025-11-07;23;206
7;2025-11-08;0;122
7;2025-11-08;1;28
7;2025-11-08;2;1
7;2025-11-08;3;1
7;2025-11-08;4;2
7;2025-11-08;5;49
7;2025-11-08;6;266
7;2025-11-08;7;296
7;2025-11-08;8;705
7;2025-11-08;9;574
7;2025-11-08;10;638
7;2025-11-08;11;683
7;2025-11-08;12;923
7;2025-11-08;13;872
7;2025-11-08;14;859
7;2025-11-08;15;844
7;2025-11-08;16;844
7;2025-11-08;17;830
7;2025-11-08;18;775
7;2025-11-08;19;606
7;2025-11-08;20;535
7;2025-11-08;21;374
7;2025-11-08;22;211
7;2025-11-08;23;171
7;2025-11-09;0;102
7;2025-11-09;1;25
7;2025-11-09;2;1
7;2025-11-09;3;1
7;2025-11-09;4;2
7;2025-11-09;5;30
7;2025-11-09;6;130
7;2025-11-09;7;176
7;2025-11-09;8;394
7;2025-11-09;9;526
7;2025-11-09;10;406
7;2025-11-09;11;604
7;2025-11-09;12;649
7;2025-11-09;13;644
7;2025-11-09;14;657
7;2025-11-09;15;728
7;2025-11-09;16;628
7;2025-11-09;17;637
7;2025-11-09;18;652
7;2025-11-09;19;478
7;2025-11-09;20;396
7;2025-11-09;21;291
7;2025-11-09;22;151
7;2025-11-09;23;121
7;2025-11-10;0;63
7;2025-11-10;1;14
7;2025-11-10;2;1
7;2025-11-10;3;1
7;2025-11-10;4;3
7;2025-11-10;5;185
7;2025-11-10;6;595
7;2025-11-10;7;1606
7;2025-11-10;8;2480
7;2025-11-10;9;1846
7;2025-11-10;10;1713
7;2025-11-10;11;1594
7;2025-11-10;12;1717
7;2025-11-10;13;1623
7;2025-11-10;14;1675
7;2025-11-10;15;1807
7;2025-11-10;16;1905
7;2025-11-10;17;2388
7;2025-11-10;18;2490
7;2025-11-10;19;1617
7;2025-11-10;20;1045
7;2025-11-10;21;621
7;2025-11-10;22;305
7;2025-11-10;23;205
7;2025-11-11;0;64
7;2025-11-11;1;14
7;2025-11-11;2;1
7;2025-11-11;3;1
7;2025-11-11;4;3
7;2025-11-11;5;186
7;2025-11-11;6;600
7;2025-11-11;7;1621
7;2025-11-11;8;2502
7;2025-11-11;9;1892
7;2025-11-11;10;1746
7;2025-11-11;11;1628
7;2025-11-11;12;1752
7;2025-11-11;13;1650
7;2025-11-11;14;1695
7;2025-11-11;15;1834
7;2025-11-11;16;1937
7;2025-11-11;17;2450
7;2025-11-11;18;2559
7;2025-11-11;19;1634
7;2025-11-11;20;1052
7;2025-11-11;21;627
7;2025-11-11;22;307
7;2025-11-11;23;206
7;2025-11-12;0;64
7;2025-11-12;1;14
7;2025-11-12;2;1
7;2025-11-12;3;1
7;2025-11-12;4;3
7;2025-11-12;5;185
7;2025-11-12;6;599
7;2025-11-12;7;1616
7;2025-11-12;8;2491
7;2025-11-12;9;1877
7;2025-11-12;10;1707
7;2025-11-12;11;1578
7;2025-11-12;12;1704
7;2025-11-12;13;1610
7;2025-11-12;14;1665
7;2025-11-12;15;1805
7;2025-11-12;16;1924
7;2025-11-12;17;2429
7;2025-11-12;18;2506
7;2025-11-12;19;1629
7;2025-11-12;20;1050
7;2025-11-12;21;622
7;2025-11-12;22;306
7;2025-11-12;23;205
7;2025-11-13;0;63
7;2025-11-13;1;14
7;2025-11-13;2;1
7;2025-11-13;3;1
7;2025-11-13;4;3
7;2025-11-13;5;186
7;2025-11-13;6;594
7;2025-11-13;7;1623
7;2025-11-13;8;2505
7;2025-11-13;9;1896
7;2025-11-13;10;1747
7;2025-11-13;11;1628
7;2025-11-13;12;1754
7;2025-11-13;13;1644
7;2025-11-13;14;1691
7;2025-11-13;15;1826
7;2025-11-13;16;1926
7;2025-11-13;17;2433
7;2025-11-13;18;2543
7;2025-11-13;19;1635
7;2025-11-13;20;1059
7;2025-11-13;21;627
7;2025-11-13;22;308
7;2025-11-13;23;207
7;2025-11-14;0;63
7;2025-11-14;1;14
7;2025-11-14;2;1
7;2025-11-14;3;1
7;2025-11-14;4;2
7;2025-11-14;5;180
7;2025-11-14;6;583
7;2025-11-14;7;1560
7;2025-11-14;8;2398
7;2025-11-14;9;1799
7;2025-11-14;10;1659
7;2025-11-14;11;1577
7;2025-11-14;12;1702
7;2025-11-14;13;1610
7;2025-11-14;14;1652
7;2025-11-14;15;1804
7;2025-11-14;16;1910
7;2025-11-14;17;2376
7;2025-11-14;18;2404
7;2025-11-14;19;1585
7;2025-11-14;20;1045
7;2025-11-14;21;616
7;2025-11-14;22;305
7;2025-11-14;23;205
7;2025-11-15;0;118
7;2025-11-15;1;27
7;2025-11-15;2;1
7;2025-11-15;3;1
7;2025-11-15;4;2
7;2025-11-15;5;50
7;2025-11-15;6;263
7;2025-11-15;7;298
7;2025-11-15;8;723
7;2025-11-15;9;572
7;2025-11-15;10;650
7;2025-11-15;11;687
7;2025-11-15;12;953
7;2025-11-15;13;904
7;2025-11-15;14;858
7;2025-11-15;15;846
7;2025-11-15;16;842
7;2025-11-15;17;808
7;2025-11-15;18;757
7;2025-11-15;19;599
7;2025-11-15;20;544
7;2025-11-15;21;381
7;2025-11-15;22;215
7;2025-11-15;23;175
7;2025-11-16;0;104
7;2025-11-16;1;25
7;2025-11-16;2;1
7;2025-11-16;3;1
7;2025-11-16;4;2
7;2025-11-16;5;30
7;2025-11-16;6;130
7;2025-11-16;7;175
7;2025-11-16;8;394
7;2025-11-16;9;525
7;2025-11-16;10;407
7;2025-11-16;11;612
7;2025-11-16;12;653
7;2025-11-16;13;649
7;2025-11-16;14;673
7;2025-11-16;15;729
7;2025-11-16;16;626
7;2025-11-16;17;637
7;2025-11-16;18;644
7;2025-11-16;19;481
7;2025-11-16;20;397
7;2025-11-16;21;293
7;2025-11-16;22;149
7;2025-11-16;23;119
7;2025-11-17;0;64
7;2025-11-17;1;14
7;2025-11-17;2;1
7;2025-11-17;3;1
7;2025-11-17;4;3
7;2025-11-17;5;186
7;2025-11-17;6;597
7;2025-11-17;7;1602
7;2025-11-17;8;2442
7;2025-11-17;9;1808
7;2025-11-17;10;1655
7;2025-11-17;11;1542
7;2025-11-17;12;1656
7;2025-11-17;13;1546
7;2025-11-17;14;1610
7;2025-11-17;15;1752
7;2025-11-17;16;1875
7;2025-11-17;17;2356
7;2025-11-17;18;2509
7;2025-11-17;19;1625
7;2025-11-17;20;1052
7;2025-11-17;21;618
7;2025-11-17;22;307
7;2025-11-17;23;206
7;2025-11-18;0;64
7;2025-11-18;1;14
7;2025-11-18;2;1
7;2025-11-18;3;1
7;2025-11-18;4;2
7;2025-11-18;5;179
7;2025-11-18;6;577
7;2025-11-18;7;1566
7;2025-11-18;8;2400
7;2025-11-18;9;1772
7;2025-11-18;10;1615
7;2025-11-18;11;1537
7;2025-11-18;12;1655
7;2025-11-18;13;1545
7;2025-11-18;14;1599
7;2025-11-18;15;1773
7;2025-11-18;16;1874
7;2025-11-18;17;2375
7;2025-11-18;18;2454
7;2025-11-18;19;1594
7;2025-11-18;20;1049
7;2025-11-18;21;618
7;2025-11-18;22;304
7;2025-11-18;23;203
7;2025-11-19;0;64
7;2025-11-19;1;14
7;2025-11-19;2;1
7;2025-11-19;3;1
7;2025-11-19;4;3
7;2025-11-19;5;186
7;2025-11-19;6;601
7;2025-11-19;7;1615
7;2025-11-19;8;2490
7;2025-11-19;9;1867
7;2025-11-19;10;1719
7;2025-11-19;11;1598
7;2025-11-19;12;1735
7;2025-11-19;13;1631
7;2025-11-19;14;1686
7;2025-11-19;15;1819
7;2025-11-19;16;1922
7;2025-11-19;17;2413
7;2025-11-19;18;2515
7;2025-11-19;19;1632
7;2025-11-19;20;1053
7;2025-11-19;21;626
7;2025-11-19;22;308
7;2025-11-19;23;207
7;2025-11-20;0;64
7;2025-11-20;1;14
7;2025-11-20;2;1
7;2025-11-20;3;1
7;2025-11-20;4;3
7;2025-11-20;5;186
7;2025-11-20;6;601
7;2025-11-20;7;1617
7;2025-11-20;8;2493
7;2025-11-20;9;1869
7;2025-11-20;10;1730
7;2025-11-20;11;1614
7;2025-11-20;12;1736
7;2025-11-20;13;1633
7;2025-11-20;14;1689
7;2025-11-20;15;1819
7;2025-11-20;16;1922
7;2025-11-20;17;2420
7;2025-11-20;18;2528
7;2025-11-20;19;1635
7;2025-11-20;20;1057
7;2025-11-20;21;629
7;2025-11-20;22;309
7;2025-11-20;23;208
7;2025-11-21;0;64
7;2025-11-21;1;14
7;2025-11-21;2;1
7;2025-11-21;3;1
7;2025-11-21;4;3
7;2025-11-21;5;183
7;2025-11-21;6;596
7;2025-11-21;7;1592
7;2025-11-21;8;2464
7;2025-11-21;9;1858
7;2025-11-21;10;1718
7;2025-11-21;11;1632
7;2025-11-21;12;1730
7;2025-11-21;13;1662
7;2025-11-21;14;1718
7;2025-11-21;15;1861
7;2025-11-21;16;1959
7;2025-11-21;17;2430
7;2025-11-21;18;2451
7;2025-11-21;19;1604
7;2025-11-21;20;1055
7;2025-11-21;21;630
7;2025-11-21;22;307
7;2025-11-21;23;208
7;2025-11-22;0;123
7;2025-11-22;1;28
7;2025-11-22;2;1
7;2025-11-22;3;1
7;2025-11-22;4;2
7;2025-11-22;5;51
7;2025-11-22;6;272
7;2025-11-22;7;305
7;2025-11-22;8;724
7;2025-11-22;9;591
7;2025-11-22;10;661
7;2025-11-22;11;702
7;2025-11-22;12;972
7;2025-11-22;13;911
7;2025-11-22;14;867
7;2025-11-22;15;850
7;2025-11-22;16;851
7;2025-11-22;17;834
7;2025-11-22;18;782
7;2025-11-22;19;615
7;2025-11-22;20;542
7;2025-11-22;21;377
7;2025-11-22;22;212
7;2025-11-22;23;173
7;2025-11-23;0;103
7;2025-11-23;1;25
7;2025-11-23;2;1
7;2025-11-23;3;1
7;2025-11-23;4;2
7;2025-11-23;5;30
7;2025-11-23;6;130
7;2025-11-23;7;176
7;2025-11-23;8;395
7;2025-11-23;9;526
7;2025-11-23;10;408
7;2025-11-23;11;604
7;2025-11-23;12;652
7;2025-11-23;13;651
7;2025-11-23;14;680
7;2025-11-23;15;739
7;2025-11-23;16;633
7;2025-11-23;17;639
7;2025-11-23;18;656
7;2025-11-23;19;483
7;2025-11-23;20;399
7;2025-11-23;21;293
7;2025-11-23;22;152
7;2025-11-23;23;119
7;2025-11-24;0;63
7;2025-11-24;1;14
7;2025-11-24;2;1
7;2025-11-24;3;1
7;2025-11-24;4;2
7;2025-11-24;5;178
7;2025-11-24;6;578
7;2025-11-24;7;1563
7;2025-11-24;8;2441
7;2025-11-24;9;1819
7;2025-11-24;10;1667
7;2025-11-24;11;1545
7;2025-11-24;12;1674
7;2025-11-24;13;1588
7;2025-11-24;14;1637
7;2025-11-24;15;1774
7;2025-11-24;16;1879
7;2025-11-24;17;2345
7;2025-11-24;18;2482
7;2025-11-24;19;1604
7;2025-11-24;20;1044
7;2025-11-24;21;616
7;2025-11-24;22;304
7;2025-11-24;23;203
7;2025-11-25;0;63
7;2025-11-25;1;14
7;2025-11-25;2;1
7;2025-11-25;3;1
7;2025-11-25;4;3
7;2025-11-25;5;186
7;2025-11-25;6;600
7;2025-11-25;7;1616
7;2025-11-25;8;2490
7;2025-11-25;9;1867
7;2025-11-25;10;1728
7;2025-11-25;11;1612
7;2025-11-25;12;1734
7;2025-11-25;13;1634
7;2025-11-25;14;1689
7;2025-11-25;15;1820
7;2025-11-25;16;1920
7;2025-11-25;17;2417
7;2025-11-25;18;2525
7;2025-11-25;19;1632
7;2025-11-25;20;1058
7;2025-11-25;21;628
7;2025-11-25;22;309
7;2025-11-25;23;207
7;2025-11-26;0;64
7;2025-11-26;1;14
7;2025-11-26;2;1
7;2025-11-26;3;1
7;2025-11-26;4;3
7;2025-11-26;5;185
7;2025-11-26;6;598
7;2025-11-26;7;1616
7;2025-11-26;8;2489
7;2025-11-26;9;1854
7;2025-11-26;10;1703
7;2025-11-26;11;1590
7;2025-11-26;12;1720
7;2025-11-26;13;1627
7;2025-11-26;14;1673
7;2025-11-26;15;1824
7;2025-11-26;16;1929
7;2025-11-26;17;2435
7;2025-11-26;18;2518
7;2025-11-26;19;1625
7;2025-11-26;20;1056
7;2025-11-26;21;628
7;2025-11-26;22;309
7;2025-11-26;23;206
7;2025-11-27;0;64
7;2025-11-27;1;14
7;2025-11-27;2;1
7;2025-11-27;3;1
7;2025-11-27;4;3
7;2025-11-27;5;186
7;2025-11-27;6;600
7;2025-11-27;7;1618
7;2025-11-27;8;2495
7;2025-11-27;9;1881
7;2025-11-27;10;1741
7;2025-11-27;11;1607
7;2025-11-27;12;1697
7;2025-11-27;13;1621
7;2025-11-27;14;1658
7;2025-11-27;15;1828
7;2025-11-27;16;1928
7;2025-11-27;17;2396
7;2025-11-27;18;2486
7;2025-11-27;19;1592
7;2025-11-27;20;1035
7;2025-11-27;21;613
7;2025-11-27;22;300
7;2025-11-27;23;198
7;2025-11-28;0;63
7;2025-11-28;1;14
7;2025-11-28;2;1
7;2025-11-28;3;1
7;2025-11-28;4;3
7;2025-11-28;5;183
7;2025-11-28;6;595
7;2025-11-28;7;1600
7;2025-11-28;8;2478
7;2025-11-28;9;1858
7;2025-11-28;10;1723
7;2025-11-28;11;1639
7;2025-11-28;12;1763
7;2025-11-28;13;1662
7;2025-11-28;14;1724
7;2025-11-28;15;1861
7;2025-11-28;16;1965
7;2025-11-28;17;2438
7;2025-11-28;18;2447
7;2025-11-28;19;1606
7;2025-11-28;20;1050
7;2025-11-28;21;627
7;2025-11-28;22;306
7;2025-11-28;23;208
7;2025-11-29;0;123
7;2025-11-29;1;28
7;2025-11-29;2;1
7;2025-11-29;3;1
7;2025-11-29;4;2
7;2025-11-29;5;51
7;2025-11-29;6;273
7;2025-11-29;7;305
7;2025-11-29;8;726
7;2025-11-29;9;593
7;2025-11-29;10;658
7;2025-11-29;11;698
7;2025-11-29;12;968
7;2025-11-29;13;904
7;2025-11-29;14;861
7;2025-11-29;15;844
7;2025-11-29;16;844
7;2025-11-29;17;832
7;2025-11-29;18;781
7;2025-11-29;19;615
7;2025-11-29;20;541
7;2025-11-29;21;377
7;2025-11-29;22;213
7;2025-11-29;23;173
7;2025-11-30;0;101
7;2025-11-30;1;25
7;2025-11-30;2;1
7;2025-11-30;3;1
7;2025-11-30;4;2
7;2025-11-30;5;30
7;2025-11-30;6;130
7;2025-11-30;7;175
7;2025-11-30;8;395
7;2025-11-30;9;530
7;2025-11-30;10;411
7;2025-11-30;11;611
7;2025-11-30;12;660
7;2025-11-30;13;655
7;2025-11-30;14;681
7;2025-11-30;15;731
7;2025-11-30;16;629
7;2025-11-30;17;644
7;2025-11-30;18;664
7;2025-11-30;19;488
7;2025-11-30;20;399
7;2025-11-30;21;292
7;2025-11-30;22;152
7;2025-11-30;23;121
7;2025-12-01;0;63
7;2025-12-01;1;14
7;2025-12-01;2;1
7;2025-12-01;3;1
7;2025-12-01;4;3
7;2025-12-01;5;185
7;2025-12-01;6;596
7;2025-12-01;7;1606
7;2025-12-01;8;2480
7;2025-12-01;9;1845
7;2025-12-01;10;1713
7;2025-12-01;11;1593
7;2025-12-01;12;1715
7;2025-12-01;13;1623
7;2025-12-01;14;1676
7;2025-12-01;15;1804
7;2025-12-01;16;1903
7;2025-12-01;17;2389
7;2025-12-01;18;2513
7;2025-12-01;19;1625
7;2025-12-01;20;1050
7;2025-12-01;21;625
7;2025-12-01;22;308
7;2025-12-01;23;206
7;2025-12-02;0;64
7;2025-12-02;1;14
7;2025-12-02;2;1
7;2025-12-02;3;1
7;2025-12-02;4;3
7;2025-12-02;5;186
7;2025-12-02;6;601
7;2025-12-02;7;1616
7;2025-12-02;8;2492
7;2025-12-02;9;1879
7;2025-12-02;10;1737
7;2025-12-02;11;1625
7;2025-12-02;12;1748
7;2025-12-02;13;1642
7;2025-12-02;14;1690
7;2025-12-02;15;1826
7;2025-12-02;16;1928
7;2025-12-02;17;2439
7;2025-12-02;18;2555
7;2025-12-02;19;1644
7;2025-12-02;20;1060
7;2025-12-02;21;628
7;2025-12-02;22;309
7;2025-12-02;23;207
7;2025-12-03;0;64
7;2025-12-03;1;14
7;2025-12-03;2;1
7;2025-12-03;3;1
7;2025-12-03;4;3
7;2025-12-03;5;186
7;2025-12-03;6;601
7;2025-12-03;7;1618
7;2025-12-03;8;2495
7;2025-12-03;9;1889
7;2025-12-03;10;1742
7;2025-12-03;11;1624
7;2025-12-03;12;1753
7;2025-12-03;13;1651
7;2025-12-03;14;1697
7;2025-12-03;15;1826
7;2025-12-03;16;1928
7;2025-12-03;17;2439
7;2025-12-03;18;2553
7;2025-12-03;19;1645
7;2025-12-03;20;1059
7;2025-12-03;21;628
7;2025-12-03;22;309
7;2025-12-03;23;207
7;2025-12-04;0;64
7;2025-12-04;1;14
7;2025-12-04;2;1
7;2025-12-04;3;1
7;2025-12-04;4;3
7;2025-12-04;5;186
7;2025-12-04;6;602
7;2025-12-04;7;1619
7;2025-12-04;8;2495
7;2025-12-04;9;1880
7;2025-12-04;10;1740
7;2025-12-04;11;1627
7;2025-12-04;12;1748
7;2025-12-04;13;1645
7;2025-12-04;14;1692
7;2025-12-04;15;1827
7;2025-12-04;16;1928
7;2025-12-04;17;2433
7;2025-12-04;18;2543
7;2025-12-04;19;1630
7;2025-12-04;20;1054
7;2025-12-04;21;627
7;2025-12-04;22;309
7;2025-12-04;23;207
7;2025-12-05;0;64
7;2025-12-05;1;14
7;2025-12-05;2;1
7;2025-12-05;3;1
7;2025-12-05;4;3
7;2025-12-05;5;184
7;2025-12-05;6;599
7;2025-12-05;7;1599
7;2025-12-05;8;2488
7;2025-12-05;9;1864
7;2025-12-05;10;1725
7;2025-12-05;11;1639
7;2025-12-05;12;1768
7;2025-12-05;13;1667
7;2025-12-05;14;1724
7;2025-12-05;15;1864
7;2025-12-05;16;1965
7;2025-12-05;17;2438
7;2025-12-05;18;2452
7;2025-12-05;19;1605
7;2025-12-05;20;1051
7;2025-12-05;21;629
7;2025-12-05;22;306
7;2025-12-05;23;208
7;2025-12-06;0;123
7;2025-12-06;1;28
7;2025-12-06;2;1
7;2025-12-06;3;1
7;2025-12-06;4;2
7;2025-12-06;5;51
7;2025-12-06;6;272
7;2025-12-06;7;305
7;2025-12-06;8;727
7;2025-12-06;9;593
7;2025-12-06;10;659
7;2025-12-06;11;699
7;2025-12-06;12;970
7;2025-12-06;13;907
7;2025-12-06;14;864
7;2025-12-06;15;847
7;2025-12-06;16;846
7;2025-12-06;17;834
7;2025-12-06;18;782
7;2025-12-06;19;614
7;2025-12-06;20;540
7;2025-12-06;21;377
7;2025-12-06;22;212
7;2025-12-06;23;173
7;2025-12-07;0;102
7;2025-12-07;1;25
7;2025-12-07;2;1
7;2025-12-07;3;1
7;2025-12-07;4;2
7;2025-12-07;5;30
7;2025-12-07;6;130
7;2025-12-07;7;175
7;2025-12-07;8;394
7;2025-12-07;9;526
7;2025-12-07;10;407
7;2025-12-07;11;605
7;2025-12-07;12;650
7;2025-12-07;13;644
7;2025-12-07;14;675
7;2025-12-07;15;729
7;2025-12-07;16;626
7;2025-12-07;17;636
7;2025-12-07;18;655
7;2025-12-07;19;482
7;2025-12-07;20;399
7;2025-12-07;21;293
7;2025-12-07;22;152
7;2025-12-07;23;122
7;2025-12-08;0;63
7;2025-12-08;1;14
7;2025-12-08;2;1
7;2025-12-08;3;1
7;2025-12-08;4;3
7;2025-12-08;5;184
7;2025-12-08;6;595
7;2025-12-08;7;1605
7;2025-12-08;8;2465
7;2025-12-08;9;1843
7;2025-12-08;10;1706
7;2025-12-08;11;1593
7;2025-12-08;12;1715
7;2025-12-08;13;1620
7;2025-12-08;14;1672
7;2025-12-08;15;1804
7;2025-12-08;16;1905
7;2025-12-08;17;2387
7;2025-12-08;18;2504
7;2025-12-08;19;1626
7;2025-12-08;20;1051
7;2025-12-08;21;625
7;2025-12-08;22;309
7;2025-12-08;23;206
7;2025-12-09;0;64
7;2025-12-09;1;14
7;2025-12-09;2;1
7;2025-12-09;3;1
7;2025-12-09;4;3
7;2025-12-09;5;186
7;2025-12-09;6;600
7;2025-12-09;7;1609
7;2025-12-09;8;2483
7;2025-12-09;9;1865
7;2025-12-09;10;1718
7;2025-12-09;11;1585
7;2025-12-09;12;1697
7;2025-12-09;13;1601
7;2025-12-09;14;1660
7;2025-12-09;15;1813
7;2025-12-09;16;1917
7;2025-12-09;17;2385
7;2025-12-09;18;2492
7;2025-12-09;19;1630
7;2025-12-09;20;1059
7;2025-12-09;21;625
7;2025-12-09;22;309
7;2025-12-09;23;207
7;2025-12-10;0;64
7;2025-12-10;1;14
7;2025-12-10;2;1
7;2025-12-10;3;1
7;2025-12-10;4;3
7;2025-12-10;5;185
7;2025-12-10;6;598
7;2025-12-10;7;1608
7;2025-12-10;8;2485
7;2025-12-10;9;1877
7;2025-12-10;10;1737
7;2025-12-10;11;1620
7;2025-12-10;12;1743
7;2025-12-10;13;1639
7;2025-12-10;14;1687
7;2025-12-10;15;1820
7;2025-12-10;16;1920
7;2025-12-10;17;2424
7;2025-12-10;18;2537
7;2025-12-10;19;1641
7;2025-12-10;20;1058
7;2025-12-10;21;627
7;2025-12-10;22;308
7;2025-12-10;23;207
7;2025-12-11;0;64
7;2025-12-11;1;14
7;2025-12-11;2;1
7;2025-12-11;3;1
7;2025-12-11;4;3
7;2025-12-11;5;187
7;2025-12-11;6;603
7;2025-12-11;7;1613
7;2025-12-11;8;2484
7;2025-12-11;9;1822
7;2025-12-11;10;1691
7;2025-12-11;11;1582
7;2025-12-11;12;1704
7;2025-12-11;13;1619
7;2025-12-11;14;1681
7;2025-12-11;15;1812
7;2025-12-11;16;1913
7;2025-12-11;17;2426
7;2025-12-11;18;2520
7;2025-12-11;19;1607
7;2025-12-11;20;1046
7;2025-12-11;21;620
7;2025-12-11;22;308
7;2025-12-11;23;208
7;2025-12-12;0;64
7;2025-12-12;1;14
7;2025-12-12;2;1
7;2025-12-12;3;1
7;2025-12-12;4;3
7;2025-12-12;5;183
7;2025-12-12;6;594
7;2025-12-12;7;1594
7;2025-12-12;8;2468
7;2025-12-12;9;1854
7;2025-12-12;10;1713
7;2025-12-12;11;1635
7;2025-12-12;12;1689
7;2025-12-12;13;1595
7;2025-12-12;14;1650
7;2025-12-12;15;1787
7;2025-12-12;16;1901
7;2025-12-12;17;2342
7;2025-12-12;18;2398
7;2025-12-12;19;1578
7;2025-12-12;20;1043
7;2025-12-12;21;619
7;2025-12-12;22;301
7;2025-12-12;23;203
7;2025-12-13;0;118
7;2025-12-13;1;27
7;2025-12-13;2;1
7;2025-12-13;3;1
7;2025-12-13;4;2
7;2025-12-13;5;49
7;2025-12-13;6;261
7;2025-12-13;7;288
7;2025-12-13;8;686
7;2025-12-13;9;558
7;2025-12-13;10;620
7;2025-12-13;11;658
7;2025-12-13;12;915
7;2025-12-13;13;860
7;2025-12-13;14;811
7;2025-12-13;15;795
7;2025-12-13;16;794
7;2025-12-13;17;790
7;2025-12-13;18;746
7;2025-12-13;19;593
7;2025-12-13;20;525
7;2025-12-13;21;367
7;2025-12-13;22;207
7;2025-12-13;23;168
7;2025-12-14;0;98
7;2025-12-14;1;25
7;2025-12-14;2;1
7;2025-12-14;3;1
7;2025-12-14;4;2
7;2025-12-14;5;30
7;2025-12-14;6;130
7;2025-12-14;7;175
7;2025-12-14;8;385
7;2025-12-14;9;504
7;2025-12-14;10;391
7;2025-12-14;11;581
7;2025-12-14;12;616
7;2025-12-14;13;611
7;2025-12-14;14;639
7;2025-12-14;15;692
7;2025-12-14;16;612
7;2025-12-14;17;621
7;2025-12-14;18;647
7;2025-12-14;19;482
7;2025-12-14;20;398
7;2025-12-14;21;293
7;2025-12-14;22;152
7;2025-12-14;23;122
7;2025-12-15;0;63
7;2025-12-15;1;14
7;2025-12-15;2;1
7;2025-12-15;3;1
7;2025-12-15;4;3
7;2025-12-15;5;184
7;2025-12-15;6;594
7;2025-12-15;7;1598
7;2025-12-15;8;2465
7;2025-12-15;9;1837
7;2025-12-15;10;1700
7;2025-12-15;11;1586
7;2025-12-15;12;1703
7;2025-12-15;13;1608
7;2025-12-15;14;1656
7;2025-12-15;15;1794
7;2025-12-15;16;1894
7;2025-12-15;17;2379
7;2025-12-15;18;2487
7;2025-12-15;19;1607
7;2025-12-15;20;1044
7;2025-12-15;21;621
7;2025-12-15;22;306
7;2025-12-15;23;205
7;2025-12-16;0;64
7;2025-12-16;1;14
7;2025-12-16;2;1
7;2025-12-16;3;1
7;2025-12-16;4;3
7;2025-12-16;5;186
7;2025-12-16;6;601
7;2025-12-16;7;1616
7;2025-12-16;8;2490
7;2025-12-16;9;1877
7;2025-12-16;10;1737
7;2025-12-16;11;1613
7;2025-12-16;12;1731
7;2025-12-16;13;1601
7;2025-12-16;14;1684
7;2025-12-16;15;1814
7;2025-12-16;16;1917
7;2025-12-16;17;2422
7;2025-12-16;18;2533
7;2025-12-16;19;1636
7;2025-12-16;20;1062
7;2025-12-16;21;629
7;2025-12-16;22;309
7;2025-12-16;23;207
7;2025-12-17;0;63
7;2025-12-17;1;14
7;2025-12-17;2;1
7;2025-12-17;3;1
7;2025-12-17;4;3
7;2025-12-17;5;186
7;2025-12-17;6;600
7;2025-12-17;7;1616
7;2025-12-17;8;2491
7;2025-12-17;9;1877
7;2025-12-17;10;1738
7;2025-12-17;11;1621
7;2025-12-17;12;1746
7;2025-12-17;13;1644
7;2025-12-17;14;1692
7;2025-12-17;15;1825
7;2025-12-17;16;1920
7;2025-12-17;17;2424
7;2025-12-17;18;2537
7;2025-12-17;19;1641
7;2025-12-17;20;1058
7;2025-12-17;21;627
7;2025-12-17;22;308
7;2025-12-17;23;207
7;2025-12-18;0;64
7;2025-12-18;1;14
7;2025-12-18;2;1
7;2025-12-18;3;1
7;2025-12-18;4;3
7;2025-12-18;5;187
7;2025-12-18;6;602
7;2025-12-18;7;1620
7;2025-12-18;8;2498
7;2025-12-18;9;1878
7;2025-12-18;10;1735
7;2025-12-18;11;1614
7;2025-12-18;12;1743
7;2025-12-18;13;1644
7;2025-12-18;14;1690
7;2025-12-18;15;1825
7;2025-12-18;16;1925
7;2025-12-18;17;2436
7;2025-12-18;18;2549
7;2025-12-18;19;1650
7;2025-12-18;20;1066
7;2025-12-18;21;629
7;2025-12-18;22;309
7;2025-12-18;23;207
7;2025-12-19;0;64
7;2025-12-19;1;14
7;2025-12-19;2;1
7;2025-12-19;3;1
7;2025-12-19;4;3
7;2025-12-19;5;184
7;2025-12-19;6;598
7;2025-12-19;7;1599
7;2025-12-19;8;2477
7;2025-12-19;9;1861
7;2025-12-19;10;1720
7;2025-12-19;11;1632
7;2025-12-19;12;1759
7;2025-12-19;13;1658
7;2025-12-19;14;1714
7;2025-12-19;15;1855
7;2025-12-19;16;1953
7;2025-12-19;17;2422
7;2025-12-19;18;2484
7;2025-12-19;19;1608
7;2025-12-19;20;1054
7;2025-12-19;21;630
7;2025-12-19;22;307
7;2025-12-19;23;208
7;2025-12-20;0;123
7;2025-12-20;1;28
7;2025-12-20;2;1
7;2025-12-20;3;1
7;2025-12-20;4;2
7;2025-12-20;5;51
7;2025-12-20;6;273
7;2025-12-20;7;305
7;2025-12-20;8;726
7;2025-12-20;9;588
7;2025-12-20;10;658
7;2025-12-20;11;697
7;2025-12-20;12;968
7;2025-12-20;13;904
7;2025-12-20;14;861
7;2025-12-20;15;844
7;2025-12-20;16;843
7;2025-12-20;17;828
7;2025-12-20;18;769
7;2025-12-20;19;606
7;2025-12-20;20;532
7;2025-12-20;21;371
7;2025-12-20;22;210
7;2025-12-20;23;171
7;2025-12-21;0;100
7;2025-12-21;1;25
7;2025-12-21;2;1
7;2025-12-21;3;1
7;2025-12-21;4;2
7;2025-12-21;5;30
7;2025-12-21;6;129
7;2025-12-21;7;175
7;2025-12-21;8;393
7;2025-12-21;9;526
7;2025-12-21;10;407
7;2025-12-21;11;605
7;2025-12-21;12;653
7;2025-12-21;13;647
7;2025-12-21;14;674
7;2025-12-21;15;729
7;2025-12-21;16;626
7;2025-12-21;17;637
7;2025-12-21;18;658
7;2025-12-21;19;485
7;2025-12-21;20;400
7;2025-12-21;21;293
7;2025-12-21;22;150
7;2025-12-21;23;122
7;2025-12-22;0;63
7;2025-12-22;1;14
7;2025-12-22;2;1
7;2025-12-22;3;1
7;2025-12-22;4;3
7;2025-12-22;5;185
7;2025-12-22;6;596
7;2025-12-22;7;1609
7;2025-12-22;8;2480
7;2025-12-22;9;1821
7;2025-12-22;10;1680
7;2025-12-22;11;1571
7;2025-12-22;12;1679
7;2025-12-22;13;1586
7;2025-12-22;14;1614
7;2025-12-22;15;1766
7;2025-12-22;16;1868
7;2025-12-22;17;2343
7;2025-12-22;18;2459
7;2025-12-22;19;1597
7;2025-12-22;20;1032
7;2025-12-22;21;620
7;2025-12-22;22;308
7;2025-12-22;23;201
7;2025-12-23;0;63
7;2025-12-23;1;14
7;2025-12-23;2;1
7;2025-12-23;3;1
7;2025-12-23;4;3
7;2025-12-23;5;183
7;2025-12-23;6;592
7;2025-12-23;7;1582
7;2025-12-23;8;2434
7;2025-12-23;9;1822
7;2025-12-23;10;1687
7;2025-12-23;11;1575
7;2025-12-23;12;1695
7;2025-12-23;13;1604
7;2025-12-23;14;1676
7;2025-12-23;15;1808
7;2025-12-23;16;1909
7;2025-12-23;17;2403
7;2025-12-23;18;2507
7;2025-12-23;19;1625
7;2025-12-23;20;1055
7;2025-12-23;21;627
7;2025-12-23;22;309
7;2025-12-23;23;207
7;2025-12-24;0;64
7;2025-12-24;1;14
7;2025-12-24;2;1
7;2025-12-24;3;1
7;2025-12-24;4;3
7;2025-12-24;5;185
7;2025-12-24;6;599
7;2025-12-24;7;1615
7;2025-12-24;8;2490
7;2025-12-24;9;1867
7;2025-12-24;10;1724
7;2025-12-24;11;1603
7;2025-12-24;12;1729
7;2025-12-24;13;1621
7;2025-12-24;14;1675
7;2025-12-24;15;1810
7;2025-12-24;16;1916
7;2025-12-24;17;2416
7;2025-12-24;18;2523
7;2025-12-24;19;1633
7;2025-12-24;20;1060
7;2025-12-24;21;629
7;2025-12-24;22;309
7;2025-12-24;23;207
7;2025-12-25;0;64
7;2025-12-25;1;14
7;2025-12-25;2;1
7;2025-12-25;3;1
7;2025-12-25;4;3
7;2025-12-25;5;187
7;2025-12-25;6;603
7;2025-12-25;7;1618
7;2025-12-25;8;2498
7;2025-12-25;9;1878
7;2025-12-25;10;1740
7;2025-12-25;11;1621
7;2025-12-25;12;1745
7;2025-12-25;13;1644
7;2025-12-25;14;1686
7;2025-12-25;15;1822
7;2025-12-25;16;1925
7;2025-12-25;17;2415
7;2025-12-25;18;2516
7;2025-12-25;19;1644
7;2025-12-25;20;1062
7;2025-12-25;21;626
7;2025-12-25;22;305
7;2025-12-25;23;204
7;2025-12-26;0;62
7;2025-12-26;1;14
7;2025-12-26;2;1
7;2025-12-26;3;1
7;2025-12-26;4;2
7;2025-12-26;5;182
7;2025-12-26;6;581
7;2025-12-26;7;1552
7;2025-12-26;8;2399
7;2025-12-26;9;1787
7;2025-12-26;10;1649
7;2025-12-26;11;1552
7;2025-12-26;12;1675
7;2025-12-26;13;1609
7;2025-12-26;14;1652
7;2025-12-26;15;1790
7;2025-12-26;16;1894
7;2025-12-26;17;2357
7;2025-12-26;18;2428
7;2025-12-26;19;1586
7;2025-12-26;20;1035
7;2025-12-26;21;617
7;2025-12-26;22;301
7;2025-12-26;23;203
7;2025-12-27;0;118
7;2025-12-27;1;27
7;2025-12-27;2;1
7;2025-12-27;3;1
7;2025-12-27;4;2
7;2025-12-27;5;49
7;2025-12-27;6;264
7;2025-12-27;7;293
7;2025-12-27;8;707
7;2025-12-27;9;592
7;2025-12-27;10;645
7;2025-12-27;11;686
7;2025-12-27;12;968
7;2025-12-27;13;904
7;2025-12-27;14;862
7;2025-12-27;15;844
7;2025-12-27;16;844
7;2025-12-27;17;832
7;2025-12-27;18;781
7;2025-12-27;19;615
7;2025-12-27;20;541
7;2025-12-27;21;377
7;2025-12-27;22;211
7;2025-12-27;23;172
7;2025-12-28;0;103
7;2025-12-28;1;25
7;2025-12-28;2;1
7;2025-12-28;3;1
7;2025-12-28;4;2
7;2025-12-28;5;30
7;2025-12-28;6;129
7;2025-12-28;7;174
7;2025-12-28;8;390
7;2025-12-28;9;520
7;2025-12-28;10;407
7;2025-12-28;11;600
7;2025-12-28;12;653
7;2025-12-28;13;647
7;2025-12-28;14;673
7;2025-12-28;15;728
7;2025-12-28;16;626
7;2025-12-28;17;637
7;2025-12-28;18;658
7;2025-12-28;19;485
7;2025-12-28;20;400
7;2025-12-28;21;293
7;2025-12-28;22;152
7;2025-12-28;23;122
7;2025-12-29;0;63
7;2025-12-29;1;14
7;2025-12-29;2;1
7;2025-12-29;3;1
7;2025-12-29;4;3
7;2025-12-29;5;185
7;2025-12-29;6;594
7;2025-12-29;7;1599
7;2025-12-29;8;2465
7;2025-12-29;9;1839
7;2025-12-29;10;1701
7;2025-12-29;11;1581
7;2025-12-29;12;1698
7;2025-12-29;13;1608
7;2025-12-29;14;1661
7;2025-12-29;15;1794
7;2025-12-29;16;1894
7;2025-12-29;17;2379
7;2025-12-29;18;2496
7;2025-12-29;19;1617
7;2025-12-29;20;1050
7;2025-12-29;21;624
7;2025-12-29;22;306
7;2025-12-29;23;205
7;2025-12-30;0;64
7;2025-12-30;1;14
7;2025-12-30;2;1
7;2025-12-30;3;1
7;2025-12-30;4;3
7;2025-12-30;5;186
7;2025-12-30;6;601
7;2025-12-30;7;1617
7;2025-12-30;8;2487
7;2025-12-30;9;1859
7;2025-12-30;10;1718
7;2025-12-30;11;1600
7;2025-12-30;12;1737
7;2025-12-30;13;1627
7;2025-12-30;14;1686
7;2025-12-30;15;1819
7;2025-12-30;16;1919
7;2025-12-30;17;2414
7;2025-12-30;18;2538
7;2025-12-30;19;1631
7;2025-12-30;20;1055
7;2025-12-30;21;627
7;2025-12-30;22;308
7;2025-12-30;23;207
7;2025-12-31;0;102
7;2025-12-31;1;25
7;2025-12-31;2;1
7;2025-12-31;3;1
7;2025-12-31;4;2
7;2025-12-31;5;30
7;2025-12-31;6;129
7;2025-12-31;7;174
7;2025-12-31;8;393
7;2025-12-31;9;528
7;2025-12-31;10;410
7;2025-12-31;11;609
7;2025-12-31;12;654
7;2025-12-31;13;645
7;2025-12-31;14;673
7;2025-12-31;15;727
7;2025-12-31;16;627
7;2025-12-31;17;639
7;2025-12-31;18;659
7;2025-12-31;19;485
7;2025-12-31;20;399
7;2025-12-31;21;293
7;2025-12-31;22;152
7;2025-12-31;23;122
11;2025-11-01;0;62
11;2025-11-01;1;4
11;2025-11-01;2;1
11;2025-11-01;3;1
11;2025-11-01;4;1
11;2025-11-01;5;244
11;2025-11-01;6;1312
11;2025-11-01;7;2465
11;2025-11-01;8;3236
11;2025-11-01;9;2413
11;2025-11-01;10;2006
11;2025-11-01;11;1872
11;2025-11-01;12;1942
11;2025-11-01;13;2023
11;2025-11-01;14;2052
11;2025-11-01;15;1970
11;2025-11-01;16;2205
11;2025-11-01;17;2813
11;2025-11-01;18;2977
11;2025-11-01;19;2112
11;2025-11-01;20;1341
11;2025-11-01;21;787
11;2025-11-01;22;362
11;2025-11-01;23;253
11;2025-11-02;0;114
11;2025-11-02;1;16
11;2025-11-02;2;1
11;2025-11-02;3;1
11;2025-11-02;4;1
11;2025-11-02;5;108
11;2025-11-02;6;499
11;2025-11-02;7;502
11;2025-11-02;8;705
11;2025-11-02;9;967
11;2025-11-02;10;1068
11;2025-11-02;11;1564
11;2025-11-02;12;1654
11;2025-11-02;13;1556
11;2025-11-02;14;1676
11;2025-11-02;15;1648
11;2025-11-02;16;1554
11;2025-11-02;17;1714
11;2025-11-02;18;1267
11;2025-11-02;19;999
11;2025-11-02;20;767
11;2025-11-02;21;588
11;2025-11-02;22;344
11;2025-11-02;23;240
11;2025-11-03;0;113
11;2025-11-03;1;16
11;2025-11-03;2;1
11;2025-11-03;3;1
11;2025-11-03;4;1
11;2025-11-03;5;108
11;2025-11-03;6;494
11;2025-11-03;7;496
11;2025-11-03;8;691
11;2025-11-03;9;942
11;2025-11-03;10;1021
11;2025-11-03;11;1458
11;2025-11-03;12;1535
11;2025-11-03;13;1481
11;2025-11-03;14;1575
11;2025-11-03;15;1559
11;2025-11-03;16;1488
11;2025-11-03;17;1651
11;2025-11-03;18;1235
11;2025-11-03;19;972
11;2025-11-03;20;744
11;2025-11-03;21;570
11;2025-11-03;22;336
11;2025-11-03;23;234
11;2025-11-04;0;111
11;2025-11-04;1;16
11;2025-11-04;2;1
11;2025-11-04;3;1
11;2025-11-04;4;1
11;2025-11-04;5;105
11;2025-11-04;6;485
11;2025-11-04;7;480
11;2025-11-04;8;660
11;2025-11-04;9;905
11;2025-11-04;10;1003
11;2025-11-04;11;1467
11;2025-11-04;12;1539
11;2025-11-04;13;1483
11;2025-11-04;14;1654
11;2025-11-04;15;1629
11;2025-11-04;16;1539
11;2025-11-04;17;1716
11;2025-11-04;18;1268
11;2025-11-04;19;1003
11;2025-11-04;20;768
11;2025-11-04;21;587
11;2025-11-04;22;344
11;2025-11-04;23;239
11;2025-11-05;0;62
11;2025-11-05;1;4
11;2025-11-05;2;1
11;2025-11-05;3;1
11;2025-11-05;4;1
11;2025-11-05;5;245
11;2025-11-05;6;1317
11;2025-11-05;7;2457
11;2025-11-05;8;3227
11;2025-11-05;9;2428
11;2025-11-05;10;2010
11;2025-11-05;11;1873
11;2025-11-05;12;1940
11;2025-11-05;13;2023
11;2025-11-05;14;2044
11;2025-11-05;15;1960
11;2025-11-05;16;2190
11;2025-11-05;17;2786
11;2025-11-05;18;2943
11;2025-11-05;19;2095
11;2025-11-05;20;1343
11;2025-11-05;21;787
11;2025-11-05;22;362
11;2025-11-05;23;251
11;2025-11-06;0;62
11;2025-11-06;1;4
11;2025-11-06;2;1
11;2025-11-06;3;1
11;2025-11-06;4;1
11;2025-11-06;5;245
11;2025-11-06;6;1315
11;2025-11-06;7;2463
11;2025-11-06;8;3233
11;2025-11-06;9;2427
11;2025-11-06;10;2016
11;2025-11-06;11;1854
11;2025-11-06;12;1963
11;2025-11-06;13;2046
11;2025-11-06;14;2060
11;2025-11-06;15;1951
11;2025-11-06;16;2186
11;2025-11-06;17;2799
11;2025-11-06;18;2972
11;2025-11-06;19;2114
11;2025-11-06;20;1325
11;2025-11-06;21;793
11;2025-11-06;22;364
11;2025-11-06;23;251
11;2025-11-07;0;63
11;2025-11-07;1;4
11;2025-11-07;2;1
11;2025-11-07;3;1
11;2025-11-07;4;1
11;2025-11-07;5;243
11;2025-11-07;6;1305
11;2025-11-07;7;2440
11;2025-11-07;8;3230
11;2025-11-07;9;2366
11;2025-11-07;10;1991
11;2025-11-07;11;1902
11;2025-11-07;12;1976
11;2025-11-07;13;2065
11;2025-11-07;14;2088
11;2025-11-07;15;2012
11;2025-11-07;16;2246
11;2025-11-07;17;2810
11;2025-11-07;18;2863
11;2025-11-07;19;2058
11;2025-11-07;20;1336
11;2025-11-07;21;788
11;2025-11-07;22;360
11;2025-11-07;23;252
11;2025-11-08;0;107
11;2025-11-08;1;2
11;2025-11-08;2;1
11;2025-11-08;3;1
11;2025-11-08;4;1
11;2025-11-08;5;165
11;2025-11-08;6;828
11;2025-11-08;7;752
11;2025-11-08;8;1040
11;2025-11-08;9;1177
11;2025-11-08;10;1404
11;2025-11-08;11;1733
11;2025-11-08;12;1926
11;2025-11-08;13;1798
11;2025-11-08;14;2088
11;2025-11-08;15;1938
11;2025-11-08;16;1809
11;2025-11-08;17;1931
11;2025-11-08;18;1529
11;2025-11-08;19;1480
11;2025-11-08;20;978
11;2025-11-08;21;708
11;2025-11-08;22;413
11;2025-11-08;23;277
11;2025-11-09;0;113
11;2025-11-09;1;16
11;2025-11-09;2;1
11;2025-11-09;3;1
11;2025-11-09;4;1
11;2025-11-09;5;108
11;2025-11-09;6;498
11;2025-11-09;7;500
11;2025-11-09;8;701
11;2025-11-09;9;961
11;2025-11-09;10;1062
11;2025-11-09;11;1552
11;2025-11-09;12;1631
11;2025-11-09;13;1576
11;2025-11-09;14;1628
11;2025-11-09;15;1640
11;2025-11-09;16;1554
11;2025-11-09;17;1714
11;2025-11-09;18;1268
11;2025-11-09;19;1001
11;2025-11-09;20;769
11;2025-11-09;21;588
11;2025-11-09;22;344
11;2025-11-09;23;240
11;2025-11-10;0;62
11;2025-11-10;1;4
11;2025-11-10;2;1
11;2025-11-10;3;1
11;2025-11-10;4;1
11;2025-11-10;5;245
11;2025-11-10;6;1306
11;2025-11-10;7;2457
11;2025-11-10;8;3233
11;2025-11-10;9;2389
11;2025-11-10;10;1987
11;2025-11-10;11;1862
11;2025-11-10;12;1934
11;2025-11-10;13;2024
11;2025-11-10;14;2044
11;2025-11-10;15;1961
11;2025-11-10;16;2186
11;2025-11-10;17;2765
11;2025-11-10;18;2922
11;2025-11-10;19;2092
11;2025-11-10;20;1340
11;2025-11-10;21;788
11;2025-11-10;22;362
11;2025-11-10;23;251
11;2025-11-11;0;63
11;2025-11-11;1;4
11;2025-11-11;2;1
11;2025-11-11;3;1
11;2025-11-11;4;1
11;2025-11-11;5;247
11;2025-11-11;6;1322
11;2025-11-11;7;2476
11;2025-11-11;8;3254
11;2025-11-11;9;2445
11;2025-11-11;10;2034
11;2025-11-11;11;1910
11;2025-11-11;12;1975
11;2025-11-11;13;2059
11;2025-11-11;14;2065
11;2025-11-11;15;1982
11;2025-11-11;16;2216
11;2025-11-11;17;2833
11;2025-11-11;18;3000
11;2025-11-11;19;2126
11;2025-11-11;20;1353
11;2025-11-11;21;797
11;2025-11-11;22;364
11;2025-11-11;23;254
11;2025-11-12;0;63
11;2025-11-12;1;4
11;2025-11-12;2;1
11;2025-11-12;3;1
11;2025-11-12;4;1
11;2025-11-12;5;247
11;2025-11-12;6;1319
11;2025-11-12;7;2468
11;2025-11-12;8;3240
11;2025-11-12;9;2427
11;2025-11-12;10;1989
11;2025-11-12;11;1855
11;2025-11-12;12;1935
11;2025-11-12;13;2021
11;2025-11-12;14;2041
11;2025-11-12;15;1956
11;2025-11-12;16;2203
11;2025-11-12;17;2809
11;2025-11-12;18;2942
11;2025-11-12;19;2114
11;2025-11-12;20;1350
11;2025-11-12;21;790
11;2025-11-12;22;363
11;2025-11-12;23;252
11;2025-11-13;0;63
11;2025-11-13;1;4
11;2025-11-13;2;1
11;2025-11-13;3;1
11;2025-11-13;4;1
11;2025-11-13;5;246
11;2025-11-13;6;1307
11;2025-11-13;7;2479
11;2025-11-13;8;3258
11;2025-11-13;9;2449
11;2025-11-13;10;2035
11;2025-11-13;11;1903
11;2025-11-13;12;1971
11;2025-11-13;13;2045
11;2025-11-13;14;2056
11;2025-11-13;15;1967
11;2025-11-13;16;2197
11;2025-11-13;17;2803
11;2025-11-13;18;2970
11;2025-11-13;19;2122
11;2025-11-13;20;1357
11;2025-11-13;21;794
11;2025-11-13;22;365
11;2025-11-13;23;255
11;2025-11-14;0;63
11;2025-11-14;1;4
11;2025-11-14;2;1
11;2025-11-14;3;1
11;2025-11-14;4;1
11;2025-11-14;5;240
11;2025-11-14;6;1282
11;2025-11-14;7;2392
11;2025-11-14;8;3134
11;2025-11-14;9;2322
11;2025-11-14;10;1929
11;2025-11-14;11;1847
11;2025-11-14;12;1921
11;2025-11-14;13;2011
11;2025-11-14;14;2021
11;2025-11-14;15;1955
11;2025-11-14;16;2190
11;2025-11-14;17;2741
11;2025-11-14;18;2814
11;2025-11-14;19;2051
11;2025-11-14;20;1339
11;2025-11-14;21;781
11;2025-11-14;22;361
11;2025-11-14;23;252
11;2025-11-15;0;104
11;2025-11-15;1;2
11;2025-11-15;2;1
11;2025-11-15;3;1
11;2025-11-15;4;1
11;2025-11-15;5;166
11;2025-11-15;6;818
11;2025-11-15;7;758
11;2025-11-15;8;1066
11;2025-11-15;9;1162
11;2025-11-15;10;1428
11;2025-11-15;11;1745
11;2025-11-15;12;1988
11;2025-11-15;13;1861
11;2025-11-15;14;2096
11;2025-11-15;15;1946
11;2025-11-15;16;1808
11;2025-11-15;17;1884
11;2025-11-15;18;1502
11;2025-11-15;19;1464
11;2025-11-15;20;998
11;2025-11-15;21;721
11;2025-11-15;22;422
11;2025-11-15;23;283
11;2025-11-16;0;116
11;2025-11-16;1;17
11;2025-11-16;2;1
11;2025-11-16;3;1
11;2025-11-16;4;1
11;2025-11-16;5;109
11;2025-11-16;6;502
11;2025-11-16;7;501
11;2025-11-16;8;705
11;2025-11-16;9;965
11;2025-11-16;10;1070
11;2025-11-16;11;1580
11;2025-11-16;12;1643
11;2025-11-16;13;1590
11;2025-11-16;14;1672
11;2025-11-16;15;1644
11;2025-11-16;16;1552
11;2025-11-16;17;1721
11;2025-11-16;18;1252
11;2025-11-16;19;1006
11;2025-11-16;20;771
11;2025-11-16;21;592
11;2025-11-16;22;341
11;2025-11-16;23;236
11;2025-11-17;0;63
11;2025-11-17;1;4
11;2025-11-17;2;1
11;2025-11-17;3;1
11;2025-11-17;4;1
11;2025-11-17;5;246
11;2025-11-17;6;1313
11;2025-11-17;7;2457
11;2025-11-17;8;3190
11;2025-11-17;9;2346
11;2025-11-17;10;1933
11;2025-11-17;11;1813
11;2025-11-17;12;1882
11;2025-11-17;13;1945
11;2025-11-17;14;1984
11;2025-11-17;15;1909
11;2025-11-17;16;2158
11;2025-11-17;17;2730
11;2025-11-17;18;2946
11;2025-11-17;19;2103
11;2025-11-17;20;1348
11;2025-11-17;21;784
11;2025-11-17;22;365
11;2025-11-17;23;253
11;2025-11-18;0;63
11;2025-11-18;1;4
11;2025-11-18;2;1
11;2025-11-18;3;1
11;2025-11-18;4;1
11;2025-11-18;5;237
11;2025-11-18;6;1266
11;2025-11-18;7;2395
11;2025-11-18;8;3128
11;2025-11-18;9;2296
11;2025-11-18;10;1888
11;2025-11-18;11;1803
11;2025-11-18;12;1875
11;2025-11-18;13;1938
11;2025-11-18;14;1966
11;2025-11-18;15;1922
11;2025-11-18;16;2145
11;2025-11-18;17;2749
11;2025-11-18;18;2890
11;2025-11-18;19;2080
11;2025-11-18;20;1349
11;2025-11-18;21;786
11;2025-11-18;22;361
11;2025-11-18;23;251
11;2025-11-19;0;63
11;2025-11-19;1;4
11;2025-11-19;2;1
11;2025-11-19;3;1
11;2025-11-19;4;1
11;2025-11-19;5;248
11;2025-11-19;6;1323
11;2025-11-19;7;2467
11;2025-11-19;8;3238
11;2025-11-19;9;2416
11;2025-11-19;10;2003
11;2025-11-19;11;1878
11;2025-11-19;12;1959
11;2025-11-19;13;2038
11;2025-11-19;14;2054
11;2025-11-19;15;1969
11;2025-11-19;16;2201
11;2025-11-19;17;2795
11;2025-11-19;18;2957
11;2025-11-19;19;2121
11;2025-11-19;20;1357
11;2025-11-19;21;796
11;2025-11-19;22;366
11;2025-11-19;23;255
11;2025-11-20;0;63
11;2025-11-20;1;4
11;2025-11-20;2;1
11;2025-11-20;3;1
11;2025-11-20;4;1
11;2025-11-20;5;248
11;2025-11-20;6;1323
11;2025-11-20;7;2471
11;2025-11-20;8;3243
11;2025-11-20;9;2419
11;2025-11-20;10;2011
11;2025-11-20;11;1889
11;2025-11-20;12;1960
11;2025-11-20;13;2040
11;2025-11-20;14;2062
11;2025-11-20;15;1970
11;2025-11-20;16;2200
11;2025-11-20;17;2800
11;2025-11-20;18;2967
11;2025-11-20;19;2125
11;2025-11-20;20;1360
11;2025-11-20;21;799
11;2025-11-20;22;367
11;2025-11-20;23;256
11;2025-11-21;0;63
11;2025-11-21;1;4
11;2025-11-21;2;1
11;2025-11-21;3;1
11;2025-11-21;4;1
11;2025-11-21;5;244
11;2025-11-21;6;1310
11;2025-11-21;7;2441
11;2025-11-21;8;3212
11;2025-11-21;9;2401
11;2025-11-21;10;1993
11;2025-11-21;11;1906
11;2025-11-21;12;1955
11;2025-11-21;13;2070
11;2025-11-21;14;2096
11;2025-11-21;15;2018
11;2025-11-21;16;2246
11;2025-11-21;17;2810
11;2025-11-21;18;2879
11;2025-11-21;19;2084
11;2025-11-21;20;1353
11;2025-11-21;21;800
11;2025-11-21;22;364
11;2025-11-21;23;256
11;2025-11-22;0;109
11;2025-11-22;1;2
11;2025-11-22;2;1
11;2025-11-22;3;1
11;2025-11-22;4;1
11;2025-11-22;5;169
11;2025-11-22;6;848
11;2025-11-22;7;776
11;2025-11-22;8;1062
11;2025-11-22;9;1207
11;2025-11-22;10;1453
11;2025-11-22;11;1780
11;2025-11-22;12;2024
11;2025-11-22;13;1876
11;2025-11-22;14;2115
11;2025-11-22;15;1954
11;2025-11-22;16;1827
11;2025-11-22;17;1943
11;2025-11-22;18;1548
11;2025-11-22;19;1501
11;2025-11-22;20;992
11;2025-11-22;21;715
11;2025-11-22;22;415
11;2025-11-22;23;279
11;2025-11-23;0;115
11;2025-11-23;1;17
11;2025-11-23;2;1
11;2025-11-23;3;1
11;2025-11-23;4;1
11;2025-11-23;5;109
11;2025-11-23;6;503
11;2025-11-23;7;502
11;2025-11-23;8;706
11;2025-11-23;9;968
11;2025-11-23;10;1070
11;2025-11-23;11;1563
11;2025-11-23;12;1643
11;2025-11-23;13;1593
11;2025-11-23;14;1691
11;2025-11-23;15;1668
11;2025-11-23;16;1565
11;2025-11-23;17;1733
11;2025-11-23;18;1282
11;2025-11-23;19;1014
11;2025-11-23;20;775
11;2025-11-23;21;593
11;2025-11-23;22;347
11;2025-11-23;23;236
11;2025-11-24;0;62
11;2025-11-24;1;4
11;2025-11-24;2;1
11;2025-11-24;3;1
11;2025-11-24;4;1
11;2025-11-24;5;237
11;2025-11-24;6;1269
11;2025-11-24;7;2399
11;2025-11-24;8;3195
11;2025-11-24;9;2364
11;2025-11-24;10;1953
11;2025-11-24;11;1819
11;2025-11-24;12;1901
11;2025-11-24;13;1989
11;2025-11-24;14;2011
11;2025-11-24;15;1927
11;2025-11-24;16;2164
11;2025-11-24;17;2716
11;2025-11-24;18;2916
11;2025-11-24;19;2089
11;2025-11-24;20;1339
11;2025-11-24;21;781
11;2025-11-24;22;360
11;2025-11-24;23;249
11;2025-11-25;0;62
11;2025-11-25;1;4
11;2025-11-25;2;1
11;2025-11-25;3;1
11;2025-11-25;4;1
11;2025-11-25;5;247
11;2025-11-25;6;1322
11;2025-11-25;7;2468
11;2025-11-25;8;3239
11;2025-11-25;9;2416
11;2025-11-25;10;2008
11;2025-11-25;11;1887
11;2025-11-25;12;1957
11;2025-11-25;13;2049
11;2025-11-25;14;2065
11;2025-11-25;15;1968
11;2025-11-25;16;2198
11;2025-11-25;17;2797
11;2025-11-25;18;2964
11;2025-11-25;19;2122
11;2025-11-25;20;1361
11;2025-11-25;21;797
11;2025-11-25;22;366
11;2025-11-25;23;254
11;2025-11-26;0;63
11;2025-11-26;1;4
11;2025-11-26;2;1
11;2025-11-26;3;1
11;2025-11-26;4;1
11;2025-11-26;5;246
11;2025-11-26;6;1314
11;2025-11-26;7;2478
11;2025-11-26;8;3245
11;2025-11-26;9;2402
11;2025-11-26;10;1990
11;2025-11-26;11;1870
11;2025-11-26;12;1949
11;2025-11-26;13;2037
11;2025-11-26;14;2051
11;2025-11-26;15;1971
11;2025-11-26;16;2212
11;2025-11-26;17;2816
11;2025-11-26;18;2956
11;2025-11-26;19;2112
11;2025-11-26;20;1355
11;2025-11-26;21;797
11;2025-11-26;22;366
11;2025-11-26;23;254
11;2025-11-27;0;63
11;2025-11-27;1;4
11;2025-11-27;2;1
11;2025-11-27;3;1
11;2025-11-27;4;1
11;2025-11-27;5;247
11;2025-11-27;6;1322
11;2025-11-27;7;2472
11;2025-11-27;8;3245
11;2025-11-27;9;2432
11;2025-11-27;10;2021
11;2025-11-27;11;1886
11;2025-11-27;12;1926
11;2025-11-27;13;2029
11;2025-11-27;14;2038
11;2025-11-27;15;1977
11;2025-11-27;16;2207
11;2025-11-27;17;2761
11;2025-11-27;18;2920
11;2025-11-27;19;2071
11;2025-11-27;20;1323
11;2025-11-27;21;776
11;2025-11-27;22;355
11;2025-11-27;23;243
11;2025-11-28;0;62
11;2025-11-28;1;4
11;2025-11-28;2;1
11;2025-11-28;3;1
11;2025-11-28;4;1
11;2025-11-28;5;242
11;2025-11-28;6;1305
11;2025-11-28;7;2448
11;2025-11-28;8;3230
11;2025-11-28;9;2402
11;2025-11-28;10;1999
11;2025-11-28;11;1914
11;2025-11-28;12;1985
11;2025-11-28;13;2072
11;2025-11-28;14;2103
11;2025-11-28;15;2018
11;2025-11-28;16;2254
11;2025-11-28;17;2819
11;2025-11-28;18;2872
11;2025-11-28;19;2077
11;2025-11-28;20;1348
11;2025-11-28;21;796
11;2025-11-28;22;363
11;2025-11-28;23;256
11;2025-11-29;0;109
11;2025-11-29;1;2
11;2025-11-29;2;1
11;2025-11-29;3;1
11;2025-11-29;4;1
11;2025-11-29;5;170
11;2025-11-29;6;852
11;2025-11-29;7;776
11;2025-11-29;8;1072
11;2025-11-29;9;1214
11;2025-11-29;10;1447
11;2025-11-29;11;1770
11;2025-11-29;12;2015
11;2025-11-29;13;1861
11;2025-11-29;14;2097
11;2025-11-29;15;1941
11;2025-11-29;16;1811
11;2025-11-29;17;1938
11;2025-11-29;18;1547
11;2025-11-29;19;1501
11;2025-11-29;20;992
11;2025-11-29;21;716
11;2025-11-29;22;418
11;2025-11-29;23;280
11;2025-11-30;0;112
11;2025-11-30;1;17
11;2025-11-30;2;1
11;2025-11-30;3;1
11;2025-11-30;4;1
11;2025-11-30;5;109
11;2025-11-30;6;502
11;2025-11-30;7;501
11;2025-11-30;8;706
11;2025-11-30;9;971
11;2025-11-30;10;1075
11;2025-11-30;11;1574
11;2025-11-30;12;1657
11;2025-11-30;13;1598
11;2025-11-30;14;1691
11;2025-11-30;15;1650
11;2025-11-30;16;1560
11;2025-11-30;17;1740
11;2025-11-30;18;1285
11;2025-11-30;19;1014
11;2025-11-30;20;776
11;2025-11-30;21;592
11;2025-11-30;22;347
11;2025-11-30;23;241
11;2025-12-01;0;62
11;2025-12-01;1;4
11;2025-12-01;2;1
11;2025-12-01;3;1
11;2025-12-01;4;1
11;2025-12-01;5;246
11;2025-12-01;6;1310
11;2025-12-01;7;2457
11;2025-12-01;8;3233
11;2025-12-01;9;2388
11;2025-12-01;10;1987
11;2025-12-01;11;1860
11;2025-12-01;12;1931
11;2025-12-01;13;2024
11;2025-12-01;14;2046
11;2025-12-01;15;1958
11;2025-12-01;16;2184
11;2025-12-01;17;2764
11;2025-12-01;18;2950
11;2025-12-01;19;2103
11;2025-12-01;20;1346
11;2025-12-01;21;792
11;2025-12-01;22;365
11;2025-12-01;23;253
11;2025-12-02;0;63
11;2025-12-02;1;4
11;2025-12-02;2;1
11;2025-12-02;3;1
11;2025-12-02;4;1
11;2025-12-02;5;247
11;2025-12-02;6;1322
11;2025-12-02;7;2468
11;2025-12-02;8;3243
11;2025-12-02;9;2428
11;2025-12-02;10;2017
11;2025-12-02;11;1901
11;2025-12-02;12;1972
11;2025-12-02;13;2057
11;2025-12-02;14;2067
11;2025-12-02;15;1973
11;2025-12-02;16;2206
11;2025-12-02;17;2821
11;2025-12-02;18;2995
11;2025-12-02;19;2142
11;2025-12-02;20;1363
11;2025-12-02;21;798
11;2025-12-02;22;367
11;2025-12-02;23;255
11;2025-12-03;0;63
11;2025-12-03;1;4
11;2025-12-03;2;1
11;2025-12-03;3;1
11;2025-12-03;4;1
11;2025-12-03;5;247
11;2025-12-03;6;1322
11;2025-12-03;7;2470
11;2025-12-03;8;3246
11;2025-12-03;9;2441
11;2025-12-03;10;2029
11;2025-12-03;11;1905
11;2025-12-03;12;1984
11;2025-12-03;13;2067
11;2025-12-03;14;2076
11;2025-12-03;15;1973
11;2025-12-03;16;2206
11;2025-12-03;17;2821
11;2025-12-03;18;2993
11;2025-12-03;19;2141
11;2025-12-03;20;1362
11;2025-12-03;21;797
11;2025-12-03;22;366
11;2025-12-03;23;254
11;2025-12-04;0;63
11;2025-12-04;1;4
11;2025-12-04;2;1
11;2025-12-04;3;1
11;2025-12-04;4;1
11;2025-12-04;5;248
11;2025-12-04;6;1323
11;2025-12-04;7;2474
11;2025-12-04;8;3247
11;2025-12-04;9;2430
11;2025-12-04;10;2020
11;2025-12-04;11;1903
11;2025-12-04;12;1970
11;2025-12-04;13;2053
11;2025-12-04;14;2065
11;2025-12-04;15;1976
11;2025-12-04;16;2206
11;2025-12-04;17;2813
11;2025-12-04;18;2981
11;2025-12-04;19;2122
11;2025-12-04;20;1358
11;2025-12-04;21;797
11;2025-12-04;22;366
11;2025-12-04;23;254
11;2025-12-05;0;63
11;2025-12-05;1;4
11;2025-12-05;2;1
11;2025-12-05;3;1
11;2025-12-05;4;1
11;2025-12-05;5;245
11;2025-12-05;6;1315
11;2025-12-05;7;2447
11;2025-12-05;8;3245
11;2025-12-05;9;2409
11;2025-12-05;10;2000
11;2025-12-05;11;1914
11;2025-12-05;12;1991
11;2025-12-05;13;2078
11;2025-12-05;14;2103
11;2025-12-05;15;2022
11;2025-12-05;16;2254
11;2025-12-05;17;2819
11;2025-12-05;18;2878
11;2025-12-05;19;2076
11;2025-12-05;20;1348
11;2025-12-05;21;799
11;2025-12-05;22;363
11;2025-12-05;23;256
11;2025-12-06;0;109
11;2025-12-06;1;2
11;2025-12-06;2;1
11;2025-12-06;3;1
11;2025-12-06;4;1
11;2025-12-06;5;170
11;2025-12-06;6;851
11;2025-12-06;7;776
11;2025-12-06;8;1073
11;2025-12-06;9;1215
11;2025-12-06;10;1450
11;2025-12-06;11;1772
11;2025-12-06;12;2018
11;2025-12-06;13;1867
11;2025-12-06;14;2105
11;2025-12-06;15;1950
11;2025-12-06;16;1816
11;2025-12-06;17;1943
11;2025-12-06;18;1548
11;2025-12-06;19;1499
11;2025-12-06;20;990
11;2025-12-06;21;715
11;2025-12-06;22;418
11;2025-12-06;23;279
11;2025-12-07;0;114
11;2025-12-07;1;16
11;2025-12-07;2;1
11;2025-12-07;3;1
11;2025-12-07;4;1
11;2025-12-07;5;109
11;2025-12-07;6;502
11;2025-12-07;7;501
11;2025-12-07;8;705
11;2025-12-07;9;967
11;2025-12-07;10;1069
11;2025-12-07;11;1564
11;2025-12-07;12;1635
11;2025-12-07;13;1578
11;2025-12-07;14;1678
11;2025-12-07;15;1647
11;2025-12-07;16;1552
11;2025-12-07;17;1719
11;2025-12-07;18;1274
11;2025-12-07;19;1010
11;2025-12-07;20;775
11;2025-12-07;21;593
11;2025-12-07;22;347
11;2025-12-07;23;242
11;2025-12-08;0;63
11;2025-12-08;1;4
11;2025-12-08;2;1
11;2025-12-08;3;1
11;2025-12-08;4;1
11;2025-12-08;5;245
11;2025-12-08;6;1307
11;2025-12-08;7;2455
11;2025-12-08;8;3213
11;2025-12-08;9;2385
11;2025-12-08;10;1978
11;2025-12-08;11;1860
11;2025-12-08;12;1931
11;2025-12-08;13;2020
11;2025-12-08;14;2040
11;2025-12-08;15;1958
11;2025-12-08;16;2186
11;2025-12-08;17;2762
11;2025-12-08;18;2939
11;2025-12-08;19;2104
11;2025-12-08;20;1347
11;2025-12-08;21;792
11;2025-12-08;22;366
11;2025-12-08;23;253
11;2025-12-09;0;63
11;2025-12-09;1;4
11;2025-12-09;2;1
11;2025-12-09;3;1
11;2025-12-09;4;1
11;2025-12-09;5;247
11;2025-12-09;6;1322
11;2025-12-09;7;2465
11;2025-12-09;8;3234
11;2025-12-09;9;2418
11;2025-12-09;10;2002
11;2025-12-09;11;1861
11;2025-12-09;12;1931
11;2025-12-09;13;2015
11;2025-12-09;14;2029
11;2025-12-09;15;1965
11;2025-12-09;16;2200
11;2025-12-09;17;2763
11;2025-12-09;18;2928
11;2025-12-09;19;2126
11;2025-12-09;20;1362
11;2025-12-09;21;794
11;2025-12-09;22;366
11;2025-12-09;23;254
11;2025-12-10;0;63
11;2025-12-10;1;4
11;2025-12-10;2;1
11;2025-12-10;3;1
11;2025-12-10;4;1
11;2025-12-10;5;246
11;2025-12-10;6;1314
11;2025-12-10;7;2459
11;2025-12-10;8;3230
11;2025-12-10;9;2426
11;2025-12-10;10;2017
11;2025-12-10;11;1894
11;2025-12-10;12;1965
11;2025-12-10;13;2045
11;2025-12-10;14;2057
11;2025-12-10;15;1968
11;2025-12-10;16;2198
11;2025-12-10;17;2803
11;2025-12-10;18;2973
11;2025-12-10;19;2129
11;2025-12-10;20;1360
11;2025-12-10;21;796
11;2025-12-10;22;366
11;2025-12-10;23;254
11;2025-12-11;0;63
11;2025-12-11;1;4
11;2025-12-11;2;1
11;2025-12-11;3;1
11;2025-12-11;4;1
11;2025-12-11;5;249
11;2025-12-11;6;1329
11;2025-12-11;7;2472
11;2025-12-11;8;3251
11;2025-12-11;9;2368
11;2025-12-11;10;1979
11;2025-12-11;11;1862
11;2025-12-11;12;1937
11;2025-12-11;13;2032
11;2025-12-11;14;2059
11;2025-12-11;15;1968
11;2025-12-11;16;2198
11;2025-12-11;17;2807
11;2025-12-11;18;2961
11;2025-12-11;19;2091
11;2025-12-11;20;1341
11;2025-12-11;21;787
11;2025-12-11;22;366
11;2025-12-11;23;256
11;2025-12-12;0;63
11;2025-12-12;1;4
11;2025-12-12;2;1
11;2025-12-12;3;1
11;2025-12-12;4;1
11;2025-12-12;5;243
11;2025-12-12;6;1306
11;2025-12-12;7;2445
11;2025-12-12;8;3228
11;2025-12-12;9;2403
11;2025-12-12;10;1994
11;2025-12-12;11;1909
11;2025-12-12;12;1920
11;2025-12-12;13;2004
11;2025-12-12;14;2032
11;2025-12-12;15;1948
11;2025-12-12;16;2192
11;2025-12-12;17;2710
11;2025-12-12;18;2822
11;2025-12-12;19;2053
11;2025-12-12;20;1337
11;2025-12-12;21;785
11;2025-12-12;22;357
11;2025-12-12;23;249
11;2025-12-13;0;104
11;2025-12-13;1;2
11;2025-12-13;2;1
11;2025-12-13;3;1
11;2025-12-13;4;1
11;2025-12-13;5;163
11;2025-12-13;6;814
11;2025-12-13;7;736
11;2025-12-13;8;1014
11;2025-12-13;9;1145
11;2025-12-13;10;1369
11;2025-12-13;11;1676
11;2025-12-13;12;1909
11;2025-12-13;13;1771
11;2025-12-13;14;1973
11;2025-12-13;15;1828
11;2025-12-13;16;1711
11;2025-12-13;17;1839
11;2025-12-13;18;1482
11;2025-12-13;19;1449
11;2025-12-13;20;963
11;2025-12-13;21;696
11;2025-12-13;22;408
11;2025-12-13;23;273
11;2025-12-14;0;109
11;2025-12-14;1;16
11;2025-12-14;2;1
11;2025-12-14;3;1
11;2025-12-14;4;1
11;2025-12-14;5;107
11;2025-12-14;6;502
11;2025-12-14;7;501
11;2025-12-14;8;690
11;2025-12-14;9;932
11;2025-12-14;10;1031
11;2025-12-14;11;1508
11;2025-12-14;12;1561
11;2025-12-14;13;1505
11;2025-12-14;14;1595
11;2025-12-14;15;1569
11;2025-12-14;16;1522
11;2025-12-14;17;1686
11;2025-12-14;18;1265
11;2025-12-14;19;1014
11;2025-12-14;20;775
11;2025-12-14;21;592
11;2025-12-14;22;347
11;2025-12-14;23;242
11;2025-12-15;0;63
11;2025-12-15;1;4
11;2025-12-15;2;1
11;2025-12-15;3;1
11;2025-12-15;4;1
11;2025-12-15;5;245
11;2025-12-15;6;1305
11;2025-12-15;7;2446
11;2025-12-15;8;3215
11;2025-12-15;9;2379
11;2025-12-15;10;1980
11;2025-12-15;11;1853
11;2025-12-15;12;1919
11;2025-12-15;13;2005
11;2025-12-15;14;2029
11;2025-12-15;15;1947
11;2025-12-15;16;2174
11;2025-12-15;17;2754
11;2025-12-15;18;2921
11;2025-12-15;19;2089
11;2025-12-15;20;1339
11;2025-12-15;21;788
11;2025-12-15;22;363
11;2025-12-15;23;252
11;2025-12-16;0;63
11;2025-12-16;1;4
11;2025-12-16;2;1
11;2025-12-16;3;1
11;2025-12-16;4;1
11;2025-12-16;5;247
11;2025-12-16;6;1322
11;2025-12-16;7;2468
11;2025-12-16;8;3239
11;2025-12-16;9;2426
11;2025-12-16;10;2017
11;2025-12-16;11;1886
11;2025-12-16;12;1954
11;2025-12-16;13;2008
11;2025-12-16;14;2060
11;2025-12-16;15;1968
11;2025-12-16;16;2199
11;2025-12-16;17;2801
11;2025-12-16;18;2970
11;2025-12-16;19;2131
11;2025-12-16;20;1365
11;2025-12-16;21;798
11;2025-12-16;22;367
11;2025-12-16;23;255
11;2025-12-17;0;63
11;2025-12-17;1;4
11;2025-12-17;2;1
11;2025-12-17;3;1
11;2025-12-17;4;1
11;2025-12-17;5;247
11;2025-12-17;6;1320
11;2025-12-17;7;2468
11;2025-12-17;8;3240
11;2025-12-17;9;2427
11;2025-12-17;10;2018
11;2025-12-17;11;1895
11;2025-12-17;12;1968
11;2025-12-17;13;2051
11;2025-12-17;14;2062
11;2025-12-17;15;1973
11;2025-12-17;16;2198
11;2025-12-17;17;2803
11;2025-12-17;18;2973
11;2025-12-17;19;2129
11;2025-12-17;20;1360
11;2025-12-17;21;796
11;2025-12-17;22;366
11;2025-12-17;23;254
11;2025-12-18;0;63
11;2025-12-18;1;4
11;2025-12-18;2;1
11;2025-12-18;3;1
11;2025-12-18;4;1
11;2025-12-18;5;249
11;2025-12-18;6;1324
11;2025-12-18;7;2481
11;2025-12-18;8;3253
11;2025-12-18;9;2434
11;2025-12-18;10;2020
11;2025-12-18;11;1893
11;2025-12-18;12;1970
11;2025-12-18;13;2051
11;2025-12-18;14;2062
11;2025-12-18;15;1973
11;2025-12-18;16;2203
11;2025-12-18;17;2817
11;2025-12-18;18;2988
11;2025-12-18;19;2142
11;2025-12-18;20;1370
11;2025-12-18;21;799
11;2025-12-18;22;367
11;2025-12-18;23;254
11;2025-12-19;0;63
11;2025-12-19;1;4
11;2025-12-19;2;1
11;2025-12-19;3;1
11;2025-12-19;4;1
11;2025-12-19;5;245
11;2025-12-19;6;1313
11;2025-12-19;7;2447
11;2025-12-19;8;3229
11;2025-12-19;9;2405
11;2025-12-19;10;1994
11;2025-12-19;11;1906
11;2025-12-19;12;1981
11;2025-12-19;13;2066
11;2025-12-19;14;2091
11;2025-12-19;15;2011
11;2025-12-19;16;2240
11;2025-12-19;17;2805
11;2025-12-19;18;2921
11;2025-12-19;19;2081
11;2025-12-19;20;1352
11;2025-12-19;21;800
11;2025-12-19;22;364
11;2025-12-19;23;256
11;2025-12-20;0;109
11;2025-12-20;1;2
11;2025-12-20;2;1
11;2025-12-20;3;1
11;2025-12-20;4;1
11;2025-12-20;5;170
11;2025-12-20;6;852
11;2025-12-20;7;776
11;2025-12-20;8;1072
11;2025-12-20;9;1207
11;2025-12-20;10;1447
11;2025-12-20;11;1767
11;2025-12-20;12;2014
11;2025-12-20;13;1861
11;2025-12-20;14;2097
11;2025-12-20;15;1941
11;2025-12-20;16;1810
11;2025-12-20;17;1928
11;2025-12-20;18;1522
11;2025-12-20;19;1481
11;2025-12-20;20;975
11;2025-12-20;21;704
11;2025-12-20;22;413
11;2025-12-20;23;276
11;2025-12-21;0;112
11;2025-12-21;1;16
11;2025-12-21;2;1
11;2025-12-21;3;1
11;2025-12-21;4;1
11;2025-12-21;5;109
11;2025-12-21;6;497
11;2025-12-21;7;501
11;2025-12-21;8;704
11;2025-12-21;9;967
11;2025-12-21;10;1069
11;2025-12-21;11;1564
11;2025-12-21;12;1640
11;2025-12-21;13;1585
11;2025-12-21;14;1675
11;2025-12-21;15;1644
11;2025-12-21;16;1552
11;2025-12-21;17;1723
11;2025-12-21;18;1279
11;2025-12-21;19;1014
11;2025-12-21;20;777
11;2025-12-21;21;593
11;2025-12-21;22;343
11;2025-12-21;23;242
11;2025-12-22;0;63
11;2025-12-22;1;4
11;2025-12-22;2;1
11;2025-12-22;3;1
11;2025-12-22;4;1
11;2025-12-22;5;246
11;2025-12-22;6;1310
11;2025-12-22;7;2461
11;2025-12-22;8;3233
11;2025-12-22;9;2358
11;2025-12-22;10;1958
11;2025-12-22;11;1840
11;2025-12-22;12;1903
11;2025-12-22;13;1989
11;2025-12-22;14;1982
11;2025-12-22;15;1921
11;2025-12-22;16;2149
11;2025-12-22;17;2714
11;2025-12-22;18;2891
11;2025-12-22;19;2078
11;2025-12-22;20;1324
11;2025-12-22;21;786
11;2025-12-22;22;365
11;2025-12-22;23;248
11;2025-12-23;0;62
11;2025-12-23;1;4
11;2025-12-23;2;1
11;2025-12-23;3;1
11;2025-12-23;4;1
11;2025-12-23;5;244
11;2025-12-23;6;1303
11;2025-12-23;7;2423
11;2025-12-23;8;3179
11;2025-12-23;9;2371
11;2025-12-23;10;1972
11;2025-12-23;11;1852
11;2025-12-23;12;1924
11;2025-12-23;13;2010
11;2025-12-23;14;2045
11;2025-12-23;15;1961
11;2025-12-23;16;2193
11;2025-12-23;17;2785
11;2025-12-23;18;2950
11;2025-12-23;19;2125
11;2025-12-23;20;1358
11;2025-12-23;21;797
11;2025-12-23;22;366
11;2025-12-23;23;254
11;2025-12-24;0;63
11;2025-12-24;1;4
11;2025-12-24;2;1
11;2025-12-24;3;1
11;2025-12-24;4;1
11;2025-12-24;5;247
11;2025-12-24;6;1320
11;2025-12-24;7;2466
11;2025-12-24;8;3239
11;2025-12-24;9;2416
11;2025-12-24;10;2008
11;2025-12-24;11;1881
11;2025-12-24;12;1957
11;2025-12-24;13;2032
11;2025-12-24;14;2047
11;2025-12-24;15;1962
11;2025-12-24;16;2199
11;2025-12-24;17;2796
11;2025-12-24;18;2962
11;2025-12-24;19;2127
11;2025-12-24;20;1363
11;2025-12-24;21;798
11;2025-12-24;22;367
11;2025-12-24;23;255
11;2025-12-25;0;64
11;2025-12-25;1;4
11;2025-12-25;2;1
11;2025-12-25;3;1
11;2025-12-25;4;1
11;2025-12-25;5;249
11;2025-12-25;6;1327
11;2025-12-25;7;2479
11;2025-12-25;8;3253
11;2025-12-25;9;2434
11;2025-12-25;10;2025
11;2025-12-25;11;1900
11;2025-12-25;12;1973
11;2025-12-25;13;2056
11;2025-12-25;14;2063
11;2025-12-25;15;1975
11;2025-12-25;16;2209
11;2025-12-25;17;2794
11;2025-12-25;18;2955
11;2025-12-25;19;2148
11;2025-12-25;20;1363
11;2025-12-25;21;795
11;2025-12-25;22;362
11;2025-12-25;23;251
11;2025-12-26;0;62
11;2025-12-26;1;4
11;2025-12-26;2;1
11;2025-12-26;3;1
11;2025-12-26;4;1
11;2025-12-26;5;243
11;2025-12-26;6;1273
11;2025-12-26;7;2388
11;2025-12-26;8;3135
11;2025-12-26;9;2323
11;2025-12-26;10;1930
11;2025-12-26;11;1830
11;2025-12-26;12;1904
11;2025-12-26;13;2018
11;2025-12-26;14;2028
11;2025-12-26;15;1946
11;2025-12-26;16;2178
11;2025-12-26;17;2727
11;2025-12-26;18;2852
11;2025-12-26;19;2066
11;2025-12-26;20;1326
11;2025-12-26;21;784
11;2025-12-26;22;358
11;2025-12-26;23;250
11;2025-12-27;0;105
11;2025-12-27;1;2
11;2025-12-27;2;1
11;2025-12-27;3;1
11;2025-12-27;4;1
11;2025-12-27;5;164
11;2025-12-27;6;825
11;2025-12-27;7;749
11;2025-12-27;8;1044
11;2025-12-27;9;1212
11;2025-12-27;10;1424
11;2025-12-27;11;1744
11;2025-12-27;12;2014
11;2025-12-27;13;1861
11;2025-12-27;14;2099
11;2025-12-27;15;1941
11;2025-12-27;16;1811
11;2025-12-27;17;1938
11;2025-12-27;18;1547
11;2025-12-27;19;1501
11;2025-12-27;20;992
11;2025-12-27;21;715
11;2025-12-27;22;414
11;2025-12-27;23;277
11;2025-12-28;0;114
11;2025-12-28;1;16
11;2025-12-28;2;1
11;2025-12-28;3;1
11;2025-12-28;4;1
11;2025-12-28;5;109
11;2025-12-28;6;498
11;2025-12-28;7;496
11;2025-12-28;8;698
11;2025-12-28;9;956
11;2025-12-28;10;1069
11;2025-12-28;11;1551
11;2025-12-28;12;1642
11;2025-12-28;13;1585
11;2025-12-28;14;1673
11;2025-12-28;15;1642
11;2025-12-28;16;1552
11;2025-12-28;17;1723
11;2025-12-28;18;1279
11;2025-12-28;19;1014
11;2025-12-28;20;776
11;2025-12-28;21;593
11;2025-12-28;22;347
11;2025-12-28;23;242
11;2025-12-29;0;63
11;2025-12-29;1;4
11;2025-12-29;2;1
11;2025-12-29;3;1
11;2025-12-29;4;1
11;2025-12-29;5;246
11;2025-12-29;6;1305
11;2025-12-29;7;2447
11;2025-12-29;8;3215
11;2025-12-29;9;2381
11;2025-12-29;10;1981
11;2025-12-29;11;1855
11;2025-12-29;12;1921
11;2025-12-29;13;2005
11;2025-12-29;14;2027
11;2025-12-29;15;1947
11;2025-12-29;16;2174
11;2025-12-29;17;2754
11;2025-12-29;18;2930
11;2025-12-29;19;2095
11;2025-12-29;20;1346
11;2025-12-29;21;791
11;2025-12-29;22;363
11;2025-12-29;23;252
11;2025-12-30;0;63
11;2025-12-30;1;4
11;2025-12-30;2;1
11;2025-12-30;3;1
11;2025-12-30;4;1
11;2025-12-30;5;247
11;2025-12-30;6;1321
11;2025-12-30;7;2471
11;2025-12-30;8;3233
11;2025-12-30;9;2407
11;2025-12-30;10;1999
11;2025-12-30;11;1879
11;2025-12-30;12;1959
11;2025-12-30;13;2037
11;2025-12-30;14;2057
11;2025-12-30;15;1967
11;2025-12-30;16;2196
11;2025-12-30;17;2790
11;2025-12-30;18;2975
11;2025-12-30;19;2120
11;2025-12-30;20;1356
11;2025-12-30;21;796
11;2025-12-30;22;366
11;2025-12-30;23;254
11;2025-12-31;0;114
11;2025-12-31;1;16
11;2025-12-31;2;1
11;2025-12-31;3;1
11;2025-12-31;4;1
11;2025-12-31;5;108
11;2025-12-31;6;499
11;2025-12-31;7;496
11;2025-12-31;8;702
11;2025-12-31;9;970
11;2025-12-31;10;1073
11;2025-12-31;11;1572
11;2025-12-31;12;1644
11;2025-12-31;13;1581
11;2025-12-31;14;1671
11;2025-12-31;15;1644
11;2025-12-31;16;1554
11;2025-12-31;17;1730
11;2025-12-31;18;1281
11;2025-12-31;19;1015
11;2025-12-31;20;777
11;2025-12-31;21;594
11;2025-12-31;22;347
11;2025-12-31;23;242
12;2025-11-01;0;54
12;2025-11-01;1;2
12;2025-11-01;2;1
12;2025-11-01;3;1
12;2025-11-01;4;7
12;2025-11-01;5;318
12;2025-11-01;6;1446
12;2025-11-01;7;2753
12;2025-11-01;8;3630
12;2025-11-01;9;2623
12;2025-11-01;10;2092
12;2025-11-01;11;1970
12;2025-11-01;12;2067
12;2025-11-01;13;2126
12;2025-11-01;14;2009
12;2025-11-01;15;2248
12;2025-11-01;16;2794
12;2025-11-01;17;3055
12;2025-11-01;18;3122
12;2025-11-01;19;2326
12;2025-11-01;20;1512
12;2025-11-01;21;964
12;2025-11-01;22;485
12;2025-11-01;23;268
12;2025-11-02;0;83
12;2025-11-02;1;4
12;2025-11-02;2;1
12;2025-11-02;3;1
12;2025-11-02;4;4
12;2025-11-02;5;132
12;2025-11-02;6;526
12;2025-11-02;7;720
12;2025-11-02;8;742
12;2025-11-02;9;928
12;2025-11-02;10;1184
12;2025-11-02;11;1290
12;2025-11-02;12;1370
12;2025-11-02;13;1566
12;2025-11-02;14;1488
12;2025-11-02;15;1516
12;2025-11-02;16;1518
12;2025-11-02;17;1572
12;2025-11-02;18;1347
12;2025-11-02;19;991
12;2025-11-02;20;770
12;2025-11-02;21;591
12;2025-11-02;22;386
12;2025-11-02;23;194
12;2025-11-03;0;82
12;2025-11-03;1;4
12;2025-11-03;2;1
12;2025-11-03;3;1
12;2025-11-03;4;4
12;2025-11-03;5;131
12;2025-11-03;6;520
12;2025-11-03;7;713
12;2025-11-03;8;728
12;2025-11-03;9;906
12;2025-11-03;10;1132
12;2025-11-03;11;1202
12;2025-11-03;12;1268
12;2025-11-03;13;1486
12;2025-11-03;14;1397
12;2025-11-03;15;1433
12;2025-11-03;16;1448
12;2025-11-03;17;1512
12;2025-11-03;18;1313
12;2025-11-03;19;966
12;2025-11-03;20;746
12;2025-11-03;21;572
12;2025-11-03;22;376
12;2025-11-03;23;190
12;2025-11-04;0;81
12;2025-11-04;1;4
12;2025-11-04;2;1
12;2025-11-04;3;1
12;2025-11-04;4;4
12;2025-11-04;5;127
12;2025-11-04;6;512
12;2025-11-04;7;691
12;2025-11-04;8;696
12;2025-11-04;9;874
12;2025-11-04;10;1111
12;2025-11-04;11;1211
12;2025-11-04;12;1274
12;2025-11-04;13;1490
12;2025-11-04;14;1475
12;2025-11-04;15;1502
12;2025-11-04;16;1507
12;2025-11-04;17;1575
12;2025-11-04;18;1350
12;2025-11-04;19;996
12;2025-11-04;20;769
12;2025-11-04;21;590
12;2025-11-04;22;386
12;2025-11-04;23;195
12;2025-11-05;0;54
12;2025-11-05;1;2
12;2025-11-05;2;1
12;2025-11-05;3;1
12;2025-11-05;4;7
12;2025-11-05;5;319
12;2025-11-05;6;1447
12;2025-11-05;7;2747
12;2025-11-05;8;3624
12;2025-11-05;9;2633
12;2025-11-05;10;2103
12;2025-11-05;11;1973
12;2025-11-05;12;2063
12;2025-11-05;13;2126
12;2025-11-05;14;2002
12;2025-11-05;15;2238
12;2025-11-05;16;2774
12;2025-11-05;17;3025
12;2025-11-05;18;3090
12;2025-11-05;19;2311
12;2025-11-05;20;1512
12;2025-11-05;21;965
12;2025-11-05;22;485
12;2025-11-05;23;268
12;2025-11-06;0;54
12;2025-11-06;1;2
12;2025-11-06;2;1
12;2025-11-06;3;1
12;2025-11-06;4;7
12;2025-11-06;5;319
12;2025-11-06;6;1446
12;2025-11-06;7;2753
12;2025-11-06;8;3630
12;2025-11-06;9;2640
12;2025-11-06;10;2109
12;2025-11-06;11;1949
12;2025-11-06;12;2089
12;2025-11-06;13;2150
12;2025-11-06;14;2016
12;2025-11-06;15;2220
12;2025-11-06;16;2752
12;2025-11-06;17;3042
12;2025-11-06;18;3121
12;2025-11-06;19;2332
12;2025-11-06;20;1496
12;2025-11-06;21;972
12;2025-11-06;22;489
12;2025-11-06;23;267
12;2025-11-07;0;54
12;2025-11-07;1;2
12;2025-11-07;2;1
12;2025-11-07;3;1
12;2025-11-07;4;7
12;2025-11-07;5;317
12;2025-11-07;6;1437
12;2025-11-07;7;2716
12;2025-11-07;8;3630
12;2025-11-07;9;2568
12;2025-11-07;10;2081
12;2025-11-07;11;2002
12;2025-11-07;12;2101
12;2025-11-07;13;2166
12;2025-11-07;14;2038
12;2025-11-07;15;2289
12;2025-11-07;16;2826
12;2025-11-07;17;3041
12;2025-11-07;18;3005
12;2025-11-07;19;2272
12;2025-11-07;20;1505
12;2025-11-07;21;965
12;2025-11-07;22;482
12;2025-11-07;23;269
12;2025-11-08;0;68
12;2025-11-08;1;3
12;2025-11-08;2;1
12;2025-11-08;3;1
12;2025-11-08;4;2
12;2025-11-08;5;219
12;2025-11-08;6;786
12;2025-11-08;7;895
12;2025-11-08;8;1050
12;2025-11-08;9;1262
12;2025-11-08;10;1492
12;2025-11-08;11;1529
12;2025-11-08;12;1531
12;2025-11-08;13;1744
12;2025-11-08;14;1618
12;2025-11-08;15;1591
12;2025-11-08;16;1715
12;2025-11-08;17;1651
12;2025-11-08;18;1628
12;2025-11-08;19;1350
12;2025-11-08;20;939
12;2025-11-08;21;762
12;2025-11-08;22;388
12;2025-11-08;23;291
12;2025-11-09;0;83
12;2025-11-09;1;4
12;2025-11-09;2;1
12;2025-11-09;3;1
12;2025-11-09;4;4
12;2025-11-09;5;132
12;2025-11-09;6;526
12;2025-11-09;7;720
12;2025-11-09;8;740
12;2025-11-09;9;924
12;2025-11-09;10;1177
12;2025-11-09;11;1282
12;2025-11-09;12;1354
12;2025-11-09;13;1581
12;2025-11-09;14;1449
12;2025-11-09;15;1510
12;2025-11-09;16;1518
12;2025-11-09;17;1572
12;2025-11-09;18;1345
12;2025-11-09;19;992
12;2025-11-09;20;771
12;2025-11-09;21;591
12;2025-11-09;22;386
12;2025-11-09;23;195
12;2025-11-10;0;54
12;2025-11-10;1;2
12;2025-11-10;2;1
12;2025-11-10;3;1
12;2025-11-10;4;7
12;2025-11-10;5;318
12;2025-11-10;6;1433
12;2025-11-10;7;2725
12;2025-11-10;8;3615
12;2025-11-10;9;2586
12;2025-11-10;10;2069
12;2025-11-10;11;1952
12;2025-11-10;12;2049
12;2025-11-10;13;2116
12;2025-11-10;14;1988
12;2025-11-10;15;2223
12;2025-11-10;16;2740
12;2025-11-10;17;2981
12;2025-11-10;18;3055
12;2025-11-10;19;2306
12;2025-11-10;20;1507
12;2025-11-10;21;962
12;2025-11-10;22;484
12;2025-11-10;23;267
12;2025-11-11;0;55
12;2025-11-11;1;2
12;2025-11-11;2;1
12;2025-11-11;3;1
12;2025-11-11;4;7
12;2025-11-11;5;320
12;2025-11-11;6;1452
12;2025-11-11;7;2758
12;2025-11-11;8;3641
12;2025-11-11;9;2650
12;2025-11-11;10;2120
12;2025-11-11;11;2004
12;2025-11-11;12;2102
12;2025-11-11;13;2162
12;2025-11-11;14;2021
12;2025-11-11;15;2253
12;2025-11-11;16;2798
12;2025-11-11;17;3065
12;2025-11-11;18;3138
12;2025-11-11;19;2338
12;2025-11-11;20;1520
12;2025-11-11;21;973
12;2025-11-11;22;486
12;2025-11-11;23;270
12;2025-11-12;0;55
12;2025-11-12;1;2
12;2025-11-12;2;1
12;2025-11-12;3;1
12;2025-11-12;4;7
12;2025-11-12;5;320
12;2025-11-12;6;1447
12;2025-11-12;7;2749
12;2025-11-12;8;3625
12;2025-11-12;9;2632
12;2025-11-12;10;2073
12;2025-11-12;11;1944
12;2025-11-12;12;2048
12;2025-11-12;13;2112
12;2025-11-12;14;1987
12;2025-11-12;15;2219
12;2025-11-12;16;2782
12;2025-11-12;17;3040
12;2025-11-12;18;3080
12;2025-11-12;19;2326
12;2025-11-12;20;1516
12;2025-11-12;21;967
12;2025-11-12;22;486
12;2025-11-12;23;268
12;2025-11-13;0;55
12;2025-11-13;1;2
12;2025-11-13;2;1
12;2025-11-13;3;1
12;2025-11-13;4;7
12;2025-11-13;5;320
12;2025-11-13;6;1437
12;2025-11-13;7;2761
12;2025-11-13;8;3645
12;2025-11-13;9;2655
12;2025-11-13;10;2121
12;2025-11-13;11;2004
12;2025-11-13;12;2099
12;2025-11-13;13;2149
12;2025-11-13;14;2013
12;2025-11-13;15;2246
12;2025-11-13;16;2784
12;2025-11-13;17;3045
12;2025-11-13;18;3120
12;2025-11-13;19;2341
12;2025-11-13;20;1528
12;2025-11-13;21;974
12;2025-11-13;22;489
12;2025-11-13;23;271
12;2025-11-14;0;55
12;2025-11-14;1;2
12;2025-11-14;2;1
12;2025-11-14;3;1
12;2025-11-14;4;7
12;2025-11-14;5;310
12;2025-11-14;6;1407
12;2025-11-14;7;2655
12;2025-11-14;8;3503
12;2025-11-14;9;2522
12;2025-11-14;10;2015
12;2025-11-14;11;1942
12;2025-11-14;12;2041
12;2025-11-14;13;2108
12;2025-11-14;14;1971
12;2025-11-14;15;2222
12;2025-11-14;16;2753
12;2025-11-14;17;2966
12;2025-11-14;18;2953
12;2025-11-14;19;2264
12;2025-11-14;20;1509
12;2025-11-14;21;955
12;2025-11-14;22;483
12;2025-11-14;23;268
12;2025-11-15;0;66
12;2025-11-15;1;3
12;2025-11-15;2;1
12;2025-11-15;3;1
12;2025-11-15;4;2
12;2025-11-15;5;220
12;2025-11-15;6;775
12;2025-11-15;7;896
12;2025-11-15;8;1073
12;2025-11-15;9;1242
12;2025-11-15;10;1514
12;2025-11-15;11;1530
12;2025-11-15;12;1569
12;2025-11-15;13;1799
12;2025-11-15;14;1617
12;2025-11-15;15;1592
12;2025-11-15;16;1709
12;2025-11-15;17;1605
12;2025-11-15;18;1588
12;2025-11-15;19;1332
12;2025-11-15;20;955
12;2025-11-15;21;775
12;2025-11-15;22;395
12;2025-11-15;23;297
12;2025-11-16;0;85
12;2025-11-16;1;5
12;2025-11-16;2;1
12;2025-11-16;3;1
12;2025-11-16;4;4
12;2025-11-16;5;133
12;2025-11-16;6;528
12;2025-11-16;7;719
12;2025-11-16;8;739
12;2025-11-16;9;925
12;2025-11-16;10;1179
12;2025-11-16;11;1295
12;2025-11-16;12;1361
12;2025-11-16;13;1592
12;2025-11-16;14;1478
12;2025-11-16;15;1509
12;2025-11-16;16;1512
12;2025-11-16;17;1568
12;2025-11-16;18;1327
12;2025-11-16;19;996
12;2025-11-16;20;773
12;2025-11-16;21;595
12;2025-11-16;22;382
12;2025-11-16;23;192
12;2025-11-17;0;55
12;2025-11-17;1;2
12;2025-11-17;2;1
12;2025-11-17;3;1
12;2025-11-17;4;7
12;2025-11-17;5;319
12;2025-11-17;6;1441
12;2025-11-17;7;2724
12;2025-11-17;8;3565
12;2025-11-17;9;2539
12;2025-11-17;10;2013
12;2025-11-17;11;1900
12;2025-11-17;12;1991
12;2025-11-17;13;2027
12;2025-11-17;14;1924
12;2025-11-17;15;2162
12;2025-11-17;16;2705
12;2025-11-17;17;2948
12;2025-11-17;18;3079
12;2025-11-17;19;2317
12;2025-11-17;20;1516
12;2025-11-17;21;957
12;2025-11-17;22;487
12;2025-11-17;23;268
12;2025-11-18;0;55
12;2025-11-18;1;2
12;2025-11-18;2;1
12;2025-11-18;3;1
12;2025-11-18;4;7
12;2025-11-18;5;308
12;2025-11-18;6;1396
12;2025-11-18;7;2672
12;2025-11-18;8;3514
12;2025-11-18;9;2491
12;2025-11-18;10;1966
12;2025-11-18;11;1895
12;2025-11-18;12;1991
12;2025-11-18;13;2028
12;2025-11-18;14;1914
12;2025-11-18;15;2184
12;2025-11-18;16;2716
12;2025-11-18;17;2974
12;2025-11-18;18;3021
12;2025-11-18;19;2288
12;2025-11-18;20;1517
12;2025-11-18;21;959
12;2025-11-18;22;482
12;2025-11-18;23;266
12;2025-11-19;0;55
12;2025-11-19;1;2
12;2025-11-19;2;1
12;2025-11-19;3;1
12;2025-11-19;4;7
12;2025-11-19;5;321
12;2025-11-19;6;1451
12;2025-11-19;7;2748
12;2025-11-19;8;3623
12;2025-11-19;9;2620
12;2025-11-19;10;2088
12;2025-11-19;11;1971
12;2025-11-19;12;2078
12;2025-11-19;13;2134
12;2025-11-19;14;2005
12;2025-11-19;15;2238
12;2025-11-19;16;2778
12;2025-11-19;17;3025
12;2025-11-19;18;3095
12;2025-11-19;19;2334
12;2025-11-19;20;1524
12;2025-11-19;21;974
12;2025-11-19;22;490
12;2025-11-19;23;271
12;2025-11-20;0;55
12;2025-11-20;1;2
12;2025-11-20;2;1
12;2025-11-20;3;1
12;2025-11-20;4;7
12;2025-11-20;5;321
12;2025-11-20;6;1451
12;2025-11-20;7;2752
12;2025-11-20;8;3628
12;2025-11-20;9;2624
12;2025-11-20;10;2097
12;2025-11-20;11;1983
12;2025-11-20;12;2079
12;2025-11-20;13;2136
12;2025-11-20;14;2012
12;2025-11-20;15;2241
12;2025-11-20;16;2779
12;2025-11-20;17;3031
12;2025-11-20;18;3106
12;2025-11-20;19;2338
12;2025-11-20;20;1527
12;2025-11-20;21;977
12;2025-11-20;22;491
12;2025-11-20;23;273
12;2025-11-21;0;55
12;2025-11-21;1;2
12;2025-11-21;2;1
12;2025-11-21;3;1
12;2025-11-21;4;7
12;2025-11-21;5;316
12;2025-11-21;6;1438
12;2025-11-21;7;2706
12;2025-11-21;8;3590
12;2025-11-21;9;2598
12;2025-11-21;10;2075
12;2025-11-21;11;1998
12;2025-11-21;12;2072
12;2025-11-21;13;2165
12;2025-11-21;14;2039
12;2025-11-21;15;2288
12;2025-11-21;16;2816
12;2025-11-21;17;3030
12;2025-11-21;18;3008
12;2025-11-21;19;2293
12;2025-11-21;20;1521
12;2025-11-21;21;977
12;2025-11-21;22;486
12;2025-11-21;23;272
12;2025-11-22;0;69
12;2025-11-22;1;3
12;2025-11-22;2;1
12;2025-11-22;3;1
12;2025-11-22;4;2
12;2025-11-22;5;224
12;2025-11-22;6;802
12;2025-11-22;7;919
12;2025-11-22;8;1068
12;2025-11-22;9;1290
12;2025-11-22;10;1541
12;2025-11-22;11;1565
12;2025-11-22;12;1603
12;2025-11-22;13;1813
12;2025-11-22;14;1633
12;2025-11-22;15;1598
12;2025-11-22;16;1726
12;2025-11-22;17;1655
12;2025-11-22;18;1638
12;2025-11-22;19;1365
12;2025-11-22;20;951
12;2025-11-22;21;768
12;2025-11-22;22;389
12;2025-11-22;23;294
12;2025-11-23;0;84
12;2025-11-23;1;5
12;2025-11-23;2;1
12;2025-11-23;3;1
12;2025-11-23;4;4
12;2025-11-23;5;133
12;2025-11-23;6;528
12;2025-11-23;7;720
12;2025-11-23;8;740
12;2025-11-23;9;928
12;2025-11-23;10;1179
12;2025-11-23;11;1281
12;2025-11-23;12;1357
12;2025-11-23;13;1596
12;2025-11-23;14;1492
12;2025-11-23;15;1528
12;2025-11-23;16;1527
12;2025-11-23;17;1574
12;2025-11-23;18;1355
12;2025-11-23;19;1003
12;2025-11-23;20;777
12;2025-11-23;21;595
12;2025-11-23;22;388
12;2025-11-23;23;192
12;2025-11-24;0;54
12;2025-11-24;1;2
12;2025-11-24;2;1
12;2025-11-24;3;1
12;2025-11-24;4;7
12;2025-11-24;5;307
12;2025-11-24;6;1396
12;2025-11-24;7;2669
12;2025-11-24;8;3576
12;2025-11-24;9;2562
12;2025-11-24;10;2026
12;2025-11-24;11;1900
12;2025-11-24;12;2011
12;2025-11-24;13;2081
12;2025-11-24;14;1955
12;2025-11-24;15;2187
12;2025-11-24;16;2712
12;2025-11-24;17;2929
12;2025-11-24;18;3048
12;2025-11-24;19;2301
12;2025-11-24;20;1506
12;2025-11-24;21;954
12;2025-11-24;22;482
12;2025-11-24;23;265
12;2025-11-25;0;54
12;2025-11-25;1;2
12;2025-11-25;2;1
12;2025-11-25;3;1
12;2025-11-25;4;7
12;2025-11-25;5;320
12;2025-11-25;6;1450
12;2025-11-25;7;2749
12;2025-11-25;8;3624
12;2025-11-25;9;2620
12;2025-11-25;10;2094
12;2025-11-25;11;1981
12;2025-11-25;12;2076
12;2025-11-25;13;2144
12;2025-11-25;14;2013
12;2025-11-25;15;2238
12;2025-11-25;16;2775
12;2025-11-25;17;3027
12;2025-11-25;18;3103
12;2025-11-25;19;2335
12;2025-11-25;20;1528
12;2025-11-25;21;975
12;2025-11-25;22;490
12;2025-11-25;23;270
12;2025-11-26;0;55
12;2025-11-26;1;2
12;2025-11-26;2;1
12;2025-11-26;3;1
12;2025-11-26;4;7
12;2025-11-26;5;319
12;2025-11-26;6;1446
12;2025-11-26;7;2755
12;2025-11-26;8;3635
12;2025-11-26;9;2599
12;2025-11-26;10;2067
12;2025-11-26;11;1955
12;2025-11-26;12;2064
12;2025-11-26;13;2132
12;2025-11-26;14;1997
12;2025-11-26;15;2238
12;2025-11-26;16;2780
12;2025-11-26;17;3044
12;2025-11-26;18;3094
12;2025-11-26;19;2322
12;2025-11-26;20;1524
12;2025-11-26;21;974
12;2025-11-26;22;490
12;2025-11-26;23;270
12;2025-11-27;0;55
12;2025-11-27;1;2
12;2025-11-27;2;1
12;2025-11-27;3;1
12;2025-11-27;4;7
12;2025-11-27;5;320
12;2025-11-27;6;1449
12;2025-11-27;7;2753
12;2025-11-27;8;3631
12;2025-11-27;9;2637
12;2025-11-27;10;2108
12;2025-11-27;11;1977
12;2025-11-27;12;2035
12;2025-11-27;13;2122
12;2025-11-27;14;1978
12;2025-11-27;15;2248
12;2025-11-27;16;2787
12;2025-11-27;17;2990
12;2025-11-27;18;3049
12;2025-11-27;19;2275
12;2025-11-27;20;1494
12;2025-11-27;21;951
12;2025-11-27;22;476
12;2025-11-27;23;259
12;2025-11-28;0;54
12;2025-11-28;1;2
12;2025-11-28;2;1
12;2025-11-28;3;1
12;2025-11-28;4;7
12;2025-11-28;5;315
12;2025-11-28;6;1437
12;2025-11-28;7;2715
12;2025-11-28;8;3612
12;2025-11-28;9;2599
12;2025-11-28;10;2081
12;2025-11-28;11;2007
12;2025-11-28;12;2103
12;2025-11-28;13;2166
12;2025-11-28;14;2046
12;2025-11-28;15;2288
12;2025-11-28;16;2826
12;2025-11-28;17;3040
12;2025-11-28;18;3003
12;2025-11-28;19;2287
12;2025-11-28;20;1515
12;2025-11-28;21;972
12;2025-11-28;22;485
12;2025-11-28;23;271
12;2025-11-29;0;69
12;2025-11-29;1;3
12;2025-11-29;2;1
12;2025-11-29;3;1
12;2025-11-29;4;3
12;2025-11-29;5;225
12;2025-11-29;6;806
12;2025-11-29;7;920
12;2025-11-29;8;1080
12;2025-11-29;9;1298
12;2025-11-29;10;1533
12;2025-11-29;11;1556
12;2025-11-29;12;1596
12;2025-11-29;13;1799
12;2025-11-29;14;1619
12;2025-11-29;15;1588
12;2025-11-29;16;1712
12;2025-11-29;17;1651
12;2025-11-29;18;1637
12;2025-11-29;19;1365
12;2025-11-29;20;951
12;2025-11-29;21;769
12;2025-11-29;22;392
12;2025-11-29;23;294
12;2025-11-30;0;82
12;2025-11-30;1;5
12;2025-11-30;2;1
12;2025-11-30;3;1
12;2025-11-30;4;4
12;2025-11-30;5;133
12;2025-11-30;6;528
12;2025-11-30;7;719
12;2025-11-30;8;741
12;2025-11-30;9;932
12;2025-11-30;10;1184
12;2025-11-30;11;1290
12;2025-11-30;12;1370
12;2025-11-30;13;1602
12;2025-11-30;14;1495
12;2025-11-30;15;1514
12;2025-11-30;16;1520
12;2025-11-30;17;1585
12;2025-11-30;18;1365
12;2025-11-30;19;1004
12;2025-11-30;20;778
12;2025-11-30;21;595
12;2025-11-30;22;388
12;2025-11-30;23;196
12;2025-12-01;0;54
12;2025-12-01;1;2
12;2025-12-01;2;1
12;2025-12-01;3;1
12;2025-12-01;4;7
12;2025-12-01;5;319
12;2025-12-01;6;1438
12;2025-12-01;7;2726
12;2025-12-01;8;3615
12;2025-12-01;9;2584
12;2025-12-01;10;2069
12;2025-12-01;11;1951
12;2025-12-01;12;2046
12;2025-12-01;13;2116
12;2025-12-01;14;1990
12;2025-12-01;15;2220
12;2025-12-01;16;2738
12;2025-12-01;17;2981
12;2025-12-01;18;3084
12;2025-12-01;19;2317
12;2025-12-01;20;1514
12;2025-12-01;21;968
12;2025-12-01;22;488
12;2025-12-01;23;269
12;2025-12-02;0;55
12;2025-12-02;1;2
12;2025-12-02;2;1
12;2025-12-02;3;1
12;2025-12-02;4;7
12;2025-12-02;5;320
12;2025-12-02;6;1452
12;2025-12-02;7;2749
12;2025-12-02;8;3629
12;2025-12-02;9;2634
12;2025-12-02;10;2103
12;2025-12-02;11;1995
12;2025-12-02;12;2092
12;2025-12-02;13;2152
12;2025-12-02;14;2016
12;2025-12-02;15;2243
12;2025-12-02;16;2786
12;2025-12-02;17;3051
12;2025-12-02;18;3133
12;2025-12-02;19;2356
12;2025-12-02;20;1531
12;2025-12-02;21;975
12;2025-12-02;22;490
12;2025-12-02;23;270
12;2025-12-03;0;55
12;2025-12-03;1;2
12;2025-12-03;2;1
12;2025-12-03;3;1
12;2025-12-03;4;7
12;2025-12-03;5;320
12;2025-12-03;6;1452
12;2025-12-03;7;2751
12;2025-12-03;8;3632
12;2025-12-03;9;2646
12;2025-12-03;10;2114
12;2025-12-03;11;1999
12;2025-12-03;12;2103
12;2025-12-03;13;2163
12;2025-12-03;14;2024
12;2025-12-03;15;2243
12;2025-12-03;16;2786
12;2025-12-03;17;3051
12;2025-12-03;18;3131
12;2025-12-03;19;2355
12;2025-12-03;20;1530
12;2025-12-03;21;974
12;2025-12-03;22;489
12;2025-12-03;23;270
12;2025-12-04;0;55
12;2025-12-04;1;2
12;2025-12-04;2;1
12;2025-12-04;3;1
12;2025-12-04;4;7
12;2025-12-04;5;321
12;2025-12-04;6;1453
12;2025-12-04;7;2756
12;2025-12-04;8;3633
12;2025-12-04;9;2636
12;2025-12-04;10;2107
12;2025-12-04;11;1997
12;2025-12-04;12;2090
12;2025-12-04;13;2150
12;2025-12-04;14;2014
12;2025-12-04;15;2247
12;2025-12-04;16;2786
12;2025-12-04;17;3045
12;2025-12-04;18;3120
12;2025-12-04;19;2335
12;2025-12-04;20;1525
12;2025-12-04;21;975
12;2025-12-04;22;490
12;2025-12-04;23;270
12;2025-12-05;0;55
12;2025-12-05;1;2
12;2025-12-05;2;1
12;2025-12-05;3;1
12;2025-12-05;4;7
12;2025-12-05;5;317
12;2025-12-05;6;1444
12;2025-12-05;7;2714
12;2025-12-05;8;3628
12;2025-12-05;9;2606
12;2025-12-05;10;2083
12;2025-12-05;11;2007
12;2025-12-05;12;2109
12;2025-12-05;13;2172
12;2025-12-05;14;2046
12;2025-12-05;15;2293
12;2025-12-05;16;2826
12;2025-12-05;17;3040
12;2025-12-05;18;3009
12;2025-12-05;19;2286
12;2025-12-05;20;1515
12;2025-12-05;21;975
12;2025-12-05;22;485
12;2025-12-05;23;271
12;2025-12-06;0;68
12;2025-12-06;1;3
12;2025-12-06;2;1
12;2025-12-06;3;1
12;2025-12-06;4;3
12;2025-12-06;5;225
12;2025-12-06;6;805
12;2025-12-06;7;920
12;2025-12-06;8;1081
12;2025-12-06;9;1299
12;2025-12-06;10;1536
12;2025-12-06;11;1557
12;2025-12-06;12;1599
12;2025-12-06;13;1805
12;2025-12-06;14;1625
12;2025-12-06;15;1596
12;2025-12-06;16;1716
12;2025-12-06;17;1655
12;2025-12-06;18;1638
12;2025-12-06;19;1363
12;2025-12-06;20;949
12;2025-12-06;21;768
12;2025-12-06;22;391
12;2025-12-06;23;294
12;2025-12-07;0;83
12;2025-12-07;1;4
12;2025-12-07;2;1
12;2025-12-07;3;1
12;2025-12-07;4;4
12;2025-12-07;5;132
12;2025-12-07;6;528
12;2025-12-07;7;719
12;2025-12-07;8;740
12;2025-12-07;9;927
12;2025-12-07;10;1178
12;2025-12-07;11;1283
12;2025-12-07;12;1354
12;2025-12-07;13;1580
12;2025-12-07;14;1484
12;2025-12-07;15;1511
12;2025-12-07;16;1512
12;2025-12-07;17;1566
12;2025-12-07;18;1351
12;2025-12-07;19;1000
12;2025-12-07;20;777
12;2025-12-07;21;595
12;2025-12-07;22;389
12;2025-12-07;23;196
12;2025-12-08;0;54
12;2025-12-08;1;2
12;2025-12-08;2;1
12;2025-12-08;3;1
12;2025-12-08;4;7
12;2025-12-08;5;317
12;2025-12-08;6;1435
12;2025-12-08;7;2723
12;2025-12-08;8;3592
12;2025-12-08;9;2581
12;2025-12-08;10;2060
12;2025-12-08;11;1951
12;2025-12-08;12;2046
12;2025-12-08;13;2111
12;2025-12-08;14;1984
12;2025-12-08;15;2220
12;2025-12-08;16;2741
12;2025-12-08;17;2978
12;2025-12-08;18;3073
12;2025-12-08;19;2319
12;2025-12-08;20;1515
12;2025-12-08;21;968
12;2025-12-08;22;489
12;2025-12-08;23;269
12;2025-12-09;0;55
12;2025-12-09;1;2
12;2025-12-09;2;1
12;2025-12-09;3;1
12;2025-12-09;4;7
12;2025-12-09;5;320
12;2025-12-09;6;1450
12;2025-12-09;7;2744
12;2025-12-09;8;3617
12;2025-12-09;9;2621
12;2025-12-09;10;2087
12;2025-12-09;11;1953
12;2025-12-09;12;2045
12;2025-12-09;13;2108
12;2025-12-09;14;1979
12;2025-12-09;15;2235
12;2025-12-09;16;2778
12;2025-12-09;17;2992
12;2025-12-09;18;3064
12;2025-12-09;19;2339
12;2025-12-09;20;1530
12;2025-12-09;21;971
12;2025-12-09;22;491
12;2025-12-09;23;271
12;2025-12-10;0;55
12;2025-12-10;1;2
12;2025-12-10;2;1
12;2025-12-10;3;1
12;2025-12-10;4;7
12;2025-12-10;5;319
12;2025-12-10;6;1441
12;2025-12-10;7;2733
12;2025-12-10;8;3615
12;2025-12-10;9;2631
12;2025-12-10;10;2103
12;2025-12-10;11;1988
12;2025-12-10;12;2084
12;2025-12-10;13;2142
12;2025-12-10;14;2007
12;2025-12-10;15;2238
12;2025-12-10;16;2775
12;2025-12-10;17;3034
12;2025-12-10;18;3113
12;2025-12-10;19;2343
12;2025-12-10;20;1527
12;2025-12-10;21;974
12;2025-12-10;22;490
12;2025-12-10;23;270
12;2025-12-11;0;55
12;2025-12-11;1;2
12;2025-12-11;2;1
12;2025-12-11;3;1
12;2025-12-11;4;7
12;2025-12-11;5;322
12;2025-12-11;6;1457
12;2025-12-11;7;2753
12;2025-12-11;8;3632
12;2025-12-11;9;2560
12;2025-12-11;10;2059
12;2025-12-11;11;1950
12;2025-12-11;12;2049
12;2025-12-11;13;2127
12;2025-12-11;14;2008
12;2025-12-11;15;2231
12;2025-12-11;16;2754
12;2025-12-11;17;3031
12;2025-12-11;18;3091
12;2025-12-11;19;2297
12;2025-12-11;20;1510
12;2025-12-11;21;962
12;2025-12-11;22;489
12;2025-12-11;23;272
12;2025-12-12;0;55
12;2025-12-12;1;2
12;2025-12-12;2;1
12;2025-12-12;3;1
12;2025-12-12;4;7
12;2025-12-12;5;316
12;2025-12-12;6;1434
12;2025-12-12;7;2710
12;2025-12-12;8;3613
12;2025-12-12;9;2598
12;2025-12-12;10;2077
12;2025-12-12;11;2001
12;2025-12-12;12;2026
12;2025-12-12;13;2089
12;2025-12-12;14;1970
12;2025-12-12;15;2201
12;2025-12-12;16;2739
12;2025-12-12;17;2925
12;2025-12-12;18;2945
12;2025-12-12;19;2259
12;2025-12-12;20;1503
12;2025-12-12;21;958
12;2025-12-12;22;477
12;2025-12-12;23;265
12;2025-12-13;0;66
12;2025-12-13;1;3
12;2025-12-13;2;1
12;2025-12-13;3;1
12;2025-12-13;4;2
12;2025-12-13;5;216
12;2025-12-13;6;769
12;2025-12-13;7;870
12;2025-12-13;8;1020
12;2025-12-13;9;1222
12;2025-12-13;10;1452
12;2025-12-13;11;1472
12;2025-12-13;12;1511
12;2025-12-13;13;1710
12;2025-12-13;14;1522
12;2025-12-13;15;1494
12;2025-12-13;16;1615
12;2025-12-13;17;1564
12;2025-12-13;18;1566
12;2025-12-13;19;1319
12;2025-12-13;20;923
12;2025-12-13;21;749
12;2025-12-13;22;382
12;2025-12-13;23;287
12;2025-12-14;0;80
12;2025-12-14;1;4
12;2025-12-14;2;1
12;2025-12-14;3;1
12;2025-12-14;4;4
12;2025-12-14;5;129
12;2025-12-14;6;527
12;2025-12-14;7;719
12;2025-12-14;8;723
12;2025-12-14;9;893
12;2025-12-14;10;1135
12;2025-12-14;11;1237
12;2025-12-14;12;1291
12;2025-12-14;13;1505
12;2025-12-14;14;1409
12;2025-12-14;15;1438
12;2025-12-14;16;1482
12;2025-12-14;17;1532
12;2025-12-14;18;1337
12;2025-12-14;19;1002
12;2025-12-14;20;776
12;2025-12-14;21;595
12;2025-12-14;22;388
12;2025-12-14;23;196
12;2025-12-15;0;54
12;2025-12-15;1;2
12;2025-12-15;2;1
12;2025-12-15;3;1
12;2025-12-15;4;7
12;2025-12-15;5;317
12;2025-12-15;6;1433
12;2025-12-15;7;2713
12;2025-12-15;8;3595
12;2025-12-15;9;2574
12;2025-12-15;10;2061
12;2025-12-15;11;1943
12;2025-12-15;12;2033
12;2025-12-15;13;2097
12;2025-12-15;14;1973
12;2025-12-15;15;2207
12;2025-12-15;16;2725
12;2025-12-15;17;2968
12;2025-12-15;18;3052
12;2025-12-15;19;2301
12;2025-12-15;20;1506
12;2025-12-15;21;962
12;2025-12-15;22;485
12;2025-12-15;23;268
12;2025-12-16;0;55
12;2025-12-16;1;2
12;2025-12-16;2;1
12;2025-12-16;3;1
12;2025-12-16;4;7
12;2025-12-16;5;320
12;2025-12-16;6;1450
12;2025-12-16;7;2749
12;2025-12-16;8;3624
12;2025-12-16;9;2631
12;2025-12-16;10;2103
12;2025-12-16;11;1979
12;2025-12-16;12;2070
12;2025-12-16;13;2095
12;2025-12-16;14;2006
12;2025-12-16;15;2237
12;2025-12-16;16;2777
12;2025-12-16;17;3034
12;2025-12-16;18;3108
12;2025-12-16;19;2345
12;2025-12-16;20;1533
12;2025-12-16;21;977
12;2025-12-16;22;491
12;2025-12-16;23;271
12;2025-12-17;0;54
12;2025-12-17;1;2
12;2025-12-17;2;1
12;2025-12-17;3;1
12;2025-12-17;4;7
12;2025-12-17;5;320
12;2025-12-17;6;1447
12;2025-12-17;7;2749
12;2025-12-17;8;3625
12;2025-12-17;9;2632
12;2025-12-17;10;2104
12;2025-12-17;11;1990
12;2025-12-17;12;2088
12;2025-12-17;13;2148
12;2025-12-17;14;2012
12;2025-12-17;15;2244
12;2025-12-17;16;2775
12;2025-12-17;17;3034
12;2025-12-17;18;3113
12;2025-12-17;19;2343
12;2025-12-17;20;1527
12;2025-12-17;21;974
12;2025-12-17;22;490
12;2025-12-17;23;270
12;2025-12-18;0;55
12;2025-12-18;1;2
12;2025-12-18;2;1
12;2025-12-18;3;1
12;2025-12-18;4;7
12;2025-12-18;5;322
12;2025-12-18;6;1453
12;2025-12-18;7;2762
12;2025-12-18;8;3638
12;2025-12-18;9;2638
12;2025-12-18;10;2105
12;2025-12-18;11;1987
12;2025-12-18;12;2089
12;2025-12-18;13;2148
12;2025-12-18;14;2012
12;2025-12-18;15;2244
12;2025-12-18;16;2783
12;2025-12-18;17;3047
12;2025-12-18;18;3126
12;2025-12-18;19;2357
12;2025-12-18;20;1539
12;2025-12-18;21;977
12;2025-12-18;22;491
12;2025-12-18;23;271
12;2025-12-19;0;55
12;2025-12-19;1;2
12;2025-12-19;2;1
12;2025-12-19;3;1
12;2025-12-19;4;7
12;2025-12-19;5;317
12;2025-12-19;6;1442
12;2025-12-19;7;2714
12;2025-12-19;8;3610
12;2025-12-19;9;2602
12;2025-12-19;10;2077
12;2025-12-19;11;1998
12;2025-12-19;12;2098
12;2025-12-19;13;2160
12;2025-12-19;14;2034
12;2025-12-19;15;2280
12;2025-12-19;16;2808
12;2025-12-19;17;3026
12;2025-12-19;18;3057
12;2025-12-19;19;2291
12;2025-12-19;20;1520
12;2025-12-19;21;976
12;2025-12-19;22;486
12;2025-12-19;23;272
12;2025-12-20;0;69
12;2025-12-20;1;3
12;2025-12-20;2;1
12;2025-12-20;3;1
12;2025-12-20;4;3
12;2025-12-20;5;225
12;2025-12-20;6;806
12;2025-12-20;7;920
12;2025-12-20;8;1080
12;2025-12-20;9;1290
12;2025-12-20;10;1533
12;2025-12-20;11;1554
12;2025-12-20;12;1595
12;2025-12-20;13;1799
12;2025-12-20;14;1620
12;2025-12-20;15;1588
12;2025-12-20;16;1710
12;2025-12-20;17;1642
12;2025-12-20;18;1610
12;2025-12-20;19;1347
12;2025-12-20;20;935
12;2025-12-20;21;756
12;2025-12-20;22;387
12;2025-12-20;23;291
12;2025-12-21;0;82
12;2025-12-21;1;4
12;2025-12-21;2;1
12;2025-12-21;3;1
12;2025-12-21;4;4
12;2025-12-21;5;133
12;2025-12-21;6;522
12;2025-12-21;7;718
12;2025-12-21;8;739
12;2025-12-21;9;927
12;2025-12-21;10;1178
12;2025-12-21;11;1283
12;2025-12-21;12;1359
12;2025-12-21;13;1586
12;2025-12-21;14;1482
12;2025-12-21;15;1509
12;2025-12-21;16;1512
12;2025-12-21;17;1570
12;2025-12-21;18;1356
12;2025-12-21;19;1004
12;2025-12-21;20;779
12;2025-12-21;21;595
12;2025-12-21;22;383
12;2025-12-21;23;196
12;2025-12-22;0;55
12;2025-12-22;1;2
12;2025-12-22;2;1
12;2025-12-22;3;1
12;2025-12-22;4;7
12;2025-12-22;5;319
12;2025-12-22;6;1438
12;2025-12-22;7;2729
12;2025-12-22;8;3615
12;2025-12-22;9;2559
12;2025-12-22;10;2037
12;2025-12-22;11;1929
12;2025-12-22;12;2016
12;2025-12-22;13;2078
12;2025-12-22;14;1926
12;2025-12-22;15;2177
12;2025-12-22;16;2695
12;2025-12-22;17;2926
12;2025-12-22;18;3018
12;2025-12-22;19;2290
12;2025-12-22;20;1489
12;2025-12-22;21;960
12;2025-12-22;22;488
12;2025-12-22;23;263
12;2025-12-23;0;54
12;2025-12-23;1;2
12;2025-12-23;2;1
12;2025-12-23;3;1
12;2025-12-23;4;7
12;2025-12-23;5;316
12;2025-12-23;6;1432
12;2025-12-23;7;2700
12;2025-12-23;8;3552
12;2025-12-23;9;2569
12;2025-12-23;10;2057
12;2025-12-23;11;1945
12;2025-12-23;12;2040
12;2025-12-23;13;2105
12;2025-12-23;14;1995
12;2025-12-23;15;2230
12;2025-12-23;16;2769
12;2025-12-23;17;3016
12;2025-12-23;18;3085
12;2025-12-23;19;2333
12;2025-12-23;20;1525
12;2025-12-23;21;975
12;2025-12-23;22;490
12;2025-12-23;23;270
12;2025-12-24;0;55
12;2025-12-24;1;2
12;2025-12-24;2;1
12;2025-12-24;3;1
12;2025-12-24;4;7
12;2025-12-24;5;320
12;2025-12-24;6;1447
12;2025-12-24;7;2747
12;2025-12-24;8;3624
12;2025-12-24;9;2621
12;2025-12-24;10;2093
12;2025-12-24;11;1974
12;2025-12-24;12;2075
12;2025-12-24;13;2127
12;2025-12-24;14;1997
12;2025-12-24;15;2229
12;2025-12-24;16;2777
12;2025-12-24;17;3028
12;2025-12-24;18;3100
12;2025-12-24;19;2341
12;2025-12-24;20;1531
12;2025-12-24;21;977
12;2025-12-24;22;491
12;2025-12-24;23;271
12;2025-12-25;0;55
12;2025-12-25;1;2
12;2025-12-25;2;1
12;2025-12-25;3;1
12;2025-12-25;4;7
12;2025-12-25;5;322
12;2025-12-25;6;1455
12;2025-12-25;7;2760
12;2025-12-25;8;3638
12;2025-12-25;9;2638
12;2025-12-25;10;2111
12;2025-12-25;11;1994
12;2025-12-25;12;2092
12;2025-12-25;13;2152
12;2025-12-25;14;2012
12;2025-12-25;15;2246
12;2025-12-25;16;2789
12;2025-12-25;17;3023
12;2025-12-25;18;3082
12;2025-12-25;19;2361
12;2025-12-25;20;1532
12;2025-12-25;21;971
12;2025-12-25;22;484
12;2025-12-25;23;266
12;2025-12-26;0;53
12;2025-12-26;1;2
12;2025-12-26;2;1
12;2025-12-26;3;1
12;2025-12-26;4;7
12;2025-12-26;5;313
12;2025-12-26;6;1399
12;2025-12-26;7;2641
12;2025-12-26;8;3504
12;2025-12-26;9;2506
12;2025-12-26;10;2002
12;2025-12-26;11;1911
12;2025-12-26;12;2008
12;2025-12-26;13;2108
12;2025-12-26;14;1970
12;2025-12-26;15;2204
12;2025-12-26;16;2731
12;2025-12-26;17;2941
12;2025-12-26;18;2979
12;2025-12-26;19;2270
12;2025-12-26;20;1491
12;2025-12-26;21;957
12;2025-12-26;22;478
12;2025-12-26;23;265
12;2025-12-27;0;66
12;2025-12-27;1;3
12;2025-12-27;2;1
12;2025-12-27;3;1
12;2025-12-27;4;2
12;2025-12-27;5;218
12;2025-12-27;6;780
12;2025-12-27;7;887
12;2025-12-27;8;1051
12;2025-12-27;9;1296
12;2025-12-27;10;1508
12;2025-12-27;11;1533
12;2025-12-27;12;1595
12;2025-12-27;13;1799
12;2025-12-27;14;1621
12;2025-12-27;15;1588
12;2025-12-27;16;1712
12;2025-12-27;17;1651
12;2025-12-27;18;1637
12;2025-12-27;19;1365
12;2025-12-27;20;951
12;2025-12-27;21;769
12;2025-12-27;22;388
12;2025-12-27;23;292
12;2025-12-28;0;84
12;2025-12-28;1;5
12;2025-12-28;2;1
12;2025-12-28;3;1
12;2025-12-28;4;4
12;2025-12-28;5;133
12;2025-12-28;6;522
12;2025-12-28;7;712
12;2025-12-28;8;732
12;2025-12-28;9;917
12;2025-12-28;10;1178
12;2025-12-28;11;1270
12;2025-12-28;12;1360
12;2025-12-28;13;1586
12;2025-12-28;14;1479
12;2025-12-28;15;1506
12;2025-12-28;16;1512
12;2025-12-28;17;1570
12;2025-12-28;18;1356
12;2025-12-28;19;1004
12;2025-12-28;20;778
12;2025-12-28;21;596
12;2025-12-28;22;389
12;2025-12-28;23;196
12;2025-12-29;0;54
12;2025-12-29;1;2
12;2025-12-29;2;1
12;2025-12-29;3;1
12;2025-12-29;4;7
12;2025-12-29;5;319
12;2025-12-29;6;1432
12;2025-12-29;7;2713
12;2025-12-29;8;3595
12;2025-12-29;9;2575
12;2025-12-29;10;2062
12;2025-12-29;11;1944
12;2025-12-29;12;2034
12;2025-12-29;13;2097
12;2025-12-29;14;1972
12;2025-12-29;15;2207
12;2025-12-29;16;2725
12;2025-12-29;17;2970
12;2025-12-29;18;3064
12;2025-12-29;19;2306
12;2025-12-29;20;1514
12;2025-12-29;21;967
12;2025-12-29;22;485
12;2025-12-29;23;268
12;2025-12-30;0;55
12;2025-12-30;1;2
12;2025-12-30;2;1
12;2025-12-30;3;1
12;2025-12-30;4;7
12;2025-12-30;5;320
12;2025-12-30;6;1451
12;2025-12-30;7;2749
12;2025-12-30;8;3617
12;2025-12-30;9;2602
12;2025-12-30;10;2078
12;2025-12-30;11;1969
12;2025-12-30;12;2076
12;2025-12-30;13;2130
12;2025-12-30;14;2004
12;2025-12-30;15;2235
12;2025-12-30;16;2771
12;2025-12-30;17;3017
12;2025-12-30;18;3114
12;2025-12-30;19;2330
12;2025-12-30;20;1524
12;2025-12-30;21;974
12;2025-12-30;22;490
12;2025-12-30;23;270
12;2025-12-31;0;83
12;2025-12-31;1;4
12;2025-12-31;2;1
12;2025-12-31;3;1
12;2025-12-31;4;4
12;2025-12-31;5;132
12;2025-12-31;6;522
12;2025-12-31;7;712
12;2025-12-31;8;736
12;2025-12-31;9;930
12;2025-12-31;10;1182
12;2025-12-31;11;1288
12;2025-12-31;12;1360
12;2025-12-31;13;1584
12;2025-12-31;14;1479
12;2025-12-31;15;1507
12;2025-12-31;16;1516
12;2025-12-31;17;1576
12;2025-12-31;18;1359
12;2025-12-31;19;1005
12;2025-12-31;20;776
12;2025-12-31;21;596
12;2025-12-31;22;389
12;2025-12-31;23;196
17;2025-11-01;0;124
17;2025-11-01;1;14
17;2025-11-01;2;1
17;2025-11-01;3;1
17;2025-11-01;4;26
17;2025-11-01;5;309
17;2025-11-01;6;1534
17;2025-11-01;7;4174
17;2025-11-01;8;5350
17;2025-11-01;9;3866
17;2025-11-01;10;3031
17;2025-11-01;11;3004
17;2025-11-01;12;3018
17;2025-11-01;13;3066
17;2025-11-01;14;3186
17;2025-11-01;15;3287
17;2025-11-01;16;3793
17;2025-11-01;17;4585
17;2025-11-01;18;4690
17;2025-11-01;19;3206
17;2025-11-01;20;2263
17;2025-11-01;21;1442
17;2025-11-01;22;694
17;2025-11-01;23;381
17;2025-11-02;0;185
17;2025-11-02;1;24
17;2025-11-02;2;1
17;2025-11-02;3;1
17;2025-11-02;4;4
17;2025-11-02;5;107
17;2025-11-02;6;439
17;2025-11-02;7;858
17;2025-11-02;8;1258
17;2025-11-02;9;1731
17;2025-11-02;10;2046
17;2025-11-02;11;2631
17;2025-11-02;12;2973
17;2025-11-02;13;3141
17;2025-11-02;14;3309
17;2025-11-02;15;3232
17;2025-11-02;16;3143
17;2025-11-02;17;2980
17;2025-11-02;18;2585
17;2025-11-02;19;2046
17;2025-11-02;20;1504
17;2025-11-02;21;1112
17;2025-11-02;22;680
17;2025-11-02;23;313
17;2025-11-03;0;185
17;2025-11-03;1;24
17;2025-11-03;2;1
17;2025-11-03;3;1
17;2025-11-03;4;4
17;2025-11-03;5;106
17;2025-11-03;6;434
17;2025-11-03;7;847
17;2025-11-03;8;1236
17;2025-11-03;9;1693
17;2025-11-03;10;1963
17;2025-11-03;11;2458
17;2025-11-03;12;2768
17;2025-11-03;13;2995
17;2025-11-03;14;3134
17;2025-11-03;15;3075
17;2025-11-03;16;3020
17;2025-11-03;17;2885
17;2025-11-03;18;2528
17;2025-11-03;19;1998
17;2025-11-03;20;1464
17;2025-11-03;21;1083
17;2025-11-03;22;667
17;2025-11-03;23;306
17;2025-11-04;0;182
17;2025-11-04;1;24
17;2025-11-04;2;1
17;2025-11-04;3;1
17;2025-11-04;4;4
17;2025-11-04;5;103
17;2025-11-04;6;427
17;2025-11-04;7;824
17;2025-11-04;8;1180
17;2025-11-04;9;1635
17;2025-11-04;10;1926
17;2025-11-04;11;2467
17;2025-11-04;12;2770
17;2025-11-04;13;2990
17;2025-11-04;14;3273
17;2025-11-04;15;3194
17;2025-11-04;16;3114
17;2025-11-04;17;2987
17;2025-11-04;18;2598
17;2025-11-04;19;2063
17;2025-11-04;20;1507
17;2025-11-04;21;1114
17;2025-11-04;22;681
17;2025-11-04;23;313
17;2025-11-05;0;124
17;2025-11-05;1;14
17;2025-11-05;2;1
17;2025-11-05;3;1
17;2025-11-05;4;26
17;2025-11-05;5;309
17;2025-11-05;6;1535
17;2025-11-05;7;4165
17;2025-11-05;8;5350
17;2025-11-05;9;3891
17;2025-11-05;10;3050
17;2025-11-05;11;3015
17;2025-11-05;12;3017
17;2025-11-05;13;3072
17;2025-11-05;14;3173
17;2025-11-05;15;3269
17;2025-11-05;16;3761
17;2025-11-05;17;4543
17;2025-11-05;18;4644
17;2025-11-05;19;3181
17;2025-11-05;20;2266
17;2025-11-05;21;1441
17;2025-11-05;22;693
17;2025-11-05;23;380
17;2025-11-06;0;124
17;2025-11-06;1;14
17;2025-11-06;2;1
17;2025-11-06;3;1
17;2025-11-06;4;26
17;2025-11-06;5;309
17;2025-11-06;6;1535
17;2025-11-06;7;4176
17;2025-11-06;8;5359
17;2025-11-06;9;3900
17;2025-11-06;10;3059
17;2025-11-06;11;2979
17;2025-11-06;12;3057
17;2025-11-06;13;3104
17;2025-11-06;14;3196
17;2025-11-06;15;3270
17;2025-11-06;16;3751
17;2025-11-06;17;4569
17;2025-11-06;18;4687
17;2025-11-06;19;3193
17;2025-11-06;20;2235
17;2025-11-06;21;1449
17;2025-11-06;22;696
17;2025-11-06;23;378
17;2025-11-07;0;125
17;2025-11-07;1;14
17;2025-11-07;2;1
17;2025-11-07;3;1
17;2025-11-07;4;26
17;2025-11-07;5;308
17;2025-11-07;6;1528
17;2025-11-07;7;4146
17;2025-11-07;8;5368
17;2025-11-07;9;3806
17;2025-11-07;10;3028
17;2025-11-07;11;3069
17;2025-11-07;12;3084
17;2025-11-07;13;3143
17;2025-11-07;14;3248
17;2025-11-07;15;3359
17;2025-11-07;16;3867
17;2025-11-07;17;4592
17;2025-11-07;18;4525
17;2025-11-07;19;3134
17;2025-11-07;20;2262
17;2025-11-07;21;1448
17;2025-11-07;22;690
17;2025-11-07;23;383
17;2025-11-08;0;201
17;2025-11-08;1;28
17;2025-11-08;2;1
17;2025-11-08;3;1
17;2025-11-08;4;6
17;2025-11-08;5;133
17;2025-11-08;6;568
17;2025-11-08;7;1242
17;2025-11-08;8;1766
17;2025-11-08;9;2259
17;2025-11-08;10;2529
17;2025-11-08;11;3021
17;2025-11-08;12;3277
17;2025-11-08;13;3531
17;2025-11-08;14;3637
17;2025-11-08;15;3629
17;2025-11-08;16;3652
17;2025-11-08;17;3372
17;2025-11-08;18;3001
17;2025-11-08;19;2358
17;2025-11-08;20;1843
17;2025-11-08;21;1323
17;2025-11-08;22;796
17;2025-11-08;23;447
17;2025-11-09;0;185
17;2025-11-09;1;24
17;2025-11-09;2;1
17;2025-11-09;3;1
17;2025-11-09;4;4
17;2025-11-09;5;107
17;2025-11-09;6;439
17;2025-11-09;7;859
17;2025-11-09;8;1254
17;2025-11-09;9;1721
17;2025-11-09;10;2034
17;2025-11-09;11;2608
17;2025-11-09;12;2929
17;2025-11-09;13;3159
17;2025-11-09;14;3228
17;2025-11-09;15;3217
17;2025-11-09;16;3143
17;2025-11-09;17;2980
17;2025-11-09;18;2582
17;2025-11-09;19;2045
17;2025-11-09;20;1504
17;2025-11-09;21;1112
17;2025-11-09;22;680
17;2025-11-09;23;313
17;2025-11-10;0;124
17;2025-11-10;1;14
17;2025-11-10;2;1
17;2025-11-10;3;1
17;2025-11-10;4;26
17;2025-11-10;5;309
17;2025-11-10;6;1524
17;2025-11-10;7;4165
17;2025-11-10;8;5358
17;2025-11-10;9;3840
17;2025-11-10;10;3010
17;2025-11-10;11;2990
17;2025-11-10;12;3005
17;2025-11-10;13;3067
17;2025-11-10;14;3165
17;2025-11-10;15;3265
17;2025-11-10;16;3755
17;2025-11-10;17;4508
17;2025-11-10;18;4608
17;2025-11-10;19;3178
17;2025-11-10;20;2259
17;2025-11-10;21;1439
17;2025-11-10;22;692
17;2025-11-10;23;379
17;2025-11-11;0;125
17;2025-11-11;1;14
17;2025-11-11;2;1
17;2025-11-11;3;1
17;2025-11-11;4;26
17;2025-11-11;5;310
17;2025-11-11;6;1541
17;2025-11-11;7;4185
17;2025-11-11;8;5376
17;2025-11-11;9;3921
17;2025-11-11;10;3077
17;2025-11-11;11;3063
17;2025-11-11;12;3077
17;2025-11-11;13;3126
17;2025-11-11;14;3207
17;2025-11-11;15;3293
17;2025-11-11;16;3793
17;2025-11-11;17;4603
17;2025-11-11;18;4717
17;2025-11-11;19;3224
17;2025-11-11;20;2278
17;2025-11-11;21;1452
17;2025-11-11;22;694
17;2025-11-11;23;382
17;2025-11-12;0;125
17;2025-11-12;1;14
17;2025-11-12;2;1
17;2025-11-12;3;1
17;2025-11-12;4;26
17;2025-11-12;5;309
17;2025-11-12;6;1534
17;2025-11-12;7;4167
17;2025-11-12;8;5348
17;2025-11-12;9;3890
17;2025-11-12;10;3005
17;2025-11-12;11;2972
17;2025-11-12;12;2993
17;2025-11-12;13;3055
17;2025-11-12;14;3153
17;2025-11-12;15;3246
17;2025-11-12;16;3766
17;2025-11-12;17;4564
17;2025-11-12;18;4620
17;2025-11-12;19;3200
17;2025-11-12;20;2270
17;2025-11-12;21;1441
17;2025-11-12;22;692
17;2025-11-12;23;379
17;2025-11-13;0;124
17;2025-11-13;1;14
17;2025-11-13;2;1
17;2025-11-13;3;1
17;2025-11-13;4;26
17;2025-11-13;5;310
17;2025-11-13;6;1525
17;2025-11-13;7;4190
17;2025-11-13;8;5382
17;2025-11-13;9;3928
17;2025-11-13;10;3079
17;2025-11-13;11;3065
17;2025-11-13;12;3069
17;2025-11-13;13;3103
17;2025-11-13;14;3190
17;2025-11-13;15;3280
17;2025-11-13;16;3773
17;2025-11-13;17;4573
17;2025-11-13;18;4691
17;2025-11-13;19;3206
17;2025-11-13;20;2285
17;2025-11-13;21;1450
17;2025-11-13;22;697
17;2025-11-13;23;382
17;2025-11-14;0;125
17;2025-11-14;1;14
17;2025-11-14;2;1
17;2025-11-14;3;1
17;2025-11-14;4;25
17;2025-11-14;5;301
17;2025-11-14;6;1497
17;2025-11-14;7;4069
17;2025-11-14;8;5212
17;2025-11-14;9;3767
17;2025-11-14;10;2951
17;2025-11-14;11;3000
17;2025-11-14;12;3018
17;2025-11-14;13;3082
17;2025-11-14;14;3166
17;2025-11-14;15;3280
17;2025-11-14;16;3779
17;2025-11-14;17;4497
17;2025-11-14;18;4458
17;2025-11-14;19;3101
17;2025-11-14;20;2262
17;2025-11-14;21;1431
17;2025-11-14;22;693
17;2025-11-14;23;382
17;2025-11-15;0;194
17;2025-11-15;1;28
17;2025-11-15;2;1
17;2025-11-15;3;1
17;2025-11-15;4;6
17;2025-11-15;5;134
17;2025-11-15;6;563
17;2025-11-15;7;1245
17;2025-11-15;8;1806
17;2025-11-15;9;2234
17;2025-11-15;10;2567
17;2025-11-15;11;3033
17;2025-11-15;12;3342
17;2025-11-15;13;3632
17;2025-11-15;14;3626
17;2025-11-15;15;3629
17;2025-11-15;16;3635
17;2025-11-15;17;3280
17;2025-11-15;18;2916
17;2025-11-15;19;2318
17;2025-11-15;20;1867
17;2025-11-15;21;1340
17;2025-11-15;22;807
17;2025-11-15;23;454
17;2025-11-16;0;189
17;2025-11-16;1;25
17;2025-11-16;2;1
17;2025-11-16;3;1
17;2025-11-16;4;4
17;2025-11-16;5;107
17;2025-11-16;6;439
17;2025-11-16;7;855
17;2025-11-16;8;1251
17;2025-11-16;9;1715
17;2025-11-16;10;2037
17;2025-11-16;11;2638
17;2025-11-16;12;2944
17;2025-11-16;13;3181
17;2025-11-16;14;3286
17;2025-11-16;15;3215
17;2025-11-16;16;3132
17;2025-11-16;17;2973
17;2025-11-16;18;2540
17;2025-11-16;19;2051
17;2025-11-16;20;1506
17;2025-11-16;21;1118
17;2025-11-16;22;673
17;2025-11-16;23;308
17;2025-11-17;0;125
17;2025-11-17;1;14
17;2025-11-17;2;1
17;2025-11-17;3;1
17;2025-11-17;4;26
17;2025-11-17;5;310
17;2025-11-17;6;1528
17;2025-11-17;7;4162
17;2025-11-17;8;5304
17;2025-11-17;9;3784
17;2025-11-17;10;2944
17;2025-11-17;11;2926
17;2025-11-17;12;2937
17;2025-11-17;13;2960
17;2025-11-17;14;3087
17;2025-11-17;15;3194
17;2025-11-17;16;3706
17;2025-11-17;17;4452
17;2025-11-17;18;4644
17;2025-11-17;19;3194
17;2025-11-17;20;2268
17;2025-11-17;21;1430
17;2025-11-17;22;697
17;2025-11-17;23;381
17;2025-11-18;0;125
17;2025-11-18;1;14
17;2025-11-18;2;1
17;2025-11-18;3;1
17;2025-11-18;4;25
17;2025-11-18;5;300
17;2025-11-18;6;1484
17;2025-11-18;7;4073
17;2025-11-18;8;5214
17;2025-11-18;9;3708
17;2025-11-18;10;2908
17;2025-11-18;11;2920
17;2025-11-18;12;2937
17;2025-11-18;13;2958
17;2025-11-18;14;3068
17;2025-11-18;15;3214
17;2025-11-18;16;3686
17;2025-11-18;17;4475
17;2025-11-18;18;4550
17;2025-11-18;19;3124
17;2025-11-18;20;2256
17;2025-11-18;21;1423
17;2025-11-18;22;684
17;2025-11-18;23;375
17;2025-11-19;0;124
17;2025-11-19;1;14
17;2025-11-19;2;1
17;2025-11-19;3;1
17;2025-11-19;4;26
17;2025-11-19;5;309
17;2025-11-19;6;1535
17;2025-11-19;7;4165
17;2025-11-19;8;5345
17;2025-11-19;9;3872
17;2025-11-19;10;3029
17;2025-11-19;11;3009
17;2025-11-19;12;3035
17;2025-11-19;13;3078
17;2025-11-19;14;3174
17;2025-11-19;15;3265
17;2025-11-19;16;3761
17;2025-11-19;17;4539
17;2025-11-19;18;4649
17;2025-11-19;19;3206
17;2025-11-19;20;2280
17;2025-11-19;21;1450
17;2025-11-19;22;697
17;2025-11-19;23;383
17;2025-11-20;0;125
17;2025-11-20;1;14
17;2025-11-20;2;1
17;2025-11-20;3;1
17;2025-11-20;4;26
17;2025-11-20;5;310
17;2025-11-20;6;1539
17;2025-11-20;7;4171
17;2025-11-20;8;5353
17;2025-11-20;9;3877
17;2025-11-20;10;3039
17;2025-11-20;11;3025
17;2025-11-20;12;3036
17;2025-11-20;13;3082
17;2025-11-20;14;3186
17;2025-11-20;15;3271
17;2025-11-20;16;3762
17;2025-11-20;17;4549
17;2025-11-20;18;4666
17;2025-11-20;19;3212
17;2025-11-20;20;2284
17;2025-11-20;21;1454
17;2025-11-20;22;699
17;2025-11-20;23;384
17;2025-11-21;0;125
17;2025-11-21;1;14
17;2025-11-21;2;1
17;2025-11-21;3;1
17;2025-11-21;4;26
17;2025-11-21;5;306
17;2025-11-21;6;1529
17;2025-11-21;7;4126
17;2025-11-21;8;5308
17;2025-11-21;9;3863
17;2025-11-21;10;3021
17;2025-11-21;11;3064
17;2025-11-21;12;3039
17;2025-11-21;13;3136
17;2025-11-21;14;3245
17;2025-11-21;15;3359
17;2025-11-21;16;3854
17;2025-11-21;17;4575
17;2025-11-21;18;4533
17;2025-11-21;19;3163
17;2025-11-21;20;2286
17;2025-11-21;21;1462
17;2025-11-21;22;696
17;2025-11-21;23;386
17;2025-11-22;0;203
17;2025-11-22;1;29
17;2025-11-22;2;1
17;2025-11-22;3;1
17;2025-11-22;4;6
17;2025-11-22;5;137
17;2025-11-22;6;582
17;2025-11-22;7;1275
17;2025-11-22;8;1801
17;2025-11-22;9;2315
17;2025-11-22;10;2612
17;2025-11-22;11;3097
17;2025-11-22;12;3409
17;2025-11-22;13;3664
17;2025-11-22;14;3667
17;2025-11-22;15;3649
17;2025-11-22;16;3676
17;2025-11-22;17;3379
17;2025-11-22;18;3013
17;2025-11-22;19;2381
17;2025-11-22;20;1860
17;2025-11-22;21;1330
17;2025-11-22;22;797
17;2025-11-22;23;449
17;2025-11-23;0;187
17;2025-11-23;1;24
17;2025-11-23;2;1
17;2025-11-23;3;1
17;2025-11-23;4;4
17;2025-11-23;5;107
17;2025-11-23;6;440
17;2025-11-23;7;857
17;2025-11-23;8;1255
17;2025-11-23;9;1720
17;2025-11-23;10;2038
17;2025-11-23;11;2611
17;2025-11-23;12;2945
17;2025-11-23;13;3195
17;2025-11-23;14;3323
17;2025-11-23;15;3261
17;2025-11-23;16;3166
17;2025-11-23;17;2986
17;2025-11-23;18;2597
17;2025-11-23;19;2066
17;2025-11-23;20;1514
17;2025-11-23;21;1119
17;2025-11-23;22;684
17;2025-11-23;23;308
17;2025-11-24;0;124
17;2025-11-24;1;14
17;2025-11-24;2;1
17;2025-11-24;3;1
17;2025-11-24;4;25
17;2025-11-24;5;297
17;2025-11-24;6;1484
17;2025-11-24;7;4084
17;2025-11-24;8;5314
17;2025-11-24;9;3818
17;2025-11-24;10;2976
17;2025-11-24;11;2920
17;2025-11-24;12;2958
17;2025-11-24;13;3024
17;2025-11-24;14;3125
17;2025-11-24;15;3221
17;2025-11-24;16;3723
17;2025-11-24;17;4438
17;2025-11-24;18;4610
17;2025-11-24;19;3149
17;2025-11-24;20;2247
17;2025-11-24;21;1421
17;2025-11-24;22;686
17;2025-11-24;23;374
17;2025-11-25;0;123
17;2025-11-25;1;14
17;2025-11-25;2;1
17;2025-11-25;3;1
17;2025-11-25;4;26
17;2025-11-25;5;309
17;2025-11-25;6;1537
17;2025-11-25;7;4166
17;2025-11-25;8;5346
17;2025-11-25;9;3872
17;2025-11-25;10;3035
17;2025-11-25;11;3022
17;2025-11-25;12;3033
17;2025-11-25;13;3098
17;2025-11-25;14;3192
17;2025-11-25;15;3267
17;2025-11-25;16;3758
17;2025-11-25;17;4543
17;2025-11-25;18;4660
17;2025-11-25;19;3208
17;2025-11-25;20;2286
17;2025-11-25;21;1451
17;2025-11-25;22;697
17;2025-11-25;23;382
17;2025-11-26;0;125
17;2025-11-26;1;14
17;2025-11-26;2;1
17;2025-11-26;3;1
17;2025-11-26;4;26
17;2025-11-26;5;309
17;2025-11-26;6;1536
17;2025-11-26;7;4192
17;2025-11-26;8;5365
17;2025-11-26;9;3843
17;2025-11-26;10;3004
17;2025-11-26;11;2992
17;2025-11-26;12;3021
17;2025-11-26;13;3082
17;2025-11-26;14;3172
17;2025-11-26;15;3274
17;2025-11-26;16;3775
17;2025-11-26;17;4578
17;2025-11-26;18;4642
17;2025-11-26;19;3198
17;2025-11-26;20;2279
17;2025-11-26;21;1453
17;2025-11-26;22;698
17;2025-11-26;23;382
17;2025-11-27;0;125
17;2025-11-27;1;14
17;2025-11-27;2;1
17;2025-11-27;3;1
17;2025-11-27;4;26
17;2025-11-27;5;310
17;2025-11-27;6;1537
17;2025-11-27;7;4173
17;2025-11-27;8;5357
17;2025-11-27;9;3898
17;2025-11-27;10;3055
17;2025-11-27;11;3020
17;2025-11-27;12;2979
17;2025-11-27;13;3068
17;2025-11-27;14;3144
17;2025-11-27;15;3281
17;2025-11-27;16;3775
17;2025-11-27;17;4499
17;2025-11-27;18;4578
17;2025-11-27;19;3132
17;2025-11-27;20;2237
17;2025-11-27;21;1423
17;2025-11-27;22;681
17;2025-11-27;23;370
17;2025-11-28;0;123
17;2025-11-28;1;14
17;2025-11-28;2;1
17;2025-11-28;3;1
17;2025-11-28;4;26
17;2025-11-28;5;307
17;2025-11-28;6;1528
17;2025-11-28;7;4146
17;2025-11-28;8;5348
17;2025-11-28;9;3863
17;2025-11-28;10;3030
17;2025-11-28;11;3073
17;2025-11-28;12;3088
17;2025-11-28;13;3143
17;2025-11-28;14;3257
17;2025-11-28;15;3359
17;2025-11-28;16;3867
17;2025-11-28;17;4592
17;2025-11-28;18;4523
17;2025-11-28;19;3152
17;2025-11-28;20;2274
17;2025-11-28;21;1455
17;2025-11-28;22;693
17;2025-11-28;23;385
17;2025-11-29;0;202
17;2025-11-29;1;29
17;2025-11-29;2;1
17;2025-11-29;3;1
17;2025-11-29;4;6
17;2025-11-29;5;137
17;2025-11-29;6;583
17;2025-11-29;7;1275
17;2025-11-29;8;1815
17;2025-11-29;9;2324
17;2025-11-29;10;2597
17;2025-11-29;11;3079
17;2025-11-29;12;3395
17;2025-11-29;13;3632
17;2025-11-29;14;3634
17;2025-11-29;15;3619
17;2025-11-29;16;3642
17;2025-11-29;17;3370
17;2025-11-29;18;3012
17;2025-11-29;19;2381
17;2025-11-29;20;1855
17;2025-11-29;21;1329
17;2025-11-29;22;800
17;2025-11-29;23;449
17;2025-11-30;0;183
17;2025-11-30;1;24
17;2025-11-30;2;1
17;2025-11-30;3;1
17;2025-11-30;4;4
17;2025-11-30;5;107
17;2025-11-30;6;439
17;2025-11-30;7;856
17;2025-11-30;8;1254
17;2025-11-30;9;1731
17;2025-11-30;10;2046
17;2025-11-30;11;2631
17;2025-11-30;12;2973
17;2025-11-30;13;3207
17;2025-11-30;14;3329
17;2025-11-30;15;3226
17;2025-11-30;16;3147
17;2025-11-30;17;3007
17;2025-11-30;18;2612
17;2025-11-30;19;2078
17;2025-11-30;20;1515
17;2025-11-30;21;1117
17;2025-11-30;22;685
17;2025-11-30;23;315
17;2025-12-01;0;124
17;2025-12-01;1;14
17;2025-12-01;2;1
17;2025-12-01;3;1
17;2025-12-01;4;26
17;2025-12-01;5;309
17;2025-12-01;6;1529
17;2025-12-01;7;4166
17;2025-12-01;8;5359
17;2025-12-01;9;3837
17;2025-12-01;10;3010
17;2025-12-01;11;2988
17;2025-12-01;12;3000
17;2025-12-01;13;3067
17;2025-12-01;14;3169
17;2025-12-01;15;3259
17;2025-12-01;16;3748
17;2025-12-01;17;4505
17;2025-12-01;18;4653
17;2025-12-01;19;3194
17;2025-12-01;20;2270
17;2025-12-01;21;1448
17;2025-12-01;22;697
17;2025-12-01;23;382
17;2025-12-02;0;125
17;2025-12-02;1;14
17;2025-12-02;2;1
17;2025-12-02;3;1
17;2025-12-02;4;26
17;2025-12-02;5;310
17;2025-12-02;6;1540
17;2025-12-02;7;4166
17;2025-12-02;8;5357
17;2025-12-02;9;3893
17;2025-12-02;10;3048
17;2025-12-02;11;3046
17;2025-12-02;12;3058
17;2025-12-02;13;3111
17;2025-12-02;14;3196
17;2025-12-02;15;3278
17;2025-12-02;16;3776
17;2025-12-02;17;4582
17;2025-12-02;18;4709
17;2025-12-02;19;3241
17;2025-12-02;20;2293
17;2025-12-02;21;1454
17;2025-12-02;22;699
17;2025-12-02;23;383
17;2025-12-03;0;125
17;2025-12-03;1;14
17;2025-12-03;2;1
17;2025-12-03;3;1
17;2025-12-03;4;26
17;2025-12-03;5;310
17;2025-12-03;6;1540
17;2025-12-03;7;4175
17;2025-12-03;8;5362
17;2025-12-03;9;3913
17;2025-12-03;10;3069
17;2025-12-03;11;3055
17;2025-12-03;12;3077
17;2025-12-03;13;3126
17;2025-12-03;14;3211
17;2025-12-03;15;3278
17;2025-12-03;16;3776
17;2025-12-03;17;4582
17;2025-12-03;18;4706
17;2025-12-03;19;3239
17;2025-12-03;20;2290
17;2025-12-03;21;1453
17;2025-12-03;22;698
17;2025-12-03;23;383
17;2025-12-04;0;125
17;2025-12-04;1;14
17;2025-12-04;2;1
17;2025-12-04;3;1
17;2025-12-04;4;26
17;2025-12-04;5;311
17;2025-12-04;6;1542
17;2025-12-04;7;4180
17;2025-12-04;8;5364
17;2025-12-04;9;3896
17;2025-12-04;10;3054
17;2025-12-04;11;3048
17;2025-12-04;12;3054
17;2025-12-04;13;3103
17;2025-12-04;14;3190
17;2025-12-04;15;3280
17;2025-12-04;16;3773
17;2025-12-04;17;4571
17;2025-12-04;18;4688
17;2025-12-04;19;3207
17;2025-12-04;20;2281
17;2025-12-04;21;1451
17;2025-12-04;22;697
17;2025-12-04;23;382
17;2025-12-05;0;126
17;2025-12-05;1;14
17;2025-12-05;2;1
17;2025-12-05;3;1
17;2025-12-05;4;26
17;2025-12-05;5;307
17;2025-12-05;6;1536
17;2025-12-05;7;4143
17;2025-12-05;8;5376
17;2025-12-05;9;3875
17;2025-12-05;10;3032
17;2025-12-05;11;3073
17;2025-12-05;12;3092
17;2025-12-05;13;3147
17;2025-12-05;14;3257
17;2025-12-05;15;3368
17;2025-12-05;16;3867
17;2025-12-05;17;4592
17;2025-12-05;18;4532
17;2025-12-05;19;3150
17;2025-12-05;20;2275
17;2025-12-05;21;1457
17;2025-12-05;22;694
17;2025-12-05;23;385
17;2025-12-06;0;202
17;2025-12-06;1;29
17;2025-12-06;2;1
17;2025-12-06;3;1
17;2025-12-06;4;6
17;2025-12-06;5;137
17;2025-12-06;6;582
17;2025-12-06;7;1276
17;2025-12-06;8;1817
17;2025-12-06;9;2326
17;2025-12-06;10;2603
17;2025-12-06;11;3082
17;2025-12-06;12;3400
17;2025-12-06;13;3646
17;2025-12-06;14;3648
17;2025-12-06;15;3639
17;2025-12-06;16;3652
17;2025-12-06;17;3379
17;2025-12-06;18;3013
17;2025-12-06;19;2378
17;2025-12-06;20;1852
17;2025-12-06;21;1327
17;2025-12-06;22;798
17;2025-12-06;23;448
17;2025-12-07;0;186
17;2025-12-07;1;24
17;2025-12-07;2;1
17;2025-12-07;3;1
17;2025-12-07;4;4
17;2025-12-07;5;107
17;2025-12-07;6;439
17;2025-12-07;7;856
17;2025-12-07;8;1253
17;2025-12-07;9;1718
17;2025-12-07;10;2036
17;2025-12-07;11;2611
17;2025-12-07;12;2930
17;2025-12-07;13;3157
17;2025-12-07;14;3298
17;2025-12-07;15;3220
17;2025-12-07;16;3132
17;2025-12-07;17;2969
17;2025-12-07;18;2584
17;2025-12-07;19;2060
17;2025-12-07;20;1514
17;2025-12-07;21;1119
17;2025-12-07;22;685
17;2025-12-07;23;315
17;2025-12-08;0;125
17;2025-12-08;1;14
17;2025-12-08;2;1
17;2025-12-08;3;1
17;2025-12-08;4;26
17;2025-12-08;5;308
17;2025-12-08;6;1526
17;2025-12-08;7;4162
17;2025-12-08;8;5324
17;2025-12-08;9;3833
17;2025-12-08;10;2997
17;2025-12-08;11;2988
17;2025-12-08;12;3000
17;2025-12-08;13;3060
17;2025-12-08;14;3160
17;2025-12-08;15;3259
17;2025-12-08;16;3752
17;2025-12-08;17;4501
17;2025-12-08;18;4635
17;2025-12-08;19;3196
17;2025-12-08;20;2271
17;2025-12-08;21;1448
17;2025-12-08;22;698
17;2025-12-08;23;381
17;2025-12-09;0;125
17;2025-12-09;1;14
17;2025-12-09;2;1
17;2025-12-09;3;1
17;2025-12-09;4;26
17;2025-12-09;5;309
17;2025-12-09;6;1535
17;2025-12-09;7;4150
17;2025-12-09;8;5336
17;2025-12-09;9;3873
17;2025-12-09;10;3027
17;2025-12-09;11;2991
17;2025-12-09;12;3001
17;2025-12-09;13;3053
17;2025-12-09;14;3145
17;2025-12-09;15;3265
17;2025-12-09;16;3755
17;2025-12-09;17;4513
17;2025-12-09;18;4621
17;2025-12-09;19;3198
17;2025-12-09;20;2281
17;2025-12-09;21;1437
17;2025-12-09;22;696
17;2025-12-09;23;381
17;2025-12-10;0;125
17;2025-12-10;1;14
17;2025-12-10;2;1
17;2025-12-10;3;1
17;2025-12-10;4;26
17;2025-12-10;5;309
17;2025-12-10;6;1530
17;2025-12-10;7;4150
17;2025-12-10;8;5333
17;2025-12-10;9;3889
17;2025-12-10;10;3048
17;2025-12-10;11;3034
17;2025-12-10;12;3045
17;2025-12-10;13;3091
17;2025-12-10;14;3178
17;2025-12-10;15;3267
17;2025-12-10;16;3758
17;2025-12-10;17;4553
17;2025-12-10;18;4677
17;2025-12-10;19;3219
17;2025-12-10;20;2285
17;2025-12-10;21;1450
17;2025-12-10;22;697
17;2025-12-10;23;382
17;2025-12-11;0;125
17;2025-12-11;1;14
17;2025-12-11;2;1
17;2025-12-11;3;1
17;2025-12-11;4;26
17;2025-12-11;5;311
17;2025-12-11;6;1540
17;2025-12-11;7;4179
17;2025-12-11;8;5370
17;2025-12-11;9;3797
17;2025-12-11;10;2998
17;2025-12-11;11;2992
17;2025-12-11;12;3009
17;2025-12-11;13;3084
17;2025-12-11;14;3191
17;2025-12-11;15;3268
17;2025-12-11;16;3756
17;2025-12-11;17;4558
17;2025-12-11;18;4635
17;2025-12-11;19;3150
17;2025-12-11;20;2252
17;2025-12-11;21;1433
17;2025-12-11;22;695
17;2025-12-11;23;384
17;2025-12-12;0;126
17;2025-12-12;1;14
17;2025-12-12;2;1
17;2025-12-12;3;1
17;2025-12-12;4;26
17;2025-12-12;5;306
17;2025-12-12;6;1524
17;2025-12-12;7;4137
17;2025-12-12;8;5349
17;2025-12-12;9;3859
17;2025-12-12;10;3026
17;2025-12-12;11;3069
17;2025-12-12;12;2972
17;2025-12-12;13;3034
17;2025-12-12;14;3144
17;2025-12-12;15;3244
17;2025-12-12;16;3760
17;2025-12-12;17;4445
17;2025-12-12;18;4453
17;2025-12-12;19;3092
17;2025-12-12;20;2243
17;2025-12-12;21;1428
17;2025-12-12;22;678
17;2025-12-12;23;374
17;2025-12-13;0;193
17;2025-12-13;1;27
17;2025-12-13;2;1
17;2025-12-13;3;1
17;2025-12-13;4;6
17;2025-12-13;5;131
17;2025-12-13;6;557
17;2025-12-13;7;1211
17;2025-12-13;8;1722
17;2025-12-13;9;2199
17;2025-12-13;10;2464
17;2025-12-13;11;2924
17;2025-12-13;12;3238
17;2025-12-13;13;3482
17;2025-12-13;14;3442
17;2025-12-13;15;3433
17;2025-12-13;16;3450
17;2025-12-13;17;3204
17;2025-12-13;18;2885
17;2025-12-13;19;2287
17;2025-12-13;20;1794
17;2025-12-13;21;1287
17;2025-12-13;22;776
17;2025-12-13;23;435
17;2025-12-14;0;177
17;2025-12-14;1;24
17;2025-12-14;2;1
17;2025-12-14;3;1
17;2025-12-14;4;4
17;2025-12-14;5;105
17;2025-12-14;6;439
17;2025-12-14;7;855
17;2025-12-14;8;1225
17;2025-12-14;9;1658
17;2025-12-14;10;1964
17;2025-12-14;11;2521
17;2025-12-14;12;2806
17;2025-12-14;13;3026
17;2025-12-14;14;3151
17;2025-12-14;15;3082
17;2025-12-14;16;3069
17;2025-12-14;17;2909
17;2025-12-14;18;2560
17;2025-12-14;19;2064
17;2025-12-14;20;1512
17;2025-12-14;21;1118
17;2025-12-14;22;684
17;2025-12-14;23;315
17;2025-12-15;0;124
17;2025-12-15;1;14
17;2025-12-15;2;1
17;2025-12-15;3;1
17;2025-12-15;4;26
17;2025-12-15;5;308
17;2025-12-15;6;1524
17;2025-12-15;7;4149
17;2025-12-15;8;5332
17;2025-12-15;9;3824
17;2025-12-15;10;3001
17;2025-12-15;11;2978
17;2025-12-15;12;2982
17;2025-12-15;13;3040
17;2025-12-15;14;3144
17;2025-12-15;15;3243
17;2025-12-15;16;3734
17;2025-12-15;17;4487
17;2025-12-15;18;4605
17;2025-12-15;19;3171
17;2025-12-15;20;2260
17;2025-12-15;21;1440
17;2025-12-15;22;694
17;2025-12-15;23;380
17;2025-12-16;0;125
17;2025-12-16;1;14
17;2025-12-16;2;1
17;2025-12-16;3;1
17;2025-12-16;4;26
17;2025-12-16;5;310
17;2025-12-16;6;1537
17;2025-12-16;7;4166
17;2025-12-16;8;5346
17;2025-12-16;9;3889
17;2025-12-16;10;3048
17;2025-12-16;11;3022
17;2025-12-16;12;3026
17;2025-12-16;13;3031
17;2025-12-16;14;3175
17;2025-12-16;15;3266
17;2025-12-16;16;3756
17;2025-12-16;17;4553
17;2025-12-16;18;4664
17;2025-12-16;19;3207
17;2025-12-16;20;2288
17;2025-12-16;21;1450
17;2025-12-16;22;697
17;2025-12-16;23;382
17;2025-12-17;0;124
17;2025-12-17;1;14
17;2025-12-17;2;1
17;2025-12-17;3;1
17;2025-12-17;4;26
17;2025-12-17;5;309
17;2025-12-17;6;1535
17;2025-12-17;7;4167
17;2025-12-17;8;5348
17;2025-12-17;9;3890
17;2025-12-17;10;3050
17;2025-12-17;11;3036
17;2025-12-17;12;3050
17;2025-12-17;13;3099
17;2025-12-17;14;3186
17;2025-12-17;15;3276
17;2025-12-17;16;3758
17;2025-12-17;17;4553
17;2025-12-17;18;4677
17;2025-12-17;19;3219
17;2025-12-17;20;2285
17;2025-12-17;21;1450
17;2025-12-17;22;697
17;2025-12-17;23;382
17;2025-12-18;0;125
17;2025-12-18;1;14
17;2025-12-18;2;1
17;2025-12-18;3;1
17;2025-12-18;4;26
17;2025-12-18;5;311
17;2025-12-18;6;1540
17;2025-12-18;7;4178
17;2025-12-18;8;5363
17;2025-12-18;9;3900
17;2025-12-18;10;3054
17;2025-12-18;11;3043
17;2025-12-18;12;3054
17;2025-12-18;13;3099
17;2025-12-18;14;3186
17;2025-12-18;15;3276
17;2025-12-18;16;3768
17;2025-12-18;17;4568
17;2025-12-18;18;4691
17;2025-12-18;19;3229
17;2025-12-18;20;2297
17;2025-12-18;21;1454
17;2025-12-18;22;699
17;2025-12-18;23;382
17;2025-12-19;0;126
17;2025-12-19;1;14
17;2025-12-19;2;1
17;2025-12-19;3;1
17;2025-12-19;4;26
17;2025-12-19;5;308
17;2025-12-19;6;1534
17;2025-12-19;7;4143
17;2025-12-19;8;5346
17;2025-12-19;9;3869
17;2025-12-19;10;3023
17;2025-12-19;11;3064
17;2025-12-19;12;3080
17;2025-12-19;13;3134
17;2025-12-19;14;3243
17;2025-12-19;15;3347
17;2025-12-19;16;3848
17;2025-12-19;17;4564
17;2025-12-19;18;4599
17;2025-12-19;19;3157
17;2025-12-19;20;2282
17;2025-12-19;21;1459
17;2025-12-19;22;695
17;2025-12-19;23;386
17;2025-12-20;0;202
17;2025-12-20;1;29
17;2025-12-20;2;1
17;2025-12-20;3;1
17;2025-12-20;4;6
17;2025-12-20;5;137
17;2025-12-20;6;583
17;2025-12-20;7;1275
17;2025-12-20;8;1815
17;2025-12-20;9;2306
17;2025-12-20;10;2597
17;2025-12-20;11;3074
17;2025-12-20;12;3392
17;2025-12-20;13;3632
17;2025-12-20;14;3635
17;2025-12-20;15;3619
17;2025-12-20;16;3638
17;2025-12-20;17;3347
17;2025-12-20;18;2956
17;2025-12-20;19;2342
17;2025-12-20;20;1821
17;2025-12-20;21;1304
17;2025-12-20;22;788
17;2025-12-20;23;443
17;2025-12-21;0;182
17;2025-12-21;1;24
17;2025-12-21;2;1
17;2025-12-21;3;1
17;2025-12-21;4;4
17;2025-12-21;5;107
17;2025-12-21;6;435
17;2025-12-21;7;855
17;2025-12-21;8;1250
17;2025-12-21;9;1718
17;2025-12-21;10;2036
17;2025-12-21;11;2611
17;2025-12-21;12;2940
17;2025-12-21;13;3170
17;2025-12-21;14;3294
17;2025-12-21;15;3215
17;2025-12-21;16;3132
17;2025-12-21;17;2976
17;2025-12-21;18;2594
17;2025-12-21;19;2069
17;2025-12-21;20;1517
17;2025-12-21;21;1119
17;2025-12-21;22;677
17;2025-12-21;23;315
17;2025-12-22;0;125
17;2025-12-22;1;14
17;2025-12-22;2;1
17;2025-12-22;3;1
17;2025-12-22;4;26
17;2025-12-22;5;310
17;2025-12-22;6;1529
17;2025-12-22;7;4172
17;2025-12-22;8;5359
17;2025-12-22;9;3792
17;2025-12-22;10;2967
17;2025-12-22;11;2957
17;2025-12-22;12;2964
17;2025-12-22;13;3028
17;2025-12-22;14;3095
17;2025-12-22;15;3213
17;2025-12-22;16;3697
17;2025-12-22;17;4434
17;2025-12-22;18;4560
17;2025-12-22;19;3134
17;2025-12-22;20;2222
17;2025-12-22;21;1430
17;2025-12-22;22;696
17;2025-12-22;23;372
17;2025-12-23;0;123
17;2025-12-23;1;14
17;2025-12-23;2;1
17;2025-12-23;3;1
17;2025-12-23;4;26
17;2025-12-23;5;305
17;2025-12-23;6;1516
17;2025-12-23;7;4097
17;2025-12-23;8;5257
17;2025-12-23;9;3808
17;2025-12-23;10;2991
17;2025-12-23;11;2977
17;2025-12-23;12;2991
17;2025-12-23;13;3048
17;2025-12-23;14;3160
17;2025-12-23;15;3260
17;2025-12-23;16;3747
17;2025-12-23;17;4525
17;2025-12-23;18;4629
17;2025-12-23;19;3194
17;2025-12-23;20;2285
17;2025-12-23;21;1453
17;2025-12-23;22;698
17;2025-12-23;23;383
17;2025-12-24;0;125
17;2025-12-24;1;14
17;2025-12-24;2;1
17;2025-12-24;3;1
17;2025-12-24;4;26
17;2025-12-24;5;310
17;2025-12-24;6;1535
17;2025-12-24;7;4163
17;2025-12-24;8;5346
17;2025-12-24;9;3873
17;2025-12-24;10;3030
17;2025-12-24;11;3015
17;2025-12-24;12;3032
17;2025-12-24;13;3080
17;2025-12-24;14;3174
17;2025-12-24;15;3255
17;2025-12-24;16;3752
17;2025-12-24;17;4542
17;2025-12-24;18;4652
17;2025-12-24;19;3200
17;2025-12-24;20;2285
17;2025-12-24;21;1451
17;2025-12-24;22;697
17;2025-12-24;23;382
17;2025-12-25;0;126
17;2025-12-25;1;14
17;2025-12-25;2;1
17;2025-12-25;3;1
17;2025-12-25;4;26
17;2025-12-25;5;311
17;2025-12-25;6;1539
17;2025-12-25;7;4177
17;2025-12-25;8;5363
17;2025-12-25;9;3900
17;2025-12-25;10;3055
17;2025-12-25;11;3043
17;2025-12-25;12;3057
17;2025-12-25;13;3101
17;2025-12-25;14;3188
17;2025-12-25;15;3277
17;2025-12-25;16;3772
17;2025-12-25;17;4558
17;2025-12-25;18;4641
17;2025-12-25;19;3218
17;2025-12-25;20;2280
17;2025-12-25;21;1441
17;2025-12-25;22;686
17;2025-12-25;23;375
17;2025-12-26;0;122
17;2025-12-26;1;14
17;2025-12-26;2;1
17;2025-12-26;3;1
17;2025-12-26;4;25
17;2025-12-26;5;304
17;2025-12-26;6;1490
17;2025-12-26;7;4051
17;2025-12-26;8;5219
17;2025-12-26;9;3745
17;2025-12-26;10;2938
17;2025-12-26;11;2955
17;2025-12-26;12;2974
17;2025-12-26;13;3082
17;2025-12-26;14;3166
17;2025-12-26;15;3265
17;2025-12-26;16;3755
17;2025-12-26;17;4460
17;2025-12-26;18;4500
17;2025-12-26;19;3106
17;2025-12-26;20;2226
17;2025-12-26;21;1425
17;2025-12-26;22;680
17;2025-12-26;23;375
17;2025-12-27;0;194
17;2025-12-27;1;28
17;2025-12-27;2;1
17;2025-12-27;3;1
17;2025-12-27;4;6
17;2025-12-27;5;132
17;2025-12-27;6;564
17;2025-12-27;7;1233
17;2025-12-27;8;1766
17;2025-12-27;9;2320
17;2025-12-27;10;2551
17;2025-12-27;11;3027
17;2025-12-27;12;3392
17;2025-12-27;13;3632
17;2025-12-27;14;3638
17;2025-12-27;15;3619
17;2025-12-27;16;3642
17;2025-12-27;17;3370
17;2025-12-27;18;3012
17;2025-12-27;19;2381
17;2025-12-27;20;1855
17;2025-12-27;21;1328
17;2025-12-27;22;793
17;2025-12-27;23;445
17;2025-12-28;0;186
17;2025-12-28;1;24
17;2025-12-28;2;1
17;2025-12-28;3;1
17;2025-12-28;4;4
17;2025-12-28;5;107
17;2025-12-28;6;435
17;2025-12-28;7;847
17;2025-12-28;8;1239
17;2025-12-28;9;1700
17;2025-12-28;10;2036
17;2025-12-28;11;2587
17;2025-12-28;12;2942
17;2025-12-28;13;3170
17;2025-12-28;14;3291
17;2025-12-28;15;3212
17;2025-12-28;16;3132
17;2025-12-28;17;2976
17;2025-12-28;18;2594
17;2025-12-28;19;2069
17;2025-12-28;20;1517
17;2025-12-28;21;1120
17;2025-12-28;22;686
17;2025-12-28;23;315
17;2025-12-29;0;125
17;2025-12-29;1;14
17;2025-12-29;2;1
17;2025-12-29;3;1
17;2025-12-29;4;26
17;2025-12-29;5;309
17;2025-12-29;6;1523
17;2025-12-29;7;4147
17;2025-12-29;8;5332
17;2025-12-29;9;3825
17;2025-12-29;10;3003
17;2025-12-29;11;2981
17;2025-12-29;12;2985
17;2025-12-29;13;3040
17;2025-12-29;14;3140
17;2025-12-29;15;3243
17;2025-12-29;16;3734
17;2025-12-29;17;4490
17;2025-12-29;18;4628
17;2025-12-29;19;3180
17;2025-12-29;20;2269
17;2025-12-29;21;1446
17;2025-12-29;22;694
17;2025-12-29;23;381
17;2025-12-30;0;125
17;2025-12-30;1;14
17;2025-12-30;2;1
17;2025-12-30;3;1
17;2025-12-30;4;26
17;2025-12-30;5;310
17;2025-12-30;6;1539
17;2025-12-30;7;4175
17;2025-12-30;8;5342
17;2025-12-30;9;3849
17;2025-12-30;10;3016
17;2025-12-30;11;3009
17;2025-12-30;12;3036
17;2025-12-30;13;3078
17;2025-12-30;14;3177
17;2025-12-30;15;3264
17;2025-12-30;16;3754
17;2025-12-30;17;4536
17;2025-12-30;18;4678
17;2025-12-30;19;3200
17;2025-12-30;20;2278
17;2025-12-30;21;1449
17;2025-12-30;22;697
17;2025-12-30;23;382
17;2025-12-31;0;185
17;2025-12-31;1;24
17;2025-12-31;2;1
17;2025-12-31;3;1
17;2025-12-31;4;4
17;2025-12-31;5;106
17;2025-12-31;6;435
17;2025-12-31;7;848
17;2025-12-31;8;1247
17;2025-12-31;9;1729
17;2025-12-31;10;2048
17;2025-12-31;11;2625
17;2025-12-31;12;2946
17;2025-12-31;13;3162
17;2025-12-31;14;3281
17;2025-12-31;15;3206
17;2025-12-31;16;3132
17;2025-12-31;17;2985
17;2025-12-31;18;2602
17;2025-12-31;19;2075
17;2025-12-31;20;1516
17;2025-12-31;21;1119
17;2025-12-31;22;685
17;2025-12-31;23;315
25;2025-11-01;0;4
25;2025-11-01;1;1
25;2025-11-01;2;1
25;2025-11-01;3;1
25;2025-11-01;4;1
25;2025-11-01;5;21
25;2025-11-01;6;278
25;2025-11-01;7;561
25;2025-11-01;8;952
25;2025-11-01;9;499
25;2025-11-01;10;408
25;2025-11-01;11;466
25;2025-11-01;12;454
25;2025-11-01;13;578
25;2025-11-01;14;489
25;2025-11-01;15;612
25;2025-11-01;16;745
25;2025-11-01;17;838
25;2025-11-01;18;811
25;2025-11-01;19;649
25;2025-11-01;20;333
25;2025-11-01;21;233
25;2025-11-01;22;96
25;2025-11-01;23;10
25;2025-11-02;0;17
25;2025-11-02;1;2
25;2025-11-02;2;1
25;2025-11-02;3;1
25;2025-11-02;4;1
25;2025-11-02;5;12
25;2025-11-02;6;114
25;2025-11-02;7;108
25;2025-11-02;8;205
25;2025-11-02;9;234
25;2025-11-02;10;238
25;2025-11-02;11;340
25;2025-11-02;12;407
25;2025-11-02;13;521
25;2025-11-02;14;626
25;2025-11-02;15;714
25;2025-11-02;16;604
25;2025-11-02;17;606
25;2025-11-02;18;461
25;2025-11-02;19;307
25;2025-11-02;20;243
25;2025-11-02;21;151
25;2025-11-02;22;96
25;2025-11-02;23;37
25;2025-11-03;0;17
25;2025-11-03;1;2
25;2025-11-03;2;1
25;2025-11-03;3;1
25;2025-11-03;4;1
25;2025-11-03;5;12
25;2025-11-03;6;113
25;2025-11-03;7;107
25;2025-11-03;8;203
25;2025-11-03;9;228
25;2025-11-03;10;226
25;2025-11-03;11;316
25;2025-11-03;12;377
25;2025-11-03;13;495
25;2025-11-03;14;586
25;2025-11-03;15;674
25;2025-11-03;16;577
25;2025-11-03;17;580
25;2025-11-03;18;449
25;2025-11-03;19;298
25;2025-11-03;20;235
25;2025-11-03;21;147
25;2025-11-03;22;94
25;2025-11-03;23;36
25;2025-11-04;0;17
25;2025-11-04;1;2
25;2025-11-04;2;1
25;2025-11-04;3;1
25;2025-11-04;4;1
25;2025-11-04;5;11
25;2025-11-04;6;112
25;2025-11-04;7;104
25;2025-11-04;8;193
25;2025-11-04;9;219
25;2025-11-04;10;222
25;2025-11-04;11;317
25;2025-11-04;12;377
25;2025-11-04;13;495
25;2025-11-04;14;620
25;2025-11-04;15;707
25;2025-11-04;16;599
25;2025-11-04;17;605
25;2025-11-04;18;461
25;2025-11-04;19;308
25;2025-11-04;20;243
25;2025-11-04;21;151
25;2025-11-04;22;96
25;2025-11-04;23;37
25;2025-11-05;0;4
25;2025-11-05;1;1
25;2025-11-05;2;1
25;2025-11-05;3;1
25;2025-11-05;4;1
25;2025-11-05;5;21
25;2025-11-05;6;278
25;2025-11-05;7;561
25;2025-11-05;8;951
25;2025-11-05;9;501
25;2025-11-05;10;409
25;2025-11-05;11;464
25;2025-11-05;12;451
25;2025-11-05;13;575
25;2025-11-05;14;487
25;2025-11-05;15;609
25;2025-11-05;16;741
25;2025-11-05;17;831
25;2025-11-05;18;805
25;2025-11-05;19;645
25;2025-11-05;20;334
25;2025-11-05;21;233
25;2025-11-05;22;96
25;2025-11-05;23;10
25;2025-11-06;0;4
25;2025-11-06;1;1
25;2025-11-06;2;1
25;2025-11-06;3;1
25;2025-11-06;4;1
25;2025-11-06;5;21
25;2025-11-06;6;278
25;2025-11-06;7;562
25;2025-11-06;8;954
25;2025-11-06;9;502
25;2025-11-06;10;409
25;2025-11-06;11;458
25;2025-11-06;12;457
25;2025-11-06;13;584
25;2025-11-06;14;488
25;2025-11-06;15;601
25;2025-11-06;16;734
25;2025-11-06;17;831
25;2025-11-06;18;810
25;2025-11-06;19;648
25;2025-11-06;20;329
25;2025-11-06;21;235
25;2025-11-06;22;97
25;2025-11-06;23;10
25;2025-11-07;0;4
25;2025-11-07;1;1
25;2025-11-07;2;1
25;2025-11-07;3;1
25;2025-11-07;4;1
25;2025-11-07;5;21
25;2025-11-07;6;276
25;2025-11-07;7;555
25;2025-11-07;8;947
25;2025-11-07;9;488
25;2025-11-07;10;405
25;2025-11-07;11;472
25;2025-11-07;12;461
25;2025-11-07;13;588
25;2025-11-07;14;495
25;2025-11-07;15;622
25;2025-11-07;16;757
25;2025-11-07;17;835
25;2025-11-07;18;782
25;2025-11-07;19;634
25;2025-11-07;20;331
25;2025-11-07;21;233
25;2025-11-07;22;96
25;2025-11-07;23;11
25;2025-11-08;0;7
25;2025-11-08;1;1
25;2025-11-08;2;1
25;2025-11-08;3;1
25;2025-11-08;4;1
25;2025-11-08;5;22
25;2025-11-08;6;141
25;2025-11-08;7;138
25;2025-11-08;8;318
25;2025-11-08;9;290
25;2025-11-08;10;299
25;2025-11-08;11;400
25;2025-11-08;12;413
25;2025-11-08;13;683
25;2025-11-08;14;710
25;2025-11-08;15;833
25;2025-11-08;16;776
25;2025-11-08;17;628
25;2025-11-08;18;549
25;2025-11-08;19;471
25;2025-11-08;20;264
25;2025-11-08;21;202
25;2025-11-08;22;118
25;2025-11-08;23;45
25;2025-11-09;0;17
25;2025-11-09;1;2
25;2025-11-09;2;1
25;2025-11-09;3;1
25;2025-11-09;4;1
25;2025-11-09;5;12
25;2025-11-09;6;114
25;2025-11-09;7;108
25;2025-11-09;8;205
25;2025-11-09;9;233
25;2025-11-09;10;236
25;2025-11-09;11;337
25;2025-11-09;12;403
25;2025-11-09;13;529
25;2025-11-09;14;608
25;2025-11-09;15;712
25;2025-11-09;16;604
25;2025-11-09;17;606
25;2025-11-09;18;460
25;2025-11-09;19;306
25;2025-11-09;20;243
25;2025-11-09;21;151
25;2025-11-09;22;96
25;2025-11-09;23;37
25;2025-11-10;0;4
25;2025-11-10;1;1
25;2025-11-10;2;1
25;2025-11-10;3;1
25;2025-11-10;4;1
25;2025-11-10;5;21
25;2025-11-10;6;276
25;2025-11-10;7;557
25;2025-11-10;8;948
25;2025-11-10;9;493
25;2025-11-10;10;403
25;2025-11-10;11;461
25;2025-11-10;12;450
25;2025-11-10;13;575
25;2025-11-10;14;484
25;2025-11-10;15;606
25;2025-11-10;16;735
25;2025-11-10;17;820
25;2025-11-10;18;796
25;2025-11-10;19;641
25;2025-11-10;20;330
25;2025-11-10;21;231
25;2025-11-10;22;96
25;2025-11-10;23;10
25;2025-11-11;0;4
25;2025-11-11;1;1
25;2025-11-11;2;1
25;2025-11-11;3;1
25;2025-11-11;4;1
25;2025-11-11;5;22
25;2025-11-11;6;278
25;2025-11-11;7;562
25;2025-11-11;8;954
25;2025-11-11;9;503
25;2025-11-11;10;412
25;2025-11-11;11;472
25;2025-11-11;12;460
25;2025-11-11;13;586
25;2025-11-11;14;491
25;2025-11-11;15;612
25;2025-11-11;16;745
25;2025-11-11;17;839
25;2025-11-11;18;815
25;2025-11-11;19;652
25;2025-11-11;20;334
25;2025-11-11;21;234
25;2025-11-11;22;96
25;2025-11-11;23;11
25;2025-11-12;0;4
25;2025-11-12;1;1
25;2025-11-12;2;1
25;2025-11-12;3;1
25;2025-11-12;4;1
25;2025-11-12;5;21
25;2025-11-12;6;278
25;2025-11-12;7;561
25;2025-11-12;8;952
25;2025-11-12;9;501
25;2025-11-12;10;402
25;2025-11-12;11;456
25;2025-11-12;12;447
25;2025-11-12;13;569
25;2025-11-12;14;481
25;2025-11-12;15;601
25;2025-11-12;16;742
25;2025-11-12;17;834
25;2025-11-12;18;797
25;2025-11-12;19;649
25;2025-11-12;20;334
25;2025-11-12;21;233
25;2025-11-12;22;96
25;2025-11-12;23;10
25;2025-11-13;0;4
25;2025-11-13;1;1
25;2025-11-13;2;1
25;2025-11-13;3;1
25;2025-11-13;4;1
25;2025-11-13;5;22
25;2025-11-13;6;275
25;2025-11-13;7;563
25;2025-11-13;8;955
25;2025-11-13;9;504
25;2025-11-13;10;412
25;2025-11-13;11;473
25;2025-11-13;12;460
25;2025-11-13;13;584
25;2025-11-13;14;489
25;2025-11-13;15;611
25;2025-11-13;16;744
25;2025-11-13;17;836
25;2025-11-13;18;813
25;2025-11-13;19;651
25;2025-11-13;20;337
25;2025-11-13;21;235
25;2025-11-13;22;97
25;2025-11-13;23;11
25;2025-11-14;0;4
25;2025-11-14;1;1
25;2025-11-14;2;1
25;2025-11-14;3;1
25;2025-11-14;4;1
25;2025-11-14;5;21
25;2025-11-14;6;272
25;2025-11-14;7;546
25;2025-11-14;8;919
25;2025-11-14;9;481
25;2025-11-14;10;393
25;2025-11-14;11;460
25;2025-11-14;12;449
25;2025-11-14;13;574
25;2025-11-14;14;481
25;2025-11-14;15;605
25;2025-11-14;16;740
25;2025-11-14;17;815
25;2025-11-14;18;772
25;2025-11-14;19;628
25;2025-11-14;20;332
25;2025-11-14;21;231
25;2025-11-14;22;96
25;2025-11-14;23;10
25;2025-11-15;0;7
25;2025-11-15;1;1
25;2025-11-15;2;1
25;2025-11-15;3;1
25;2025-11-15;4;1
25;2025-11-15;5;22
25;2025-11-15;6;139
25;2025-11-15;7;138
25;2025-11-15;8;326
25;2025-11-15;9;287
25;2025-11-15;10;304
25;2025-11-15;11;402
25;2025-11-15;12;424
25;2025-11-15;13;706
25;2025-11-15;14;707
25;2025-11-15;15;833
25;2025-11-15;16;773
25;2025-11-15;17;609
25;2025-11-15;18;534
25;2025-11-15;19;462
25;2025-11-15;20;267
25;2025-11-15;21;204
25;2025-11-15;22;119
25;2025-11-15;23;46
25;2025-11-16;0;17
25;2025-11-16;1;2
25;2025-11-16;2;1
25;2025-11-16;3;1
25;2025-11-16;4;1
25;2025-11-16;5;12
25;2025-11-16;6;114
25;2025-11-16;7;108
25;2025-11-16;8;204
25;2025-11-16;9;232
25;2025-11-16;10;236
25;2025-11-16;11;341
25;2025-11-16;12;404
25;2025-11-16;13;533
25;2025-11-16;14;622
25;2025-11-16;15;711
25;2025-11-16;16;602
25;2025-11-16;17;604
25;2025-11-16;18;452
25;2025-11-16;19;306
25;2025-11-16;20;242
25;2025-11-16;21;151
25;2025-11-16;22;95
25;2025-11-16;23;36
25;2025-11-17;0;4
25;2025-11-17;1;1
25;2025-11-17;2;1
25;2025-11-17;3;1
25;2025-11-17;4;1
25;2025-11-17;5;21
25;2025-11-17;6;277
25;2025-11-17;7;557
25;2025-11-17;8;936
25;2025-11-17;9;484
25;2025-11-17;10;392
25;2025-11-17;11;449
25;2025-11-17;12;438
25;2025-11-17;13;551
25;2025-11-17;14;469
25;2025-11-17;15;590
25;2025-11-17;16;724
25;2025-11-17;17;806
25;2025-11-17;18;802
25;2025-11-17;19;644
25;2025-11-17;20;332
25;2025-11-17;21;230
25;2025-11-17;22;96
25;2025-11-17;23;10
25;2025-11-18;0;4
25;2025-11-18;1;1
25;2025-11-18;2;1
25;2025-11-18;3;1
25;2025-11-18;4;1
25;2025-11-18;5;21
25;2025-11-18;6;269
25;2025-11-18;7;548
25;2025-11-18;8;917
25;2025-11-18;9;474
25;2025-11-18;10;387
25;2025-11-18;11;448
25;2025-11-18;12;437
25;2025-11-18;13;550
25;2025-11-18;14;465
25;2025-11-18;15;594
25;2025-11-18;16;726
25;2025-11-18;17;815
25;2025-11-18;18;784
25;2025-11-18;19;631
25;2025-11-18;20;331
25;2025-11-18;21;230
25;2025-11-18;22;95
25;2025-11-18;23;10
25;2025-11-19;0;4
25;2025-11-19;1;1
25;2025-11-19;2;1
25;2025-11-19;3;1
25;2025-11-19;4;1
25;2025-11-19;5;22
25;2025-11-19;6;279
25;2025-11-19;7;561
25;2025-11-19;8;951
25;2025-11-19;9;498
25;2025-11-19;10;405
25;2025-11-19;11;464
25;2025-11-19;12;456
25;2025-11-19;13;579
25;2025-11-19;14;487
25;2025-11-19;15;609
25;2025-11-19;16;741
25;2025-11-19;17;830
25;2025-11-19;18;805
25;2025-11-19;19;647
25;2025-11-19;20;334
25;2025-11-19;21;233
25;2025-11-19;22;96
25;2025-11-19;23;11
25;2025-11-20;0;4
25;2025-11-20;1;1
25;2025-11-20;2;1
25;2025-11-20;3;1
25;2025-11-20;4;1
25;2025-11-20;5;22
25;2025-11-20;6;279
25;2025-11-20;7;561
25;2025-11-20;8;952
25;2025-11-20;9;499
25;2025-11-20;10;408
25;2025-11-20;11;468
25;2025-11-20;12;456
25;2025-11-20;13;580
25;2025-11-20;14;488
25;2025-11-20;15;609
25;2025-11-20;16;742
25;2025-11-20;17;832
25;2025-11-20;18;808
25;2025-11-20;19;648
25;2025-11-20;20;335
25;2025-11-20;21;234
25;2025-11-20;22;97
25;2025-11-20;23;11
25;2025-11-21;0;4
25;2025-11-21;1;1
25;2025-11-21;2;1
25;2025-11-21;3;1
25;2025-11-21;4;1
25;2025-11-21;5;21
25;2025-11-21;6;276
25;2025-11-21;7;553
25;2025-11-21;8;939
25;2025-11-21;9;495
25;2025-11-21;10;404
25;2025-11-21;11;472
25;2025-11-21;12;454
25;2025-11-21;13;587
25;2025-11-21;14;496
25;2025-11-21;15;622
25;2025-11-21;16;755
25;2025-11-21;17;833
25;2025-11-21;18;783
25;2025-11-21;19;636
25;2025-11-21;20;333
25;2025-11-21;21;234
25;2025-11-21;22;96
25;2025-11-21;23;11
25;2025-11-22;0;7
25;2025-11-22;1;1
25;2025-11-22;2;1
25;2025-11-22;3;1
25;2025-11-22;4;1
25;2025-11-22;5;23
25;2025-11-22;6;143
25;2025-11-22;7;141
25;2025-11-22;8;326
25;2025-11-22;9;298
25;2025-11-22;10;309
25;2025-11-22;11;410
25;2025-11-22;12;431
25;2025-11-22;13;710
25;2025-11-22;14;714
25;2025-11-22;15;835
25;2025-11-22;16;779
25;2025-11-22;17;629
25;2025-11-22;18;551
25;2025-11-22;19;474
25;2025-11-22;20;266
25;2025-11-22;21;203
25;2025-11-22;22;117
25;2025-11-22;23;45
25;2025-11-23;0;17
25;2025-11-23;1;2
25;2025-11-23;2;1
25;2025-11-23;3;1
25;2025-11-23;4;1
25;2025-11-23;5;12
25;2025-11-23;6;115
25;2025-11-23;7;108
25;2025-11-23;8;204
25;2025-11-23;9;232
25;2025-11-23;10;236
25;2025-11-23;11;337
25;2025-11-23;12;404
25;2025-11-23;13;534
25;2025-11-23;14;628
25;2025-11-23;15;720
25;2025-11-23;16;607
25;2025-11-23;17;607
25;2025-11-23;18;463
25;2025-11-23;19;308
25;2025-11-23;20;243
25;2025-11-23;21;152
25;2025-11-23;22;96
25;2025-11-23;23;36
25;2025-11-24;0;4
25;2025-11-24;1;1
25;2025-11-24;2;1
25;2025-11-24;3;1
25;2025-11-24;4;1
25;2025-11-24;5;21
25;2025-11-24;6;270
25;2025-11-24;7;546
25;2025-11-24;8;935
25;2025-11-24;9;488
25;2025-11-24;10;395
25;2025-11-24;11;448
25;2025-11-24;12;440
25;2025-11-24;13;562
25;2025-11-24;14;474
25;2025-11-24;15;594
25;2025-11-24;16;730
25;2025-11-24;17;805
25;2025-11-24;18;797
25;2025-11-24;19;637
25;2025-11-24;20;330
25;2025-11-24;21;230
25;2025-11-24;22;95
25;2025-11-24;23;10
25;2025-11-25;0;4
25;2025-11-25;1;1
25;2025-11-25;2;1
25;2025-11-25;3;1
25;2025-11-25;4;1
25;2025-11-25;5;22
25;2025-11-25;6;278
25;2025-11-25;7;561
25;2025-11-25;8;951
25;2025-11-25;9;498
25;2025-11-25;10;407
25;2025-11-25;11;467
25;2025-11-25;12;455
25;2025-11-25;13;581
25;2025-11-25;14;488
25;2025-11-25;15;609
25;2025-11-25;16;741
25;2025-11-25;17;831
25;2025-11-25;18;807
25;2025-11-25;19;647
25;2025-11-25;20;335
25;2025-11-25;21;234
25;2025-11-25;22;97
25;2025-11-25;23;11
25;2025-11-26;0;4
25;2025-11-26;1;1
25;2025-11-26;2;1
25;2025-11-26;3;1
25;2025-11-26;4;1
25;2025-11-26;5;21
25;2025-11-26;6;277
25;2025-11-26;7;560
25;2025-11-26;8;947
25;2025-11-26;9;492
25;2025-11-26;10;401
25;2025-11-26;11;460
25;2025-11-26;12;451
25;2025-11-26;13;575
25;2025-11-26;14;483
25;2025-11-26;15;608
25;2025-11-26;16;743
25;2025-11-26;17;836
25;2025-11-26;18;800
25;2025-11-26;19;642
25;2025-11-26;20;333
25;2025-11-26;21;233
25;2025-11-26;22;97
25;2025-11-26;23;10
25;2025-11-27;0;4
25;2025-11-27;1;1
25;2025-11-27;2;1
25;2025-11-27;3;1
25;2025-11-27;4;1
25;2025-11-27;5;22
25;2025-11-27;6;279
25;2025-11-27;7;562
25;2025-11-27;8;953
25;2025-11-27;9;502
25;2025-11-27;10;410
25;2025-11-27;11;465
25;2025-11-27;12;445
25;2025-11-27;13;574
25;2025-11-27;14;479
25;2025-11-27;15;611
25;2025-11-27;16;744
25;2025-11-27;17;819
25;2025-11-27;18;791
25;2025-11-27;19;633
25;2025-11-27;20;328
25;2025-11-27;21;230
25;2025-11-27;22;95
25;2025-11-27;23;10
25;2025-11-28;0;4
25;2025-11-28;1;1
25;2025-11-28;2;1
25;2025-11-28;3;1
25;2025-11-28;4;1
25;2025-11-28;5;21
25;2025-11-28;6;276
25;2025-11-28;7;555
25;2025-11-28;8;946
25;2025-11-28;9;495
25;2025-11-28;10;405
25;2025-11-28;11;474
25;2025-11-28;12;461
25;2025-11-28;13;588
25;2025-11-28;14;497
25;2025-11-28;15;622
25;2025-11-28;16;757
25;2025-11-28;17;835
25;2025-11-28;18;782
25;2025-11-28;19;635
25;2025-11-28;20;332
25;2025-11-28;21;234
25;2025-11-28;22;96
25;2025-11-28;23;11
25;2025-11-29;0;7
25;2025-11-29;1;1
25;2025-11-29;2;1
25;2025-11-29;3;1
25;2025-11-29;4;1
25;2025-11-29;5;23
25;2025-11-29;6;144
25;2025-11-29;7;141
25;2025-11-29;8;328
25;2025-11-29;9;299
25;2025-11-29;10;308
25;2025-11-29;11;408
25;2025-11-29;12;430
25;2025-11-29;13;706
25;2025-11-29;14;709
25;2025-11-29;15;831
25;2025-11-29;16;774
25;2025-11-29;17;627
25;2025-11-29;18;551
25;2025-11-29;19;474
25;2025-11-29;20;265
25;2025-11-29;21;203
25;2025-11-29;22;118
25;2025-11-29;23;45
25;2025-11-30;0;17
25;2025-11-30;1;2
25;2025-11-30;2;1
25;2025-11-30;3;1
25;2025-11-30;4;1
25;2025-11-30;5;12
25;2025-11-30;6;114
25;2025-11-30;7;108
25;2025-11-30;8;205
25;2025-11-30;9;234
25;2025-11-30;10;238
25;2025-11-30;11;340
25;2025-11-30;12;407
25;2025-11-30;13;535
25;2025-11-30;14;628
25;2025-11-30;15;714
25;2025-11-30;16;604
25;2025-11-30;17;609
25;2025-11-30;18;465
25;2025-11-30;19;310
25;2025-11-30;20;244
25;2025-11-30;21;152
25;2025-11-30;22;96
25;2025-11-30;23;37
25;2025-12-01;0;4
25;2025-12-01;1;1
25;2025-12-01;2;1
25;2025-12-01;3;1
25;2025-12-01;4;1
25;2025-12-01;5;21
25;2025-12-01;6;277
25;2025-12-01;7;558
25;2025-12-01;8;948
25;2025-12-01;9;493
25;2025-12-01;10;403
25;2025-12-01;11;461
25;2025-12-01;12;449
25;2025-12-01;13;575
25;2025-12-01;14;484
25;2025-12-01;15;605
25;2025-12-01;16;735
25;2025-12-01;17;820
25;2025-12-01;18;804
25;2025-12-01;19;643
25;2025-12-01;20;331
25;2025-12-01;21;232
25;2025-12-01;22;96
25;2025-12-01;23;10
25;2025-12-02;0;4
25;2025-12-02;1;1
25;2025-12-02;2;1
25;2025-12-02;3;1
25;2025-12-02;4;1
25;2025-12-02;5;21
25;2025-12-02;6;279
25;2025-12-02;7;561
25;2025-12-02;8;951
25;2025-12-02;9;501
25;2025-12-02;10;409
25;2025-12-02;11;470
25;2025-12-02;12;458
25;2025-12-02;13;583
25;2025-12-02;14;489
25;2025-12-02;15;609
25;2025-12-02;16;742
25;2025-12-02;17;835
25;2025-12-02;18;814
25;2025-12-02;19;653
25;2025-12-02;20;335
25;2025-12-02;21;234
25;2025-12-02;22;97
25;2025-12-02;23;11
25;2025-12-03;0;4
25;2025-12-03;1;1
25;2025-12-03;2;1
25;2025-12-03;3;1
25;2025-12-03;4;1
25;2025-12-03;5;21
25;2025-12-03;6;278
25;2025-12-03;7;561
25;2025-12-03;8;952
25;2025-12-03;9;503
25;2025-12-03;10;411
25;2025-12-03;11;471
25;2025-12-03;12;460
25;2025-12-03;13;586
25;2025-12-03;14;491
25;2025-12-03;15;609
25;2025-12-03;16;742
25;2025-12-03;17;835
25;2025-12-03;18;813
25;2025-12-03;19;652
25;2025-12-03;20;335
25;2025-12-03;21;233
25;2025-12-03;22;97
25;2025-12-03;23;11
25;2025-12-04;0;4
25;2025-12-04;1;1
25;2025-12-04;2;1
25;2025-12-04;3;1
25;2025-12-04;4;1
25;2025-12-04;5;22
25;2025-12-04;6;279
25;2025-12-04;7;561
25;2025-12-04;8;953
25;2025-12-04;9;502
25;2025-12-04;10;410
25;2025-12-04;11;471
25;2025-12-04;12;458
25;2025-12-04;13;584
25;2025-12-04;14;489
25;2025-12-04;15;611
25;2025-12-04;16;744
25;2025-12-04;17;835
25;2025-12-04;18;812
25;2025-12-04;19;647
25;2025-12-04;20;334
25;2025-12-04;21;234
25;2025-12-04;22;97
25;2025-12-04;23;11
25;2025-12-05;0;4
25;2025-12-05;1;1
25;2025-12-05;2;1
25;2025-12-05;3;1
25;2025-12-05;4;1
25;2025-12-05;5;21
25;2025-12-05;6;277
25;2025-12-05;7;555
25;2025-12-05;8;950
25;2025-12-05;9;496
25;2025-12-05;10;405
25;2025-12-05;11;474
25;2025-12-05;12;463
25;2025-12-05;13;589
25;2025-12-05;14;497
25;2025-12-05;15;623
25;2025-12-05;16;757
25;2025-12-05;17;835
25;2025-12-05;18;784
25;2025-12-05;19;635
25;2025-12-05;20;332
25;2025-12-05;21;234
25;2025-12-05;22;96
25;2025-12-05;23;11
25;2025-12-06;0;7
25;2025-12-06;1;1
25;2025-12-06;2;1
25;2025-12-06;3;1
25;2025-12-06;4;1
25;2025-12-06;5;23
25;2025-12-06;6;144
25;2025-12-06;7;141
25;2025-12-06;8;328
25;2025-12-06;9;299
25;2025-12-06;10;308
25;2025-12-06;11;409
25;2025-12-06;12;431
25;2025-12-06;13;708
25;2025-12-06;14;712
25;2025-12-06;15;834
25;2025-12-06;16;776
25;2025-12-06;17;629
25;2025-12-06;18;551
25;2025-12-06;19;474
25;2025-12-06;20;265
25;2025-12-06;21;203
25;2025-12-06;22;118
25;2025-12-06;23;45
25;2025-12-07;0;17
25;2025-12-07;1;2
25;2025-12-07;2;1
25;2025-12-07;3;1
25;2025-12-07;4;1
25;2025-12-07;5;12
25;2025-12-07;6;114
25;2025-12-07;7;108
25;2025-12-07;8;204
25;2025-12-07;9;232
25;2025-12-07;10;236
25;2025-12-07;11;338
25;2025-12-07;12;403
25;2025-12-07;13;529
25;2025-12-07;14;624
25;2025-12-07;15;711
25;2025-12-07;16;602
25;2025-12-07;17;604
25;2025-12-07;18;460
25;2025-12-07;19;307
25;2025-12-07;20;243
25;2025-12-07;21;152
25;2025-12-07;22;96
25;2025-12-07;23;37
25;2025-12-08;0;4
25;2025-12-08;1;1
25;2025-12-08;2;1
25;2025-12-08;3;1
25;2025-12-08;4;1
25;2025-12-08;5;21
25;2025-12-08;6;276
25;2025-12-08;7;557
25;2025-12-08;8;942
25;2025-12-08;9;492
25;2025-12-08;10;401
25;2025-12-08;11;461
25;2025-12-08;12;449
25;2025-12-08;13;574
25;2025-12-08;14;483
25;2025-12-08;15;605
25;2025-12-08;16;736
25;2025-12-08;17;820
25;2025-12-08;18;801
25;2025-12-08;19;643
25;2025-12-08;20;332
25;2025-12-08;21;232
25;2025-12-08;22;97
25;2025-12-08;23;10
25;2025-12-09;0;4
25;2025-12-09;1;1
25;2025-12-09;2;1
25;2025-12-09;3;1
25;2025-12-09;4;1
25;2025-12-09;5;22
25;2025-12-09;6;279
25;2025-12-09;7;559
25;2025-12-09;8;945
25;2025-12-09;9;497
25;2025-12-09;10;405
25;2025-12-09;11;461
25;2025-12-09;12;448
25;2025-12-09;13;572
25;2025-12-09;14;481
25;2025-12-09;15;606
25;2025-12-09;16;740
25;2025-12-09;17;821
25;2025-12-09;18;799
25;2025-12-09;19;646
25;2025-12-09;20;335
25;2025-12-09;21;233
25;2025-12-09;22;97
25;2025-12-09;23;11
25;2025-12-10;0;4
25;2025-12-10;1;1
25;2025-12-10;2;1
25;2025-12-10;3;1
25;2025-12-10;4;1
25;2025-12-10;5;21
25;2025-12-10;6;277
25;2025-12-10;7;559
25;2025-12-10;8;949
25;2025-12-10;9;501
25;2025-12-10;10;409
25;2025-12-10;11;469
25;2025-12-10;12;457
25;2025-12-10;13;581
25;2025-12-10;14;488
25;2025-12-10;15;609
25;2025-12-10;16;741
25;2025-12-10;17;832
25;2025-12-10;18;810
25;2025-12-10;19;650
25;2025-12-10;20;335
25;2025-12-10;21;234
25;2025-12-10;22;97
25;2025-12-10;23;11
25;2025-12-11;0;4
25;2025-12-11;1;1
25;2025-12-11;2;1
25;2025-12-11;3;1
25;2025-12-11;4;1
25;2025-12-11;5;22
25;2025-12-11;6;280
25;2025-12-11;7;562
25;2025-12-11;8;943
25;2025-12-11;9;484
25;2025-12-11;10;399
25;2025-12-11;11;458
25;2025-12-11;12;447
25;2025-12-11;13;573
25;2025-12-11;14;487
25;2025-12-11;15;602
25;2025-12-11;16;735
25;2025-12-11;17;826
25;2025-12-11;18;801
25;2025-12-11;19;635
25;2025-12-11;20;330
25;2025-12-11;21;231
25;2025-12-11;22;96
25;2025-12-11;23;11
25;2025-12-12;0;4
25;2025-12-12;1;1
25;2025-12-12;2;1
25;2025-12-12;3;1
25;2025-12-12;4;1
25;2025-12-12;5;21
25;2025-12-12;6;276
25;2025-12-12;7;554
25;2025-12-12;8;940
25;2025-12-12;9;494
25;2025-12-12;10;403
25;2025-12-12;11;472
25;2025-12-12;12;444
25;2025-12-12;13;564
25;2025-12-12;14;477
25;2025-12-12;15;597
25;2025-12-12;16;739
25;2025-12-12;17;806
25;2025-12-12;18;770
25;2025-12-12;19;626
25;2025-12-12;20;330
25;2025-12-12;21;231
25;2025-12-12;22;94
25;2025-12-12;23;10
25;2025-12-13;0;7
25;2025-12-13;1;1
25;2025-12-13;2;1
25;2025-12-13;3;1
25;2025-12-13;4;1
25;2025-12-13;5;22
25;2025-12-13;6;138
25;2025-12-13;7;135
25;2025-12-13;8;312
25;2025-12-13;9;284
25;2025-12-13;10;293
25;2025-12-13;11;388
25;2025-12-13;12;409
25;2025-12-13;13;674
25;2025-12-13;14;670
25;2025-12-13;15;785
25;2025-12-13;16;735
25;2025-12-13;17;596
25;2025-12-13;18;529
25;2025-12-13;19;458
25;2025-12-13;20;259
25;2025-12-13;21;198
25;2025-12-13;22;115
25;2025-12-13;23;44
25;2025-12-14;0;17
25;2025-12-14;1;1
25;2025-12-14;2;1
25;2025-12-14;3;1
25;2025-12-14;4;1
25;2025-12-14;5;11
25;2025-12-14;6;114
25;2025-12-14;7;108
25;2025-12-14;8;199
25;2025-12-14;9;223
25;2025-12-14;10;227
25;2025-12-14;11;325
25;2025-12-14;12;385
25;2025-12-14;13;505
25;2025-12-14;14;595
25;2025-12-14;15;680
25;2025-12-14;16;589
25;2025-12-14;17;589
25;2025-12-14;18;456
25;2025-12-14;19;308
25;2025-12-14;20;243
25;2025-12-14;21;151
25;2025-12-14;22;96
25;2025-12-14;23;37
25;2025-12-15;0;4
25;2025-12-15;1;1
25;2025-12-15;2;1
25;2025-12-15;3;1
25;2025-12-15;4;1
25;2025-12-15;5;21
25;2025-12-15;6;275
25;2025-12-15;7;555
25;2025-12-15;8;943
25;2025-12-15;9;491
25;2025-12-15;10;401
25;2025-12-15;11;459
25;2025-12-15;12;446
25;2025-12-15;13;569
25;2025-12-15;14;480
25;2025-12-15;15;601
25;2025-12-15;16;731
25;2025-12-15;17;816
25;2025-12-15;18;795
25;2025-12-15;19;638
25;2025-12-15;20;329
25;2025-12-15;21;231
25;2025-12-15;22;96
25;2025-12-15;23;10
25;2025-12-16;0;4
25;2025-12-16;1;1
25;2025-12-16;2;1
25;2025-12-16;3;1
25;2025-12-16;4;1
25;2025-12-16;5;21
25;2025-12-16;6;278
25;2025-12-16;7;561
25;2025-12-16;8;951
25;2025-12-16;9;501
25;2025-12-16;10;409
25;2025-12-16;11;468
25;2025-12-16;12;455
25;2025-12-16;13;567
25;2025-12-16;14;487
25;2025-12-16;15;606
25;2025-12-16;16;740
25;2025-12-16;17;828
25;2025-12-16;18;808
25;2025-12-16;19;649
25;2025-12-16;20;336
25;2025-12-16;21;234
25;2025-12-16;22;97
25;2025-12-16;23;11
25;2025-12-17;0;4
25;2025-12-17;1;1
25;2025-12-17;2;1
25;2025-12-17;3;1
25;2025-12-17;4;1
25;2025-12-17;5;22
25;2025-12-17;6;278
25;2025-12-17;7;561
25;2025-12-17;8;952
25;2025-12-17;9;501
25;2025-12-17;10;409
25;2025-12-17;11;470
25;2025-12-17;12;458
25;2025-12-17;13;583
25;2025-12-17;14;489
25;2025-12-17;15;610
25;2025-12-17;16;741
25;2025-12-17;17;832
25;2025-12-17;18;810
25;2025-12-17;19;650
25;2025-12-17;20;335
25;2025-12-17;21;234
25;2025-12-17;22;97
25;2025-12-17;23;11
25;2025-12-18;0;4
25;2025-12-18;1;1
25;2025-12-18;2;1
25;2025-12-18;3;1
25;2025-12-18;4;1
25;2025-12-18;5;22
25;2025-12-18;6;279
25;2025-12-18;7;563
25;2025-12-18;8;951
25;2025-12-18;9;500
25;2025-12-18;10;408
25;2025-12-18;11;468
25;2025-12-18;12;457
25;2025-12-18;13;583
25;2025-12-18;14;489
25;2025-12-18;15;610
25;2025-12-18;16;743
25;2025-12-18;17;835
25;2025-12-18;18;812
25;2025-12-18;19;653
25;2025-12-18;20;337
25;2025-12-18;21;234
25;2025-12-18;22;97
25;2025-12-18;23;11
25;2025-12-19;0;4
25;2025-12-19;1;1
25;2025-12-19;2;1
25;2025-12-19;3;1
25;2025-12-19;4;1
25;2025-12-19;5;21
25;2025-12-19;6;277
25;2025-12-19;7;555
25;2025-12-19;8;946
25;2025-12-19;9;496
25;2025-12-19;10;404
25;2025-12-19;11;472
25;2025-12-19;12;460
25;2025-12-19;13;586
25;2025-12-19;14;494
25;2025-12-19;15;620
25;2025-12-19;16;753
25;2025-12-19;17;829
25;2025-12-19;18;793
25;2025-12-19;19;636
25;2025-12-19;20;333
25;2025-12-19;21;234
25;2025-12-19;22;96
25;2025-12-19;23;11
25;2025-12-20;0;7
25;2025-12-20;1;1
25;2025-12-20;2;1
25;2025-12-20;3;1
25;2025-12-20;4;1
25;2025-12-20;5;23
25;2025-12-20;6;144
25;2025-12-20;7;141
25;2025-12-20;8;328
25;2025-12-20;9;297
25;2025-12-20;10;308
25;2025-12-20;11;408
25;2025-12-20;12;430
25;2025-12-20;13;706
25;2025-12-20;14;709
25;2025-12-20;15;831
25;2025-12-20;16;773
25;2025-12-20;17;623
25;2025-12-20;18;541
25;2025-12-20;19;467
25;2025-12-20;20;261
25;2025-12-20;21;200
25;2025-12-20;22;116
25;2025-12-20;23;45
25;2025-12-21;0;17
25;2025-12-21;1;1
25;2025-12-21;2;1
25;2025-12-21;3;1
25;2025-12-21;4;1
25;2025-12-21;5;12
25;2025-12-21;6;114
25;2025-12-21;7;108
25;2025-12-21;8;204
25;2025-12-21;9;232
25;2025-12-21;10;236
25;2025-12-21;11;338
25;2025-12-21;12;404
25;2025-12-21;13;531
25;2025-12-21;14;624
25;2025-12-21;15;711
25;2025-12-21;16;602
25;2025-12-21;17;605
25;2025-12-21;18;462
25;2025-12-21;19;309
25;2025-12-21;20;244
25;2025-12-21;21;152
25;2025-12-21;22;95
25;2025-12-21;23;37
25;2025-12-22;0;4
25;2025-12-22;1;1
25;2025-12-22;2;1
25;2025-12-22;3;1
25;2025-12-22;4;1
25;2025-12-22;5;21
25;2025-12-22;6;277
25;2025-12-22;7;558
25;2025-12-22;8;948
25;2025-12-22;9;486
25;2025-12-22;10;397
25;2025-12-22;11;455
25;2025-12-22;12;441
25;2025-12-22;13;565
25;2025-12-22;14;470
25;2025-12-22;15;594
25;2025-12-22;16;725
25;2025-12-22;17;804
25;2025-12-22;18;789
25;2025-12-22;19;634
25;2025-12-22;20;327
25;2025-12-22;21;231
25;2025-12-22;22;96
25;2025-12-22;23;10
25;2025-12-23;0;4
25;2025-12-23;1;1
25;2025-12-23;2;1
25;2025-12-23;3;1
25;2025-12-23;4;1
25;2025-12-23;5;21
25;2025-12-23;6;276
25;2025-12-23;7;552
25;2025-12-23;8;933
25;2025-12-23;9;489
25;2025-12-23;10;401
25;2025-12-23;11;460
25;2025-12-23;12;448
25;2025-12-23;13;572
25;2025-12-23;14;484
25;2025-12-23;15;605
25;2025-12-23;16;739
25;2025-12-23;17;824
25;2025-12-23;18;802
25;2025-12-23;19;646
25;2025-12-23;20;334
25;2025-12-23;21;234
25;2025-12-23;22;97
25;2025-12-23;23;11
25;2025-12-24;0;4
25;2025-12-24;1;1
25;2025-12-24;2;1
25;2025-12-24;3;1
25;2025-12-24;4;1
25;2025-12-24;5;21
25;2025-12-24;6;278
25;2025-12-24;7;560
25;2025-12-24;8;951
25;2025-12-24;9;499
25;2025-12-24;10;407
25;2025-12-24;11;464
25;2025-12-24;12;453
25;2025-12-24;13;576
25;2025-12-24;14;484
25;2025-12-24;15;604
25;2025-12-24;16;740
25;2025-12-24;17;827
25;2025-12-24;18;805
25;2025-12-24;19;647
25;2025-12-24;20;336
25;2025-12-24;21;234
25;2025-12-24;22;97
25;2025-12-24;23;11
25;2025-12-25;0;4
25;2025-12-25;1;1
25;2025-12-25;2;1
25;2025-12-25;3;1
25;2025-12-25;4;1
25;2025-12-25;5;22
25;2025-12-25;6;280
25;2025-12-25;7;562
25;2025-12-25;8;951
25;2025-12-25;9;500
25;2025-12-25;10;410
25;2025-12-25;11;469
25;2025-12-25;12;457
25;2025-12-25;13;583
25;2025-12-25;14;487
25;2025-12-25;15;609
25;2025-12-25;16;743
25;2025-12-25;17;828
25;2025-12-25;18;804
25;2025-12-25;19;651
25;2025-12-25;20;335
25;2025-12-25;21;233
25;2025-12-25;22;95
25;2025-12-25;23;10
25;2025-12-26;0;4
25;2025-12-26;1;1
25;2025-12-26;2;1
25;2025-12-26;3;1
25;2025-12-26;4;1
25;2025-12-26;5;21
25;2025-12-26;6;271
25;2025-12-26;7;544
25;2025-12-26;8;920
25;2025-12-26;9;479
25;2025-12-26;10;391
25;2025-12-26;11;453
25;2025-12-26;12;443
25;2025-12-26;13;574
25;2025-12-26;14;481
25;2025-12-26;15;602
25;2025-12-26;16;735
25;2025-12-26;17;809
25;2025-12-26;18;778
25;2025-12-26;19;629
25;2025-12-26;20;327
25;2025-12-26;21;230
25;2025-12-26;22;95
25;2025-12-26;23;10
25;2025-12-27;0;7
25;2025-12-27;1;1
25;2025-12-27;2;1
25;2025-12-27;3;1
25;2025-12-27;4;1
25;2025-12-27;5;22
25;2025-12-27;6;140
25;2025-12-27;7;137
25;2025-12-27;8;318
25;2025-12-27;9;299
25;2025-12-27;10;302
25;2025-12-27;11;401
25;2025-12-27;12;430
25;2025-12-27;13;706
25;2025-12-27;14;710
25;2025-12-27;15;831
25;2025-12-27;16;774
25;2025-12-27;17;627
25;2025-12-27;18;551
25;2025-12-27;19;474
25;2025-12-27;20;265
25;2025-12-27;21;202
25;2025-12-27;22;117
25;2025-12-27;23;45
25;2025-12-28;0;17
25;2025-12-28;1;2
25;2025-12-28;2;1
25;2025-12-28;3;1
25;2025-12-28;4;1
25;2025-12-28;5;12
25;2025-12-28;6;114
25;2025-12-28;7;107
25;2025-12-28;8;203
25;2025-12-28;9;230
25;2025-12-28;10;236
25;2025-12-28;11;335
25;2025-12-28;12;404
25;2025-12-28;13;531
25;2025-12-28;14;623
25;2025-12-28;15;711
25;2025-12-28;16;602
25;2025-12-28;17;605
25;2025-12-28;18;462
25;2025-12-28;19;309
25;2025-12-28;20;243
25;2025-12-28;21;152
25;2025-12-28;22;96
25;2025-12-28;23;37
25;2025-12-29;0;4
25;2025-12-29;1;1
25;2025-12-29;2;1
25;2025-12-29;3;1
25;2025-12-29;4;1
25;2025-12-29;5;21
25;2025-12-29;6;276
25;2025-12-29;7;555
25;2025-12-29;8;943
25;2025-12-29;9;491
25;2025-12-29;10;401
25;2025-12-29;11;459
25;2025-12-29;12;446
25;2025-12-29;13;569
25;2025-12-29;14;480
25;2025-12-29;15;601
25;2025-12-29;16;731
25;2025-12-29;17;817
25;2025-12-29;18;799
25;2025-12-29;19;640
25;2025-12-29;20;331
25;2025-12-29;21;232
25;2025-12-29;22;96
25;2025-12-29;23;10
25;2025-12-30;0;4
25;2025-12-30;1;1
25;2025-12-30;2;1
25;2025-12-30;3;1
25;2025-12-30;4;1
25;2025-12-30;5;21
25;2025-12-30;6;278
25;2025-12-30;7;560
25;2025-12-30;8;949
25;2025-12-30;9;496
25;2025-12-30;10;405
25;2025-12-30;11;464
25;2025-12-30;12;456
25;2025-12-30;13;577
25;2025-12-30;14;487
25;2025-12-30;15;608
25;2025-12-30;16;740
25;2025-12-30;17;829
25;2025-12-30;18;811
25;2025-12-30;19;647
25;2025-12-30;20;334
25;2025-12-30;21;233
25;2025-12-30;22;97
25;2025-12-30;23;11
25;2025-12-31;0;17
25;2025-12-31;1;2
25;2025-12-31;2;1
25;2025-12-31;3;1
25;2025-12-31;4;1
25;2025-12-31;5;12
25;2025-12-31;6;114
25;2025-12-31;7;107
25;2025-12-31;8;203
25;2025-12-31;9;233
25;2025-12-31;10;237
25;2025-12-31;11;339
25;2025-12-31;12;404
25;2025-12-31;13;529
25;2025-12-31;14;621
25;2025-12-31;15;709
25;2025-12-31;16;602
25;2025-12-31;17;606
25;2025-12-31;18;463
25;2025-12-31;19;309
25;2025-12-31;20;243
25;2025-12-31;21;152
25;2025-12-31;22;96
25;2025-12-31;23;37
26;2025-11-01;0;33
26;2025-11-01;1;2
26;2025-11-01;2;1
26;2025-11-01;3;1
26;2025-11-01;4;3
26;2025-11-01;5;96
26;2025-11-01;6;473
26;2025-11-01;7;1121
26;2025-11-01;8;2321
26;2025-11-01;9;1506
26;2025-11-01;10;1284
26;2025-11-01;11;1141
26;2025-11-01;12;1185
26;2025-11-01;13;1202
26;2025-11-01;14;1374
26;2025-11-01;15;1413
26;2025-11-01;16;1556
26;2025-11-01;17;1804
26;2025-11-01;18;1839
26;2025-11-01;19;1220
26;2025-11-01;20;730
26;2025-11-01;21;492
26;2025-11-01;22;202
26;2025-11-01;23;129
26;2025-11-02;0;50
26;2025-11-02;1;5
26;2025-11-02;2;1
26;2025-11-02;3;1
26;2025-11-02;4;2
26;2025-11-02;5;21
26;2025-11-02;6;158
26;2025-11-02;7;262
26;2025-11-02;8;388
26;2025-11-02;9;541
26;2025-11-02;10;608
26;2025-11-02;11;850
26;2025-11-02;12;840
26;2025-11-02;13;875
26;2025-11-02;14;869
26;2025-11-02;15;791
26;2025-11-02;16;756
26;2025-11-02;17;783
26;2025-11-02;18;698
26;2025-11-02;19;506
26;2025-11-02;20;396
26;2025-11-02;21;276
26;2025-11-02;22;159
26;2025-11-02;23;106
26;2025-11-03;0;50
26;2025-11-03;1;5
26;2025-11-03;2;1
26;2025-11-03;3;1
26;2025-11-03;4;2
26;2025-11-03;5;21
26;2025-11-03;6;156
26;2025-11-03;7;259
26;2025-11-03;8;382
26;2025-11-03;9;526
26;2025-11-03;10;578
26;2025-11-03;11;791
26;2025-11-03;12;776
26;2025-11-03;13;833
26;2025-11-03;14;817
26;2025-11-03;15;749
26;2025-11-03;16;720
26;2025-11-03;17;749
26;2025-11-03;18;679
26;2025-11-03;19;491
26;2025-11-03;20;383
26;2025-11-03;21;266
26;2025-11-03;22;155
26;2025-11-03;23;103
26;2025-11-04;0;49
26;2025-11-04;1;5
26;2025-11-04;2;1
26;2025-11-04;3;1
26;2025-11-04;4;2
26;2025-11-04;5;21
26;2025-11-04;6;154
26;2025-11-04;7;251
26;2025-11-04;8;365
26;2025-11-04;9;504
26;2025-11-04;10;568
26;2025-11-04;11;791
26;2025-11-04;12;774
26;2025-11-04;13;829
26;2025-11-04;14;859
26;2025-11-04;15;784
26;2025-11-04;16;748
26;2025-11-04;17;779
26;2025-11-04;18;697
26;2025-11-04;19;510
26;2025-11-04;20;397
26;2025-11-04;21;275
26;2025-11-04;22;159
26;2025-11-04;23;106
26;2025-11-05;0;33
26;2025-11-05;1;2
26;2025-11-05;2;1
26;2025-11-05;3;1
26;2025-11-05;4;3
26;2025-11-05;5;95
26;2025-11-05;6;475
26;2025-11-05;7;1121
26;2025-11-05;8;2320
26;2025-11-05;9;1519
26;2025-11-05;10;1289
26;2025-11-05;11;1139
26;2025-11-05;12;1177
26;2025-11-05;13;1198
26;2025-11-05;14;1371
26;2025-11-05;15;1406
26;2025-11-05;16;1543
26;2025-11-05;17;1785
26;2025-11-05;18;1819
26;2025-11-05;19;1211
26;2025-11-05;20;732
26;2025-11-05;21;493
26;2025-11-05;22;202
26;2025-11-05;23;129
26;2025-11-06;0;33
26;2025-11-06;1;2
26;2025-11-06;2;1
26;2025-11-06;3;1
26;2025-11-06;4;3
26;2025-11-06;5;96
26;2025-11-06;6;474
26;2025-11-06;7;1124
26;2025-11-06;8;2327
26;2025-11-06;9;1516
26;2025-11-06;10;1291
26;2025-11-06;11;1119
26;2025-11-06;12;1196
26;2025-11-06;13;1213
26;2025-11-06;14;1373
26;2025-11-06;15;1390
26;2025-11-06;16;1530
26;2025-11-06;17;1788
26;2025-11-06;18;1833
26;2025-11-06;19;1221
26;2025-11-06;20;720
26;2025-11-06;21;497
26;2025-11-06;22;204
26;2025-11-06;23;128
26;2025-11-07;0;33
26;2025-11-07;1;2
26;2025-11-07;2;1
26;2025-11-07;3;1
26;2025-11-07;4;3
26;2025-11-07;5;95
26;2025-11-07;6;468
26;2025-11-07;7;1104
26;2025-11-07;8;2295
26;2025-11-07;9;1465
26;2025-11-07;10;1266
26;2025-11-07;11;1152
26;2025-11-07;12;1198
26;2025-11-07;13;1216
26;2025-11-07;14;1387
26;2025-11-07;15;1434
26;2025-11-07;16;1573
26;2025-11-07;17;1783
26;2025-11-07;18;1757
26;2025-11-07;19;1188
26;2025-11-07;20;724
26;2025-11-07;21;491
26;2025-11-07;22;200
26;2025-11-07;23;129
26;2025-11-08;0;53
26;2025-11-08;1;3
26;2025-11-08;2;1
26;2025-11-08;3;1
26;2025-11-08;4;3
26;2025-11-08;5;51
26;2025-11-08;6;229
26;2025-11-08;7;367
26;2025-11-08;8;612
26;2025-11-08;9;669
26;2025-11-08;10;828
26;2025-11-08;11;1003
26;2025-11-08;12;1058
26;2025-11-08;13;1035
26;2025-11-08;14;1113
26;2025-11-08;15;1002
26;2025-11-08;16;1052
26;2025-11-08;17;965
26;2025-11-08;18;891
26;2025-11-08;19;767
26;2025-11-08;20;538
26;2025-11-08;21;349
26;2025-11-08;22;201
26;2025-11-08;23;157
26;2025-11-09;0;50
26;2025-11-09;1;5
26;2025-11-09;2;1
26;2025-11-09;3;1
26;2025-11-09;4;2
26;2025-11-09;5;21
26;2025-11-09;6;157
26;2025-11-09;7;261
26;2025-11-09;8;387
26;2025-11-09;9;537
26;2025-11-09;10;604
26;2025-11-09;11;844
26;2025-11-09;12;829
26;2025-11-09;13;890
26;2025-11-09;14;846
26;2025-11-09;15;792
26;2025-11-09;16;756
26;2025-11-09;17;783
26;2025-11-09;18;699
26;2025-11-09;19;507
26;2025-11-09;20;397
26;2025-11-09;21;276
26;2025-11-09;22;159
26;2025-11-09;23;106
26;2025-11-10;0;33
26;2025-11-10;1;2
26;2025-11-10;2;1
26;2025-11-10;3;1
26;2025-11-10;4;3
26;2025-11-10;5;95
26;2025-11-10;6;469
26;2025-11-10;7;1112
26;2025-11-10;8;2307
26;2025-11-10;9;1485
26;2025-11-10;10;1266
26;2025-11-10;11;1131
26;2025-11-10;12;1176
26;2025-11-10;13;1195
26;2025-11-10;14;1359
26;2025-11-10;15;1399
26;2025-11-10;16;1531
26;2025-11-10;17;1758
26;2025-11-10;18;1797
26;2025-11-10;19;1206
26;2025-11-10;20;726
26;2025-11-10;21;490
26;2025-11-10;22;201
26;2025-11-10;23;128
26;2025-11-11;0;33
26;2025-11-11;1;2
26;2025-11-11;2;1
26;2025-11-11;3;1
26;2025-11-11;4;3
26;2025-11-11;5;96
26;2025-11-11;6;476
26;2025-11-11;7;1126
26;2025-11-11;8;2336
26;2025-11-11;9;1527
26;2025-11-11;10;1301
26;2025-11-11;11;1162
26;2025-11-11;12;1204
26;2025-11-11;13;1221
26;2025-11-11;14;1381
26;2025-11-11;15;1421
26;2025-11-11;16;1562
26;2025-11-11;17;1816
26;2025-11-11;18;1858
26;2025-11-11;19;1232
26;2025-11-11;20;738
26;2025-11-11;21;498
26;2025-11-11;22;203
26;2025-11-11;23;130
26;2025-11-12;0;33
26;2025-11-12;1;2
26;2025-11-12;2;1
26;2025-11-12;3;1
26;2025-11-12;4;3
26;2025-11-12;5;96
26;2025-11-12;6;476
26;2025-11-12;7;1125
26;2025-11-12;8;2330
26;2025-11-12;9;1518
26;2025-11-12;10;1268
26;2025-11-12;11;1123
26;2025-11-12;12;1171
26;2025-11-12;13;1190
26;2025-11-12;14;1357
26;2025-11-12;15;1396
26;2025-11-12;16;1555
26;2025-11-12;17;1803
26;2025-11-12;18;1813
26;2025-11-12;19;1226
26;2025-11-12;20;737
26;2025-11-12;21;495
26;2025-11-12;22;203
26;2025-11-12;23;130
26;2025-11-13;0;33
26;2025-11-13;1;2
26;2025-11-13;2;1
26;2025-11-13;3;1
26;2025-11-13;4;3
26;2025-11-13;5;96
26;2025-11-13;6;470
26;2025-11-13;7;1127
26;2025-11-13;8;2339
26;2025-11-13;9;1530
26;2025-11-13;10;1302
26;2025-11-13;11;1159
26;2025-11-13;12;1202
26;2025-11-13;13;1216
26;2025-11-13;14;1376
26;2025-11-13;15;1414
26;2025-11-13;16;1552
26;2025-11-13;17;1801
26;2025-11-13;18;1844
26;2025-11-13;19;1228
26;2025-11-13;20;740
26;2025-11-13;21;497
26;2025-11-13;22;204
26;2025-11-13;23;131
26;2025-11-14;0;33
26;2025-11-14;1;2
26;2025-11-14;2;1
26;2025-11-14;3;1
26;2025-11-14;4;3
26;2025-11-14;5;94
26;2025-11-14;6;461
26;2025-11-14;7;1083
26;2025-11-14;8;2238
26;2025-11-14;9;1445
26;2025-11-14;10;1230
26;2025-11-14;11;1124
26;2025-11-14;12;1170
26;2025-11-14;13;1187
26;2025-11-14;14;1349
26;2025-11-14;15;1395
26;2025-11-14;16;1534
26;2025-11-14;17;1744
26;2025-11-14;18;1731
26;2025-11-14;19;1179
26;2025-11-14;20;725
26;2025-11-14;21;486
26;2025-11-14;22;201
26;2025-11-14;23;128
26;2025-11-15;0;51
26;2025-11-15;1;3
26;2025-11-15;2;1
26;2025-11-15;3;1
26;2025-11-15;4;3
26;2025-11-15;5;51
26;2025-11-15;6;228
26;2025-11-15;7;371
26;2025-11-15;8;631
26;2025-11-15;9;667
26;2025-11-15;10;848
26;2025-11-15;11;1016
26;2025-11-15;12;1094
26;2025-11-15;13;1077
26;2025-11-15;14;1117
26;2025-11-15;15;1010
26;2025-11-15;16;1053
26;2025-11-15;17;943
26;2025-11-15;18;872
26;2025-11-15;19;759
26;2025-11-15;20;547
26;2025-11-15;21;355
26;2025-11-15;22;205
26;2025-11-15;23;160
26;2025-11-16;0;51
26;2025-11-16;1;5
26;2025-11-16;2;1
26;2025-11-16;3;1
26;2025-11-16;4;3
26;2025-11-16;5;22
26;2025-11-16;6;159
26;2025-11-16;7;262
26;2025-11-16;8;388
26;2025-11-16;9;538
26;2025-11-16;10;607
26;2025-11-16;11;856
26;2025-11-16;12;836
26;2025-11-16;13;898
26;2025-11-16;14;868
26;2025-11-16;15;793
26;2025-11-16;16;756
26;2025-11-16;17;784
26;2025-11-16;18;688
26;2025-11-16;19;509
26;2025-11-16;20;398
26;2025-11-16;21;277
26;2025-11-16;22;158
26;2025-11-16;23;104
26;2025-11-17;0;33
26;2025-11-17;1;2
26;2025-11-17;2;1
26;2025-11-17;3;1
26;2025-11-17;4;3
26;2025-11-17;5;96
26;2025-11-17;6;472
26;2025-11-17;7;1110
26;2025-11-17;8;2278
26;2025-11-17;9;1458
26;2025-11-17;10;1230
26;2025-11-17;11;1100
26;2025-11-17;12;1142
26;2025-11-17;13;1143
26;2025-11-17;14;1319
26;2025-11-17;15;1363
26;2025-11-17;16;1509
26;2025-11-17;17;1731
26;2025-11-17;18;1808
26;2025-11-17;19;1212
26;2025-11-17;20;731
26;2025-11-17;21;487
26;2025-11-17;22;203
26;2025-11-17;23;129
26;2025-11-18;0;33
26;2025-11-18;1;2
26;2025-11-18;2;1
26;2025-11-18;3;1
26;2025-11-18;4;3
26;2025-11-18;5;92
26;2025-11-18;6;455
26;2025-11-18;7;1086
26;2025-11-18;8;2235
26;2025-11-18;9;1422
26;2025-11-18;10;1196
26;2025-11-18;11;1095
26;2025-11-18;12;1139
26;2025-11-18;13;1137
26;2025-11-18;14;1309
26;2025-11-18;15;1371
26;2025-11-18;16;1508
26;2025-11-18;17;1757
26;2025-11-18;18;1773
26;2025-11-18;19;1193
26;2025-11-18;20;729
26;2025-11-18;21;489
26;2025-11-18;22;201
26;2025-11-18;23;128
26;2025-11-19;0;33
26;2025-11-19;1;2
26;2025-11-19;2;1
26;2025-11-19;3;1
26;2025-11-19;4;3
26;2025-11-19;5;97
26;2025-11-19;6;477
26;2025-11-19;7;1124
26;2025-11-19;8;2328
26;2025-11-19;9;1509
26;2025-11-19;10;1281
26;2025-11-19;11;1143
26;2025-11-19;12;1197
26;2025-11-19;13;1209
26;2025-11-19;14;1378
26;2025-11-19;15;1415
26;2025-11-19;16;1552
26;2025-11-19;17;1791
26;2025-11-19;18;1829
26;2025-11-19;19;1226
26;2025-11-19;20;738
26;2025-11-19;21;497
26;2025-11-19;22;204
26;2025-11-19;23;131
26;2025-11-20;0;34
26;2025-11-20;1;2
26;2025-11-20;2;1
26;2025-11-20;3;1
26;2025-11-20;4;3
26;2025-11-20;5;97
26;2025-11-20;6;477
26;2025-11-20;7;1126
26;2025-11-20;8;2332
26;2025-11-20;9;1511
26;2025-11-20;10;1289
26;2025-11-20;11;1154
26;2025-11-20;12;1198
26;2025-11-20;13;1211
26;2025-11-20;14;1381
26;2025-11-20;15;1416
26;2025-11-20;16;1553
26;2025-11-20;17;1796
26;2025-11-20;18;1839
26;2025-11-20;19;1229
26;2025-11-20;20;740
26;2025-11-20;21;499
26;2025-11-20;22;205
26;2025-11-20;23;132
26;2025-11-21;0;33
26;2025-11-21;1;2
26;2025-11-21;2;1
26;2025-11-21;3;1
26;2025-11-21;4;3
26;2025-11-21;5;95
26;2025-11-21;6;471
26;2025-11-21;7;1103
26;2025-11-21;8;2292
26;2025-11-21;9;1492
26;2025-11-21;10;1270
26;2025-11-21;11;1157
26;2025-11-21;12;1187
26;2025-11-21;13;1222
26;2025-11-21;14;1397
26;2025-11-21;15;1443
26;2025-11-21;16;1574
26;2025-11-21;17;1787
26;2025-11-21;18;1770
26;2025-11-21;19;1201
26;2025-11-21;20;734
26;2025-11-21;21;498
26;2025-11-21;22;202
26;2025-11-21;23;131
26;2025-11-22;0;54
26;2025-11-22;1;3
26;2025-11-22;2;1
26;2025-11-22;3;1
26;2025-11-22;4;3
26;2025-11-22;5;52
26;2025-11-22;6;235
26;2025-11-22;7;380
26;2025-11-22;8;630
26;2025-11-22;9;692
26;2025-11-22;10;861
26;2025-11-22;11;1035
26;2025-11-22;12;1114
26;2025-11-22;13;1084
26;2025-11-22;14;1127
26;2025-11-22;15;1013
26;2025-11-22;16;1062
26;2025-11-22;17;975
26;2025-11-22;18;903
26;2025-11-22;19;779
26;2025-11-22;20;545
26;2025-11-22;21;352
26;2025-11-22;22;201
26;2025-11-22;23;158
26;2025-11-23;0;50
26;2025-11-23;1;5
26;2025-11-23;2;1
26;2025-11-23;3;1
26;2025-11-23;4;3
26;2025-11-23;5;22
26;2025-11-23;6;159
26;2025-11-23;7;262
26;2025-11-23;8;388
26;2025-11-23;9;539
26;2025-11-23;10;608
26;2025-11-23;11;844
26;2025-11-23;12;835
26;2025-11-23;13;903
26;2025-11-23;14;879
26;2025-11-23;15;804
26;2025-11-23;16;762
26;2025-11-23;17;788
26;2025-11-23;18;704
26;2025-11-23;19;513
26;2025-11-23;20;400
26;2025-11-23;21;278
26;2025-11-23;22;160
26;2025-11-23;23;104
26;2025-11-24;0;33
26;2025-11-24;1;2
26;2025-11-24;2;1
26;2025-11-24;3;1
26;2025-11-24;4;3
26;2025-11-24;5;92
26;2025-11-24;6;457
26;2025-11-24;7;1085
26;2025-11-24;8;2277
26;2025-11-24;9;1467
26;2025-11-24;10;1239
26;2025-11-24;11;1099
26;2025-11-24;12;1149
26;2025-11-24;13;1171
26;2025-11-24;14;1333
26;2025-11-24;15;1371
26;2025-11-24;16;1515
26;2025-11-24;17;1727
26;2025-11-24;18;1792
26;2025-11-24;19;1201
26;2025-11-24;20;726
26;2025-11-24;21;486
26;2025-11-24;22;200
26;2025-11-24;23;127
26;2025-11-25;0;33
26;2025-11-25;1;2
26;2025-11-25;2;1
26;2025-11-25;3;1
26;2025-11-25;4;3
26;2025-11-25;5;97
26;2025-11-25;6;477
26;2025-11-25;7;1125
26;2025-11-25;8;2329
26;2025-11-25;9;1509
26;2025-11-25;10;1287
26;2025-11-25;11;1152
26;2025-11-25;12;1196
26;2025-11-25;13;1213
26;2025-11-25;14;1382
26;2025-11-25;15;1416
26;2025-11-25;16;1551
26;2025-11-25;17;1794
26;2025-11-25;18;1836
26;2025-11-25;19;1227
26;2025-11-25;20;742
26;2025-11-25;21;498
26;2025-11-25;22;205
26;2025-11-25;23;131
26;2025-11-26;0;33
26;2025-11-26;1;2
26;2025-11-26;2;1
26;2025-11-26;3;1
26;2025-11-26;4;3
26;2025-11-26;5;96
26;2025-11-26;6;474
26;2025-11-26;7;1121
26;2025-11-26;8;2320
26;2025-11-26;9;1493
26;2025-11-26;10;1265
26;2025-11-26;11;1133
26;2025-11-26;12;1184
26;2025-11-26;13;1202
26;2025-11-26;14;1367
26;2025-11-26;15;1416
26;2025-11-26;16;1556
26;2025-11-26;17;1803
26;2025-11-26;18;1821
26;2025-11-26;19;1216
26;2025-11-26;20;736
26;2025-11-26;21;497
26;2025-11-26;22;204
26;2025-11-26;23;130
26;2025-11-27;0;33
26;2025-11-27;1;2
26;2025-11-27;2;1
26;2025-11-27;3;1
26;2025-11-27;4;3
26;2025-11-27;5;97
26;2025-11-27;6;477
26;2025-11-27;7;1127
26;2025-11-27;8;2333
26;2025-11-27;9;1521
26;2025-11-27;10;1297
26;2025-11-27;11;1143
26;2025-11-27;12;1166
26;2025-11-27;13;1198
26;2025-11-27;14;1354
26;2025-11-27;15;1419
26;2025-11-27;16;1558
26;2025-11-27;17;1762
26;2025-11-27;18;1800
26;2025-11-27;19;1193
26;2025-11-27;20;719
26;2025-11-27;21;485
26;2025-11-27;22;198
26;2025-11-27;23;125
26;2025-11-28;0;33
26;2025-11-28;1;2
26;2025-11-28;2;1
26;2025-11-28;3;1
26;2025-11-28;4;3
26;2025-11-28;5;94
26;2025-11-28;6;469
26;2025-11-28;7;1109
26;2025-11-28;8;2305
26;2025-11-28;9;1493
26;2025-11-28;10;1274
26;2025-11-28;11;1162
26;2025-11-28;12;1207
26;2025-11-28;13;1223
26;2025-11-28;14;1402
26;2025-11-28;15;1443
26;2025-11-28;16;1579
26;2025-11-28;17;1793
26;2025-11-28;18;1766
26;2025-11-28;19;1197
26;2025-11-28;20;730
26;2025-11-28;21;495
26;2025-11-28;22;202
26;2025-11-28;23;131
26;2025-11-29;0;54
26;2025-11-29;1;3
26;2025-11-29;2;1
26;2025-11-29;3;1
26;2025-11-29;4;3
26;2025-11-29;5;53
26;2025-11-29;6;236
26;2025-11-29;7;380
26;2025-11-29;8;634
26;2025-11-29;9;695
26;2025-11-29;10;859
26;2025-11-29;11;1031
26;2025-11-29;12;1111
26;2025-11-29;13;1077
26;2025-11-29;14;1121
26;2025-11-29;15;1007
26;2025-11-29;16;1055
26;2025-11-29;17;973
26;2025-11-29;18;902
26;2025-11-29;19;779
26;2025-11-29;20;545
26;2025-11-29;21;353
26;2025-11-29;22;203
26;2025-11-29;23;159
26;2025-11-30;0;49
26;2025-11-30;1;5
26;2025-11-30;2;1
26;2025-11-30;3;1
26;2025-11-30;4;3
26;2025-11-30;5;22
26;2025-11-30;6;159
26;2025-11-30;7;262
26;2025-11-30;8;389
26;2025-11-30;9;542
26;2025-11-30;10;611
26;2025-11-30;11;852
26;2025-11-30;12;842
26;2025-11-30;13;904
26;2025-11-30;14;876
26;2025-11-30;15;796
26;2025-11-30;16;758
26;2025-11-30;17;792
26;2025-11-30;18;709
26;2025-11-30;19;515
26;2025-11-30;20;400
26;2025-11-30;21;277
26;2025-11-30;22;160
26;2025-11-30;23;106
26;2025-12-01;0;33
26;2025-12-01;1;2
26;2025-12-01;2;1
26;2025-12-01;3;1
26;2025-12-01;4;3
26;2025-12-01;5;96
26;2025-12-01;6;471
26;2025-12-01;7;1113
26;2025-12-01;8;2307
26;2025-12-01;9;1484
26;2025-12-01;10;1266
26;2025-12-01;11;1130
26;2025-12-01;12;1174
26;2025-12-01;13;1195
26;2025-12-01;14;1364
26;2025-12-01;15;1400
26;2025-12-01;16;1530
26;2025-12-01;17;1759
26;2025-12-01;18;1814
26;2025-12-01;19;1212
26;2025-12-01;20;729
26;2025-12-01;21;493
26;2025-12-01;22;203
26;2025-12-01;23;129
26;2025-12-02;0;33
26;2025-12-02;1;2
26;2025-12-02;2;1
26;2025-12-02;3;1
26;2025-12-02;4;3
26;2025-12-02;5;96
26;2025-12-02;6;476
26;2025-12-02;7;1125
26;2025-12-02;8;2327
26;2025-12-02;9;1519
26;2025-12-02;10;1294
26;2025-12-02;11;1160
26;2025-12-02;12;1204
26;2025-12-02;13;1219
26;2025-12-02;14;1383
26;2025-12-02;15;1418
26;2025-12-02;16;1555
26;2025-12-02;17;1808
26;2025-12-02;18;1855
26;2025-12-02;19;1238
26;2025-12-02;20;742
26;2025-12-02;21;498
26;2025-12-02;22;204
26;2025-12-02;23;130
26;2025-12-03;0;33
26;2025-12-03;1;2
26;2025-12-03;2;1
26;2025-12-03;3;1
26;2025-12-03;4;3
26;2025-12-03;5;96
26;2025-12-03;6;476
26;2025-12-03;7;1124
26;2025-12-03;8;2331
26;2025-12-03;9;1524
26;2025-12-03;10;1298
26;2025-12-03;11;1162
26;2025-12-03;12;1211
26;2025-12-03;13;1225
26;2025-12-03;14;1389
26;2025-12-03;15;1418
26;2025-12-03;16;1555
26;2025-12-03;17;1808
26;2025-12-03;18;1854
26;2025-12-03;19;1237
26;2025-12-03;20;741
26;2025-12-03;21;498
26;2025-12-03;22;204
26;2025-12-03;23;130
26;2025-12-04;0;34
26;2025-12-04;1;2
26;2025-12-04;2;1
26;2025-12-04;3;1
26;2025-12-04;4;3
26;2025-12-04;5;97
26;2025-12-04;6;477
26;2025-12-04;7;1125
26;2025-12-04;8;2330
26;2025-12-04;9;1520
26;2025-12-04;10;1296
26;2025-12-04;11;1162
26;2025-12-04;12;1206
26;2025-12-04;13;1220
26;2025-12-04;14;1384
26;2025-12-04;15;1422
26;2025-12-04;16;1557
26;2025-12-04;17;1806
26;2025-12-04;18;1849
26;2025-12-04;19;1225
26;2025-12-04;20;738
26;2025-12-04;21;498
26;2025-12-04;22;205
26;2025-12-04;23;130
26;2025-12-05;0;33
26;2025-12-05;1;2
26;2025-12-05;2;1
26;2025-12-05;3;1
26;2025-12-05;4;3
26;2025-12-05;5;95
26;2025-12-05;6;473
26;2025-12-05;7;1108
26;2025-12-05;8;2314
26;2025-12-05;9;1497
26;2025-12-05;10;1275
26;2025-12-05;11;1162
26;2025-12-05;12;1210
26;2025-12-05;13;1226
26;2025-12-05;14;1402
26;2025-12-05;15;1445
26;2025-12-05;16;1579
26;2025-12-05;17;1793
26;2025-12-05;18;1770
26;2025-12-05;19;1197
26;2025-12-05;20;731
26;2025-12-05;21;497
26;2025-12-05;22;202
26;2025-12-05;23;131
26;2025-12-06;0;54
26;2025-12-06;1;3
26;2025-12-06;2;1
26;2025-12-06;3;1
26;2025-12-06;4;3
26;2025-12-06;5;53
26;2025-12-06;6;236
26;2025-12-06;7;380
26;2025-12-06;8;634
26;2025-12-06;9;695
26;2025-12-06;10;861
26;2025-12-06;11;1032
26;2025-12-06;12;1113
26;2025-12-06;13;1081
26;2025-12-06;14;1124
26;2025-12-06;15;1010
26;2025-12-06;16;1057
26;2025-12-06;17;975
26;2025-12-06;18;903
26;2025-12-06;19;778
26;2025-12-06;20;544
26;2025-12-06;21;353
26;2025-12-06;22;203
26;2025-12-06;23;158
26;2025-12-07;0;50
26;2025-12-07;1;5
26;2025-12-07;2;1
26;2025-12-07;3;1
26;2025-12-07;4;3
26;2025-12-07;5;22
26;2025-12-07;6;159
26;2025-12-07;7;262
26;2025-12-07;8;388
26;2025-12-07;9;539
26;2025-12-07;10;608
26;2025-12-07;11;847
26;2025-12-07;12;832
26;2025-12-07;13;892
26;2025-12-07;14;870
26;2025-12-07;15;793
26;2025-12-07;16;756
26;2025-12-07;17;783
26;2025-12-07;18;701
26;2025-12-07;19;511
26;2025-12-07;20;400
26;2025-12-07;21;278
26;2025-12-07;22;160
26;2025-12-07;23;107
26;2025-12-08;0;33
26;2025-12-08;1;2
26;2025-12-08;2;1
26;2025-12-08;3;1
26;2025-12-08;4;3
26;2025-12-08;5;95
26;2025-12-08;6;470
26;2025-12-08;7;1112
26;2025-12-08;8;2293
26;2025-12-08;9;1482
26;2025-12-08;10;1261
26;2025-12-08;11;1130
26;2025-12-08;12;1174
26;2025-12-08;13;1192
26;2025-12-08;14;1360
26;2025-12-08;15;1400
26;2025-12-08;16;1532
26;2025-12-08;17;1757
26;2025-12-08;18;1807
26;2025-12-08;19;1212
26;2025-12-08;20;730
26;2025-12-08;21;493
26;2025-12-08;22;203
26;2025-12-08;23;129
26;2025-12-09;0;34
26;2025-12-09;1;2
26;2025-12-09;2;1
26;2025-12-09;3;1
26;2025-12-09;4;3
26;2025-12-09;5;97
26;2025-12-09;6;477
26;2025-12-09;7;1121
26;2025-12-09;8;2323
26;2025-12-09;9;1509
26;2025-12-09;10;1280
26;2025-12-09;11;1137
26;2025-12-09;12;1175
26;2025-12-09;13;1191
26;2025-12-09;14;1361
26;2025-12-09;15;1412
26;2025-12-09;16;1549
26;2025-12-09;17;1771
26;2025-12-09;18;1813
26;2025-12-09;19;1226
26;2025-12-09;20;742
26;2025-12-09;21;496
26;2025-12-09;22;205
26;2025-12-09;23;131
26;2025-12-10;0;34
26;2025-12-10;1;2
26;2025-12-10;2;1
26;2025-12-10;3;1
26;2025-12-10;4;3
26;2025-12-10;5;96
26;2025-12-10;6;475
26;2025-12-10;7;1120
26;2025-12-10;8;2324
26;2025-12-10;9;1517
26;2025-12-10;10;1294
26;2025-12-10;11;1158
26;2025-12-10;12;1202
26;2025-12-10;13;1215
26;2025-12-10;14;1379
26;2025-12-10;15;1416
26;2025-12-10;16;1551
26;2025-12-10;17;1799
26;2025-12-10;18;1845
26;2025-12-10;19;1233
26;2025-12-10;20;741
26;2025-12-10;21;498
26;2025-12-10;22;204
26;2025-12-10;23;130
26;2025-12-11;0;34
26;2025-12-11;1;2
26;2025-12-11;2;1
26;2025-12-11;3;1
26;2025-12-11;4;3
26;2025-12-11;5;97
26;2025-12-11;6;479
26;2025-12-11;7;1123
26;2025-12-11;8;2318
26;2025-12-11;9;1464
26;2025-12-11;10;1254
26;2025-12-11;11;1126
26;2025-12-11;12;1172
26;2025-12-11;13;1196
26;2025-12-11;14;1376
26;2025-12-11;15;1406
26;2025-12-11;16;1539
26;2025-12-11;17;1786
26;2025-12-11;18;1821
26;2025-12-11;19;1202
26;2025-12-11;20;729
26;2025-12-11;21;491
26;2025-12-11;22;203
26;2025-12-11;23;131
26;2025-12-12;0;33
26;2025-12-12;1;2
26;2025-12-12;2;1
26;2025-12-12;3;1
26;2025-12-12;4;3
26;2025-12-12;5;95
26;2025-12-12;6;469
26;2025-12-12;7;1104
26;2025-12-12;8;2297
26;2025-12-12;9;1490
26;2025-12-12;10;1269
26;2025-12-12;11;1156
26;2025-12-12;12;1157
26;2025-12-12;13;1175
26;2025-12-12;14;1347
26;2025-12-12;15;1388
26;2025-12-12;16;1534
26;2025-12-12;17;1725
26;2025-12-12;18;1733
26;2025-12-12;19;1180
26;2025-12-12;20;725
26;2025-12-12;21;489
26;2025-12-12;22;198
26;2025-12-12;23;127
26;2025-12-13;0;51
26;2025-12-13;1;3
26;2025-12-13;2;1
26;2025-12-13;3;1
26;2025-12-13;4;3
26;2025-12-13;5;50
26;2025-12-13;6;226
26;2025-12-13;7;359
26;2025-12-13;8;600
26;2025-12-13;9;653
26;2025-12-13;10;812
26;2025-12-13;11;974
26;2025-12-13;12;1050
26;2025-12-13;13;1025
26;2025-12-13;14;1055
26;2025-12-13;15;949
26;2025-12-13;16;995
26;2025-12-13;17;921
26;2025-12-13;18;858
26;2025-12-13;19;748
26;2025-12-13;20;527
26;2025-12-13;21;344
26;2025-12-13;22;198
26;2025-12-13;23;154
26;2025-12-14;0;48
26;2025-12-14;1;5
26;2025-12-14;2;1
26;2025-12-14;3;1
26;2025-12-14;4;2
26;2025-12-14;5;21
26;2025-12-14;6;158
26;2025-12-14;7;262
26;2025-12-14;8;380
26;2025-12-14;9;518
26;2025-12-14;10;584
26;2025-12-14;11;814
26;2025-12-14;12;792
26;2025-12-14;13;850
26;2025-12-14;14;827
26;2025-12-14;15;756
26;2025-12-14;16;739
26;2025-12-14;17;766
26;2025-12-14;18;694
26;2025-12-14;19;513
26;2025-12-14;20;400
26;2025-12-14;21;277
26;2025-12-14;22;160
26;2025-12-14;23;107
26;2025-12-15;0;33
26;2025-12-15;1;2
26;2025-12-15;2;1
26;2025-12-15;3;1
26;2025-12-15;4;3
26;2025-12-15;5;95
26;2025-12-15;6;469
26;2025-12-15;7;1107
26;2025-12-15;8;2293
26;2025-12-15;9;1478
26;2025-12-15;10;1261
26;2025-12-15;11;1125
26;2025-12-15;12;1166
26;2025-12-15;13;1183
26;2025-12-15;14;1351
26;2025-12-15;15;1391
26;2025-12-15;16;1522
26;2025-12-15;17;1751
26;2025-12-15;18;1795
26;2025-12-15;19;1202
26;2025-12-15;20;726
26;2025-12-15;21;490
26;2025-12-15;22;201
26;2025-12-15;23;129
26;2025-12-16;0;33
26;2025-12-16;1;2
26;2025-12-16;2;1
26;2025-12-16;3;1
26;2025-12-16;4;3
26;2025-12-16;5;97
26;2025-12-16;6;477
26;2025-12-16;7;1125
26;2025-12-16;8;2329
26;2025-12-16;9;1517
26;2025-12-16;10;1294
26;2025-12-16;11;1154
26;2025-12-16;12;1195
26;2025-12-16;13;1183
26;2025-12-16;14;1376
26;2025-12-16;15;1412
26;2025-12-16;16;1549
26;2025-12-16;17;1794
26;2025-12-16;18;1838
26;2025-12-16;19;1231
26;2025-12-16;20;744
26;2025-12-16;21;499
26;2025-12-16;22;205
26;2025-12-16;23;131
26;2025-12-17;0;33
26;2025-12-17;1;2
26;2025-12-17;2;1
26;2025-12-17;3;1
26;2025-12-17;4;3
26;2025-12-17;5;97
26;2025-12-17;6;476
26;2025-12-17;7;1125
26;2025-12-17;8;2330
26;2025-12-17;9;1518
26;2025-12-17;10;1295
26;2025-12-17;11;1159
26;2025-12-17;12;1204
26;2025-12-17;13;1219
26;2025-12-17;14;1382
26;2025-12-17;15;1420
26;2025-12-17;16;1551
26;2025-12-17;17;1799
26;2025-12-17;18;1845
26;2025-12-17;19;1233
26;2025-12-17;20;741
26;2025-12-17;21;498
26;2025-12-17;22;204
26;2025-12-17;23;130
26;2025-12-18;0;34
26;2025-12-18;1;2
26;2025-12-18;2;1
26;2025-12-18;3;1
26;2025-12-18;4;3
26;2025-12-18;5;97
26;2025-12-18;6;478
26;2025-12-18;7;1128
26;2025-12-18;8;2336
26;2025-12-18;9;1518
26;2025-12-18;10;1293
26;2025-12-18;11;1155
26;2025-12-18;12;1203
26;2025-12-18;13;1219
26;2025-12-18;14;1382
26;2025-12-18;15;1420
26;2025-12-18;16;1555
26;2025-12-18;17;1803
26;2025-12-18;18;1849
26;2025-12-18;19;1239
26;2025-12-18;20;747
26;2025-12-18;21;499
26;2025-12-18;22;205
26;2025-12-18;23;131
26;2025-12-19;0;33
26;2025-12-19;1;2
26;2025-12-19;2;1
26;2025-12-19;3;1
26;2025-12-19;4;3
26;2025-12-19;5;95
26;2025-12-19;6;472
26;2025-12-19;7;1108
26;2025-12-19;8;2304
26;2025-12-19;9;1495
26;2025-12-19;10;1271
26;2025-12-19;11;1157
26;2025-12-19;12;1204
26;2025-12-19;13;1219
26;2025-12-19;14;1394
26;2025-12-19;15;1438
26;2025-12-19;16;1569
26;2025-12-19;17;1782
26;2025-12-19;18;1793
26;2025-12-19;19;1199
26;2025-12-19;20;733
26;2025-12-19;21;498
26;2025-12-19;22;202
26;2025-12-19;23;131
26;2025-12-20;0;54
26;2025-12-20;1;3
26;2025-12-20;2;1
26;2025-12-20;3;1
26;2025-12-20;4;3
26;2025-12-20;5;53
26;2025-12-20;6;236
26;2025-12-20;7;380
26;2025-12-20;8;634
26;2025-12-20;9;689
26;2025-12-20;10;859
26;2025-12-20;11;1030
26;2025-12-20;12;1110
26;2025-12-20;13;1077
26;2025-12-20;14;1120
26;2025-12-20;15;1007
26;2025-12-20;16;1054
26;2025-12-20;17;966
26;2025-12-20;18;885
26;2025-12-20;19;768
26;2025-12-20;20;536
26;2025-12-20;21;347
26;2025-12-20;22;201
26;2025-12-20;23;157
26;2025-12-21;0;49
26;2025-12-21;1;5
26;2025-12-21;2;1
26;2025-12-21;3;1
26;2025-12-21;4;3
26;2025-12-21;5;22
26;2025-12-21;6;157
26;2025-12-21;7;262
26;2025-12-21;8;387
26;2025-12-21;9;539
26;2025-12-21;10;608
26;2025-12-21;11;847
26;2025-12-21;12;836
26;2025-12-21;13;896
26;2025-12-21;14;869
26;2025-12-21;15;793
26;2025-12-21;16;756
26;2025-12-21;17;785
26;2025-12-21;18;704
26;2025-12-21;19;514
26;2025-12-21;20;401
26;2025-12-21;21;278
26;2025-12-21;22;158
26;2025-12-21;23;107
26;2025-12-22;0;33
26;2025-12-22;1;2
26;2025-12-22;2;1
26;2025-12-22;3;1
26;2025-12-22;4;3
26;2025-12-22;5;96
26;2025-12-22;6;471
26;2025-12-22;7;1114
26;2025-12-22;8;2307
26;2025-12-22;9;1465
26;2025-12-22;10;1246
26;2025-12-22;11;1116
26;2025-12-22;12;1154
26;2025-12-22;13;1173
26;2025-12-22;14;1324
26;2025-12-22;15;1373
26;2025-12-22;16;1506
26;2025-12-22;17;1725
26;2025-12-22;18;1777
26;2025-12-22;19;1195
26;2025-12-22;20;717
26;2025-12-22;21;489
26;2025-12-22;22;203
26;2025-12-22;23;126
26;2025-12-23;0;33
26;2025-12-23;1;2
26;2025-12-23;2;1
26;2025-12-23;3;1
26;2025-12-23;4;3
26;2025-12-23;5;95
26;2025-12-23;6;469
26;2025-12-23;7;1101
26;2025-12-23;8;2276
26;2025-12-23;9;1474
26;2025-12-23;10;1262
26;2025-12-23;11;1131
26;2025-12-23;12;1175
26;2025-12-23;13;1194
26;2025-12-23;14;1371
26;2025-12-23;15;1411
26;2025-12-23;16;1547
26;2025-12-23;17;1781
26;2025-12-23;18;1821
26;2025-12-23;19;1226
26;2025-12-23;20;739
26;2025-12-23;21;498
26;2025-12-23;22;205
26;2025-12-23;23;131
26;2025-12-24;0;33
26;2025-12-24;1;2
26;2025-12-24;2;1
26;2025-12-24;3;1
26;2025-12-24;4;3
26;2025-12-24;5;96
26;2025-12-24;6;475
26;2025-12-24;7;1124
26;2025-12-24;8;2329
26;2025-12-24;9;1510
26;2025-12-24;10;1284
26;2025-12-24;11;1147
26;2025-12-24;12;1193
26;2025-12-24;13;1202
26;2025-12-24;14;1369
26;2025-12-24;15;1409
26;2025-12-24;16;1549
26;2025-12-24;17;1788
26;2025-12-24;18;1831
26;2025-12-24;19;1227
26;2025-12-24;20;742
26;2025-12-24;21;499
26;2025-12-24;22;205
26;2025-12-24;23;131
26;2025-12-25;0;34
26;2025-12-25;1;2
26;2025-12-25;2;1
26;2025-12-25;3;1
26;2025-12-25;4;3
26;2025-12-25;5;97
26;2025-12-25;6;479
26;2025-12-25;7;1127
26;2025-12-25;8;2336
26;2025-12-25;9;1518
26;2025-12-25;10;1296
26;2025-12-25;11;1159
26;2025-12-25;12;1204
26;2025-12-25;13;1219
26;2025-12-25;14;1380
26;2025-12-25;15;1419
26;2025-12-25;16;1556
26;2025-12-25;17;1788
26;2025-12-25;18;1821
26;2025-12-25;19;1232
26;2025-12-25;20;739
26;2025-12-25;21;494
26;2025-12-25;22;201
26;2025-12-25;23;128
26;2025-12-26;0;33
26;2025-12-26;1;2
26;2025-12-26;2;1
26;2025-12-26;3;1
26;2025-12-26;4;3
26;2025-12-26;5;95
26;2025-12-26;6;459
26;2025-12-26;7;1079
26;2025-12-26;8;2240
26;2025-12-26;9;1443
26;2025-12-26;10;1226
26;2025-12-26;11;1111
26;2025-12-26;12;1157
26;2025-12-26;13;1190
26;2025-12-26;14;1354
26;2025-12-26;15;1394
26;2025-12-26;16;1526
26;2025-12-26;17;1735
26;2025-12-26;18;1755
26;2025-12-26;19;1185
26;2025-12-26;20;719
26;2025-12-26;21;488
26;2025-12-26;22;199
26;2025-12-26;23;128
26;2025-12-27;0;51
26;2025-12-27;1;3
26;2025-12-27;2;1
26;2025-12-27;3;1
26;2025-12-27;4;3
26;2025-12-27;5;51
26;2025-12-27;6;229
26;2025-12-27;7;366
26;2025-12-27;8;617
26;2025-12-27;9;694
26;2025-12-27;10;843
26;2025-12-27;11;1014
26;2025-12-27;12;1110
26;2025-12-27;13;1077
26;2025-12-27;14;1121
26;2025-12-27;15;1007
26;2025-12-27;16;1055
26;2025-12-27;17;973
26;2025-12-27;18;902
26;2025-12-27;19;779
26;2025-12-27;20;545
26;2025-12-27;21;353
26;2025-12-27;22;202
26;2025-12-27;23;157
26;2025-12-28;0;50
26;2025-12-28;1;5
26;2025-12-28;2;1
26;2025-12-28;3;1
26;2025-12-28;4;3
26;2025-12-28;5;22
26;2025-12-28;6;157
26;2025-12-28;7;260
26;2025-12-28;8;384
26;2025-12-28;9;533
26;2025-12-28;10;608
26;2025-12-28;11;840
26;2025-12-28;12;836
26;2025-12-28;13;896
26;2025-12-28;14;868
26;2025-12-28;15;792
26;2025-12-28;16;756
26;2025-12-28;17;785
26;2025-12-28;18;704
26;2025-12-28;19;514
26;2025-12-28;20;401
26;2025-12-28;21;278
26;2025-12-28;22;160
26;2025-12-28;23;107
26;2025-12-29;0;33
26;2025-12-29;1;2
26;2025-12-29;2;1
26;2025-12-29;3;1
26;2025-12-29;4;3
26;2025-12-29;5;96
26;2025-12-29;6;469
26;2025-12-29;7;1108
26;2025-12-29;8;2293
26;2025-12-29;9;1479
26;2025-12-29;10;1262
26;2025-12-29;11;1126
26;2025-12-29;12;1167
26;2025-12-29;13;1183
26;2025-12-29;14;1351
26;2025-12-29;15;1391
26;2025-12-29;16;1522
26;2025-12-29;17;1751
26;2025-12-29;18;1803
26;2025-12-29;19;1205
26;2025-12-29;20;729
26;2025-12-29;21;492
26;2025-12-29;22;202
26;2025-12-29;23;129
26;2025-12-30;0;33
26;2025-12-30;1;2
26;2025-12-30;2;1
26;2025-12-30;3;1
26;2025-12-30;4;3
26;2025-12-30;5;96
26;2025-12-30;6;476
26;2025-12-30;7;1123
26;2025-12-30;8;2322
26;2025-12-30;9;1505
26;2025-12-30;10;1280
26;2025-12-30;11;1146
26;2025-12-30;12;1199
26;2025-12-30;13;1207
26;2025-12-30;14;1378
26;2025-12-30;15;1415
26;2025-12-30;16;1549
26;2025-12-30;17;1791
26;2025-12-30;18;1845
26;2025-12-30;19;1226
26;2025-12-30;20;739
26;2025-12-30;21;498
26;2025-12-30;22;204
26;2025-12-30;23;130
26;2025-12-31;0;50
26;2025-12-31;1;5
26;2025-12-31;2;1
26;2025-12-31;3;1
26;2025-12-31;4;3
26;2025-12-31;5;22
26;2025-12-31;6;158
26;2025-12-31;7;261
26;2025-12-31;8;387
26;2025-12-31;9;542
26;2025-12-31;10;611
26;2025-12-31;11;852
26;2025-12-31;12;837
26;2025-12-31;13;894
26;2025-12-31;14;868
26;2025-12-31;15;793
26;2025-12-31;16;757
26;2025-12-31;17;787
26;2025-12-31;18;706
26;2025-12-31;19;515
26;2025-12-31;20;401
26;2025-12-31;21;278
26;2025-12-31;22;161
26;2025-12-31;23;107
28;2025-11-01;0;4
28;2025-11-01;1;2
28;2025-11-01;2;1
28;2025-11-01;3;1
28;2025-11-01;4;3
28;2025-11-01;5;79
28;2025-11-01;6;261
28;2025-11-01;7;819
28;2025-11-01;8;1332
28;2025-11-01;9;862
28;2025-11-01;10;642
28;2025-11-01;11;589
28;2025-11-01;12;745
28;2025-11-01;13;729
28;2025-11-01;14;698
28;2025-11-01;15;724
28;2025-11-01;16;930
28;2025-11-01;17;1084
28;2025-11-01;18;1024
28;2025-11-01;19;755
28;2025-11-01;20;507
28;2025-11-01;21;328
28;2025-11-01;22;121
28;2025-11-01;23;14
28;2025-11-02;0;3
28;2025-11-02;1;1
28;2025-11-02;2;1
28;2025-11-02;3;1
28;2025-11-02;4;1
28;2025-11-02;5;31
28;2025-11-02;6;78
28;2025-11-02;7;167
28;2025-11-02;8;261
28;2025-11-02;9;365
28;2025-11-02;10;411
28;2025-11-02;11;451
28;2025-11-02;12;465
28;2025-11-02;13;551
28;2025-11-02;14;531
28;2025-11-02;15;526
28;2025-11-02;16;467
28;2025-11-02;17;508
28;2025-11-02;18;433
28;2025-11-02;19;389
28;2025-11-02;20;293
28;2025-11-02;21;234
28;2025-11-02;22;111
28;2025-11-02;23;14
28;2025-11-03;0;3
28;2025-11-03;1;1
28;2025-11-03;2;1
28;2025-11-03;3;1
28;2025-11-03;4;1
28;2025-11-03;5;31
28;2025-11-03;6;77
28;2025-11-03;7;166
28;2025-11-03;8;258
28;2025-11-03;9;357
28;2025-11-03;10;392
28;2025-11-03;11;420
28;2025-11-03;12;431
28;2025-11-03;13;524
28;2025-11-03;14;498
28;2025-11-03;15;497
28;2025-11-03;16;447
28;2025-11-03;17;488
28;2025-11-03;18;423
28;2025-11-03;19;379
28;2025-11-03;20;283
28;2025-11-03;21;228
28;2025-11-03;22;108
28;2025-11-03;23;13
28;2025-11-04;0;3
28;2025-11-04;1;1
28;2025-11-04;2;1
28;2025-11-04;3;1
28;2025-11-04;4;1
28;2025-11-04;5;30
28;2025-11-04;6;76
28;2025-11-04;7;161
28;2025-11-04;8;246
28;2025-11-04;9;342
28;2025-11-04;10;385
28;2025-11-04;11;421
28;2025-11-04;12;431
28;2025-11-04;13;524
28;2025-11-04;14;526
28;2025-11-04;15;520
28;2025-11-04;16;463
28;2025-11-04;17;508
28;2025-11-04;18;433
28;2025-11-04;19;391
28;2025-11-04;20;293
28;2025-11-04;21;234
28;2025-11-04;22;111
28;2025-11-04;23;14
28;2025-11-05;0;4
28;2025-11-05;1;2
28;2025-11-05;2;1
28;2025-11-05;3;1
28;2025-11-05;4;2
28;2025-11-05;5;79
28;2025-11-05;6;261
28;2025-11-05;7;818
28;2025-11-05;8;1330
28;2025-11-05;9;866
28;2025-11-05;10;644
28;2025-11-05;11;588
28;2025-11-05;12;738
28;2025-11-05;13;726
28;2025-11-05;14;696
28;2025-11-05;15;721
28;2025-11-05;16;925
28;2025-11-05;17;1075
28;2025-11-05;18;1015
28;2025-11-05;19;749
28;2025-11-05;20;508
28;2025-11-05;21;328
28;2025-11-05;22;121
28;2025-11-05;23;14
28;2025-11-06;0;4
28;2025-11-06;1;2
28;2025-11-06;2;1
28;2025-11-06;3;1
28;2025-11-06;4;3
28;2025-11-06;5;79
28;2025-11-06;6;261
28;2025-11-06;7;820
28;2025-11-06;8;1334
28;2025-11-06;9;867
28;2025-11-06;10;644
28;2025-11-06;11;580
28;2025-11-06;12;750
28;2025-11-06;13;737
28;2025-11-06;14;697
28;2025-11-06;15;712
28;2025-11-06;16;917
28;2025-11-06;17;1077
28;2025-11-06;18;1024
28;2025-11-06;19;754
28;2025-11-06;20;501
28;2025-11-06;21;330
28;2025-11-06;22;122
28;2025-11-06;23;14
28;2025-11-07;0;4
28;2025-11-07;1;2
28;2025-11-07;2;1
28;2025-11-07;3;1
28;2025-11-07;4;2
28;2025-11-07;5;79
28;2025-11-07;6;259
28;2025-11-07;7;811
28;2025-11-07;8;1326
28;2025-11-07;9;844
28;2025-11-07;10;638
28;2025-11-07;11;598
28;2025-11-07;12;757
28;2025-11-07;13;742
28;2025-11-07;14;708
28;2025-11-07;15;738
28;2025-11-07;16;946
28;2025-11-07;17;1083
28;2025-11-07;18;990
28;2025-11-07;19;738
28;2025-11-07;20;505
28;2025-11-07;21;328
28;2025-11-07;22;120
28;2025-11-07;23;15
28;2025-11-08;0;3
28;2025-11-08;1;1
28;2025-11-08;2;1
28;2025-11-08;3;1
28;2025-11-08;4;2
28;2025-11-08;5;40
28;2025-11-08;6;107
28;2025-11-08;7;234
28;2025-11-08;8;408
28;2025-11-08;9;465
28;2025-11-08;10;507
28;2025-11-08;11;517
28;2025-11-08;12;600
28;2025-11-08;13;606
28;2025-11-08;14;578
28;2025-11-08;15;627
28;2025-11-08;16;626
28;2025-11-08;17;608
28;2025-11-08;18;522
28;2025-11-08;19;393
28;2025-11-08;20;288
28;2025-11-08;21;261
28;2025-11-08;22;105
28;2025-11-08;23;13
28;2025-11-09;0;3
28;2025-11-09;1;1
28;2025-11-09;2;1
28;2025-11-09;3;1
28;2025-11-09;4;1
28;2025-11-09;5;31
28;2025-11-09;6;78
28;2025-11-09;7;167
28;2025-11-09;8;261
28;2025-11-09;9;364
28;2025-11-09;10;408
28;2025-11-09;11;447
28;2025-11-09;12;460
28;2025-11-09;13;559
28;2025-11-09;14;516
28;2025-11-09;15;524
28;2025-11-09;16;467
28;2025-11-09;17;508
28;2025-11-09;18;433
28;2025-11-09;19;388
28;2025-11-09;20;293
28;2025-11-09;21;234
28;2025-11-09;22;111
28;2025-11-09;23;14
28;2025-11-10;0;3
28;2025-11-10;1;2
28;2025-11-10;2;1
28;2025-11-10;3;1
28;2025-11-10;4;2
28;2025-11-10;5;79
28;2025-11-10;6;259
28;2025-11-10;7;814
28;2025-11-10;8;1327
28;2025-11-10;9;852
28;2025-11-10;10;635
28;2025-11-10;11;584
28;2025-11-10;12;739
28;2025-11-10;13;726
28;2025-11-10;14;692
28;2025-11-10;15;718
28;2025-11-10;16;918
28;2025-11-10;17;1063
28;2025-11-10;18;1007
28;2025-11-10;19;746
28;2025-11-10;20;504
28;2025-11-10;21;326
28;2025-11-10;22;120
28;2025-11-10;23;14
28;2025-11-11;0;4
28;2025-11-11;1;2
28;2025-11-11;2;1
28;2025-11-11;3;1
28;2025-11-11;4;3
28;2025-11-11;5;79
28;2025-11-11;6;261
28;2025-11-11;7;819
28;2025-11-11;8;1334
28;2025-11-11;9;870
28;2025-11-11;10;648
28;2025-11-11;11;598
28;2025-11-11;12;756
28;2025-11-11;13;740
28;2025-11-11;14;701
28;2025-11-11;15;724
28;2025-11-11;16;930
28;2025-11-11;17;1087
28;2025-11-11;18;1030
28;2025-11-11;19;758
28;2025-11-11;20;510
28;2025-11-11;21;329
28;2025-11-11;22;121
28;2025-11-11;23;14
28;2025-11-12;0;4
28;2025-11-12;1;2
28;2025-11-12;2;1
28;2025-11-12;3;1
28;2025-11-12;4;3
28;2025-11-12;5;79
28;2025-11-12;6;261
28;2025-11-12;7;819
28;2025-11-12;8;1331
28;2025-11-12;9;865
28;2025-11-12;10;633
28;2025-11-12;11;578
28;2025-11-12;12;735
28;2025-11-12;13;719
28;2025-11-12;14;687
28;2025-11-12;15;713
28;2025-11-12;16;927
28;2025-11-12;17;1080
28;2025-11-12;18;1008
28;2025-11-12;19;755
28;2025-11-12;20;509
28;2025-11-12;21;328
28;2025-11-12;22;121
28;2025-11-12;23;14
28;2025-11-13;0;4
28;2025-11-13;1;2
28;2025-11-13;2;1
28;2025-11-13;3;1
28;2025-11-13;4;3
28;2025-11-13;5;79
28;2025-11-13;6;259
28;2025-11-13;7;820
28;2025-11-13;8;1335
28;2025-11-13;9;871
28;2025-11-13;10;649
28;2025-11-13;11;598
28;2025-11-13;12;755
28;2025-11-13;13;737
28;2025-11-13;14;699
28;2025-11-13;15;724
28;2025-11-13;16;928
28;2025-11-13;17;1083
28;2025-11-13;18;1027
28;2025-11-13;19;757
28;2025-11-13;20;514
28;2025-11-13;21;331
28;2025-11-13;22;122
28;2025-11-13;23;15
28;2025-11-14;0;4
28;2025-11-14;1;2
28;2025-11-14;2;1
28;2025-11-14;3;1
28;2025-11-14;4;2
28;2025-11-14;5;77
28;2025-11-14;6;256
28;2025-11-14;7;797
28;2025-11-14;8;1286
28;2025-11-14;9;833
28;2025-11-14;10;620
28;2025-11-14;11;583
28;2025-11-14;12;738
28;2025-11-14;13;725
28;2025-11-14;14;687
28;2025-11-14;15;717
28;2025-11-14;16;925
28;2025-11-14;17;1058
28;2025-11-14;18;976
28;2025-11-14;19;731
28;2025-11-14;20;506
28;2025-11-14;21;325
28;2025-11-14;22;120
28;2025-11-14;23;14
28;2025-11-15;0;3
28;2025-11-15;1;1
28;2025-11-15;2;1
28;2025-11-15;3;1
28;2025-11-15;4;2
28;2025-11-15;5;40
28;2025-11-15;6;105
28;2025-11-15;7;235
28;2025-11-15;8;418
28;2025-11-15;9;460
28;2025-11-15;10;516
28;2025-11-15;11;520
28;2025-11-15;12;616
28;2025-11-15;13;626
28;2025-11-15;14;576
28;2025-11-15;15;627
28;2025-11-15;16;624
28;2025-11-15;17;589
28;2025-11-15;18;508
28;2025-11-15;19;385
28;2025-11-15;20;291
28;2025-11-15;21;264
28;2025-11-15;22;106
28;2025-11-15;23;13
28;2025-11-16;0;3
28;2025-11-16;1;1
28;2025-11-16;2;1
28;2025-11-16;3;1
28;2025-11-16;4;1
28;2025-11-16;5;31
28;2025-11-16;6;78
28;2025-11-16;7;167
28;2025-11-16;8;260
28;2025-11-16;9;362
28;2025-11-16;10;409
28;2025-11-16;11;452
28;2025-11-16;12;462
28;2025-11-16;13;563
28;2025-11-16;14;528
28;2025-11-16;15;524
28;2025-11-16;16;466
28;2025-11-16;17;507
28;2025-11-16;18;425
28;2025-11-16;19;388
28;2025-11-16;20;292
28;2025-11-16;21;235
28;2025-11-16;22;109
28;2025-11-16;23;13
28;2025-11-17;0;4
28;2025-11-17;1;2
28;2025-11-17;2;1
28;2025-11-17;3;1
28;2025-11-17;4;2
28;2025-11-17;5;79
28;2025-11-17;6;260
28;2025-11-17;7;814
28;2025-11-17;8;1310
28;2025-11-17;9;837
28;2025-11-17;10;618
28;2025-11-17;11;569
28;2025-11-17;12;720
28;2025-11-17;13;697
28;2025-11-17;14;671
28;2025-11-17;15;699
28;2025-11-17;16;905
28;2025-11-17;17;1045
28;2025-11-17;18;1014
28;2025-11-17;19;750
28;2025-11-17;20;507
28;2025-11-17;21;324
28;2025-11-17;22;121
28;2025-11-17;23;14
28;2025-11-18;0;4
28;2025-11-18;1;2
28;2025-11-18;2;1
28;2025-11-18;3;1
28;2025-11-18;4;2
28;2025-11-18;5;77
28;2025-11-18;6;253
28;2025-11-18;7;799
28;2025-11-18;8;1284
28;2025-11-18;9;819
28;2025-11-18;10;610
28;2025-11-18;11;567
28;2025-11-18;12;718
28;2025-11-18;13;696
28;2025-11-18;14;666
28;2025-11-18;15;704
28;2025-11-18;16;907
28;2025-11-18;17;1056
28;2025-11-18;18;992
28;2025-11-18;19;735
28;2025-11-18;20;505
28;2025-11-18;21;324
28;2025-11-18;22;119
28;2025-11-18;23;14
28;2025-11-19;0;3
28;2025-11-19;1;2
28;2025-11-19;2;1
28;2025-11-19;3;1
28;2025-11-19;4;3
28;2025-11-19;5;79
28;2025-11-19;6;261
28;2025-11-19;7;818
28;2025-11-19;8;1330
28;2025-11-19;9;861
28;2025-11-19;10;637
28;2025-11-19;11;586
28;2025-11-19;12;748
28;2025-11-19;13;731
28;2025-11-19;14;696
28;2025-11-19;15;720
28;2025-11-19;16;925
28;2025-11-19;17;1074
28;2025-11-19;18;1016
28;2025-11-19;19;753
28;2025-11-19;20;509
28;2025-11-19;21;328
28;2025-11-19;22;121
28;2025-11-19;23;15
28;2025-11-20;0;4
28;2025-11-20;1;2
28;2025-11-20;2;1
28;2025-11-20;3;1
28;2025-11-20;4;3
28;2025-11-20;5;79
28;2025-11-20;6;262
28;2025-11-20;7;819
28;2025-11-20;8;1332
28;2025-11-20;9;862
28;2025-11-20;10;642
28;2025-11-20;11;592
28;2025-11-20;12;748
28;2025-11-20;13;732
28;2025-11-20;14;698
28;2025-11-20;15;721
28;2025-11-20;16;926
28;2025-11-20;17;1077
28;2025-11-20;18;1021
28;2025-11-20;19;754
28;2025-11-20;20;510
28;2025-11-20;21;329
28;2025-11-20;22;121
28;2025-11-20;23;15
28;2025-11-21;0;4
28;2025-11-21;1;2
28;2025-11-21;2;1
28;2025-11-21;3;1
28;2025-11-21;4;2
28;2025-11-21;5;78
28;2025-11-21;6;259
28;2025-11-21;7;807
28;2025-11-21;8;1315
28;2025-11-21;9;856
28;2025-11-21;10;637
28;2025-11-21;11;598
28;2025-11-21;12;746
28;2025-11-21;13;742
28;2025-11-21;14;709
28;2025-11-21;15;738
28;2025-11-21;16;943
28;2025-11-21;17;1079
28;2025-11-21;18;991
28;2025-11-21;19;741
28;2025-11-21;20;508
28;2025-11-21;21;330
28;2025-11-21;22;120
28;2025-11-21;23;15
28;2025-11-22;0;3
28;2025-11-22;1;1
28;2025-11-22;2;1
28;2025-11-22;3;1
28;2025-11-22;4;2
28;2025-11-22;5;41
28;2025-11-22;6;109
28;2025-11-22;7;240
28;2025-11-22;8;418
28;2025-11-22;9;477
28;2025-11-22;10;523
28;2025-11-22;11;530
28;2025-11-22;12;626
28;2025-11-22;13;630
28;2025-11-22;14;581
28;2025-11-22;15;628
28;2025-11-22;16;628
28;2025-11-22;17;609
28;2025-11-22;18;524
28;2025-11-22;19;395
28;2025-11-22;20;289
28;2025-11-22;21;261
28;2025-11-22;22;104
28;2025-11-22;23;13
28;2025-11-23;0;3
28;2025-11-23;1;1
28;2025-11-23;2;1
28;2025-11-23;3;1
28;2025-11-23;4;1
28;2025-11-23;5;31
28;2025-11-23;6;78
28;2025-11-23;7;167
28;2025-11-23;8;260
28;2025-11-23;9;363
28;2025-11-23;10;409
28;2025-11-23;11;447
28;2025-11-23;12;461
28;2025-11-23;13;564
28;2025-11-23;14;533
28;2025-11-23;15;530
28;2025-11-23;16;469
28;2025-11-23;17;508
28;2025-11-23;18;434
28;2025-11-23;19;390
28;2025-11-23;20;293
28;2025-11-23;21;235
28;2025-11-23;22;111
28;2025-11-23;23;13
28;2025-11-24;0;3
28;2025-11-24;1;2
28;2025-11-24;2;1
28;2025-11-24;3;1
28;2025-11-24;4;2
28;2025-11-24;5;76
28;2025-11-24;6;253
28;2025-11-24;7;798
28;2025-11-24;8;1309
28;2025-11-24;9;844
28;2025-11-24;10;623
28;2025-11-24;11;568
28;2025-11-24;12;724
28;2025-11-24;13;711
28;2025-11-24;14;678
28;2025-11-24;15;704
28;2025-11-24;16;913
28;2025-11-24;17;1044
28;2025-11-24;18;1008
28;2025-11-24;19;743
28;2025-11-24;20;504
28;2025-11-24;21;323
28;2025-11-24;22;120
28;2025-11-24;23;14
28;2025-11-25;0;3
28;2025-11-25;1;2
28;2025-11-25;2;1
28;2025-11-25;3;1
28;2025-11-25;4;3
28;2025-11-25;5;79
28;2025-11-25;6;261
28;2025-11-25;7;818
28;2025-11-25;8;1331
28;2025-11-25;9;861
28;2025-11-25;10;641
28;2025-11-25;11;592
28;2025-11-25;12;747
28;2025-11-25;13;733
28;2025-11-25;14;698
28;2025-11-25;15;721
28;2025-11-25;16;925
28;2025-11-25;17;1076
28;2025-11-25;18;1020
28;2025-11-25;19;753
28;2025-11-25;20;511
28;2025-11-25;21;329
28;2025-11-25;22;121
28;2025-11-25;23;14
28;2025-11-26;0;4
28;2025-11-26;1;2
28;2025-11-26;2;1
28;2025-11-26;3;1
28;2025-11-26;4;2
28;2025-11-26;5;79
28;2025-11-26;6;260
28;2025-11-26;7;818
28;2025-11-26;8;1326
28;2025-11-26;9;851
28;2025-11-26;10;632
28;2025-11-26;11;583
28;2025-11-26;12;741
28;2025-11-26;13;727
28;2025-11-26;14;691
28;2025-11-26;15;720
28;2025-11-26;16;927
28;2025-11-26;17;1082
28;2025-11-26;18;1013
28;2025-11-26;19;748
28;2025-11-26;20;508
28;2025-11-26;21;329
28;2025-11-26;22;121
28;2025-11-26;23;14
28;2025-11-27;0;4
28;2025-11-27;1;2
28;2025-11-27;2;1
28;2025-11-27;3;1
28;2025-11-27;4;3
28;2025-11-27;5;79
28;2025-11-27;6;262
28;2025-11-27;7;820
28;2025-11-27;8;1333
28;2025-11-27;9;867
28;2025-11-27;10;646
28;2025-11-27;11;590
28;2025-11-27;12;732
28;2025-11-27;13;725
28;2025-11-27;14;686
28;2025-11-27;15;724
28;2025-11-27;16;929
28;2025-11-27;17;1062
28;2025-11-27;18;1001
28;2025-11-27;19;737
28;2025-11-27;20;501
28;2025-11-27;21;323
28;2025-11-27;22;119
28;2025-11-27;23;14
28;2025-11-28;0;3
28;2025-11-28;1;2
28;2025-11-28;2;1
28;2025-11-28;3;1
28;2025-11-28;4;2
28;2025-11-28;5;78
28;2025-11-28;6;259
28;2025-11-28;7;811
28;2025-11-28;8;1325
28;2025-11-28;9;855
28;2025-11-28;10;638
28;2025-11-28;11;600
28;2025-11-28;12;758
28;2025-11-28;13;742
28;2025-11-28;14;711
28;2025-11-28;15;738
28;2025-11-28;16;946
28;2025-11-28;17;1083
28;2025-11-28;18;989
28;2025-11-28;19;740
28;2025-11-28;20;506
28;2025-11-28;21;329
28;2025-11-28;22;120
28;2025-11-28;23;15
28;2025-11-29;0;3
28;2025-11-29;1;1
28;2025-11-29;2;1
28;2025-11-29;3;1
28;2025-11-29;4;2
28;2025-11-29;5;41
28;2025-11-29;6;109
28;2025-11-29;7;240
28;2025-11-29;8;420
28;2025-11-29;9;479
28;2025-11-29;10;522
28;2025-11-29;11;528
28;2025-11-29;12;625
28;2025-11-29;13;626
28;2025-11-29;14;578
28;2025-11-29;15;625
28;2025-11-29;16;625
28;2025-11-29;17;607
28;2025-11-29;18;524
28;2025-11-29;19;395
28;2025-11-29;20;289
28;2025-11-29;21;261
28;2025-11-29;22;105
28;2025-11-29;23;13
28;2025-11-30;0;3
28;2025-11-30;1;1
28;2025-11-30;2;1
28;2025-11-30;3;1
28;2025-11-30;4;1
28;2025-11-30;5;31
28;2025-11-30;6;78
28;2025-11-30;7;167
28;2025-11-30;8;261
28;2025-11-30;9;365
28;2025-11-30;10;411
28;2025-11-30;11;451
28;2025-11-30;12;465
28;2025-11-30;13;566
28;2025-11-30;14;533
28;2025-11-30;15;525
28;2025-11-30;16;467
28;2025-11-30;17;512
28;2025-11-30;18;437
28;2025-11-30;19;393
28;2025-11-30;20;294
28;2025-11-30;21;235
28;2025-11-30;22;111
28;2025-11-30;23;14
28;2025-12-01;0;3
28;2025-12-01;1;2
28;2025-12-01;2;1
28;2025-12-01;3;1
28;2025-12-01;4;2
28;2025-12-01;5;79
28;2025-12-01;6;260
28;2025-12-01;7;814
28;2025-12-01;8;1327
28;2025-12-01;9;852
28;2025-12-01;10;635
28;2025-12-01;11;584
28;2025-12-01;12;738
28;2025-12-01;13;726
28;2025-12-01;14;692
28;2025-12-01;15;716
28;2025-12-01;16;918
28;2025-12-01;17;1063
28;2025-12-01;18;1017
28;2025-12-01;19;749
28;2025-12-01;20;505
28;2025-12-01;21;327
28;2025-12-01;22;121
28;2025-12-01;23;14
28;2025-12-02;0;4
28;2025-12-02;1;2
28;2025-12-02;2;1
28;2025-12-02;3;1
28;2025-12-02;4;3
28;2025-12-02;5;79
28;2025-12-02;6;261
28;2025-12-02;7;818
28;2025-12-02;8;1330
28;2025-12-02;9;866
28;2025-12-02;10;645
28;2025-12-02;11;595
28;2025-12-02;12;752
28;2025-12-02;13;736
28;2025-12-02;14;698
28;2025-12-02;15;721
28;2025-12-02;16;926
28;2025-12-02;17;1082
28;2025-12-02;18;1029
28;2025-12-02;19;759
28;2025-12-02;20;511
28;2025-12-02;21;329
28;2025-12-02;22;121
28;2025-12-02;23;14
28;2025-12-03;0;4
28;2025-12-03;1;2
28;2025-12-03;2;1
28;2025-12-03;3;1
28;2025-12-03;4;3
28;2025-12-03;5;79
28;2025-12-03;6;261
28;2025-12-03;7;818
28;2025-12-03;8;1330
28;2025-12-03;9;868
28;2025-12-03;10;647
28;2025-12-03;11;597
28;2025-12-03;12;756
28;2025-12-03;13;740
28;2025-12-03;14;701
28;2025-12-03;15;721
28;2025-12-03;16;926
28;2025-12-03;17;1082
28;2025-12-03;18;1028
28;2025-12-03;19;759
28;2025-12-03;20;510
28;2025-12-03;21;328
28;2025-12-03;22;121
28;2025-12-03;23;14
28;2025-12-04;0;4
28;2025-12-04;1;2
28;2025-12-04;2;1
28;2025-12-04;3;1
28;2025-12-04;4;3
28;2025-12-04;5;79
28;2025-12-04;6;261
28;2025-12-04;7;819
28;2025-12-04;8;1332
28;2025-12-04;9;867
28;2025-12-04;10;646
28;2025-12-04;11;596
28;2025-12-04;12;753
28;2025-12-04;13;737
28;2025-12-04;14;699
28;2025-12-04;15;724
28;2025-12-04;16;928
28;2025-12-04;17;1082
28;2025-12-04;18;1027
28;2025-12-04;19;753
28;2025-12-04;20;509
28;2025-12-04;21;329
28;2025-12-04;22;121
28;2025-12-04;23;14
28;2025-12-05;0;4
28;2025-12-05;1;2
28;2025-12-05;2;1
28;2025-12-05;3;1
28;2025-12-05;4;2
28;2025-12-05;5;78
28;2025-12-05;6;260
28;2025-12-05;7;810
28;2025-12-05;8;1330
28;2025-12-05;9;858
28;2025-12-05;10;639
28;2025-12-05;11;600
28;2025-12-05;12;760
28;2025-12-05;13;744
28;2025-12-05;14;711
28;2025-12-05;15;739
28;2025-12-05;16;946
28;2025-12-05;17;1083
28;2025-12-05;18;991
28;2025-12-05;19;740
28;2025-12-05;20;506
28;2025-12-05;21;330
28;2025-12-05;22;120
28;2025-12-05;23;15
28;2025-12-06;0;3
28;2025-12-06;1;1
28;2025-12-06;2;1
28;2025-12-06;3;1
28;2025-12-06;4;2
28;2025-12-06;5;41
28;2025-12-06;6;109
28;2025-12-06;7;240
28;2025-12-06;8;420
28;2025-12-06;9;479
28;2025-12-06;10;523
28;2025-12-06;11;528
28;2025-12-06;12;626
28;2025-12-06;13;628
28;2025-12-06;14;580
28;2025-12-06;15;627
28;2025-12-06;16;626
28;2025-12-06;17;609
28;2025-12-06;18;524
28;2025-12-06;19;395
28;2025-12-06;20;289
28;2025-12-06;21;261
28;2025-12-06;22;105
28;2025-12-06;23;13
28;2025-12-07;0;3
28;2025-12-07;1;1
28;2025-12-07;2;1
28;2025-12-07;3;1
28;2025-12-07;4;1
28;2025-12-07;5;31
28;2025-12-07;6;78
28;2025-12-07;7;167
28;2025-12-07;8;260
28;2025-12-07;9;363
28;2025-12-07;10;409
28;2025-12-07;11;448
28;2025-12-07;12;460
28;2025-12-07;13;559
28;2025-12-07;14;529
28;2025-12-07;15;523
28;2025-12-07;16;466
28;2025-12-07;17;507
28;2025-12-07;18;433
28;2025-12-07;19;390
28;2025-12-07;20;293
28;2025-12-07;21;235
28;2025-12-07;22;111
28;2025-12-07;23;14
28;2025-12-08;0;3
28;2025-12-08;1;2
28;2025-12-08;2;1
28;2025-12-08;3;1
28;2025-12-08;4;2
28;2025-12-08;5;79
28;2025-12-08;6;259
28;2025-12-08;7;814
28;2025-12-08;8;1319
28;2025-12-08;9;851
28;2025-12-08;10;633
28;2025-12-08;11;584
28;2025-12-08;12;738
28;2025-12-08;13;725
28;2025-12-08;14;691
28;2025-12-08;15;716
28;2025-12-08;16;919
28;2025-12-08;17;1062
28;2025-12-08;18;1013
28;2025-12-08;19;749
28;2025-12-08;20;506
28;2025-12-08;21;327
28;2025-12-08;22;121
28;2025-12-08;23;14
28;2025-12-09;0;4
28;2025-12-09;1;2
28;2025-12-09;2;1
28;2025-12-09;3;1
28;2025-12-09;4;3
28;2025-12-09;5;79
28;2025-12-09;6;261
28;2025-12-09;7;816
28;2025-12-09;8;1322
28;2025-12-09;9;859
28;2025-12-09;10;637
28;2025-12-09;11;584
28;2025-12-09;12;736
28;2025-12-09;13;722
28;2025-12-09;14;688
28;2025-12-09;15;717
28;2025-12-09;16;924
28;2025-12-09;17;1063
28;2025-12-09;18;1010
28;2025-12-09;19;752
28;2025-12-09;20;511
28;2025-12-09;21;328
28;2025-12-09;22;121
28;2025-12-09;23;14
28;2025-12-10;0;4
28;2025-12-10;1;2
28;2025-12-10;2;1
28;2025-12-10;3;1
28;2025-12-10;4;3
28;2025-12-10;5;79
28;2025-12-10;6;260
28;2025-12-10;7;815
28;2025-12-10;8;1327
28;2025-12-10;9;865
28;2025-12-10;10;645
28;2025-12-10;11;594
28;2025-12-10;12;751
28;2025-12-10;13;734
28;2025-12-10;14;696
28;2025-12-10;15;721
28;2025-12-10;16;925
28;2025-12-10;17;1078
28;2025-12-10;18;1024
28;2025-12-10;19;756
28;2025-12-10;20;510
28;2025-12-10;21;329
28;2025-12-10;22;121
28;2025-12-10;23;14
28;2025-12-11;0;4
28;2025-12-11;1;2
28;2025-12-11;2;1
28;2025-12-11;3;1
28;2025-12-11;4;3
28;2025-12-11;5;80
28;2025-12-11;6;263
28;2025-12-11;7;820
28;2025-12-11;8;1321
28;2025-12-11;9;838
28;2025-12-11;10;629
28;2025-12-11;11;581
28;2025-12-11;12;735
28;2025-12-11;13;724
28;2025-12-11;14;695
28;2025-12-11;15;714
28;2025-12-11;16;919
28;2025-12-11;17;1070
28;2025-12-11;18;1013
28;2025-12-11;19;740
28;2025-12-11;20;504
28;2025-12-11;21;325
28;2025-12-11;22;121
28;2025-12-11;23;15
28;2025-12-12;0;4
28;2025-12-12;1;2
28;2025-12-12;2;1
28;2025-12-12;3;1
28;2025-12-12;4;2
28;2025-12-12;5;78
28;2025-12-12;6;259
28;2025-12-12;7;809
28;2025-12-12;8;1315
28;2025-12-12;9;854
28;2025-12-12;10;636
28;2025-12-12;11;598
28;2025-12-12;12;729
28;2025-12-12;13;714
28;2025-12-12;14;682
28;2025-12-12;15;708
28;2025-12-12;16;923
28;2025-12-12;17;1045
28;2025-12-12;18;974
28;2025-12-12;19;729
28;2025-12-12;20;503
28;2025-12-12;21;325
28;2025-12-12;22;118
28;2025-12-12;23;14
28;2025-12-13;0;3
28;2025-12-13;1;1
28;2025-12-13;2;1
28;2025-12-13;3;1
28;2025-12-13;4;2
28;2025-12-13;5;39
28;2025-12-13;6;105
28;2025-12-13;7;229
28;2025-12-13;8;399
28;2025-12-13;9;453
28;2025-12-13;10;495
28;2025-12-13;11;500
28;2025-12-13;12;593
28;2025-12-13;13;598
28;2025-12-13;14;546
28;2025-12-13;15;591
28;2025-12-13;16;593
28;2025-12-13;17;576
28;2025-12-13;18;502
28;2025-12-13;19;381
28;2025-12-13;20;281
28;2025-12-13;21;255
28;2025-12-13;22;103
28;2025-12-13;23;13
28;2025-12-14;0;3
28;2025-12-14;1;1
28;2025-12-14;2;1
28;2025-12-14;3;1
28;2025-12-14;4;1
28;2025-12-14;5;30
28;2025-12-14;6;78
28;2025-12-14;7;167
28;2025-12-14;8;254
28;2025-12-14;9;349
28;2025-12-14;10;393
28;2025-12-14;11;430
28;2025-12-14;12;439
28;2025-12-14;13;534
28;2025-12-14;14;505
28;2025-12-14;15;500
28;2025-12-14;16;456
28;2025-12-14;17;494
28;2025-12-14;18;428
28;2025-12-14;19;390
28;2025-12-14;20;293
28;2025-12-14;21;235
28;2025-12-14;22;111
28;2025-12-14;23;14
28;2025-12-15;0;3
28;2025-12-15;1;2
28;2025-12-15;2;1
28;2025-12-15;3;1
28;2025-12-15;4;2
28;2025-12-15;5;79
28;2025-12-15;6;259
28;2025-12-15;7;811
28;2025-12-15;8;1320
28;2025-12-15;9;848
28;2025-12-15;10;633
28;2025-12-15;11;582
28;2025-12-15;12;733
28;2025-12-15;13;719
28;2025-12-15;14;686
28;2025-12-15;15;712
28;2025-12-15;16;913
28;2025-12-15;17;1059
28;2025-12-15;18;1006
28;2025-12-15;19;743
28;2025-12-15;20;503
28;2025-12-15;21;325
28;2025-12-15;22;120
28;2025-12-15;23;14
28;2025-12-16;0;4
28;2025-12-16;1;2
28;2025-12-16;2;1
28;2025-12-16;3;1
28;2025-12-16;4;3
28;2025-12-16;5;79
28;2025-12-16;6;261
28;2025-12-16;7;818
28;2025-12-16;8;1331
28;2025-12-16;9;865
28;2025-12-16;10;645
28;2025-12-16;11;592
28;2025-12-16;12;747
28;2025-12-16;13;716
28;2025-12-16;14;695
28;2025-12-16;15;718
28;2025-12-16;16;924
28;2025-12-16;17;1073
28;2025-12-16;18;1021
28;2025-12-16;19;755
28;2025-12-16;20;512
28;2025-12-16;21;330
28;2025-12-16;22;122
28;2025-12-16;23;15
28;2025-12-17;0;3
28;2025-12-17;1;2
28;2025-12-17;2;1
28;2025-12-17;3;1
28;2025-12-17;4;3
28;2025-12-17;5;79
28;2025-12-17;6;261
28;2025-12-17;7;819
28;2025-12-17;8;1331
28;2025-12-17;9;865
28;2025-12-17;10;645
28;2025-12-17;11;595
28;2025-12-17;12;752
28;2025-12-17;13;736
28;2025-12-17;14;698
28;2025-12-17;15;723
28;2025-12-17;16;925
28;2025-12-17;17;1078
28;2025-12-17;18;1024
28;2025-12-17;19;756
28;2025-12-17;20;510
28;2025-12-17;21;329
28;2025-12-17;22;121
28;2025-12-17;23;14
28;2025-12-18;0;4
28;2025-12-18;1;2
28;2025-12-18;2;1
28;2025-12-18;3;1
28;2025-12-18;4;3
28;2025-12-18;5;80
28;2025-12-18;6;262
28;2025-12-18;7;821
28;2025-12-18;8;1330
28;2025-12-18;9;864
28;2025-12-18;10;643
28;2025-12-18;11;593
28;2025-12-18;12;750
28;2025-12-18;13;736
28;2025-12-18;14;698
28;2025-12-18;15;723
28;2025-12-18;16;927
28;2025-12-18;17;1081
28;2025-12-18;18;1027
28;2025-12-18;19;760
28;2025-12-18;20;514
28;2025-12-18;21;329
28;2025-12-18;22;121
28;2025-12-18;23;15
28;2025-12-19;0;4
28;2025-12-19;1;2
28;2025-12-19;2;1
28;2025-12-19;3;1
28;2025-12-19;4;2
28;2025-12-19;5;78
28;2025-12-19;6;260
28;2025-12-19;7;810
28;2025-12-19;8;1324
28;2025-12-19;9;857
28;2025-12-19;10;637
28;2025-12-19;11;598
28;2025-12-19;12;756
28;2025-12-19;13;740
28;2025-12-19;14;707
28;2025-12-19;15;735
28;2025-12-19;16;940
28;2025-12-19;17;1075
28;2025-12-19;18;1003
28;2025-12-19;19;740
28;2025-12-19;20;507
28;2025-12-19;21;330
28;2025-12-19;22;120
28;2025-12-19;23;15
28;2025-12-20;0;3
28;2025-12-20;1;1
28;2025-12-20;2;1
28;2025-12-20;3;1
28;2025-12-20;4;2
28;2025-12-20;5;41
28;2025-12-20;6;109
28;2025-12-20;7;240
28;2025-12-20;8;420
28;2025-12-20;9;475
28;2025-12-20;10;522
28;2025-12-20;11;527
28;2025-12-20;12;624
28;2025-12-20;13;626
28;2025-12-20;14;578
28;2025-12-20;15;625
28;2025-12-20;16;624
28;2025-12-20;17;603
28;2025-12-20;18;515
28;2025-12-20;19;389
28;2025-12-20;20;284
28;2025-12-20;21;257
28;2025-12-20;22;104
28;2025-12-20;23;13
28;2025-12-21;0;3
28;2025-12-21;1;1
28;2025-12-21;2;1
28;2025-12-21;3;1
28;2025-12-21;4;1
28;2025-12-21;5;31
28;2025-12-21;6;78
28;2025-12-21;7;167
28;2025-12-21;8;260
28;2025-12-21;9;363
28;2025-12-21;10;409
28;2025-12-21;11;448
28;2025-12-21;12;462
28;2025-12-21;13;562
28;2025-12-21;14;529
28;2025-12-21;15;524
28;2025-12-21;16;466
28;2025-12-21;17;508
28;2025-12-21;18;435
28;2025-12-21;19;391
28;2025-12-21;20;294
28;2025-12-21;21;235
28;2025-12-21;22;109
28;2025-12-21;23;14
28;2025-12-22;0;4
28;2025-12-22;1;2
28;2025-12-22;2;1
28;2025-12-22;3;1
28;2025-12-22;4;3
28;2025-12-22;5;79
28;2025-12-22;6;260
28;2025-12-22;7;816
28;2025-12-22;8;1327
28;2025-12-22;9;840
28;2025-12-22;10;626
28;2025-12-22;11;577
28;2025-12-22;12;725
28;2025-12-22;13;714
28;2025-12-22;14;673
28;2025-12-22;15;704
28;2025-12-22;16;906
28;2025-12-22;17;1044
28;2025-12-22;18;998
28;2025-12-22;19;739
28;2025-12-22;20;498
28;2025-12-22;21;325
28;2025-12-22;22;121
28;2025-12-22;23;14
28;2025-12-23;0;3
28;2025-12-23;1;2
28;2025-12-23;2;1
28;2025-12-23;3;1
28;2025-12-23;4;2
28;2025-12-23;5;78
28;2025-12-23;6;259
28;2025-12-23;7;806
28;2025-12-23;8;1304
28;2025-12-23;9;843
28;2025-12-23;10;630
28;2025-12-23;11;581
28;2025-12-23;12;734
28;2025-12-23;13;722
28;2025-12-23;14;691
28;2025-12-23;15;716
28;2025-12-23;16;922
28;2025-12-23;17;1067
28;2025-12-23;18;1012
28;2025-12-23;19;751
28;2025-12-23;20;509
28;2025-12-23;21;329
28;2025-12-23;22;121
28;2025-12-23;23;14
28;2025-12-24;0;4
28;2025-12-24;1;2
28;2025-12-24;2;1
28;2025-12-24;3;1
28;2025-12-24;4;3
28;2025-12-24;5;79
28;2025-12-24;6;260
28;2025-12-24;7;818
28;2025-12-24;8;1331
28;2025-12-24;9;861
28;2025-12-24;10;640
28;2025-12-24;11;588
28;2025-12-24;12;744
28;2025-12-24;13;727
28;2025-12-24;14;692
28;2025-12-24;15;715
28;2025-12-24;16;924
28;2025-12-24;17;1071
28;2025-12-24;18;1018
28;2025-12-24;19;752
28;2025-12-24;20;511
28;2025-12-24;21;329
28;2025-12-24;22;121
28;2025-12-24;23;15
28;2025-12-25;0;4
28;2025-12-25;1;2
28;2025-12-25;2;1
28;2025-12-25;3;1
28;2025-12-25;4;3
28;2025-12-25;5;80
28;2025-12-25;6;262
28;2025-12-25;7;821
28;2025-12-25;8;1330
28;2025-12-25;9;864
28;2025-12-25;10;646
28;2025-12-25;11;594
28;2025-12-25;12;751
28;2025-12-25;13;736
28;2025-12-25;14;696
28;2025-12-25;15;721
28;2025-12-25;16;928
28;2025-12-25;17;1073
28;2025-12-25;18;1016
28;2025-12-25;19;758
28;2025-12-25;20;511
28;2025-12-25;21;327
28;2025-12-25;22;120
28;2025-12-25;23;14
28;2025-12-26;0;3
28;2025-12-26;1;1
28;2025-12-26;2;1
28;2025-12-26;3;1
28;2025-12-26;4;2
28;2025-12-26;5;78
28;2025-12-26;6;255
28;2025-12-26;7;795
28;2025-12-26;8;1288
28;2025-12-26;9;829
28;2025-12-26;10;617
28;2025-12-26;11;575
28;2025-12-26;12;728
28;2025-12-26;13;725
28;2025-12-26;14;687
28;2025-12-26;15;713
28;2025-12-26;16;919
28;2025-12-26;17;1049
28;2025-12-26;18;985
28;2025-12-26;19;733
28;2025-12-26;20;499
28;2025-12-26;21;324
28;2025-12-26;22;119
28;2025-12-26;23;14
28;2025-12-27;0;3
28;2025-12-27;1;1
28;2025-12-27;2;1
28;2025-12-27;3;1
28;2025-12-27;4;2
28;2025-12-27;5;40
28;2025-12-27;6;106
28;2025-12-27;7;233
28;2025-12-27;8;408
28;2025-12-27;9;478
28;2025-12-27;10;511
28;2025-12-27;11;518
28;2025-12-27;12;624
28;2025-12-27;13;626
28;2025-12-27;14;578
28;2025-12-27;15;625
28;2025-12-27;16;625
28;2025-12-27;17;607
28;2025-12-27;18;524
28;2025-12-27;19;395
28;2025-12-27;20;289
28;2025-12-27;21;261
28;2025-12-27;22;104
28;2025-12-27;23;13
28;2025-12-28;0;3
28;2025-12-28;1;1
28;2025-12-28;2;1
28;2025-12-28;3;1
28;2025-12-28;4;1
28;2025-12-28;5;31
28;2025-12-28;6;78
28;2025-12-28;7;166
28;2025-12-28;8;258
28;2025-12-28;9;359
28;2025-12-28;10;409
28;2025-12-28;11;444
28;2025-12-28;12;462
28;2025-12-28;13;562
28;2025-12-28;14;529
28;2025-12-28;15;523
28;2025-12-28;16;466
28;2025-12-28;17;508
28;2025-12-28;18;435
28;2025-12-28;19;391
28;2025-12-28;20;294
28;2025-12-28;21;235
28;2025-12-28;22;111
28;2025-12-28;23;14
28;2025-12-29;0;3
28;2025-12-29;1;2
28;2025-12-29;2;1
28;2025-12-29;3;1
28;2025-12-29;4;2
28;2025-12-29;5;79
28;2025-12-29;6;259
28;2025-12-29;7;811
28;2025-12-29;8;1320
28;2025-12-29;9;849
28;2025-12-29;10;633
28;2025-12-29;11;582
28;2025-12-29;12;734
28;2025-12-29;13;719
28;2025-12-29;14;686
28;2025-12-29;15;712
28;2025-12-29;16;913
28;2025-12-29;17;1059
28;2025-12-29;18;1011
28;2025-12-29;19;745
28;2025-12-29;20;505
28;2025-12-29;21;327
28;2025-12-29;22;120
28;2025-12-29;23;14
28;2025-12-30;0;4
28;2025-12-30;1;2
28;2025-12-30;2;1
28;2025-12-30;3;1
28;2025-12-30;4;3
28;2025-12-30;5;79
28;2025-12-30;6;261
28;2025-12-30;7;817
28;2025-12-30;8;1326
28;2025-12-30;9;857
28;2025-12-30;10;638
28;2025-12-30;11;588
28;2025-12-30;12;749
28;2025-12-30;13;729
28;2025-12-30;14;696
28;2025-12-30;15;720
28;2025-12-30;16;924
28;2025-12-30;17;1074
28;2025-12-30;18;1025
28;2025-12-30;19;752
28;2025-12-30;20;510
28;2025-12-30;21;328
28;2025-12-30;22;121
28;2025-12-30;23;14
28;2025-12-31;0;3
28;2025-12-31;1;1
28;2025-12-31;2;1
28;2025-12-31;3;1
28;2025-12-31;4;1
28;2025-12-31;5;31
28;2025-12-31;6;78
28;2025-12-31;7;166
28;2025-12-31;8;259
28;2025-12-31;9;364
28;2025-12-31;10;410
28;2025-12-31;11;449
28;2025-12-31;12;462
28;2025-12-31;13;559
28;2025-12-31;14;527
28;2025-12-31;15;522
28;2025-12-31;16;466
28;2025-12-31;17;509
28;2025-12-31;18;435
28;2025-12-31;19;392
28;2025-12-31;20;293
28;2025-12-31;21;235
28;2025-12-31;22;111
28;2025-12-31;23;14
50;2025-11-01;0;28
50;2025-11-01;1;3
50;2025-11-01;2;1
50;2025-11-01;3;1
50;2025-11-01;4;4
50;2025-11-01;5;74
50;2025-11-01;6;520
50;2025-11-01;7;1720
50;2025-11-01;8;2815
50;2025-11-01;9;2238
50;2025-11-01;10;1702
50;2025-11-01;11;1536
50;2025-11-01;12;1447
50;2025-11-01;13;1526
50;2025-11-01;14;1457
50;2025-11-01;15;1695
50;2025-11-01;16;1818
50;2025-11-01;17;2414
50;2025-11-01;18;2350
50;2025-11-01;19;1384
50;2025-11-01;20;916
50;2025-11-01;21;615
50;2025-11-01;22;248
50;2025-11-01;23;147
50;2025-11-02;0;3
50;2025-11-02;1;1
50;2025-11-02;2;1
50;2025-11-02;3;1
50;2025-11-02;4;1
50;2025-11-02;5;1
50;2025-11-02;6;4
50;2025-11-02;7;6
50;2025-11-02;8;12
50;2025-11-02;9;9
50;2025-11-02;10;24
50;2025-11-02;11;77
50;2025-11-02;12;59
50;2025-11-02;13;70
50;2025-11-02;14;119
50;2025-11-02;15;97
50;2025-11-02;16;113
50;2025-11-02;17;102
50;2025-11-02;18;60
50;2025-11-02;19;65
50;2025-11-02;20;47
50;2025-11-02;21;31
50;2025-11-02;22;36
50;2025-11-02;23;11
50;2025-11-03;0;3
50;2025-11-03;1;1
50;2025-11-03;2;1
50;2025-11-03;3;1
50;2025-11-03;4;1
50;2025-11-03;5;1
50;2025-11-03;6;4
50;2025-11-03;7;6
50;2025-11-03;8;12
50;2025-11-03;9;9
50;2025-11-03;10;23
50;2025-11-03;11;72
50;2025-11-03;12;55
50;2025-11-03;13;67
50;2025-11-03;14;112
50;2025-11-03;15;92
50;2025-11-03;16;109
50;2025-11-03;17;98
50;2025-11-03;18;59
50;2025-11-03;19;63
50;2025-11-03;20;46
50;2025-11-03;21;30
50;2025-11-03;22;35
50;2025-11-03;23;11
50;2025-11-04;0;3
50;2025-11-04;1;1
50;2025-11-04;2;1
50;2025-11-04;3;1
50;2025-11-04;4;1
50;2025-11-04;5;1
50;2025-11-04;6;4
50;2025-11-04;7;6
50;2025-11-04;8;11
50;2025-11-04;9;9
50;2025-11-04;10;22
50;2025-11-04;11;72
50;2025-11-04;12;55
50;2025-11-04;13;66
50;2025-11-04;14;117
50;2025-11-04;15;95
50;2025-11-04;16;112
50;2025-11-04;17;102
50;2025-11-04;18;60
50;2025-11-04;19;65
50;2025-11-04;20;47
50;2025-11-04;21;31
50;2025-11-04;22;36
50;2025-11-04;23;11
50;2025-11-05;0;28
50;2025-11-05;1;3
50;2025-11-05;2;1
50;2025-11-05;3;1
50;2025-11-05;4;4
50;2025-11-05;5;74
50;2025-11-05;6;524
50;2025-11-05;7;1720
50;2025-11-05;8;2812
50;2025-11-05;9;2260
50;2025-11-05;10;1709
50;2025-11-05;11;1533
50;2025-11-05;12;1437
50;2025-11-05;13;1517
50;2025-11-05;14;1442
50;2025-11-05;15;1676
50;2025-11-05;16;1795
50;2025-11-05;17;2367
50;2025-11-05;18;2305
50;2025-11-05;19;1366
50;2025-11-05;20;915
50;2025-11-05;21;614
50;2025-11-05;22;247
50;2025-11-05;23;146
50;2025-11-06;0;28
50;2025-11-06;1;3
50;2025-11-06;2;1
50;2025-11-06;3;1
50;2025-11-06;4;4
50;2025-11-06;5;74
50;2025-11-06;6;521
50;2025-11-06;7;1725
50;2025-11-06;8;2821
50;2025-11-06;9;2257
50;2025-11-06;10;1715
50;2025-11-06;11;1510
50;2025-11-06;12;1458
50;2025-11-06;13;1538
50;2025-11-06;14;1455
50;2025-11-06;15;1673
50;2025-11-06;16;1794
50;2025-11-06;17;2387
50;2025-11-06;18;2337
50;2025-11-06;19;1376
50;2025-11-06;20;904
50;2025-11-06;21;618
50;2025-11-06;22;249
50;2025-11-06;23;146
50;2025-11-07;0;28
50;2025-11-07;1;3
50;2025-11-07;2;1
50;2025-11-07;3;1
50;2025-11-07;4;4
50;2025-11-07;5;74
50;2025-11-07;6;517
50;2025-11-07;7;1702
50;2025-11-07;8;2810
50;2025-11-07;9;2190
50;2025-11-07;10;1688
50;2025-11-07;11;1554
50;2025-11-07;12;1465
50;2025-11-07;13;1549
50;2025-11-07;14;1473
50;2025-11-07;15;1720
50;2025-11-07;16;1840
50;2025-11-07;17;2392
50;2025-11-07;18;2249
50;2025-11-07;19;1345
50;2025-11-07;20;910
50;2025-11-07;21;616
50;2025-11-07;22;246
50;2025-11-07;23;147
50;2025-11-08;0;51
50;2025-11-08;1;7
50;2025-11-08;2;1
50;2025-11-08;3;3
50;2025-11-08;4;1
50;2025-11-08;5;9
50;2025-11-08;6;11
50;2025-11-08;7;17
50;2025-11-08;8;33
50;2025-11-08;9;65
50;2025-11-08;10;25
50;2025-11-08;11;42
50;2025-11-08;12;73
50;2025-11-08;13;49
50;2025-11-08;14;62
50;2025-11-08;15;89
50;2025-11-08;16;57
50;2025-11-08;17;57
50;2025-11-08;18;15
50;2025-11-08;19;13
50;2025-11-08;20;9
50;2025-11-08;21;10
50;2025-11-08;22;10
50;2025-11-08;23;3
50;2025-11-09;0;3
50;2025-11-09;1;1
50;2025-11-09;2;1
50;2025-11-09;3;1
50;2025-11-09;4;1
50;2025-11-09;5;1
50;2025-11-09;6;4
50;2025-11-09;7;6
50;2025-11-09;8;12
50;2025-11-09;9;9
50;2025-11-09;10;23
50;2025-11-09;11;76
50;2025-11-09;12;58
50;2025-11-09;13;71
50;2025-11-09;14;116
50;2025-11-09;15;96
50;2025-11-09;16;113
50;2025-11-09;17;102
50;2025-11-09;18;60
50;2025-11-09;19;65
50;2025-11-09;20;47
50;2025-11-09;21;31
50;2025-11-09;22;36
50;2025-11-09;23;11
50;2025-11-10;0;28
50;2025-11-10;1;3
50;2025-11-10;2;1
50;2025-11-10;3;1
50;2025-11-10;4;4
50;2025-11-10;5;74
50;2025-11-10;6;519
50;2025-11-10;7;1717
50;2025-11-10;8;2820
50;2025-11-10;9;2220
50;2025-11-10;10;1690
50;2025-11-10;11;1526
50;2025-11-10;12;1439
50;2025-11-10;13;1524
50;2025-11-10;14;1447
50;2025-11-10;15;1682
50;2025-11-10;16;1794
50;2025-11-10;17;2361
50;2025-11-10;18;2303
50;2025-11-10;19;1365
50;2025-11-10;20;914
50;2025-11-10;21;615
50;2025-11-10;22;248
50;2025-11-10;23;146
50;2025-11-11;0;28
50;2025-11-11;1;4
50;2025-11-11;2;1
50;2025-11-11;3;1
50;2025-11-11;4;5
50;2025-11-11;5;75
50;2025-11-11;6;525
50;2025-11-11;7;1739
50;2025-11-11;8;2847
50;2025-11-11;9;2283
50;2025-11-11;10;1736
50;2025-11-11;11;1571
50;2025-11-11;12;1474
50;2025-11-11;13;1555
50;2025-11-11;14;1468
50;2025-11-11;15;1707
50;2025-11-11;16;1827
50;2025-11-11;17;2429
50;2025-11-11;18;2375
50;2025-11-11;19;1395
50;2025-11-11;20;924
50;2025-11-11;21;623
50;2025-11-11;22;249
50;2025-11-11;23;148
50;2025-11-12;0;28
50;2025-11-12;1;4
50;2025-11-12;2;1
50;2025-11-12;3;1
50;2025-11-12;4;5
50;2025-11-12;5;75
50;2025-11-12;6;523
50;2025-11-12;7;1728
50;2025-11-12;8;2827
50;2025-11-12;9;2259
50;2025-11-12;10;1693
50;2025-11-12;11;1521
50;2025-11-12;12;1439
50;2025-11-12;13;1522
50;2025-11-12;14;1446
50;2025-11-12;15;1679
50;2025-11-12;16;1810
50;2025-11-12;17;2402
50;2025-11-12;18;2322
50;2025-11-12;19;1383
50;2025-11-12;20;920
50;2025-11-12;21;617
50;2025-11-12;22;248
50;2025-11-12;23;147
50;2025-11-13;0;28
50;2025-11-13;1;4
50;2025-11-13;2;1
50;2025-11-13;3;1
50;2025-11-13;4;5
50;2025-11-13;5;75
50;2025-11-13;6;520
50;2025-11-13;7;1741
50;2025-11-13;8;2850
50;2025-11-13;9;2287
50;2025-11-13;10;1737
50;2025-11-13;11;1565
50;2025-11-13;12;1472
50;2025-11-13;13;1543
50;2025-11-13;14;1459
50;2025-11-13;15;1690
50;2025-11-13;16;1805
50;2025-11-13;17;2397
50;2025-11-13;18;2345
50;2025-11-13;19;1384
50;2025-11-13;20;924
50;2025-11-13;21;619
50;2025-11-13;22;249
50;2025-11-13;23;148
50;2025-11-14;0;28
50;2025-11-14;1;3
50;2025-11-14;2;1
50;2025-11-14;3;1
50;2025-11-14;4;4
50;2025-11-14;5;73
50;2025-11-14;6;511
50;2025-11-14;7;1677
50;2025-11-14;8;2739
50;2025-11-14;9;2165
50;2025-11-14;10;1647
50;2025-11-14;11;1519
50;2025-11-14;12;1433
50;2025-11-14;13;1519
50;2025-11-14;14;1435
50;2025-11-14;15;1676
50;2025-11-14;16;1801
50;2025-11-14;17;2348
50;2025-11-14;18;2225
50;2025-11-14;19;1337
50;2025-11-14;20;912
50;2025-11-14;21;610
50;2025-11-14;22;247
50;2025-11-14;23;146
50;2025-11-15;0;50
50;2025-11-15;1;7
50;2025-11-15;2;1
50;2025-11-15;3;3
50;2025-11-15;4;1
50;2025-11-15;5;9
50;2025-11-15;6;11
50;2025-11-15;7;17
50;2025-11-15;8;34
50;2025-11-15;9;65
50;2025-11-15;10;25
50;2025-11-15;11;42
50;2025-11-15;12;76
50;2025-11-15;13;51
50;2025-11-15;14;62
50;2025-11-15;15;90
50;2025-11-15;16;58
50;2025-11-15;17;56
50;2025-11-15;18;14
50;2025-11-15;19;13
50;2025-11-15;20;10
50;2025-11-15;21;10
50;2025-11-15;22;10
50;2025-11-15;23;4
50;2025-11-16;0;3
50;2025-11-16;1;1
50;2025-11-16;2;1
50;2025-11-16;3;1
50;2025-11-16;4;1
50;2025-11-16;5;1
50;2025-11-16;6;4
50;2025-11-16;7;6
50;2025-11-16;8;12
50;2025-11-16;9;9
50;2025-11-16;10;24
50;2025-11-16;11;77
50;2025-11-16;12;59
50;2025-11-16;13;72
50;2025-11-16;14;119
50;2025-11-16;15;96
50;2025-11-16;16;113
50;2025-11-16;17;102
50;2025-11-16;18;59
50;2025-11-16;19;65
50;2025-11-16;20;47
50;2025-11-16;21;31
50;2025-11-16;22;35
50;2025-11-16;23;11
50;2025-11-17;0;28
50;2025-11-17;1;4
50;2025-11-17;2;1
50;2025-11-17;3;1
50;2025-11-17;4;5
50;2025-11-17;5;75
50;2025-11-17;6;522
50;2025-11-17;7;1716
50;2025-11-17;8;2789
50;2025-11-17;9;2186
50;2025-11-17;10;1651
50;2025-11-17;11;1491
50;2025-11-17;12;1401
50;2025-11-17;13;1465
50;2025-11-17;14;1405
50;2025-11-17;15;1640
50;2025-11-17;16;1773
50;2025-11-17;17;2335
50;2025-11-17;18;2323
50;2025-11-17;19;1371
50;2025-11-17;20;919
50;2025-11-17;21;613
50;2025-11-17;22;249
50;2025-11-17;23;147
50;2025-11-18;0;28
50;2025-11-18;1;3
50;2025-11-18;2;1
50;2025-11-18;3;1
50;2025-11-18;4;4
50;2025-11-18;5;72
50;2025-11-18;6;504
50;2025-11-18;7;1682
50;2025-11-18;8;2738
50;2025-11-18;9;2133
50;2025-11-18;10;1603
50;2025-11-18;11;1480
50;2025-11-18;12;1396
50;2025-11-18;13;1456
50;2025-11-18;14;1388
50;2025-11-18;15;1654
50;2025-11-18;16;1771
50;2025-11-18;17;2363
50;2025-11-18;18;2284
50;2025-11-18;19;1350
50;2025-11-18;20;919
50;2025-11-18;21;614
50;2025-11-18;22;247
50;2025-11-18;23;146
50;2025-11-19;0;28
50;2025-11-19;1;4
50;2025-11-19;2;1
50;2025-11-19;3;1
50;2025-11-19;4;5
50;2025-11-19;5;75
50;2025-11-19;6;525
50;2025-11-19;7;1727
50;2025-11-19;8;2826
50;2025-11-19;9;2249
50;2025-11-19;10;1705
50;2025-11-19;11;1540
50;2025-11-19;12;1460
50;2025-11-19;13;1537
50;2025-11-19;14;1458
50;2025-11-19;15;1695
50;2025-11-19;16;1813
50;2025-11-19;17;2391
50;2025-11-19;18;2332
50;2025-11-19;19;1381
50;2025-11-19;20;924
50;2025-11-19;21;620
50;2025-11-19;22;250
50;2025-11-19;23;148
50;2025-11-20;0;28
50;2025-11-20;1;4
50;2025-11-20;2;1
50;2025-11-20;3;1
50;2025-11-20;4;5
50;2025-11-20;5;75
50;2025-11-20;6;525
50;2025-11-20;7;1730
50;2025-11-20;8;2830
50;2025-11-20;9;2252
50;2025-11-20;10;1713
50;2025-11-20;11;1551
50;2025-11-20;12;1460
50;2025-11-20;13;1539
50;2025-11-20;14;1462
50;2025-11-20;15;1690
50;2025-11-20;16;1808
50;2025-11-20;17;2396
50;2025-11-20;18;2343
50;2025-11-20;19;1384
50;2025-11-20;20;927
50;2025-11-20;21;623
50;2025-11-20;22;251
50;2025-11-20;23;149
50;2025-11-21;0;28
50;2025-11-21;1;3
50;2025-11-21;2;1
50;2025-11-21;3;1
50;2025-11-21;4;4
50;2025-11-21;5;74
50;2025-11-21;6;521
50;2025-11-21;7;1704
50;2025-11-21;8;2802
50;2025-11-21;9;2231
50;2025-11-21;10;1695
50;2025-11-21;11;1562
50;2025-11-21;12;1456
50;2025-11-21;13;1559
50;2025-11-21;14;1484
50;2025-11-21;15;1731
50;2025-11-21;16;1843
50;2025-11-21;17;2400
50;2025-11-21;18;2269
50;2025-11-21;19;1359
50;2025-11-21;20;923
50;2025-11-21;21;625
50;2025-11-21;22;249
50;2025-11-21;23;149
50;2025-11-22;0;52
50;2025-11-22;1;7
50;2025-11-22;2;1
50;2025-11-22;3;3
50;2025-11-22;4;1
50;2025-11-22;5;10
50;2025-11-22;6;12
50;2025-11-22;7;18
50;2025-11-22;8;35
50;2025-11-22;9;68
50;2025-11-22;10;26
50;2025-11-22;11;43
50;2025-11-22;12;78
50;2025-11-22;13;51
50;2025-11-22;14;63
50;2025-11-22;15;91
50;2025-11-22;16;58
50;2025-11-22;17;57
50;2025-11-22;18;15
50;2025-11-22;19;14
50;2025-11-22;20;10
50;2025-11-22;21;10
50;2025-11-22;22;10
50;2025-11-22;23;4
50;2025-11-23;0;3
50;2025-11-23;1;1
50;2025-11-23;2;1
50;2025-11-23;3;1
50;2025-11-23;4;1
50;2025-11-23;5;2
50;2025-11-23;6;4
50;2025-11-23;7;6
50;2025-11-23;8;12
50;2025-11-23;9;9
50;2025-11-23;10;24
50;2025-11-23;11;76
50;2025-11-23;12;59
50;2025-11-23;13;72
50;2025-11-23;14;120
50;2025-11-23;15;98
50;2025-11-23;16;115
50;2025-11-23;17;102
50;2025-11-23;18;61
50;2025-11-23;19;65
50;2025-11-23;20;48
50;2025-11-23;21;31
50;2025-11-23;22;36
50;2025-11-23;23;11
50;2025-11-24;0;28
50;2025-11-24;1;3
50;2025-11-24;2;1
50;2025-11-24;3;1
50;2025-11-24;4;4
50;2025-11-24;5;72
50;2025-11-24;6;507
50;2025-11-24;7;1685
50;2025-11-24;8;2795
50;2025-11-24;9;2201
50;2025-11-24;10;1662
50;2025-11-24;11;1486
50;2025-11-24;12;1412
50;2025-11-24;13;1500
50;2025-11-24;14;1427
50;2025-11-24;15;1650
50;2025-11-24;16;1779
50;2025-11-24;17;2327
50;2025-11-24;18;2306
50;2025-11-24;19;1360
50;2025-11-24;20;913
50;2025-11-24;21;610
50;2025-11-24;22;246
50;2025-11-24;23;145
50;2025-11-25;0;28
50;2025-11-25;1;3
50;2025-11-25;2;1
50;2025-11-25;3;1
50;2025-11-25;4;5
50;2025-11-25;5;75
50;2025-11-25;6;524
50;2025-11-25;7;1728
50;2025-11-25;8;2826
50;2025-11-25;9;2249
50;2025-11-25;10;1710
50;2025-11-25;11;1549
50;2025-11-25;12;1459
50;2025-11-25;13;1548
50;2025-11-25;14;1468
50;2025-11-25;15;1690
50;2025-11-25;16;1806
50;2025-11-25;17;2393
50;2025-11-25;18;2340
50;2025-11-25;19;1382
50;2025-11-25;20;927
50;2025-11-25;21;622
50;2025-11-25;22;250
50;2025-11-25;23;148
50;2025-11-26;0;28
50;2025-11-26;1;4
50;2025-11-26;2;1
50;2025-11-26;3;1
50;2025-11-26;4;4
50;2025-11-26;5;75
50;2025-11-26;6;523
50;2025-11-26;7;1731
50;2025-11-26;8;2830
50;2025-11-26;9;2231
50;2025-11-26;10;1689
50;2025-11-26;11;1527
50;2025-11-26;12;1450
50;2025-11-26;13;1535
50;2025-11-26;14;1454
50;2025-11-26;15;1696
50;2025-11-26;16;1818
50;2025-11-26;17;2410
50;2025-11-26;18;2333
50;2025-11-26;19;1376
50;2025-11-26;20;925
50;2025-11-26;21;623
50;2025-11-26;22;251
50;2025-11-26;23;148
50;2025-11-27;0;28
50;2025-11-27;1;4
50;2025-11-27;2;1
50;2025-11-27;3;1
50;2025-11-27;4;5
50;2025-11-27;5;75
50;2025-11-27;6;524
50;2025-11-27;7;1731
50;2025-11-27;8;2832
50;2025-11-27;9;2263
50;2025-11-27;10;1721
50;2025-11-27;11;1543
50;2025-11-27;12;1427
50;2025-11-27;13;1529
50;2025-11-27;14;1438
50;2025-11-27;15;1698
50;2025-11-27;16;1814
50;2025-11-27;17;2357
50;2025-11-27;18;2300
50;2025-11-27;19;1353
50;2025-11-27;20;902
50;2025-11-27;21;607
50;2025-11-27;22;243
50;2025-11-27;23;142
50;2025-11-28;0;27
50;2025-11-28;1;3
50;2025-11-28;2;1
50;2025-11-28;3;1
50;2025-11-28;4;4
50;2025-11-28;5;74
50;2025-11-28;6;518
50;2025-11-28;7;1711
50;2025-11-28;8;2817
50;2025-11-28;9;2231
50;2025-11-28;10;1700
50;2025-11-28;11;1569
50;2025-11-28;12;1476
50;2025-11-28;13;1560
50;2025-11-28;14;1489
50;2025-11-28;15;1731
50;2025-11-28;16;1849
50;2025-11-28;17;2408
50;2025-11-28;18;2264
50;2025-11-28;19;1355
50;2025-11-28;20;919
50;2025-11-28;21;622
50;2025-11-28;22;248
50;2025-11-28;23;149
50;2025-11-29;0;52
50;2025-11-29;1;7
50;2025-11-29;2;1
50;2025-11-29;3;3
50;2025-11-29;4;1
50;2025-11-29;5;10
50;2025-11-29;6;12
50;2025-11-29;7;18
50;2025-11-29;8;35
50;2025-11-29;9;68
50;2025-11-29;10;26
50;2025-11-29;11;43
50;2025-11-29;12;77
50;2025-11-29;13;51
50;2025-11-29;14;62
50;2025-11-29;15;90
50;2025-11-29;16;58
50;2025-11-29;17;57
50;2025-11-29;18;15
50;2025-11-29;19;14
50;2025-11-29;20;10
50;2025-11-29;21;10
50;2025-11-29;22;10
50;2025-11-29;23;4
50;2025-11-30;0;3
50;2025-11-30;1;1
50;2025-11-30;2;1
50;2025-11-30;3;1
50;2025-11-30;4;1
50;2025-11-30;5;1
50;2025-11-30;6;4
50;2025-11-30;7;6
50;2025-11-30;8;12
50;2025-11-30;9;9
50;2025-11-30;10;24
50;2025-11-30;11;77
50;2025-11-30;12;60
50;2025-11-30;13;72
50;2025-11-30;14;120
50;2025-11-30;15;97
50;2025-11-30;16;114
50;2025-11-30;17;103
50;2025-11-30;18;61
50;2025-11-30;19;66
50;2025-11-30;20;48
50;2025-11-30;21;31
50;2025-11-30;22;36
50;2025-11-30;23;11
50;2025-12-01;0;28
50;2025-12-01;1;3
50;2025-12-01;2;1
50;2025-12-01;3;1
50;2025-12-01;4;5
50;2025-12-01;5;75
50;2025-12-01;6;521
50;2025-12-01;7;1717
50;2025-12-01;8;2820
50;2025-12-01;9;2218
50;2025-12-01;10;1690
50;2025-12-01;11;1525
50;2025-12-01;12;1436
50;2025-12-01;13;1524
50;2025-12-01;14;1448
50;2025-12-01;15;1679
50;2025-12-01;16;1792
50;2025-12-01;17;2361
50;2025-12-01;18;2325
50;2025-12-01;19;1371
50;2025-12-01;20;918
50;2025-12-01;21;619
50;2025-12-01;22;250
50;2025-12-01;23;147
50;2025-12-02;0;28
50;2025-12-02;1;4
50;2025-12-02;2;1
50;2025-12-02;3;1
50;2025-12-02;4;5
50;2025-12-02;5;75
50;2025-12-02;6;526
50;2025-12-02;7;1728
50;2025-12-02;8;2836
50;2025-12-02;9;2260
50;2025-12-02;10;1717
50;2025-12-02;11;1564
50;2025-12-02;12;1473
50;2025-12-02;13;1554
50;2025-12-02;14;1469
50;2025-12-02;15;1699
50;2025-12-02;16;1819
50;2025-12-02;17;2419
50;2025-12-02;18;2371
50;2025-12-02;19;1399
50;2025-12-02;20;932
50;2025-12-02;21;624
50;2025-12-02;22;251
50;2025-12-02;23;148
50;2025-12-03;0;28
50;2025-12-03;1;4
50;2025-12-03;2;1
50;2025-12-03;3;1
50;2025-12-03;4;5
50;2025-12-03;5;75
50;2025-12-03;6;526
50;2025-12-03;7;1735
50;2025-12-03;8;2840
50;2025-12-03;9;2279
50;2025-12-03;10;1732
50;2025-12-03;11;1567
50;2025-12-03;12;1480
50;2025-12-03;13;1562
50;2025-12-03;14;1475
50;2025-12-03;15;1699
50;2025-12-03;16;1819
50;2025-12-03;17;2419
50;2025-12-03;18;2369
50;2025-12-03;19;1398
50;2025-12-03;20;930
50;2025-12-03;21;623
50;2025-12-03;22;251
50;2025-12-03;23;148
50;2025-12-04;0;28
50;2025-12-04;1;4
50;2025-12-04;2;1
50;2025-12-04;3;1
50;2025-12-04;4;5
50;2025-12-04;5;75
50;2025-12-04;6;527
50;2025-12-04;7;1736
50;2025-12-04;8;2839
50;2025-12-04;9;2262
50;2025-12-04;10;1721
50;2025-12-04;11;1566
50;2025-12-04;12;1468
50;2025-12-04;13;1549
50;2025-12-04;14;1465
50;2025-12-04;15;1697
50;2025-12-04;16;1813
50;2025-12-04;17;2406
50;2025-12-04;18;2353
50;2025-12-04;19;1380
50;2025-12-04;20;924
50;2025-12-04;21;622
50;2025-12-04;22;250
50;2025-12-04;23;148
50;2025-12-05;0;28
50;2025-12-05;1;3
50;2025-12-05;2;1
50;2025-12-05;3;1
50;2025-12-05;4;4
50;2025-12-05;5;74
50;2025-12-05;6;523
50;2025-12-05;7;1710
50;2025-12-05;8;2830
50;2025-12-05;9;2238
50;2025-12-05;10;1702
50;2025-12-05;11;1569
50;2025-12-05;12;1481
50;2025-12-05;13;1564
50;2025-12-05;14;1489
50;2025-12-05;15;1734
50;2025-12-05;16;1849
50;2025-12-05;17;2408
50;2025-12-05;18;2268
50;2025-12-05;19;1354
50;2025-12-05;20;919
50;2025-12-05;21;624
50;2025-12-05;22;249
50;2025-12-05;23;149
50;2025-12-06;0;52
50;2025-12-06;1;7
50;2025-12-06;2;1
50;2025-12-06;3;3
50;2025-12-06;4;1
50;2025-12-06;5;10
50;2025-12-06;6;12
50;2025-12-06;7;18
50;2025-12-06;8;35
50;2025-12-06;9;68
50;2025-12-06;10;26
50;2025-12-06;11;43
50;2025-12-06;12;77
50;2025-12-06;13;51
50;2025-12-06;14;62
50;2025-12-06;15;90
50;2025-12-06;16;58
50;2025-12-06;17;57
50;2025-12-06;18;15
50;2025-12-06;19;13
50;2025-12-06;20;10
50;2025-12-06;21;10
50;2025-12-06;22;10
50;2025-12-06;23;3
50;2025-12-07;0;3
50;2025-12-07;1;1
50;2025-12-07;2;1
50;2025-12-07;3;1
50;2025-12-07;4;1
50;2025-12-07;5;1
50;2025-12-07;6;4
50;2025-12-07;7;6
50;2025-12-07;8;12
50;2025-12-07;9;9
50;2025-12-07;10;24
50;2025-12-07;11;76
50;2025-12-07;12;59
50;2025-12-07;13;71
50;2025-12-07;14;119
50;2025-12-07;15;97
50;2025-12-07;16;113
50;2025-12-07;17;102
50;2025-12-07;18;60
50;2025-12-07;19;65
50;2025-12-07;20;48
50;2025-12-07;21;31
50;2025-12-07;22;36
50;2025-12-07;23;11
50;2025-12-08;0;28
50;2025-12-08;1;4
50;2025-12-08;2;1
50;2025-12-08;3;1
50;2025-12-08;4;4
50;2025-12-08;5;74
50;2025-12-08;6;520
50;2025-12-08;7;1716
50;2025-12-08;8;2803
50;2025-12-08;9;2216
50;2025-12-08;10;1683
50;2025-12-08;11;1525
50;2025-12-08;12;1436
50;2025-12-08;13;1521
50;2025-12-08;14;1445
50;2025-12-08;15;1679
50;2025-12-08;16;1794
50;2025-12-08;17;2359
50;2025-12-08;18;2316
50;2025-12-08;19;1372
50;2025-12-08;20;918
50;2025-12-08;21;619
50;2025-12-08;22;251
50;2025-12-08;23;147
50;2025-12-09;0;28
50;2025-12-09;1;4
50;2025-12-09;2;1
50;2025-12-09;3;1
50;2025-12-09;4;5
50;2025-12-09;5;75
50;2025-12-09;6;525
50;2025-12-09;7;1725
50;2025-12-09;8;2821
50;2025-12-09;9;2250
50;2025-12-09;10;1704
50;2025-12-09;11;1532
50;2025-12-09;12;1444
50;2025-12-09;13;1526
50;2025-12-09;14;1444
50;2025-12-09;15;1688
50;2025-12-09;16;1807
50;2025-12-09;17;2371
50;2025-12-09;18;2319
50;2025-12-09;19;1381
50;2025-12-09;20;929
50;2025-12-09;21;619
50;2025-12-09;22;251
50;2025-12-09;23;148
50;2025-12-10;0;28
50;2025-12-10;1;4
50;2025-12-10;2;1
50;2025-12-10;3;1
50;2025-12-10;4;5
50;2025-12-10;5;75
50;2025-12-10;6;522
50;2025-12-10;7;1721
50;2025-12-10;8;2820
50;2025-12-10;9;2258
50;2025-12-10;10;1717
50;2025-12-10;11;1555
50;2025-12-10;12;1464
50;2025-12-10;13;1543
50;2025-12-10;14;1459
50;2025-12-10;15;1690
50;2025-12-10;16;1806
50;2025-12-10;17;2396
50;2025-12-10;18;2348
50;2025-12-10;19;1387
50;2025-12-10;20;927
50;2025-12-10;21;621
50;2025-12-10;22;250
50;2025-12-10;23;148
50;2025-12-11;0;28
50;2025-12-11;1;4
50;2025-12-11;2;1
50;2025-12-11;3;1
50;2025-12-11;4;5
50;2025-12-11;5;75
50;2025-12-11;6;527
50;2025-12-11;7;1735
50;2025-12-11;8;2838
50;2025-12-11;9;2205
50;2025-12-11;10;1685
50;2025-12-11;11;1531
50;2025-12-11;12;1445
50;2025-12-11;13;1535
50;2025-12-11;14;1464
50;2025-12-11;15;1688
50;2025-12-11;16;1807
50;2025-12-11;17;2398
50;2025-12-11;18;2334
50;2025-12-11;19;1360
50;2025-12-11;20;916
50;2025-12-11;21;615
50;2025-12-11;22;250
50;2025-12-11;23;149
50;2025-12-12;0;28
50;2025-12-12;1;3
50;2025-12-12;2;1
50;2025-12-12;3;1
50;2025-12-12;4;4
50;2025-12-12;5;74
50;2025-12-12;6;521
50;2025-12-12;7;1708
50;2025-12-12;8;2817
50;2025-12-12;9;2230
50;2025-12-12;10;1698
50;2025-12-12;11;1564
50;2025-12-12;12;1422
50;2025-12-12;13;1504
50;2025-12-12;14;1434
50;2025-12-12;15;1668
50;2025-12-12;16;1798
50;2025-12-12;17;2326
50;2025-12-12;18;2229
50;2025-12-12;19;1334
50;2025-12-12;20;912
50;2025-12-12;21;613
50;2025-12-12;22;244
50;2025-12-12;23;145
50;2025-12-13;0;50
50;2025-12-13;1;7
50;2025-12-13;2;1
50;2025-12-13;3;3
50;2025-12-13;4;1
50;2025-12-13;5;9
50;2025-12-13;6;11
50;2025-12-13;7;17
50;2025-12-13;8;33
50;2025-12-13;9;65
50;2025-12-13;10;24
50;2025-12-13;11;41
50;2025-12-13;12;73
50;2025-12-13;13;49
50;2025-12-13;14;59
50;2025-12-13;15;85
50;2025-12-13;16;55
50;2025-12-13;17;55
50;2025-12-13;18;14
50;2025-12-13;19;13
50;2025-12-13;20;9
50;2025-12-13;21;10
50;2025-12-13;22;10
50;2025-12-13;23;3
50;2025-12-14;0;3
50;2025-12-14;1;1
50;2025-12-14;2;1
50;2025-12-14;3;1
50;2025-12-14;4;1
50;2025-12-14;5;1
50;2025-12-14;6;4
50;2025-12-14;7;6
50;2025-12-14;8;12
50;2025-12-14;9;9
50;2025-12-14;10;23
50;2025-12-14;11;74
50;2025-12-14;12;56
50;2025-12-14;13;68
50;2025-12-14;14;113
50;2025-12-14;15;92
50;2025-12-14;16;111
50;2025-12-14;17;99
50;2025-12-14;18;60
50;2025-12-14;19;65
50;2025-12-14;20;48
50;2025-12-14;21;31
50;2025-12-14;22;36
50;2025-12-14;23;11
50;2025-12-15;0;28
50;2025-12-15;1;3
50;2025-12-15;2;1
50;2025-12-15;3;1
50;2025-12-15;4;4
50;2025-12-15;5;74
50;2025-12-15;6;519
50;2025-12-15;7;1709
50;2025-12-15;8;2805
50;2025-12-15;9;2210
50;2025-12-15;10;1683
50;2025-12-15;11;1519
50;2025-12-15;12;1427
50;2025-12-15;13;1510
50;2025-12-15;14;1436
50;2025-12-15;15;1670
50;2025-12-15;16;1784
50;2025-12-15;17;2352
50;2025-12-15;18;2302
50;2025-12-15;19;1361
50;2025-12-15;20;913
50;2025-12-15;21;615
50;2025-12-15;22;248
50;2025-12-15;23;146
50;2025-12-16;0;28
50;2025-12-16;1;4
50;2025-12-16;2;1
50;2025-12-16;3;1
50;2025-12-16;4;5
50;2025-12-16;5;75
50;2025-12-16;6;524
50;2025-12-16;7;1728
50;2025-12-16;8;2826
50;2025-12-16;9;2258
50;2025-12-16;10;1717
50;2025-12-16;11;1550
50;2025-12-16;12;1453
50;2025-12-16;13;1507
50;2025-12-16;14;1459
50;2025-12-16;15;1689
50;2025-12-16;16;1807
50;2025-12-16;17;2396
50;2025-12-16;18;2346
50;2025-12-16;19;1385
50;2025-12-16;20;930
50;2025-12-16;21;623
50;2025-12-16;22;251
50;2025-12-16;23;148
50;2025-12-17;0;28
50;2025-12-17;1;4
50;2025-12-17;2;1
50;2025-12-17;3;1
50;2025-12-17;4;5
50;2025-12-17;5;75
50;2025-12-17;6;523
50;2025-12-17;7;1728
50;2025-12-17;8;2827
50;2025-12-17;9;2259
50;2025-12-17;10;1719
50;2025-12-17;11;1556
50;2025-12-17;12;1467
50;2025-12-17;13;1547
50;2025-12-17;14;1463
50;2025-12-17;15;1695
50;2025-12-17;16;1806
50;2025-12-17;17;2396
50;2025-12-17;18;2348
50;2025-12-17;19;1387
50;2025-12-17;20;927
50;2025-12-17;21;621
50;2025-12-17;22;250
50;2025-12-17;23;148
50;2025-12-18;0;28
50;2025-12-18;1;4
50;2025-12-18;2;1
50;2025-12-18;3;1
50;2025-12-18;4;5
50;2025-12-18;5;75
50;2025-12-18;6;525
50;2025-12-18;7;1735
50;2025-12-18;8;2836
50;2025-12-18;9;2264
50;2025-12-18;10;1720
50;2025-12-18;11;1558
50;2025-12-18;12;1468
50;2025-12-18;13;1547
50;2025-12-18;14;1463
50;2025-12-18;15;1695
50;2025-12-18;16;1811
50;2025-12-18;17;2409
50;2025-12-18;18;2359
50;2025-12-18;19;1394
50;2025-12-18;20;934
50;2025-12-18;21;623
50;2025-12-18;22;251
50;2025-12-18;23;148
50;2025-12-19;0;28
50;2025-12-19;1;3
50;2025-12-19;2;1
50;2025-12-19;3;1
50;2025-12-19;4;4
50;2025-12-19;5;74
50;2025-12-19;6;522
50;2025-12-19;7;1710
50;2025-12-19;8;2817
50;2025-12-19;9;2234
50;2025-12-19;10;1697
50;2025-12-19;11;1562
50;2025-12-19;12;1473
50;2025-12-19;13;1555
50;2025-12-19;14;1481
50;2025-12-19;15;1725
50;2025-12-19;16;1838
50;2025-12-19;17;2397
50;2025-12-19;18;2304
50;2025-12-19;19;1357
50;2025-12-19;20;922
50;2025-12-19;21;625
50;2025-12-19;22;249
50;2025-12-19;23;149
50;2025-12-20;0;52
50;2025-12-20;1;7
50;2025-12-20;2;1
50;2025-12-20;3;3
50;2025-12-20;4;1
50;2025-12-20;5;10
50;2025-12-20;6;12
50;2025-12-20;7;18
50;2025-12-20;8;35
50;2025-12-20;9;67
50;2025-12-20;10;26
50;2025-12-20;11;43
50;2025-12-20;12;77
50;2025-12-20;13;51
50;2025-12-20;14;62
50;2025-12-20;15;90
50;2025-12-20;16;58
50;2025-12-20;17;57
50;2025-12-20;18;15
50;2025-12-20;19;13
50;2025-12-20;20;9
50;2025-12-20;21;10
50;2025-12-20;22;10
50;2025-12-20;23;3
50;2025-12-21;0;3
50;2025-12-21;1;1
50;2025-12-21;2;1
50;2025-12-21;3;1
50;2025-12-21;4;1
50;2025-12-21;5;1
50;2025-12-21;6;4
50;2025-12-21;7;6
50;2025-12-21;8;12
50;2025-12-21;9;9
50;2025-12-21;10;24
50;2025-12-21;11;76
50;2025-12-21;12;59
50;2025-12-21;13;71
50;2025-12-21;14;119
50;2025-12-21;15;96
50;2025-12-21;16;113
50;2025-12-21;17;102
50;2025-12-21;18;61
50;2025-12-21;19;66
50;2025-12-21;20;48
50;2025-12-21;21;31
50;2025-12-21;22;36
50;2025-12-21;23;11
50;2025-12-22;0;28
50;2025-12-22;1;3
50;2025-12-22;2;1
50;2025-12-22;3;1
50;2025-12-22;4;5
50;2025-12-22;5;75
50;2025-12-22;6;521
50;2025-12-22;7;1719
50;2025-12-22;8;2820
50;2025-12-22;9;2196
50;2025-12-22;10;1664
50;2025-12-22;11;1510
50;2025-12-22;12;1417
50;2025-12-22;13;1502
50;2025-12-22;14;1408
50;2025-12-22;15;1653
50;2025-12-22;16;1769
50;2025-12-22;17;2325
50;2025-12-22;18;2286
50;2025-12-22;19;1353
50;2025-12-22;20;903
50;2025-12-22;21;614
50;2025-12-22;22;250
50;2025-12-22;23;144
50;2025-12-23;0;28
50;2025-12-23;1;3
50;2025-12-23;2;1
50;2025-12-23;3;1
50;2025-12-23;4;4
50;2025-12-23;5;74
50;2025-12-23;6;520
50;2025-12-23;7;1705
50;2025-12-23;8;2783
50;2025-12-23;9;2215
50;2025-12-23;10;1682
50;2025-12-23;11;1525
50;2025-12-23;12;1437
50;2025-12-23;13;1522
50;2025-12-23;14;1454
50;2025-12-23;15;1685
50;2025-12-23;16;1803
50;2025-12-23;17;2385
50;2025-12-23;18;2328
50;2025-12-23;19;1375
50;2025-12-23;20;926
50;2025-12-23;21;622
50;2025-12-23;22;250
50;2025-12-23;23;148
50;2025-12-24;0;28
50;2025-12-24;1;4
50;2025-12-24;2;1
50;2025-12-24;3;1
50;2025-12-24;4;5
50;2025-12-24;5;75
50;2025-12-24;6;523
50;2025-12-24;7;1727
50;2025-12-24;8;2826
50;2025-12-24;9;2249
50;2025-12-24;10;1709
50;2025-12-24;11;1544
50;2025-12-24;12;1457
50;2025-12-24;13;1536
50;2025-12-24;14;1456
50;2025-12-24;15;1684
50;2025-12-24;16;1807
50;2025-12-24;17;2392
50;2025-12-24;18;2340
50;2025-12-24;19;1382
50;2025-12-24;20;930
50;2025-12-24;21;623
50;2025-12-24;22;251
50;2025-12-24;23;148
50;2025-12-25;0;28
50;2025-12-25;1;4
50;2025-12-25;2;1
50;2025-12-25;3;1
50;2025-12-25;4;5
50;2025-12-25;5;75
50;2025-12-25;6;526
50;2025-12-25;7;1735
50;2025-12-25;8;2836
50;2025-12-25;9;2264
50;2025-12-25;10;1723
50;2025-12-25;11;1559
50;2025-12-25;12;1469
50;2025-12-25;13;1550
50;2025-12-25;14;1463
50;2025-12-25;15;1696
50;2025-12-25;16;1815
50;2025-12-25;17;2400
50;2025-12-25;18;2342
50;2025-12-25;19;1399
50;2025-12-25;20;933
50;2025-12-25;21;622
50;2025-12-25;22;248
50;2025-12-25;23;146
50;2025-12-26;0;27
50;2025-12-26;1;3
50;2025-12-26;2;1
50;2025-12-26;3;1
50;2025-12-26;4;4
50;2025-12-26;5;74
50;2025-12-26;6;508
50;2025-12-26;7;1669
50;2025-12-26;8;2743
50;2025-12-26;9;2160
50;2025-12-26;10;1643
50;2025-12-26;11;1498
50;2025-12-26;12;1415
50;2025-12-26;13;1524
50;2025-12-26;14;1440
50;2025-12-26;15;1674
50;2025-12-26;16;1793
50;2025-12-26;17;2340
50;2025-12-26;18;2258
50;2025-12-26;19;1342
50;2025-12-26;20;905
50;2025-12-26;21;612
50;2025-12-26;22;245
50;2025-12-26;23;145
50;2025-12-27;0;50
50;2025-12-27;1;7
50;2025-12-27;2;1
50;2025-12-27;3;3
50;2025-12-27;4;1
50;2025-12-27;5;9
50;2025-12-27;6;11
50;2025-12-27;7;17
50;2025-12-27;8;34
50;2025-12-27;9;68
50;2025-12-27;10;25
50;2025-12-27;11;42
50;2025-12-27;12;77
50;2025-12-27;13;51
50;2025-12-27;14;62
50;2025-12-27;15;90
50;2025-12-27;16;58
50;2025-12-27;17;57
50;2025-12-27;18;15
50;2025-12-27;19;14
50;2025-12-27;20;10
50;2025-12-27;21;10
50;2025-12-27;22;10
50;2025-12-27;23;3
50;2025-12-28;0;3
50;2025-12-28;1;1
50;2025-12-28;2;1
50;2025-12-28;3;1
50;2025-12-28;4;1
50;2025-12-28;5;1
50;2025-12-28;6;4
50;2025-12-28;7;6
50;2025-12-28;8;12
50;2025-12-28;9;9
50;2025-12-28;10;24
50;2025-12-28;11;76
50;2025-12-28;12;59
50;2025-12-28;13;71
50;2025-12-28;14;119
50;2025-12-28;15;96
50;2025-12-28;16;113
50;2025-12-28;17;102
50;2025-12-28;18;61
50;2025-12-28;19;66
50;2025-12-28;20;48
50;2025-12-28;21;31
50;2025-12-28;22;36
50;2025-12-28;23;11
50;2025-12-29;0;28
50;2025-12-29;1;3
50;2025-12-29;2;1
50;2025-12-29;3;1
50;2025-12-29;4;5
50;2025-12-29;5;75
50;2025-12-29;6;519
50;2025-12-29;7;1709
50;2025-12-29;8;2805
50;2025-12-29;9;2212
50;2025-12-29;10;1685
50;2025-12-29;11;1520
50;2025-12-29;12;1428
50;2025-12-29;13;1510
50;2025-12-29;14;1435
50;2025-12-29;15;1670
50;2025-12-29;16;1784
50;2025-12-29;17;2352
50;2025-12-29;18;2312
50;2025-12-29;19;1365
50;2025-12-29;20;918
50;2025-12-29;21;618
50;2025-12-29;22;248
50;2025-12-29;23;147
50;2025-12-30;0;28
50;2025-12-30;1;4
50;2025-12-30;2;1
50;2025-12-30;3;1
50;2025-12-30;4;5
50;2025-12-30;5;75
50;2025-12-30;6;526
50;2025-12-30;7;1734
50;2025-12-30;8;2825
50;2025-12-30;9;2235
50;2025-12-30;10;1698
50;2025-12-30;11;1539
50;2025-12-30;12;1460
50;2025-12-30;13;1536
50;2025-12-30;14;1458
50;2025-12-30;15;1688
50;2025-12-30;16;1805
50;2025-12-30;17;2389
50;2025-12-30;18;2349
50;2025-12-30;19;1379
50;2025-12-30;20;925
50;2025-12-30;21;621
50;2025-12-30;22;250
50;2025-12-30;23;148
50;2025-12-31;0;3
50;2025-12-31;1;1
50;2025-12-31;2;1
50;2025-12-31;3;1
50;2025-12-31;4;1
50;2025-12-31;5;1
50;2025-12-31;6;4
50;2025-12-31;7;6
50;2025-12-31;8;12
50;2025-12-31;9;9
50;2025-12-31;10;24
50;2025-12-31;11;77
50;2025-12-31;12;59
50;2025-12-31;13;71
50;2025-12-31;14;119
50;2025-12-31;15;96
50;2025-12-31;16;114
50;2025-12-31;17;102
50;2025-12-31;18;61
50;2025-12-31;19;66
50;2025-12-31;20;48
50;2025-12-31;21;31
50;2025-12-31;22;36
50;2025-12-31;23;11
