route;date;hour;prediction
1;2025-11-01;0;4
1;2025-11-01;1;0
1;2025-11-01;2;0
1;2025-11-01;3;0
1;2025-11-01;4;9
1;2025-11-01;5;125
1;2025-11-01;6;499
1;2025-11-01;7;1500
1;2025-11-01;8;1958
1;2025-11-01;9;1478
1;2025-11-01;10;1335
1;2025-11-01;11;1343
1;2025-11-01;12;1393
1;2025-11-01;13;1450
1;2025-11-01;14;1385
1;2025-11-01;15;1520
1;2025-11-01;16;1559
1;2025-11-01;17;1821
1;2025-11-01;18;1805
1;2025-11-01;19;1353
1;2025-11-01;20;877
1;2025-11-01;21;475
1;2025-11-01;22;183
1;2025-11-01;23;40
1;2025-11-02;0;0
1;2025-11-02;1;0
1;2025-11-02;2;0
1;2025-11-02;3;0
1;2025-11-02;4;0
1;2025-11-02;5;21
1;2025-11-02;6;116
1;2025-11-02;7;268
1;2025-11-02;8;361
1;2025-11-02;9;625
1;2025-11-02;10;696
1;2025-11-02;11;735
1;2025-11-02;12;846
1;2025-11-02;13;879
1;2025-11-02;14;818
1;2025-11-02;15;731
1;2025-11-02;16;672
1;2025-11-02;17;590
1;2025-11-02;18;510
1;2025-11-02;19;444
1;2025-11-02;20;340
1;2025-11-02;21;278
1;2025-11-02;22;101
1;2025-11-02;23;26
1;2025-11-03;0;0
1;2025-11-03;1;0
1;2025-11-03;2;0
1;2025-11-03;3;0
1;2025-11-03;4;0
1;2025-11-03;5;21
1;2025-11-03;6;116
1;2025-11-03;7;268
1;2025-11-03;8;361
1;2025-11-03;9;625
1;2025-11-03;10;696
1;2025-11-03;11;735
1;2025-11-03;12;846
1;2025-11-03;13;879
1;2025-11-03;14;818
1;2025-11-03;15;731
1;2025-11-03;16;672
1;2025-11-03;17;590
1;2025-11-03;18;510
1;2025-11-03;19;444
1;2025-11-03;20;340
1;2025-11-03;21;278
1;2025-11-03;22;101
1;2025-11-03;23;26
1;2025-11-04;0;0
1;2025-11-04;1;0
1;2025-11-04;2;0
1;2025-11-04;3;0
1;2025-11-04;4;0
1;2025-11-04;5;21
1;2025-11-04;6;116
1;2025-11-04;7;268
1;2025-11-04;8;361
1;2025-11-04;9;625
1;2025-11-04;10;696
1;2025-11-04;11;735
1;2025-11-04;12;846
1;2025-11-04;13;879
1;2025-11-04;14;818
1;2025-11-04;15;731
1;2025-11-04;16;672
1;2025-11-04;17;590
1;2025-11-04;18;510
1;2025-11-04;19;444
1;2025-11-04;20;340
1;2025-11-04;21;278
1;2025-11-04;22;101
1;2025-11-04;23;26
1;2025-11-05;0;4
1;2025-11-05;1;0
1;2025-11-05;2;0
1;2025-11-05;3;0
1;2025-11-05;4;9
1;2025-11-05;5;125
1;2025-11-05;6;499
1;2025-11-05;7;1500
1;2025-11-05;8;1958
1;2025-11-05;9;1478
1;2025-11-05;10;1335
1;2025-11-05;11;1343
1;2025-11-05;12;1393
1;2025-11-05;13;1450
1;2025-11-05;14;1385
1;2025-11-05;15;1520
1;2025-11-05;16;1559
1;2025-11-05;17;1821
1;2025-11-05;18;1805
1;2025-11-05;19;1353
1;2025-11-05;20;877
1;2025-11-05;21;475
1;2025-11-05;22;183
1;2025-11-05;23;40
1;2025-11-06;0;4
1;2025-11-06;1;0
1;2025-11-06;2;0
1;2025-11-06;3;0
1;2025-11-06;4;9
1;2025-11-06;5;125
1;2025-11-06;6;499
1;2025-11-06;7;1500
1;2025-11-06;8;1958
1;2025-11-06;9;1478
1;2025-11-06;10;1335
1;2025-11-06;11;1343
1;2025-11-06;12;1393
1;2025-11-06;13;1450
1;2025-11-06;14;1385
1;2025-11-06;15;1520
1;2025-11-06;16;1559
1;2025-11-06;17;1821
1;2025-11-06;18;1805
1;2025-11-06;19;1353
1;2025-11-06;20;877
1;2025-11-06;21;475
1;2025-11-06;22;183
1;2025-11-06;23;40
1;2025-11-07;0;4
1;2025-11-07;1;0
1;2025-11-07;2;0
1;2025-11-07;3;0
1;2025-11-07;4;9
1;2025-11-07;5;125
1;2025-11-07;6;499
1;2025-11-07;7;1500
1;2025-11-07;8;1958
1;2025-11-07;9;1478
1;2025-11-07;10;1335
1;2025-11-07;11;1343
1;2025-11-07;12;1393
1;2025-11-07;13;1450
1;2025-11-07;14;1385
1;2025-11-07;15;1520
1;2025-11-07;16;1559
1;2025-11-07;17;1821
1;2025-11-07;18;1805
1;2025-11-07;19;1353
1;2025-11-07;20;877
1;2025-11-07;21;475
1;2025-11-07;22;183
1;2025-11-07;23;40
1;2025-11-08;0;4
1;2025-11-08;1;0
1;2025-11-08;2;0
1;2025-11-08;3;0
1;2025-11-08;4;0
1;2025-11-08;5;31
1;2025-11-08;6;154
1;2025-11-08;7;356
1;2025-11-08;8;493
1;2025-11-08;9;760
1;2025-11-08;10;932
1;2025-11-08;11;914
1;2025-11-08;12;1103
1;2025-11-08;13;1153
1;2025-11-08;14;1070
1;2025-11-08;15;928
1;2025-11-08;16;790
1;2025-11-08;17;741
1;2025-11-08;18;650
1;2025-11-08;19;560
1;2025-11-08;20;430
1;2025-11-08;21;302
1;2025-11-08;22;119
1;2025-11-08;23;25
1;2025-11-09;0;0
1;2025-11-09;1;0
1;2025-11-09;2;0
1;2025-11-09;3;0
1;2025-11-09;4;0
1;2025-11-09;5;21
1;2025-11-09;6;116
1;2025-11-09;7;268
1;2025-11-09;8;361
1;2025-11-09;9;625
1;2025-11-09;10;696
1;2025-11-09;11;735
1;2025-11-09;12;846
1;2025-11-09;13;879
1;2025-11-09;14;818
1;2025-11-09;15;731
1;2025-11-09;16;672
1;2025-11-09;17;590
1;2025-11-09;18;510
1;2025-11-09;19;444
1;2025-11-09;20;340
1;2025-11-09;21;278
1;2025-11-09;22;101
1;2025-11-09;23;26
1;2025-11-10;0;4
1;2025-11-10;1;0
1;2025-11-10;2;0
1;2025-11-10;3;0
1;2025-11-10;4;9
1;2025-11-10;5;125
1;2025-11-10;6;499
1;2025-11-10;7;1500
1;2025-11-10;8;1958
1;2025-11-10;9;1478
1;2025-11-10;10;1335
1;2025-11-10;11;1343
1;2025-11-10;12;1393
1;2025-11-10;13;1450
1;2025-11-10;14;1385
1;2025-11-10;15;1520
1;2025-11-10;16;1559
1;2025-11-10;17;1821
1;2025-11-10;18;1805
1;2025-11-10;19;1353
1;2025-11-10;20;877
1;2025-11-10;21;475
1;2025-11-10;22;183
1;2025-11-10;23;40
1;2025-11-11;0;4
1;2025-11-11;1;0
1;2025-11-11;2;0
1;2025-11-11;3;0
1;2025-11-11;4;9
1;2025-11-11;5;125
1;2025-11-11;6;499
1;2025-11-11;7;1500
1;2025-11-11;8;1958
1;2025-11-11;9;1478
1;2025-11-11;10;1335
1;2025-11-11;11;1343
1;2025-11-11;12;1393
1;2025-11-11;13;1450
1;2025-11-11;14;1385
1;2025-11-11;15;1520
1;2025-11-11;16;1559
1;2025-11-11;17;1821
1;2025-11-11;18;1805
1;2025-11-11;19;1353
1;2025-11-11;20;877
1;2025-11-11;21;475
1;2025-11-11;22;183
1;2025-11-11;23;40
1;2025-11-12;0;4
1;2025-11-12;1;0
1;2025-11-12;2;0
1;2025-11-12;3;0
1;2025-11-12;4;9
1;2025-11-12;5;125
1;2025-11-12;6;499
1;2025-11-12;7;1500
1;2025-11-12;8;1958
1;2025-11-12;9;1478
1;2025-11-12;10;1335
1;2025-11-12;11;1343
1;2025-11-12;12;1393
1;2025-11-12;13;1450
1;2025-11-12;14;1385
1;2025-11-12;15;1520
1;2025-11-12;16;1559
1;2025-11-12;17;1821
1;2025-11-12;18;1805
1;2025-11-12;19;1353
1;2025-11-12;20;877
1;2025-11-12;21;475
1;2025-11-12;22;183
1;2025-11-12;23;40
1;2025-11-13;0;4
1;2025-11-13;1;0
1;2025-11-13;2;0
1;2025-11-13;3;0
1;2025-11-13;4;9
1;2025-11-13;5;125
1;2025-11-13;6;499
1;2025-11-13;7;1500
1;2025-11-13;8;1958
1;2025-11-13;9;1478
1;2025-11-13;10;1335
1;2025-11-13;11;1343
1;2025-11-13;12;1393
1;2025-11-13;13;1450
1;2025-11-13;14;1385
1;2025-11-13;15;1520
1;2025-11-13;16;1559
1;2025-11-13;17;1821
1;2025-11-13;18;1805
1;2025-11-13;19;1353
1;2025-11-13;20;877
1;2025-11-13;21;475
1;2025-11-13;22;183
1;2025-11-13;23;40
1;2025-11-14;0;4
1;2025-11-14;1;0
1;2025-11-14;2;0
1;2025-11-14;3;0
1;2025-11-14;4;9
1;2025-11-14;5;125
1;2025-11-14;6;499
1;2025-11-14;7;1500
1;2025-11-14;8;1958
1;2025-11-14;9;1478
1;2025-11-14;10;1335
1;2025-11-14;11;1343
1;2025-11-14;12;1393
1;2025-11-14;13;1450
1;2025-11-14;14;1385
1;2025-11-14;15;1520
1;2025-11-14;16;1559
1;2025-11-14;17;1821
1;2025-11-14;18;1805
1;2025-11-14;19;1353
1;2025-11-14;20;877
1;2025-11-14;21;475
1;2025-11-14;22;183
1;2025-11-14;23;40
1;2025-11-15;0;4
1;2025-11-15;1;0
1;2025-11-15;2;0
1;2025-11-15;3;0
1;2025-11-15;4;0
1;2025-11-15;5;31
1;2025-11-15;6;154
1;2025-11-15;7;356
1;2025-11-15;8;493
1;2025-11-15;9;760
1;2025-11-15;10;932
1;2025-11-15;11;914
1;2025-11-15;12;1103
1;2025-11-15;13;1153
1;2025-11-15;14;1070
1;2025-11-15;15;928
1;2025-11-15;16;790
1;2025-11-15;17;741
1;2025-11-15;18;650
1;2025-11-15;19;560
1;2025-11-15;20;430
1;2025-11-15;21;302
1;2025-11-15;22;119
1;2025-11-15;23;25
1;2025-11-16;0;0
1;2025-11-16;1;0
1;2025-11-16;2;0
1;2025-11-16;3;0
1;2025-11-16;4;0
1;2025-11-16;5;21
1;2025-11-16;6;116
1;2025-11-16;7;268
1;2025-11-16;8;361
1;2025-11-16;9;625
1;2025-11-16;10;696
1;2025-11-16;11;735
1;2025-11-16;12;846
1;2025-11-16;13;879
1;2025-11-16;14;818
1;2025-11-16;15;731
1;2025-11-16;16;672
1;2025-11-16;17;590
1;2025-11-16;18;510
1;2025-11-16;19;444
1;2025-11-16;20;340
1;2025-11-16;21;278
1;2025-11-16;22;101
1;2025-11-16;23;26
1;2025-11-17;0;4
1;2025-11-17;1;0
1;2025-11-17;2;0
1;2025-11-17;3;0
1;2025-11-17;4;9
1;2025-11-17;5;125
1;2025-11-17;6;499
1;2025-11-17;7;1500
1;2025-11-17;8;1958
1;2025-11-17;9;1478
1;2025-11-17;10;1335
1;2025-11-17;11;1343
1;2025-11-17;12;1393
1;2025-11-17;13;1450
1;2025-11-17;14;1385
1;2025-11-17;15;1520
1;2025-11-17;16;1559
1;2025-11-17;17;1821
1;2025-11-17;18;1805
1;2025-11-17;19;1353
1;2025-11-17;20;877
1;2025-11-17;21;475
1;2025-11-17;22;183
1;2025-11-17;23;40
1;2025-11-18;0;4
1;2025-11-18;1;0
1;2025-11-18;2;0
1;2025-11-18;3;0
1;2025-11-18;4;9
1;2025-11-18;5;125
1;2025-11-18;6;499
1;2025-11-18;7;1500
1;2025-11-18;8;1958
1;2025-11-18;9;1478
1;2025-11-18;10;1335
1;2025-11-18;11;1343
1;2025-11-18;12;1393
1;2025-11-18;13;1450
1;2025-11-18;14;1385
1;2025-11-18;15;1520
1;2025-11-18;16;1559
1;2025-11-18;17;1821
1;2025-11-18;18;1805
1;2025-11-18;19;1353
1;2025-11-18;20;877
1;2025-11-18;21;475
1;2025-11-18;22;183
1;2025-11-18;23;40
1;2025-11-19;0;4
1;2025-11-19;1;0
1;2025-11-19;2;0
1;2025-11-19;3;0
1;2025-11-19;4;9
1;2025-11-19;5;125
1;2025-11-19;6;499
1;2025-11-19;7;1500
1;2025-11-19;8;1958
1;2025-11-19;9;1478
1;2025-11-19;10;1335
1;2025-11-19;11;1343
1;2025-11-19;12;1393
1;2025-11-19;13;1450
1;2025-11-19;14;1385
1;2025-11-19;15;1520
1;2025-11-19;16;1559
1;2025-11-19;17;1821
1;2025-11-19;18;1805
1;2025-11-19;19;1353
1;2025-11-19;20;877
1;2025-11-19;21;475
1;2025-11-19;22;183
1;2025-11-19;23;40
1;2025-11-20;0;4
1;2025-11-20;1;0
1;2025-11-20;2;0
1;2025-11-20;3;0
1;2025-11-20;4;9
1;2025-11-20;5;125
1;2025-11-20;6;499
1;2025-11-20;7;1500
1;2025-11-20;8;1958
1;2025-11-20;9;1478
1;2025-11-20;10;1335
1;2025-11-20;11;1343
1;2025-11-20;12;1393
1;2025-11-20;13;1450
1;2025-11-20;14;1385
1;2025-11-20;15;1520
1;2025-11-20;16;1559
1;2025-11-20;17;1821
1;2025-11-20;18;1805
1;2025-11-20;19;1353
1;2025-11-20;20;877
1;2025-11-20;21;475
1;2025-11-20;22;183
1;2025-11-20;23;40
1;2025-11-21;0;4
1;2025-11-21;1;0
1;2025-11-21;2;0
1;2025-11-21;3;0
1;2025-11-21;4;9
1;2025-11-21;5;125
1;2025-11-21;6;499
1;2025-11-21;7;1500
1;2025-11-21;8;1958
1;2025-11-21;9;1478
1;2025-11-21;10;1335
1;2025-11-21;11;1343
1;2025-11-21;12;1393
1;2025-11-21;13;1450
1;2025-11-21;14;1385
1;2025-11-21;15;1520
1;2025-11-21;16;1559
1;2025-11-21;17;1821
1;2025-11-21;18;1805
1;2025-11-21;19;1353
1;2025-11-21;20;877
1;2025-11-21;21;475
1;2025-11-21;22;183
1;2025-11-21;23;40
1;2025-11-22;0;4
1;2025-11-22;1;0
1;2025-11-22;2;0
1;2025-11-22;3;0
1;2025-11-22;4;0
1;2025-11-22;5;31
1;2025-11-22;6;154
1;2025-11-22;7;356
1;2025-11-22;8;493
1;2025-11-22;9;760
1;2025-11-22;10;932
1;2025-11-22;11;914
1;2025-11-22;12;1103
1;2025-11-22;13;1153
1;2025-11-22;14;1070
1;2025-11-22;15;928
1;2025-11-22;16;790
1;2025-11-22;17;741
1;2025-11-22;18;650
1;2025-11-22;19;560
1;2025-11-22;20;430
1;2025-11-22;21;302
1;2025-11-22;22;119
1;2025-11-22;23;25
1;2025-11-23;0;0
1;2025-11-23;1;0
1;2025-11-23;2;0
1;2025-11-23;3;0
1;2025-11-23;4;0
1;2025-11-23;5;21
1;2025-11-23;6;116
1;2025-11-23;7;268
1;2025-11-23;8;361
1;2025-11-23;9;625
1;2025-11-23;10;696
1;2025-11-23;11;735
1;2025-11-23;12;846
1;2025-11-23;13;879
1;2025-11-23;14;818
1;2025-11-23;15;731
1;2025-11-23;16;672
1;2025-11-23;17;590
1;2025-11-23;18;510
1;2025-11-23;19;444
1;2025-11-23;20;340
1;2025-11-23;21;278
1;2025-11-23;22;101
1;2025-11-23;23;26
1;2025-11-24;0;4
1;2025-11-24;1;0
1;2025-11-24;2;0
1;2025-11-24;3;0
1;2025-11-24;4;9
1;2025-11-24;5;125
1;2025-11-24;6;499
1;2025-11-24;7;1500
1;2025-11-24;8;1958
1;2025-11-24;9;1478
1;2025-11-24;10;1335
1;2025-11-24;11;1343
1;2025-11-24;12;1393
1;2025-11-24;13;1450
1;2025-11-24;14;1385
1;2025-11-24;15;1520
1;2025-11-24;16;1559
1;2025-11-24;17;1821
1;2025-11-24;18;1805
1;2025-11-24;19;1353
1;2025-11-24;20;877
1;2025-11-24;21;475
1;2025-11-24;22;183
1;2025-11-24;23;40
1;2025-11-25;0;4
1;2025-11-25;1;0
1;2025-11-25;2;0
1;2025-11-25;3;0
1;2025-11-25;4;9
1;2025-11-25;5;125
1;2025-11-25;6;499
1;2025-11-25;7;1500
1;2025-11-25;8;1958
1;2025-11-25;9;1478
1;2025-11-25;10;1335
1;2025-11-25;11;1343
1;2025-11-25;12;1393
1;2025-11-25;13;1450
1;2025-11-25;14;1385
1;2025-11-25;15;1520
1;2025-11-25;16;1559
1;2025-11-25;17;1821
1;2025-11-25;18;1805
1;2025-11-25;19;1353
1;2025-11-25;20;877
1;2025-11-25;21;475
1;2025-11-25;22;183
1;2025-11-25;23;40
1;2025-11-26;0;4
1;2025-11-26;1;0
1;2025-11-26;2;0
1;2025-11-26;3;0
1;2025-11-26;4;9
1;2025-11-26;5;125
1;2025-11-26;6;499
1;2025-11-26;7;1500
1;2025-11-26;8;1958
1;2025-11-26;9;1478
1;2025-11-26;10;1335
1;2025-11-26;11;1343
1;2025-11-26;12;1393
1;2025-11-26;13;1450
1;2025-11-26;14;1385
1;2025-11-26;15;1520
1;2025-11-26;16;1559
1;2025-11-26;17;1821
1;2025-11-26;18;1805
1;2025-11-26;19;1353
1;2025-11-26;20;877
1;2025-11-26;21;475
1;2025-11-26;22;183
1;2025-11-26;23;40
1;2025-11-27;0;4
1;2025-11-27;1;0
1;2025-11-27;2;0
1;2025-11-27;3;0
1;2025-11-27;4;9
1;2025-11-27;5;125
1;2025-11-27;6;499
1;2025-11-27;7;1500
1;2025-11-27;8;1958
1;2025-11-27;9;1478
1;2025-11-27;10;1335
1;2025-11-27;11;1343
1;2025-11-27;12;1393
1;2025-11-27;13;1450
1;2025-11-27;14;1385
1;2025-11-27;15;1520
1;2025-11-27;16;1559
1;2025-11-27;17;1821
1;2025-11-27;18;1805
1;2025-11-27;19;1353
1;2025-11-27;20;877
1;2025-11-27;21;475
1;2025-11-27;22;183
1;2025-11-27;23;40
1;2025-11-28;0;4
1;2025-11-28;1;0
1;2025-11-28;2;0
1;2025-11-28;3;0
1;2025-11-28;4;9
1;2025-11-28;5;125
1;2025-11-28;6;499
1;2025-11-28;7;1500
1;2025-11-28;8;1958
1;2025-11-28;9;1478
1;2025-11-28;10;1335
1;2025-11-28;11;1343
1;2025-11-28;12;1393
1;2025-11-28;13;1450
1;2025-11-28;14;1385
1;2025-11-28;15;1520
1;2025-11-28;16;1559
1;2025-11-28;17;1821
1;2025-11-28;18;1805
1;2025-11-28;19;1353
1;2025-11-28;20;877
1;2025-11-28;21;475
1;2025-11-28;22;183
1;2025-11-28;23;40
1;2025-11-29;0;4
1;2025-11-29;1;0
1;2025-11-29;2;0
1;2025-11-29;3;0
1;2025-11-29;4;0
1;2025-11-29;5;31
1;2025-11-29;6;154
1;2025-11-29;7;356
1;2025-11-29;8;493
1;2025-11-29;9;760
1;2025-11-29;10;932
1;2025-11-29;11;914
1;2025-11-29;12;1103
1;2025-11-29;13;1153
1;2025-11-29;14;1070
1;2025-11-29;15;928
1;2025-11-29;16;790
1;2025-11-29;17;741
1;2025-11-29;18;650
1;2025-11-29;19;560
1;2025-11-29;20;430
1;2025-11-29;21;302
1;2025-11-29;22;119
1;2025-11-29;23;25
1;2025-11-30;0;0
1;2025-11-30;1;0
1;2025-11-30;2;0
1;2025-11-30;3;0
1;2025-11-30;4;0
1;2025-11-30;5;21
1;2025-11-30;6;116
1;2025-11-30;7;268
1;2025-11-30;8;361
1;2025-11-30;9;625
1;2025-11-30;10;696
1;2025-11-30;11;735
1;2025-11-30;12;846
1;2025-11-30;13;879
1;2025-11-30;14;818
1;2025-11-30;15;731
1;2025-11-30;16;672
1;2025-11-30;17;590
1;2025-11-30;18;510
1;2025-11-30;19;444
1;2025-11-30;20;340
1;2025-11-30;21;278
1;2025-11-30;22;101
1;2025-11-30;23;26
1;2025-12-01;0;4
1;2025-12-01;1;0
1;2025-12-01;2;0
1;2025-12-01;3;0
1;2025-12-01;4;9
1;2025-12-01;5;125
1;2025-12-01;6;499
1;2025-12-01;7;1500
1;2025-12-01;8;1958
1;2025-12-01;9;1478
1;2025-12-01;10;1335
1;2025-12-01;11;1343
1;2025-12-01;12;1393
1;2025-12-01;13;1450
1;2025-12-01;14;1385
1;2025-12-01;15;1520
1;2025-12-01;16;1559
1;2025-12-01;17;1821
1;2025-12-01;18;1805
1;2025-12-01;19;1353
1;2025-12-01;20;877
1;2025-12-01;21;475
1;2025-12-01;22;183
1;2025-12-01;23;40
1;2025-12-02;0;4
1;2025-12-02;1;0
1;2025-12-02;2;0
1;2025-12-02;3;0
1;2025-12-02;4;9
1;2025-12-02;5;125
1;2025-12-02;6;499
1;2025-12-02;7;1500
1;2025-12-02;8;1958
1;2025-12-02;9;1478
1;2025-12-02;10;1335
1;2025-12-02;11;1343
1;2025-12-02;12;1393
1;2025-12-02;13;1450
1;2025-12-02;14;1385
1;2025-12-02;15;1520
1;2025-12-02;16;1559
1;2025-12-02;17;1821
1;2025-12-02;18;1805
1;2025-12-02;19;1353
1;2025-12-02;20;877
1;2025-12-02;21;475
1;2025-12-02;22;183
1;2025-12-02;23;40
1;2025-12-03;0;4
1;2025-12-03;1;0
1;2025-12-03;2;0
1;2025-12-03;3;0
1;2025-12-03;4;9
1;2025-12-03;5;125
1;2025-12-03;6;499
1;2025-12-03;7;1500
1;2025-12-03;8;1958
1;2025-12-03;9;1478
1;2025-12-03;10;1335
1;2025-12-03;11;1343
1;2025-12-03;12;1393
1;2025-12-03;13;1450
1;2025-12-03;14;1385
1;2025-12-03;15;1520
1;2025-12-03;16;1559
1;2025-12-03;17;1821
1;2025-12-03;18;1805
1;2025-12-03;19;1353
1;2025-12-03;20;877
1;2025-12-03;21;475
1;2025-12-03;22;183
1;2025-12-03;23;40
1;2025-12-04;0;4
1;2025-12-04;1;0
1;2025-12-04;2;0
1;2025-12-04;3;0
1;2025-12-04;4;9
1;2025-12-04;5;125
1;2025-12-04;6;499
1;2025-12-04;7;1500
1;2025-12-04;8;1958
1;2025-12-04;9;1478
1;2025-12-04;10;1335
1;2025-12-04;11;1343
1;2025-12-04;12;1393
1;2025-12-04;13;1450
1;2025-12-04;14;1385
1;2025-12-04;15;1520
1;2025-12-04;16;1559
1;2025-12-04;17;1821
1;2025-12-04;18;1805
1;2025-12-04;19;1353
1;2025-12-04;20;877
1;2025-12-04;21;475
1;2025-12-04;22;183
1;2025-12-04;23;40
1;2025-12-05;0;4
1;2025-12-05;1;0
1;2025-12-05;2;0
1;2025-12-05;3;0
1;2025-12-05;4;9
1;2025-12-05;5;125
1;2025-12-05;6;499
1;2025-12-05;7;1500
1;2025-12-05;8;1958
1;2025-12-05;9;1478
1;2025-12-05;10;1335
1;2025-12-05;11;1343
1;2025-12-05;12;1393
1;2025-12-05;13;1450
1;2025-12-05;14;1385
1;2025-12-05;15;1520
1;2025-12-05;16;1559
1;2025-12-05;17;1821
1;2025-12-05;18;1805
1;2025-12-05;19;1353
1;2025-12-05;20;877
1;2025-12-05;21;475
1;2025-12-05;22;183
1;2025-12-05;23;40
1;2025-12-06;0;4
1;2025-12-06;1;0
1;2025-12-06;2;0
1;2025-12-06;3;0
1;2025-12-06;4;0
1;2025-12-06;5;31
1;2025-12-06;6;154
1;2025-12-06;7;356
1;2025-12-06;8;493
1;2025-12-06;9;760
1;2025-12-06;10;932
1;2025-12-06;11;914
1;2025-12-06;12;1103
1;2025-12-06;13;1153
1;2025-12-06;14;1070
1;2025-12-06;15;928
1;2025-12-06;16;790
1;2025-12-06;17;741
1;2025-12-06;18;650
1;2025-12-06;19;560
1;2025-12-06;20;430
1;2025-12-06;21;302
1;2025-12-06;22;119
1;2025-12-06;23;25
1;2025-12-07;0;0
1;2025-12-07;1;0
1;2025-12-07;2;0
1;2025-12-07;3;0
1;2025-12-07;4;0
1;2025-12-07;5;21
1;2025-12-07;6;116
1;2025-12-07;7;268
1;2025-12-07;8;361
1;2025-12-07;9;625
1;2025-12-07;10;696
1;2025-12-07;11;735
1;2025-12-07;12;846
1;2025-12-07;13;879
1;2025-12-07;14;818
1;2025-12-07;15;731
1;2025-12-07;16;672
1;2025-12-07;17;590
1;2025-12-07;18;510
1;2025-12-07;19;444
1;2025-12-07;20;340
1;2025-12-07;21;278
1;2025-12-07;22;101
1;2025-12-07;23;26
1;2025-12-08;0;4
1;2025-12-08;1;0
1;2025-12-08;2;0
1;2025-12-08;3;0
1;2025-12-08;4;9
1;2025-12-08;5;125
1;2025-12-08;6;499
1;2025-12-08;7;1500
1;2025-12-08;8;1958
1;2025-12-08;9;1478
1;2025-12-08;10;1335
1;2025-12-08;11;1343
1;2025-12-08;12;1393
1;2025-12-08;13;1450
1;2025-12-08;14;1385
1;2025-12-08;15;1520
1;2025-12-08;16;1559
1;2025-12-08;17;1821
1;2025-12-08;18;1805
1;2025-12-08;19;1353
1;2025-12-08;20;877
1;2025-12-08;21;475
1;2025-12-08;22;183
1;2025-12-08;23;40
1;2025-12-09;0;4
1;2025-12-09;1;0
1;2025-12-09;2;0
1;2025-12-09;3;0
1;2025-12-09;4;9
1;2025-12-09;5;125
1;2025-12-09;6;499
1;2025-12-09;7;1500
1;2025-12-09;8;1958
1;2025-12-09;9;1478
1;2025-12-09;10;1335
1;2025-12-09;11;1343
1;2025-12-09;12;1393
1;2025-12-09;13;1450
1;2025-12-09;14;1385
1;2025-12-09;15;1520
1;2025-12-09;16;1559
1;2025-12-09;17;1821
1;2025-12-09;18;1805
1;2025-12-09;19;1353
1;2025-12-09;20;877
1;2025-12-09;21;475
1;2025-12-09;22;183
1;2025-12-09;23;40
1;2025-12-10;0;4
1;2025-12-10;1;0
1;2025-12-10;2;0
1;2025-12-10;3;0
1;2025-12-10;4;9
1;2025-12-10;5;125
1;2025-12-10;6;499
1;2025-12-10;7;1500
1;2025-12-10;8;1958
1;2025-12-10;9;1478
1;2025-12-10;10;1335
1;2025-12-10;11;1343
1;2025-12-10;12;1393
1;2025-12-10;13;1450
1;2025-12-10;14;1385
1;2025-12-10;15;1520
1;2025-12-10;16;1559
1;2025-12-10;17;1821
1;2025-12-10;18;1805
1;2025-12-10;19;1353
1;2025-12-10;20;877
1;2025-12-10;21;475
1;2025-12-10;22;183
1;2025-12-10;23;40
1;2025-12-11;0;4
1;2025-12-11;1;0
1;2025-12-11;2;0
1;2025-12-11;3;0
1;2025-12-11;4;9
1;2025-12-11;5;125
1;2025-12-11;6;499
1;2025-12-11;7;1500
1;2025-12-11;8;1958
1;2025-12-11;9;1478
1;2025-12-11;10;1335
1;2025-12-11;11;1343
1;2025-12-11;12;1393
1;2025-12-11;13;1450
1;2025-12-11;14;1385
1;2025-12-11;15;1520
1;2025-12-11;16;1559
1;2025-12-11;17;1821
1;2025-12-11;18;1805
1;2025-12-11;19;1353
1;2025-12-11;20;877
1;2025-12-11;21;475
1;2025-12-11;22;183
1;2025-12-11;23;40
1;2025-12-12;0;4
1;2025-12-12;1;0
1;2025-12-12;2;0
1;2025-12-12;3;0
1;2025-12-12;4;9
1;2025-12-12;5;125
1;2025-12-12;6;499
1;2025-12-12;7;1500
1;2025-12-12;8;1958
1;2025-12-12;9;1478
1;2025-12-12;10;1335
1;2025-12-12;11;1343
1;2025-12-12;12;1393
1;2025-12-12;13;1450
1;2025-12-12;14;1385
1;2025-12-12;15;1520
1;2025-12-12;16;1559
1;2025-12-12;17;1821
1;2025-12-12;18;1805
1;2025-12-12;19;1353
1;2025-12-12;20;877
1;2025-12-12;21;475
1;2025-12-12;22;183
1;2025-12-12;23;40
1;2025-12-13;0;4
1;2025-12-13;1;0
1;2025-12-13;2;0
1;2025-12-13;3;0
1;2025-12-13;4;0
1;2025-12-13;5;31
1;2025-12-13;6;154
1;2025-12-13;7;356
1;2025-12-13;8;493
1;2025-12-13;9;760
1;2025-12-13;10;932
1;2025-12-13;11;914
1;2025-12-13;12;1103
1;2025-12-13;13;1153
1;2025-12-13;14;1070
1;2025-12-13;15;928
1;2025-12-13;16;790
1;2025-12-13;17;741
1;2025-12-13;18;650
1;2025-12-13;19;560
1;2025-12-13;20;430
1;2025-12-13;21;302
1;2025-12-13;22;119
1;2025-12-13;23;25
1;2025-12-14;0;0
1;2025-12-14;1;0
1;2025-12-14;2;0
1;2025-12-14;3;0
1;2025-12-14;4;0
1;2025-12-14;5;21
1;2025-12-14;6;116
1;2025-12-14;7;268
1;2025-12-14;8;361
1;2025-12-14;9;625
1;2025-12-14;10;696
1;2025-12-14;11;735
1;2025-12-14;12;846
1;2025-12-14;13;879
1;2025-12-14;14;818
1;2025-12-14;15;731
1;2025-12-14;16;672
1;2025-12-14;17;590
1;2025-12-14;18;510
1;2025-12-14;19;444
1;2025-12-14;20;340
1;2025-12-14;21;278
1;2025-12-14;22;101
1;2025-12-14;23;26
1;2025-12-15;0;4
1;2025-12-15;1;0
1;2025-12-15;2;0
1;2025-12-15;3;0
1;2025-12-15;4;9
1;2025-12-15;5;125
1;2025-12-15;6;499
1;2025-12-15;7;1500
1;2025-12-15;8;1958
1;2025-12-15;9;1478
1;2025-12-15;10;1335
1;2025-12-15;11;1343
1;2025-12-15;12;1393
1;2025-12-15;13;1450
1;2025-12-15;14;1385
1;2025-12-15;15;1520
1;2025-12-15;16;1559
1;2025-12-15;17;1821
1;2025-12-15;18;1805
1;2025-12-15;19;1353
1;2025-12-15;20;877
1;2025-12-15;21;475
1;2025-12-15;22;183
1;2025-12-15;23;40
1;2025-12-16;0;4
1;2025-12-16;1;0
1;2025-12-16;2;0
1;2025-12-16;3;0
1;2025-12-16;4;9
1;2025-12-16;5;125
1;2025-12-16;6;499
1;2025-12-16;7;1500
1;2025-12-16;8;1958
1;2025-12-16;9;1478
1;2025-12-16;10;1335
1;2025-12-16;11;1343
1;2025-12-16;12;1393
1;2025-12-16;13;1450
1;2025-12-16;14;1385
1;2025-12-16;15;1520
1;2025-12-16;16;1559
1;2025-12-16;17;1821
1;2025-12-16;18;1805
1;2025-12-16;19;1353
1;2025-12-16;20;877
1;2025-12-16;21;475
1;2025-12-16;22;183
1;2025-12-16;23;40
1;2025-12-17;0;4
1;2025-12-17;1;0
1;2025-12-17;2;0
1;2025-12-17;3;0
1;2025-12-17;4;9
1;2025-12-17;5;125
1;2025-12-17;6;499
1;2025-12-17;7;1500
1;2025-12-17;8;1958
1;2025-12-17;9;1478
1;2025-12-17;10;1335
1;2025-12-17;11;1343
1;2025-12-17;12;1393
1;2025-12-17;13;1450
1;2025-12-17;14;1385
1;2025-12-17;15;1520
1;2025-12-17;16;1559
1;2025-12-17;17;1821
1;2025-12-17;18;1805
1;2025-12-17;19;1353
1;2025-12-17;20;877
1;2025-12-17;21;475
1;2025-12-17;22;183
1;2025-12-17;23;40
1;2025-12-18;0;4
1;2025-12-18;1;0
1;2025-12-18;2;0
1;2025-12-18;3;0
1;2025-12-18;4;9
1;2025-12-18;5;125
1;2025-12-18;6;499
1;2025-12-18;7;1500
1;2025-12-18;8;1958
1;2025-12-18;9;1478
1;2025-12-18;10;1335
1;2025-12-18;11;1343
1;2025-12-18;12;1393
1;2025-12-18;13;1450
1;2025-12-18;14;1385
1;2025-12-18;15;1520
1;2025-12-18;16;1559
1;2025-12-18;17;1821
1;2025-12-18;18;1805
1;2025-12-18;19;1353
1;2025-12-18;20;877
1;2025-12-18;21;475
1;2025-12-18;22;183
1;2025-12-18;23;40
1;2025-12-19;0;4
1;2025-12-19;1;0
1;2025-12-19;2;0
1;2025-12-19;3;0
1;2025-12-19;4;9
1;2025-12-19;5;125
1;2025-12-19;6;499
1;2025-12-19;7;1500
1;2025-12-19;8;1958
1;2025-12-19;9;1478
1;2025-12-19;10;1335
1;2025-12-19;11;1343
1;2025-12-19;12;1393
1;2025-12-19;13;1450
1;2025-12-19;14;1385
1;2025-12-19;15;1520
1;2025-12-19;16;1559
1;2025-12-19;17;1821
1;2025-12-19;18;1805
1;2025-12-19;19;1353
1;2025-12-19;20;877
1;2025-12-19;21;475
1;2025-12-19;22;183
1;2025-12-19;23;40
1;2025-12-20;0;4
1;2025-12-20;1;0
1;2025-12-20;2;0
1;2025-12-20;3;0
1;2025-12-20;4;0
1;2025-12-20;5;31
1;2025-12-20;6;154
1;2025-12-20;7;356
1;2025-12-20;8;493
1;2025-12-20;9;760
1;2025-12-20;10;932
1;2025-12-20;11;914
1;2025-12-20;12;1103
1;2025-12-20;13;1153
1;2025-12-20;14;1070
1;2025-12-20;15;928
1;2025-12-20;16;790
1;2025-12-20;17;741
1;2025-12-20;18;650
1;2025-12-20;19;560
1;2025-12-20;20;430
1;2025-12-20;21;302
1;2025-12-20;22;119
1;2025-12-20;23;25
1;2025-12-21;0;0
1;2025-12-21;1;0
1;2025-12-21;2;0
1;2025-12-21;3;0
1;2025-12-21;4;0
1;2025-12-21;5;21
1;2025-12-21;6;116
1;2025-12-21;7;268
1;2025-12-21;8;361
1;2025-12-21;9;625
1;2025-12-21;10;696
1;2025-12-21;11;735
1;2025-12-21;12;846
1;2025-12-21;13;879
1;2025-12-21;14;818
1;2025-12-21;15;731
1;2025-12-21;16;672
1;2025-12-21;17;590
1;2025-12-21;18;510
1;2025-12-21;19;444
1;2025-12-21;20;340
1;2025-12-21;21;278
1;2025-12-21;22;101
1;2025-12-21;23;26
1;2025-12-22;0;4
1;2025-12-22;1;0
1;2025-12-22;2;0
1;2025-12-22;3;0
1;2025-12-22;4;9
1;2025-12-22;5;125
1;2025-12-22;6;499
1;2025-12-22;7;1500
1;2025-12-22;8;1958
1;2025-12-22;9;1478
1;2025-12-22;10;1335
1;2025-12-22;11;1343
1;2025-12-22;12;1393
1;2025-12-22;13;1450
1;2025-12-22;14;1385
1;2025-12-22;15;1520
1;2025-12-22;16;1559
1;2025-12-22;17;1821
1;2025-12-22;18;1805
1;2025-12-22;19;1353
1;2025-12-22;20;877
1;2025-12-22;21;475
1;2025-12-22;22;183
1;2025-12-22;23;40
1;2025-12-23;0;4
1;2025-12-23;1;0
1;2025-12-23;2;0
1;2025-12-23;3;0
1;2025-12-23;4;9
1;2025-12-23;5;125
1;2025-12-23;6;499
1;2025-12-23;7;1500
1;2025-12-23;8;1958
1;2025-12-23;9;1478
1;2025-12-23;10;1335
1;2025-12-23;11;1343
1;2025-12-23;12;1393
1;2025-12-23;13;1450
1;2025-12-23;14;1385
1;2025-12-23;15;1520
1;2025-12-23;16;1559
1;2025-12-23;17;1821
1;2025-12-23;18;1805
1;2025-12-23;19;1353
1;2025-12-23;20;877
1;2025-12-23;21;475
1;2025-12-23;22;183
1;2025-12-23;23;40
1;2025-12-24;0;4
1;2025-12-24;1;0
1;2025-12-24;2;0
1;2025-12-24;3;0
1;2025-12-24;4;9
1;2025-12-24;5;125
1;2025-12-24;6;499
1;2025-12-24;7;1500
1;2025-12-24;8;1958
1;2025-12-24;9;1478
1;2025-12-24;10;1335
1;2025-12-24;11;1343
1;2025-12-24;12;1393
1;2025-12-24;13;1450
1;2025-12-24;14;1385
1;2025-12-24;15;1520
1;2025-12-24;16;1559
1;2025-12-24;17;1821
1;2025-12-24;18;1805
1;2025-12-24;19;1353
1;2025-12-24;20;877
1;2025-12-24;21;475
1;2025-12-24;22;183
1;2025-12-24;23;40
1;2025-12-25;0;4
1;2025-12-25;1;0
1;2025-12-25;2;0
1;2025-12-25;3;0
1;2025-12-25;4;9
1;2025-12-25;5;125
1;2025-12-25;6;499
1;2025-12-25;7;1500
1;2025-12-25;8;1958
1;2025-12-25;9;1478
1;2025-12-25;10;1335
1;2025-12-25;11;1343
1;2025-12-25;12;1393
1;2025-12-25;13;1450
1;2025-12-25;14;1385
1;2025-12-25;15;1520
1;2025-12-25;16;1559
1;2025-12-25;17;1821
1;2025-12-25;18;1805
1;2025-12-25;19;1353
1;2025-12-25;20;877
1;2025-12-25;21;475
1;2025-12-25;22;183
1;2025-12-25;23;40
1;2025-12-26;0;4
1;2025-12-26;1;0
1;2025-12-26;2;0
1;2025-12-26;3;0
1;2025-12-26;4;9
1;2025-12-26;5;125
1;2025-12-26;6;499
1;2025-12-26;7;1500
1;2025-12-26;8;1958
1;2025-12-26;9;1478
1;2025-12-26;10;1335
1;2025-12-26;11;1343
1;2025-12-26;12;1393
1;2025-12-26;13;1450
1;2025-12-26;14;1385
1;2025-12-26;15;1520
1;2025-12-26;16;1559
1;2025-12-26;17;1821
1;2025-12-26;18;1805
1;2025-12-26;19;1353
1;2025-12-26;20;877
1;2025-12-26;21;475
1;2025-12-26;22;183
1;2025-12-26;23;40
1;2025-12-27;0;4
1;2025-12-27;1;0
1;2025-12-27;2;0
1;2025-12-27;3;0
1;2025-12-27;4;0
1;2025-12-27;5;31
1;2025-12-27;6;154
1;2025-12-27;7;356
1;2025-12-27;8;493
1;2025-12-27;9;760
1;2025-12-27;10;932
1;2025-12-27;11;914
1;2025-12-27;12;1103
1;2025-12-27;13;1153
1;2025-12-27;14;1070
1;2025-12-27;15;928
1;2025-12-27;16;790
1;2025-12-27;17;741
1;2025-12-27;18;650
1;2025-12-27;19;560
1;2025-12-27;20;430
1;2025-12-27;21;302
1;2025-12-27;22;119
1;2025-12-27;23;25
1;2025-12-28;0;0
1;2025-12-28;1;0
1;2025-12-28;2;0
1;2025-12-28;3;0
1;2025-12-28;4;0
1;2025-12-28;5;21
1;2025-12-28;6;116
1;2025-12-28;7;268
1;2025-12-28;8;361
1;2025-12-28;9;625
1;2025-12-28;10;696
1;2025-12-28;11;735
1;2025-12-28;12;846
1;2025-12-28;13;879
1;2025-12-28;14;818
1;2025-12-28;15;731
1;2025-12-28;16;672
1;2025-12-28;17;590
1;2025-12-28;18;510
1;2025-12-28;19;444
1;2025-12-28;20;340
1;2025-12-28;21;278
1;2025-12-28;22;101
1;2025-12-28;23;26
1;2025-12-29;0;4
1;2025-12-29;1;0
1;2025-12-29;2;0
1;2025-12-29;3;0
1;2025-12-29;4;9
1;2025-12-29;5;125
1;2025-12-29;6;499
1;2025-12-29;7;1500
1;2025-12-29;8;1958
1;2025-12-29;9;1478
1;2025-12-29;10;1335
1;2025-12-29;11;1343
1;2025-12-29;12;1393
1;2025-12-29;13;1450
1;2025-12-29;14;1385
1;2025-12-29;15;1520
1;2025-12-29;16;1559
1;2025-12-29;17;1821
1;2025-12-29;18;1805
1;2025-12-29;19;1353
1;2025-12-29;20;877
1;2025-12-29;21;475
1;2025-12-29;22;183
1;2025-12-29;23;40
1;2025-12-30;0;4
1;2025-12-30;1;0
1;2025-12-30;2;0
1;2025-12-30;3;0
1;2025-12-30;4;9
1;2025-12-30;5;125
1;2025-12-30;6;499
1;2025-12-30;7;1500
1;2025-12-30;8;1958
1;2025-12-30;9;1478
1;2025-12-30;10;1335
1;2025-12-30;11;1343
1;2025-12-30;12;1393
1;2025-12-30;13;1450
1;2025-12-30;14;1385
1;2025-12-30;15;1520
1;2025-12-30;16;1559
1;2025-12-30;17;1821
1;2025-12-30;18;1805
1;2025-12-30;19;1353
1;2025-12-30;20;877
1;2025-12-30;21;475
1;2025-12-30;22;183
1;2025-12-30;23;40
1;2025-12-31;0;0
1;2025-12-31;1;0
1;2025-12-31;2;0
1;2025-12-31;3;0
1;2025-12-31;4;0
1;2025-12-31;5;21
1;2025-12-31;6;116
1;2025-12-31;7;268
1;2025-12-31;8;361
1;2025-12-31;9;625
1;2025-12-31;10;696
1;2025-12-31;11;735
1;2025-12-31;12;846
1;2025-12-31;13;879
1;2025-12-31;14;818
1;2025-12-31;15;731
1;2025-12-31;16;672
1;2025-12-31;17;590
1;2025-12-31;18;510
1;2025-12-31;19;444
1;2025-12-31;20;340
1;2025-12-31;21;278
1;2025-12-31;22;101
1;2025-12-31;23;26
5;2025-11-01;0;0
5;2025-11-01;1;0
5;2025-11-01;2;0
5;2025-11-01;3;0
5;2025-11-01;4;0
5;2025-11-01;5;0
5;2025-11-01;6;0
5;2025-11-01;7;0
5;2025-11-01;8;0
5;2025-11-01;9;0
5;2025-11-01;10;0
5;2025-11-01;11;0
5;2025-11-01;12;0
5;2025-11-01;13;0
5;2025-11-01;14;0
5;2025-11-01;15;0
5;2025-11-01;16;0
5;2025-11-01;17;0
5;2025-11-01;18;0
5;2025-11-01;19;0
5;2025-11-01;20;0
5;2025-11-01;21;0
5;2025-11-01;22;0
5;2025-11-01;23;0
5;2025-11-02;0;0
5;2025-11-02;1;0
5;2025-11-02;2;0
5;2025-11-02;3;0
5;2025-11-02;4;0
5;2025-11-02;5;0
5;2025-11-02;6;0
5;2025-11-02;7;0
5;2025-11-02;8;0
5;2025-11-02;9;0
5;2025-11-02;10;0
5;2025-11-02;11;0
5;2025-11-02;12;0
5;2025-11-02;13;0
5;2025-11-02;14;0
5;2025-11-02;15;0
5;2025-11-02;16;0
5;2025-11-02;17;0
5;2025-11-02;18;0
5;2025-11-02;19;0
5;2025-11-02;20;0
5;2025-11-02;21;0
5;2025-11-02;22;0
5;2025-11-02;23;0
5;2025-11-03;0;0
5;2025-11-03;1;0
5;2025-11-03;2;0
5;2025-11-03;3;0
5;2025-11-03;4;0
5;2025-11-03;5;0
5;2025-11-03;6;0
5;2025-11-03;7;0
5;2025-11-03;8;0
5;2025-11-03;9;0
5;2025-11-03;10;0
5;2025-11-03;11;0
5;2025-11-03;12;0
5;2025-11-03;13;0
5;2025-11-03;14;0
5;2025-11-03;15;0
5;2025-11-03;16;0
5;2025-11-03;17;0
5;2025-11-03;18;0
5;2025-11-03;19;0
5;2025-11-03;20;0
5;2025-11-03;21;0
5;2025-11-03;22;0
5;2025-11-03;23;0
5;2025-11-04;0;0
5;2025-11-04;1;0
5;2025-11-04;2;0
5;2025-11-04;3;0
5;2025-11-04;4;0
5;2025-11-04;5;0
5;2025-11-04;6;0
5;2025-11-04;7;0
5;2025-11-04;8;0
5;2025-11-04;9;0
5;2025-11-04;10;0
5;2025-11-04;11;0
5;2025-11-04;12;0
5;2025-11-04;13;0
5;2025-11-04;14;0
5;2025-11-04;15;0
5;2025-11-04;16;0
5;2025-11-04;17;0
5;2025-11-04;18;0
5;2025-11-04;19;0
5;2025-11-04;20;0
5;2025-11-04;21;0
5;2025-11-04;22;0
5;2025-11-04;23;0
5;2025-11-05;0;0
5;2025-11-05;1;0
5;2025-11-05;2;0
5;2025-11-05;3;0
5;2025-11-05;4;0
5;2025-11-05;5;0
5;2025-11-05;6;0
5;2025-11-05;7;0
5;2025-11-05;8;0
5;2025-11-05;9;0
5;2025-11-05;10;0
5;2025-11-05;11;0
5;2025-11-05;12;0
5;2025-11-05;13;0
5;2025-11-05;14;0
5;2025-11-05;15;0
5;2025-11-05;16;0
5;2025-11-05;17;0
5;2025-11-05;18;0
5;2025-11-05;19;0
5;2025-11-05;20;0
5;2025-11-05;21;0
5;2025-11-05;22;0
5;2025-11-05;23;0
5;2025-11-06;0;0
5;2025-11-06;1;0
5;2025-11-06;2;0
5;2025-11-06;3;0
5;2025-11-06;4;0
5;2025-11-06;5;0
5;2025-11-06;6;0
5;2025-11-06;7;0
5;2025-11-06;8;0
5;2025-11-06;9;0
5;2025-11-06;10;0
5;2025-11-06;11;0
5;2025-11-06;12;0
5;2025-11-06;13;0
5;2025-11-06;14;0
5;2025-11-06;15;0
5;2025-11-06;16;0
5;2025-11-06;17;0
5;2025-11-06;18;0
5;2025-11-06;19;0
5;2025-11-06;20;0
5;2025-11-06;21;0
5;2025-11-06;22;0
5;2025-11-06;23;0
5;2025-11-07;0;0
5;2025-11-07;1;0
5;2025-11-07;2;0
5;2025-11-07;3;0
5;2025-11-07;4;0
5;2025-11-07;5;0
5;2025-11-07;6;0
5;2025-11-07;7;0
5;2025-11-07;8;0
5;2025-11-07;9;0
5;2025-11-07;10;0
5;2025-11-07;11;0
5;2025-11-07;12;0
5;2025-11-07;13;0
5;2025-11-07;14;0
5;2025-11-07;15;0
5;2025-11-07;16;0
5;2025-11-07;17;0
5;2025-11-07;18;0
5;2025-11-07;19;0
5;2025-11-07;20;0
5;2025-11-07;21;0
5;2025-11-07;22;0
5;2025-11-07;23;0
5;2025-11-08;0;0
5;2025-11-08;1;0
5;2025-11-08;2;0
5;2025-11-08;3;0
5;2025-11-08;4;0
5;2025-11-08;5;0
5;2025-11-08;6;0
5;2025-11-08;7;0
5;2025-11-08;8;0
5;2025-11-08;9;0
5;2025-11-08;10;0
5;2025-11-08;11;0
5;2025-11-08;12;0
5;2025-11-08;13;0
5;2025-11-08;14;0
5;2025-11-08;15;0
5;2025-11-08;16;0
5;2025-11-08;17;0
5;2025-11-08;18;0
5;2025-11-08;19;0
5;2025-11-08;20;0
5;2025-11-08;21;0
5;2025-11-08;22;0
5;2025-11-08;23;0
5;2025-11-09;0;0
5;2025-11-09;1;0
5;2025-11-09;2;0
5;2025-11-09;3;0
5;2025-11-09;4;0
5;2025-11-09;5;0
5;2025-11-09;6;0
5;2025-11-09;7;0
5;2025-11-09;8;0
5;2025-11-09;9;0
5;2025-11-09;10;0
5;2025-11-09;11;0
5;2025-11-09;12;0
5;2025-11-09;13;0
5;2025-11-09;14;0
5;2025-11-09;15;0
5;2025-11-09;16;0
5;2025-11-09;17;0
5;2025-11-09;18;0
5;2025-11-09;19;0
5;2025-11-09;20;0
5;2025-11-09;21;0
5;2025-11-09;22;0
5;2025-11-09;23;0
5;2025-11-10;0;0
5;2025-11-10;1;0
5;2025-11-10;2;0
5;2025-11-10;3;0
5;2025-11-10;4;0
5;2025-11-10;5;0
5;2025-11-10;6;0
5;2025-11-10;7;0
5;2025-11-10;8;0
5;2025-11-10;9;0
5;2025-11-10;10;0
5;2025-11-10;11;0
5;2025-11-10;12;0
5;2025-11-10;13;0
5;2025-11-10;14;0
5;2025-11-10;15;0
5;2025-11-10;16;0
5;2025-11-10;17;0
5;2025-11-10;18;0
5;2025-11-10;19;0
5;2025-11-10;20;0
5;2025-11-10;21;0
5;2025-11-10;22;0
5;2025-11-10;23;0
5;2025-11-11;0;0
5;2025-11-11;1;0
5;2025-11-11;2;0
5;2025-11-11;3;0
5;2025-11-11;4;0
5;2025-11-11;5;0
5;2025-11-11;6;0
5;2025-11-11;7;0
5;2025-11-11;8;0
5;2025-11-11;9;0
5;2025-11-11;10;0
5;2025-11-11;11;0
5;2025-11-11;12;0
5;2025-11-11;13;0
5;2025-11-11;14;0
5;2025-11-11;15;0
5;2025-11-11;16;0
5;2025-11-11;17;0
5;2025-11-11;18;0
5;2025-11-11;19;0
5;2025-11-11;20;0
5;2025-11-11;21;0
5;2025-11-11;22;0
5;2025-11-11;23;0
5;2025-11-12;0;0
5;2025-11-12;1;0
5;2025-11-12;2;0
5;2025-11-12;3;0
5;2025-11-12;4;0
5;2025-11-12;5;0
5;2025-11-12;6;0
5;2025-11-12;7;0
5;2025-11-12;8;0
5;2025-11-12;9;0
5;2025-11-12;10;0
5;2025-11-12;11;0
5;2025-11-12;12;0
5;2025-11-12;13;0
5;2025-11-12;14;0
5;2025-11-12;15;0
5;2025-11-12;16;0
5;2025-11-12;17;0
5;2025-11-12;18;0
5;2025-11-12;19;0
5;2025-11-12;20;0
5;2025-11-12;21;0
5;2025-11-12;22;0
5;2025-11-12;23;0
5;2025-11-13;0;0
5;2025-11-13;1;0
5;2025-11-13;2;0
5;2025-11-13;3;0
5;2025-11-13;4;0
5;2025-11-13;5;0
5;2025-11-13;6;0
5;2025-11-13;7;0
5;2025-11-13;8;0
5;2025-11-13;9;0
5;2025-11-13;10;0
5;2025-11-13;11;0
5;2025-11-13;12;0
5;2025-11-13;13;0
5;2025-11-13;14;0
5;2025-11-13;15;0
5;2025-11-13;16;0
5;2025-11-13;17;0
5;2025-11-13;18;0
5;2025-11-13;19;0
5;2025-11-13;20;0
5;2025-11-13;21;0
5;2025-11-13;22;0
5;2025-11-13;23;0
5;2025-11-14;0;0
5;2025-11-14;1;0
5;2025-11-14;2;0
5;2025-11-14;3;0
5;2025-11-14;4;0
5;2025-11-14;5;0
5;2025-11-14;6;0
5;2025-11-14;7;0
5;2025-11-14;8;0
5;2025-11-14;9;0
5;2025-11-14;10;0
5;2025-11-14;11;0
5;2025-11-14;12;0
5;2025-11-14;13;0
5;2025-11-14;14;0
5;2025-11-14;15;0
5;2025-11-14;16;0
5;2025-11-14;17;0
5;2025-11-14;18;0
5;2025-11-14;19;0
5;2025-11-14;20;0
5;2025-11-14;21;0
5;2025-11-14;22;0
5;2025-11-14;23;0
5;2025-11-15;0;0
5;2025-11-15;1;0
5;2025-11-15;2;0
5;2025-11-15;3;0
5;2025-11-15;4;0
5;2025-11-15;5;0
5;2025-11-15;6;0
5;2025-11-15;7;0
5;2025-11-15;8;0
5;2025-11-15;9;0
5;2025-11-15;10;0
5;2025-11-15;11;0
5;2025-11-15;12;0
5;2025-11-15;13;0
5;2025-11-15;14;0
5;2025-11-15;15;0
5;2025-11-15;16;0
5;2025-11-15;17;0
5;2025-11-15;18;0
5;2025-11-15;19;0
5;2025-11-15;20;0
5;2025-11-15;21;0
5;2025-11-15;22;0
5;2025-11-15;23;0
5;2025-11-16;0;0
5;2025-11-16;1;0
5;2025-11-16;2;0
5;2025-11-16;3;0
5;2025-11-16;4;0
5;2025-11-16;5;0
5;2025-11-16;6;0
5;2025-11-16;7;0
5;2025-11-16;8;0
5;2025-11-16;9;0
5;2025-11-16;10;0
5;2025-11-16;11;0
5;2025-11-16;12;0
5;2025-11-16;13;0
5;2025-11-16;14;0
5;2025-11-16;15;0
5;2025-11-16;16;0
5;2025-11-16;17;0
5;2025-11-16;18;0
5;2025-11-16;19;0
5;2025-11-16;20;0
5;2025-11-16;21;0
5;2025-11-16;22;0
5;2025-11-16;23;0
5;2025-11-17;0;0
5;2025-11-17;1;0
5;2025-11-17;2;0
5;2025-11-17;3;0
5;2025-11-17;4;0
5;2025-11-17;5;0
5;2025-11-17;6;0
5;2025-11-17;7;0
5;2025-11-17;8;0
5;2025-11-17;9;0
5;2025-11-17;10;0
5;2025-11-17;11;0
5;2025-11-17;12;0
5;2025-11-17;13;0
5;2025-11-17;14;0
5;2025-11-17;15;0
5;2025-11-17;16;0
5;2025-11-17;17;0
5;2025-11-17;18;0
5;2025-11-17;19;0
5;2025-11-17;20;0
5;2025-11-17;21;0
5;2025-11-17;22;0
5;2025-11-17;23;0
5;2025-11-18;0;0
5;2025-11-18;1;0
5;2025-11-18;2;0
5;2025-11-18;3;0
5;2025-11-18;4;0
5;2025-11-18;5;0
5;2025-11-18;6;0
5;2025-11-18;7;0
5;2025-11-18;8;0
5;2025-11-18;9;0
5;2025-11-18;10;0
5;2025-11-18;11;0
5;2025-11-18;12;0
5;2025-11-18;13;0
5;2025-11-18;14;0
5;2025-11-18;15;0
5;2025-11-18;16;0
5;2025-11-18;17;0
5;2025-11-18;18;0
5;2025-11-18;19;0
5;2025-11-18;20;0
5;2025-11-18;21;0
5;2025-11-18;22;0
5;2025-11-18;23;0
5;2025-11-19;0;0
5;2025-11-19;1;0
5;2025-11-19;2;0
5;2025-11-19;3;0
5;2025-11-19;4;0
5;2025-11-19;5;0
5;2025-11-19;6;0
5;2025-11-19;7;0
5;2025-11-19;8;0
5;2025-11-19;9;0
5;2025-11-19;10;0
5;2025-11-19;11;0
5;2025-11-19;12;0
5;2025-11-19;13;0
5;2025-11-19;14;0
5;2025-11-19;15;0
5;2025-11-19;16;0
5;2025-11-19;17;0
5;2025-11-19;18;0
5;2025-11-19;19;0
5;2025-11-19;20;0
5;2025-11-19;21;0
5;2025-11-19;22;0
5;2025-11-19;23;0
5;2025-11-20;0;0
5;2025-11-20;1;0
5;2025-11-20;2;0
5;2025-11-20;3;0
5;2025-11-20;4;0
5;2025-11-20;5;0
5;2025-11-20;6;0
5;2025-11-20;7;0
5;2025-11-20;8;0
5;2025-11-20;9;0
5;2025-11-20;10;0
5;2025-11-20;11;0
5;2025-11-20;12;0
5;2025-11-20;13;0
5;2025-11-20;14;0
5;2025-11-20;15;0
5;2025-11-20;16;0
5;2025-11-20;17;0
5;2025-11-20;18;0
5;2025-11-20;19;0
5;2025-11-20;20;0
5;2025-11-20;21;0
5;2025-11-20;22;0
5;2025-11-20;23;0
5;2025-11-21;0;0
5;2025-11-21;1;0
5;2025-11-21;2;0
5;2025-11-21;3;0
5;2025-11-21;4;0
5;2025-11-21;5;0
5;2025-11-21;6;0
5;2025-11-21;7;0
5;2025-11-21;8;0
5;2025-11-21;9;0
5;2025-11-21;10;0
5;2025-11-21;11;0
5;2025-11-21;12;0
5;2025-11-21;13;0
5;2025-11-21;14;0
5;2025-11-21;15;0
5;2025-11-21;16;0
5;2025-11-21;17;0
5;2025-11-21;18;0
5;2025-11-21;19;0
5;2025-11-21;20;0
5;2025-11-21;21;0
5;2025-11-21;22;0
5;2025-11-21;23;0
5;2025-11-22;0;0
5;2025-11-22;1;0
5;2025-11-22;2;0
5;2025-11-22;3;0
5;2025-11-22;4;0
5;2025-11-22;5;0
5;2025-11-22;6;0
5;2025-11-22;7;0
5;2025-11-22;8;0
5;2025-11-22;9;0
5;2025-11-22;10;0
5;2025-11-22;11;0
5;2025-11-22;12;0
5;2025-11-22;13;0
5;2025-11-22;14;0
5;2025-11-22;15;0
5;2025-11-22;16;0
5;2025-11-22;17;0
5;2025-11-22;18;0
5;2025-11-22;19;0
5;2025-11-22;20;0
5;2025-11-22;21;0
5;2025-11-22;22;0
5;2025-11-22;23;0
5;2025-11-23;0;0
5;2025-11-23;1;0
5;2025-11-23;2;0
5;2025-11-23;3;0
5;2025-11-23;4;0
5;2025-11-23;5;0
5;2025-11-23;6;0
5;2025-11-23;7;0
5;2025-11-23;8;0
5;2025-11-23;9;0
5;2025-11-23;10;0
5;2025-11-23;11;0
5;2025-11-23;12;0
5;2025-11-23;13;0
5;2025-11-23;14;0
5;2025-11-23;15;0
5;2025-11-23;16;0
5;2025-11-23;17;0
5;2025-11-23;18;0
5;2025-11-23;19;0
5;2025-11-23;20;0
5;2025-11-23;21;0
5;2025-11-23;22;0
5;2025-11-23;23;0
5;2025-11-24;0;0
5;2025-11-24;1;0
5;2025-11-24;2;0
5;2025-11-24;3;0
5;2025-11-24;4;0
5;2025-11-24;5;0
5;2025-11-24;6;0
5;2025-11-24;7;0
5;2025-11-24;8;0
5;2025-11-24;9;0
5;2025-11-24;10;0
5;2025-11-24;11;0
5;2025-11-24;12;0
5;2025-11-24;13;0
5;2025-11-24;14;0
5;2025-11-24;15;0
5;2025-11-24;16;0
5;2025-11-24;17;0
5;2025-11-24;18;0
5;2025-11-24;19;0
5;2025-11-24;20;0
5;2025-11-24;21;0
5;2025-11-24;22;0
5;2025-11-24;23;0
5;2025-11-25;0;0
5;2025-11-25;1;0
5;2025-11-25;2;0
5;2025-11-25;3;0
5;2025-11-25;4;0
5;2025-11-25;5;0
5;2025-11-25;6;0
5;2025-11-25;7;0
5;2025-11-25;8;0
5;2025-11-25;9;0
5;2025-11-25;10;0
5;2025-11-25;11;0
5;2025-11-25;12;0
5;2025-11-25;13;0
5;2025-11-25;14;0
5;2025-11-25;15;0
5;2025-11-25;16;0
5;2025-11-25;17;0
5;2025-11-25;18;0
5;2025-11-25;19;0
5;2025-11-25;20;0
5;2025-11-25;21;0
5;2025-11-25;22;0
5;2025-11-25;23;0
5;2025-11-26;0;0
5;2025-11-26;1;0
5;2025-11-26;2;0
5;2025-11-26;3;0
5;2025-11-26;4;0
5;2025-11-26;5;0
5;2025-11-26;6;0
5;2025-11-26;7;0
5;2025-11-26;8;0
5;2025-11-26;9;0
5;2025-11-26;10;0
5;2025-11-26;11;0
5;2025-11-26;12;0
5;2025-11-26;13;0
5;2025-11-26;14;0
5;2025-11-26;15;0
5;2025-11-26;16;0
5;2025-11-26;17;0
5;2025-11-26;18;0
5;2025-11-26;19;0
5;2025-11-26;20;0
5;2025-11-26;21;0
5;2025-11-26;22;0
5;2025-11-26;23;0
5;2025-11-27;0;0
5;2025-11-27;1;0
5;2025-11-27;2;0
5;2025-11-27;3;0
5;2025-11-27;4;0
5;2025-11-27;5;0
5;2025-11-27;6;0
5;2025-11-27;7;0
5;2025-11-27;8;0
5;2025-11-27;9;0
5;2025-11-27;10;0
5;2025-11-27;11;0
5;2025-11-27;12;0
5;2025-11-27;13;0
5;2025-11-27;14;0
5;2025-11-27;15;0
5;2025-11-27;16;0
5;2025-11-27;17;0
5;2025-11-27;18;0
5;2025-11-27;19;0
5;2025-11-27;20;0
5;2025-11-27;21;0
5;2025-11-27;22;0
5;2025-11-27;23;0
5;2025-11-28;0;0
5;2025-11-28;1;0
5;2025-11-28;2;0
5;2025-11-28;3;0
5;2025-11-28;4;0
5;2025-11-28;5;0
5;2025-11-28;6;0
5;2025-11-28;7;0
5;2025-11-28;8;0
5;2025-11-28;9;0
5;2025-11-28;10;0
5;2025-11-28;11;0
5;2025-11-28;12;0
5;2025-11-28;13;0
5;2025-11-28;14;0
5;2025-11-28;15;0
5;2025-11-28;16;0
5;2025-11-28;17;0
5;2025-11-28;18;0
5;2025-11-28;19;0
5;2025-11-28;20;0
5;2025-11-28;21;0
5;2025-11-28;22;0
5;2025-11-28;23;0
5;2025-11-29;0;0
5;2025-11-29;1;0
5;2025-11-29;2;0
5;2025-11-29;3;0
5;2025-11-29;4;0
5;2025-11-29;5;0
5;2025-11-29;6;0
5;2025-11-29;7;0
5;2025-11-29;8;0
5;2025-11-29;9;0
5;2025-11-29;10;0
5;2025-11-29;11;0
5;2025-11-29;12;0
5;2025-11-29;13;0
5;2025-11-29;14;0
5;2025-11-29;15;0
5;2025-11-29;16;0
5;2025-11-29;17;0
5;2025-11-29;18;0
5;2025-11-29;19;0
5;2025-11-29;20;0
5;2025-11-29;21;0
5;2025-11-29;22;0
5;2025-11-29;23;0
5;2025-11-30;0;0
5;2025-11-30;1;0
5;2025-11-30;2;0
5;2025-11-30;3;0
5;2025-11-30;4;0
5;2025-11-30;5;0
5;2025-11-30;6;0
5;2025-11-30;7;0
5;2025-11-30;8;0
5;2025-11-30;9;0
5;2025-11-30;10;0
5;2025-11-30;11;0
5;2025-11-30;12;0
5;2025-11-30;13;0
5;2025-11-30;14;0
5;2025-11-30;15;0
5;2025-11-30;16;0
5;2025-11-30;17;0
5;2025-11-30;18;0
5;2025-11-30;19;0
5;2025-11-30;20;0
5;2025-11-30;21;0
5;2025-11-30;22;0
5;2025-11-30;23;0
5;2025-12-01;0;0
5;2025-12-01;1;0
5;2025-12-01;2;0
5;2025-12-01;3;0
5;2025-12-01;4;0
5;2025-12-01;5;0
5;2025-12-01;6;0
5;2025-12-01;7;0
5;2025-12-01;8;0
5;2025-12-01;9;0
5;2025-12-01;10;0
5;2025-12-01;11;0
5;2025-12-01;12;0
5;2025-12-01;13;0
5;2025-12-01;14;0
5;2025-12-01;15;0
5;2025-12-01;16;0
5;2025-12-01;17;0
5;2025-12-01;18;0
5;2025-12-01;19;0
5;2025-12-01;20;0
5;2025-12-01;21;0
5;2025-12-01;22;0
5;2025-12-01;23;0
5;2025-12-02;0;0
5;2025-12-02;1;0
5;2025-12-02;2;0
5;2025-12-02;3;0
5;2025-12-02;4;0
5;2025-12-02;5;0
5;2025-12-02;6;0
5;2025-12-02;7;0
5;2025-12-02;8;0
5;2025-12-02;9;0
5;2025-12-02;10;0
5;2025-12-02;11;0
5;2025-12-02;12;0
5;2025-12-02;13;0
5;2025-12-02;14;0
5;2025-12-02;15;0
5;2025-12-02;16;0
5;2025-12-02;17;0
5;2025-12-02;18;0
5;2025-12-02;19;0
5;2025-12-02;20;0
5;2025-12-02;21;0
5;2025-12-02;22;0
5;2025-12-02;23;0
5;2025-12-03;0;0
5;2025-12-03;1;0
5;2025-12-03;2;0
5;2025-12-03;3;0
5;2025-12-03;4;0
5;2025-12-03;5;0
5;2025-12-03;6;0
5;2025-12-03;7;0
5;2025-12-03;8;0
5;2025-12-03;9;0
5;2025-12-03;10;0
5;2025-12-03;11;0
5;2025-12-03;12;0
5;2025-12-03;13;0
5;2025-12-03;14;0
5;2025-12-03;15;0
5;2025-12-03;16;0
5;2025-12-03;17;0
5;2025-12-03;18;0
5;2025-12-03;19;0
5;2025-12-03;20;0
5;2025-12-03;21;0
5;2025-12-03;22;0
5;2025-12-03;23;0
5;2025-12-04;0;0
5;2025-12-04;1;0
5;2025-12-04;2;0
5;2025-12-04;3;0
5;2025-12-04;4;0
5;2025-12-04;5;0
5;2025-12-04;6;0
5;2025-12-04;7;0
5;2025-12-04;8;0
5;2025-12-04;9;0
5;2025-12-04;10;0
5;2025-12-04;11;0
5;2025-12-04;12;0
5;2025-12-04;13;0
5;2025-12-04;14;0
5;2025-12-04;15;0
5;2025-12-04;16;0
5;2025-12-04;17;0
5;2025-12-04;18;0
5;2025-12-04;19;0
5;2025-12-04;20;0
5;2025-12-04;21;0
5;2025-12-04;22;0
5;2025-12-04;23;0
5;2025-12-05;0;0
5;2025-12-05;1;0
5;2025-12-05;2;0
5;2025-12-05;3;0
5;2025-12-05;4;0
5;2025-12-05;5;0
5;2025-12-05;6;0
5;2025-12-05;7;0
5;2025-12-05;8;0
5;2025-12-05;9;0
5;2025-12-05;10;0
5;2025-12-05;11;0
5;2025-12-05;12;0
5;2025-12-05;13;0
5;2025-12-05;14;0
5;2025-12-05;15;0
5;2025-12-05;16;0
5;2025-12-05;17;0
5;2025-12-05;18;0
5;2025-12-05;19;0
5;2025-12-05;20;0
5;2025-12-05;21;0
5;2025-12-05;22;0
5;2025-12-05;23;0
5;2025-12-06;0;0
5;2025-12-06;1;0
5;2025-12-06;2;0
5;2025-12-06;3;0
5;2025-12-06;4;0
5;2025-12-06;5;0
5;2025-12-06;6;0
5;2025-12-06;7;0
5;2025-12-06;8;0
5;2025-12-06;9;0
5;2025-12-06;10;0
5;2025-12-06;11;0
5;2025-12-06;12;0
5;2025-12-06;13;0
5;2025-12-06;14;0
5;2025-12-06;15;0
5;2025-12-06;16;0
5;2025-12-06;17;0
5;2025-12-06;18;0
5;2025-12-06;19;0
5;2025-12-06;20;0
5;2025-12-06;21;0
5;2025-12-06;22;0
5;2025-12-06;23;0
5;2025-12-07;0;0
5;2025-12-07;1;0
5;2025-12-07;2;0
5;2025-12-07;3;0
5;2025-12-07;4;0
5;2025-12-07;5;0
5;2025-12-07;6;0
5;2025-12-07;7;0
5;2025-12-07;8;0
5;2025-12-07;9;0
5;2025-12-07;10;0
5;2025-12-07;11;0
5;2025-12-07;12;0
5;2025-12-07;13;0
5;2025-12-07;14;0
5;2025-12-07;15;0
5;2025-12-07;16;0
5;2025-12-07;17;0
5;2025-12-07;18;0
5;2025-12-07;19;0
5;2025-12-07;20;0
5;2025-12-07;21;0
5;2025-12-07;22;0
5;2025-12-07;23;0
5;2025-12-08;0;0
5;2025-12-08;1;0
5;2025-12-08;2;0
5;2025-12-08;3;0
5;2025-12-08;4;0
5;2025-12-08;5;0
5;2025-12-08;6;0
5;2025-12-08;7;0
5;2025-12-08;8;0
5;2025-12-08;9;0
5;2025-12-08;10;0
5;2025-12-08;11;0
5;2025-12-08;12;0
5;2025-12-08;13;0
5;2025-12-08;14;0
5;2025-12-08;15;0
5;2025-12-08;16;0
5;2025-12-08;17;0
5;2025-12-08;18;0
5;2025-12-08;19;0
5;2025-12-08;20;0
5;2025-12-08;21;0
5;2025-12-08;22;0
5;2025-12-08;23;0
5;2025-12-09;0;0
5;2025-12-09;1;0
5;2025-12-09;2;0
5;2025-12-09;3;0
5;2025-12-09;4;0
5;2025-12-09;5;0
5;2025-12-09;6;0
5;2025-12-09;7;0
5;2025-12-09;8;0
5;2025-12-09;9;0
5;2025-12-09;10;0
5;2025-12-09;11;0
5;2025-12-09;12;0
5;2025-12-09;13;0
5;2025-12-09;14;0
5;2025-12-09;15;0
5;2025-12-09;16;0
5;2025-12-09;17;0
5;2025-12-09;18;0
5;2025-12-09;19;0
5;2025-12-09;20;0
5;2025-12-09;21;0
5;2025-12-09;22;0
5;2025-12-09;23;0
5;2025-12-10;0;0
5;2025-12-10;1;0
5;2025-12-10;2;0
5;2025-12-10;3;0
5;2025-12-10;4;0
5;2025-12-10;5;0
5;2025-12-10;6;0
5;2025-12-10;7;0
5;2025-12-10;8;0
5;2025-12-10;9;0
5;2025-12-10;10;0
5;2025-12-10;11;0
5;2025-12-10;12;0
5;2025-12-10;13;0
5;2025-12-10;14;0
5;2025-12-10;15;0
5;2025-12-10;16;0
5;2025-12-10;17;0
5;2025-12-10;18;0
5;2025-12-10;19;0
5;2025-12-10;20;0
5;2025-12-10;21;0
5;2025-12-10;22;0
5;2025-12-10;23;0
5;2025-12-11;0;0
5;2025-12-11;1;0
5;2025-12-11;2;0
5;2025-12-11;3;0
5;2025-12-11;4;0
5;2025-12-11;5;0
5;2025-12-11;6;0
5;2025-12-11;7;0
5;2025-12-11;8;0
5;2025-12-11;9;0
5;2025-12-11;10;0
5;2025-12-11;11;0
5;2025-12-11;12;0
5;2025-12-11;13;0
5;2025-12-11;14;0
5;2025-12-11;15;0
5;2025-12-11;16;0
5;2025-12-11;17;0
5;2025-12-11;18;0
5;2025-12-11;19;0
5;2025-12-11;20;0
5;2025-12-11;21;0
5;2025-12-11;22;0
5;2025-12-11;23;0
5;2025-12-12;0;0
5;2025-12-12;1;0
5;2025-12-12;2;0
5;2025-12-12;3;0
5;2025-12-12;4;0
5;2025-12-12;5;0
5;2025-12-12;6;0
5;2025-12-12;7;0
5;2025-12-12;8;0
5;2025-12-12;9;0
5;2025-12-12;10;0
5;2025-12-12;11;0
5;2025-12-12;12;0
5;2025-12-12;13;0
5;2025-12-12;14;0
5;2025-12-12;15;0
5;2025-12-12;16;0
5;2025-12-12;17;0
5;2025-12-12;18;0
5;2025-12-12;19;0
5;2025-12-12;20;0
5;2025-12-12;21;0
5;2025-12-12;22;0
5;2025-12-12;23;0
5;2025-12-13;0;0
5;2025-12-13;1;0
5;2025-12-13;2;0
5;2025-12-13;3;0
5;2025-12-13;4;0
5;2025-12-13;5;0
5;2025-12-13;6;0
5;2025-12-13;7;0
5;2025-12-13;8;0
5;2025-12-13;9;0
5;2025-12-13;10;0
5;2025-12-13;11;0
5;2025-12-13;12;0
5;2025-12-13;13;0
5;2025-12-13;14;0
5;2025-12-13;15;0
5;2025-12-13;16;0
5;2025-12-13;17;0
5;2025-12-13;18;0
5;2025-12-13;19;0
5;2025-12-13;20;0
5;2025-12-13;21;0
5;2025-12-13;22;0
5;2025-12-13;23;0
5;2025-12-14;0;0
5;2025-12-14;1;0
5;2025-12-14;2;0
5;2025-12-14;3;0
5;2025-12-14;4;0
5;2025-12-14;5;0
5;2025-12-14;6;0
5;2025-12-14;7;0
5;2025-12-14;8;0
5;2025-12-14;9;0
5;2025-12-14;10;0
5;2025-12-14;11;0
5;2025-12-14;12;0
5;2025-12-14;13;0
5;2025-12-14;14;0
5;2025-12-14;15;0
5;2025-12-14;16;0
5;2025-12-14;17;0
5;2025-12-14;18;0
5;2025-12-14;19;0
5;2025-12-14;20;0
5;2025-12-14;21;0
5;2025-12-14;22;0
5;2025-12-14;23;0
5;2025-12-15;0;0
5;2025-12-15;1;0
5;2025-12-15;2;0
5;2025-12-15;3;0
5;2025-12-15;4;0
5;2025-12-15;5;0
5;2025-12-15;6;0
5;2025-12-15;7;0
5;2025-12-15;8;0
5;2025-12-15;9;0
5;2025-12-15;10;0
5;2025-12-15;11;0
5;2025-12-15;12;0
5;2025-12-15;13;0
5;2025-12-15;14;0
5;2025-12-15;15;0
5;2025-12-15;16;0
5;2025-12-15;17;0
5;2025-12-15;18;0
5;2025-12-15;19;0
5;2025-12-15;20;0
5;2025-12-15;21;0
5;2025-12-15;22;0
5;2025-12-15;23;0
5;2025-12-16;0;0
5;2025-12-16;1;0
5;2025-12-16;2;0
5;2025-12-16;3;0
5;2025-12-16;4;0
5;2025-12-16;5;0
5;2025-12-16;6;0
5;2025-12-16;7;0
5;2025-12-16;8;0
5;2025-12-16;9;0
5;2025-12-16;10;0
5;2025-12-16;11;0
5;2025-12-16;12;0
5;2025-12-16;13;0
5;2025-12-16;14;0
5;2025-12-16;15;0
5;2025-12-16;16;0
5;2025-12-16;17;0
5;2025-12-16;18;0
5;2025-12-16;19;0
5;2025-12-16;20;0
5;2025-12-16;21;0
5;2025-12-16;22;0
5;2025-12-16;23;0
5;2025-12-17;0;0
5;2025-12-17;1;0
5;2025-12-17;2;0
5;2025-12-17;3;0
5;2025-12-17;4;0
5;2025-12-17;5;0
5;2025-12-17;6;0
5;2025-12-17;7;0
5;2025-12-17;8;0
5;2025-12-17;9;0
5;2025-12-17;10;0
5;2025-12-17;11;0
5;2025-12-17;12;0
5;2025-12-17;13;0
5;2025-12-17;14;0
5;2025-12-17;15;0
5;2025-12-17;16;0
5;2025-12-17;17;0
5;2025-12-17;18;0
5;2025-12-17;19;0
5;2025-12-17;20;0
5;2025-12-17;21;0
5;2025-12-17;22;0
5;2025-12-17;23;0
5;2025-12-18;0;0
5;2025-12-18;1;0
5;2025-12-18;2;0
5;2025-12-18;3;0
5;2025-12-18;4;0
5;2025-12-18;5;0
5;2025-12-18;6;0
5;2025-12-18;7;0
5;2025-12-18;8;0
5;2025-12-18;9;0
5;2025-12-18;10;0
5;2025-12-18;11;0
5;2025-12-18;12;0
5;2025-12-18;13;0
5;2025-12-18;14;0
5;2025-12-18;15;0
5;2025-12-18;16;0
5;2025-12-18;17;0
5;2025-12-18;18;0
5;2025-12-18;19;0
5;2025-12-18;20;0
5;2025-12-18;21;0
5;2025-12-18;22;0
5;2025-12-18;23;0
5;2025-12-19;0;0
5;2025-12-19;1;0
5;2025-12-19;2;0
5;2025-12-19;3;0
5;2025-12-19;4;0
5;2025-12-19;5;0
5;2025-12-19;6;0
5;2025-12-19;7;0
5;2025-12-19;8;0
5;2025-12-19;9;0
5;2025-12-19;10;0
5;2025-12-19;11;0
5;2025-12-19;12;0
5;2025-12-19;13;0
5;2025-12-19;14;0
5;2025-12-19;15;0
5;2025-12-19;16;0
5;2025-12-19;17;0
5;2025-12-19;18;0
5;2025-12-19;19;0
5;2025-12-19;20;0
5;2025-12-19;21;0
5;2025-12-19;22;0
5;2025-12-19;23;0
5;2025-12-20;0;0
5;2025-12-20;1;0
5;2025-12-20;2;0
5;2025-12-20;3;0
5;2025-12-20;4;0
5;2025-12-20;5;0
5;2025-12-20;6;0
5;2025-12-20;7;0
5;2025-12-20;8;0
5;2025-12-20;9;0
5;2025-12-20;10;0
5;2025-12-20;11;0
5;2025-12-20;12;0
5;2025-12-20;13;0
5;2025-12-20;14;0
5;2025-12-20;15;0
5;2025-12-20;16;0
5;2025-12-20;17;0
5;2025-12-20;18;0
5;2025-12-20;19;0
5;2025-12-20;20;0
5;2025-12-20;21;0
5;2025-12-20;22;0
5;2025-12-20;23;0
5;2025-12-21;0;0
5;2025-12-21;1;0
5;2025-12-21;2;0
5;2025-12-21;3;0
5;2025-12-21;4;0
5;2025-12-21;5;0
5;2025-12-21;6;0
5;2025-12-21;7;0
5;2025-12-21;8;0
5;2025-12-21;9;0
5;2025-12-21;10;0
5;2025-12-21;11;0
5;2025-12-21;12;0
5;2025-12-21;13;0
5;2025-12-21;14;0
5;2025-12-21;15;0
5;2025-12-21;16;0
5;2025-12-21;17;0
5;2025-12-21;18;0
5;2025-12-21;19;0
5;2025-12-21;20;0
5;2025-12-21;21;0
5;2025-12-21;22;0
5;2025-12-21;23;0
5;2025-12-22;0;0
5;2025-12-22;1;0
5;2025-12-22;2;0
5;2025-12-22;3;0
5;2025-12-22;4;0
5;2025-12-22;5;0
5;2025-12-22;6;0
5;2025-12-22;7;0
5;2025-12-22;8;0
5;2025-12-22;9;0
5;2025-12-22;10;0
5;2025-12-22;11;0
5;2025-12-22;12;0
5;2025-12-22;13;0
5;2025-12-22;14;0
5;2025-12-22;15;0
5;2025-12-22;16;0
5;2025-12-22;17;0
5;2025-12-22;18;0
5;2025-12-22;19;0
5;2025-12-22;20;0
5;2025-12-22;21;0
5;2025-12-22;22;0
5;2025-12-22;23;0
5;2025-12-23;0;0
5;2025-12-23;1;0
5;2025-12-23;2;0
5;2025-12-23;3;0
5;2025-12-23;4;0
5;2025-12-23;5;0
5;2025-12-23;6;0
5;2025-12-23;7;0
5;2025-12-23;8;0
5;2025-12-23;9;0
5;2025-12-23;10;0
5;2025-12-23;11;0
5;2025-12-23;12;0
5;2025-12-23;13;0
5;2025-12-23;14;0
5;2025-12-23;15;0
5;2025-12-23;16;0
5;2025-12-23;17;0
5;2025-12-23;18;0
5;2025-12-23;19;0
5;2025-12-23;20;0
5;2025-12-23;21;0
5;2025-12-23;22;0
5;2025-12-23;23;0
5;2025-12-24;0;0
5;2025-12-24;1;0
5;2025-12-24;2;0
5;2025-12-24;3;0
5;2025-12-24;4;0
5;2025-12-24;5;0
5;2025-12-24;6;0
5;2025-12-24;7;0
5;2025-12-24;8;0
5;2025-12-24;9;0
5;2025-12-24;10;0
5;2025-12-24;11;0
5;2025-12-24;12;0
5;2025-12-24;13;0
5;2025-12-24;14;0
5;2025-12-24;15;0
5;2025-12-24;16;0
5;2025-12-24;17;0
5;2025-12-24;18;0
5;2025-12-24;19;0
5;2025-12-24;20;0
5;2025-12-24;21;0
5;2025-12-24;22;0
5;2025-12-24;23;0
5;2025-12-25;0;0
5;2025-12-25;1;0
5;2025-12-25;2;0
5;2025-12-25;3;0
5;2025-12-25;4;0
5;2025-12-25;5;0
5;2025-12-25;6;0
5;2025-12-25;7;0
5;2025-12-25;8;0
5;2025-12-25;9;0
5;2025-12-25;10;0
5;2025-12-25;11;0
5;2025-12-25;12;0
5;2025-12-25;13;0
5;2025-12-25;14;0
5;2025-12-25;15;0
5;2025-12-25;16;0
5;2025-12-25;17;0
5;2025-12-25;18;0
5;2025-12-25;19;0
5;2025-12-25;20;0
5;2025-12-25;21;0
5;2025-12-25;22;0
5;2025-12-25;23;0
5;2025-12-26;0;0
5;2025-12-26;1;0
5;2025-12-26;2;0
5;2025-12-26;3;0
5;2025-12-26;4;0
5;2025-12-26;5;0
5;2025-12-26;6;0
5;2025-12-26;7;0
5;2025-12-26;8;0
5;2025-12-26;9;0
5;2025-12-26;10;0
5;2025-12-26;11;0
5;2025-12-26;12;0
5;2025-12-26;13;0
5;2025-12-26;14;0
5;2025-12-26;15;0
5;2025-12-26;16;0
5;2025-12-26;17;0
5;2025-12-26;18;0
5;2025-12-26;19;0
5;2025-12-26;20;0
5;2025-12-26;21;0
5;2025-12-26;22;0
5;2025-12-26;23;0
5;2025-12-27;0;0
5;2025-12-27;1;0
5;2025-12-27;2;0
5;2025-12-27;3;0
5;2025-12-27;4;0
5;2025-12-27;5;0
5;2025-12-27;6;0
5;2025-12-27;7;0
5;2025-12-27;8;0
5;2025-12-27;9;0
5;2025-12-27;10;0
5;2025-12-27;11;0
5;2025-12-27;12;0
5;2025-12-27;13;0
5;2025-12-27;14;0
5;2025-12-27;15;0
5;2025-12-27;16;0
5;2025-12-27;17;0
5;2025-12-27;18;0
5;2025-12-27;19;0
5;2025-12-27;20;0
5;2025-12-27;21;0
5;2025-12-27;22;0
5;2025-12-27;23;0
5;2025-12-28;0;0
5;2025-12-28;1;0
5;2025-12-28;2;0
5;2025-12-28;3;0
5;2025-12-28;4;0
5;2025-12-28;5;0
5;2025-12-28;6;0
5;2025-12-28;7;0
5;2025-12-28;8;0
5;2025-12-28;9;0
5;2025-12-28;10;0
5;2025-12-28;11;0
5;2025-12-28;12;0
5;2025-12-28;13;0
5;2025-12-28;14;0
5;2025-12-28;15;0
5;2025-12-28;16;0
5;2025-12-28;17;0
5;2025-12-28;18;0
5;2025-12-28;19;0
5;2025-12-28;20;0
5;2025-12-28;21;0
5;2025-12-28;22;0
5;2025-12-28;23;0
5;2025-12-29;0;0
5;2025-12-29;1;0
5;2025-12-29;2;0
5;2025-12-29;3;0
5;2025-12-29;4;0
5;2025-12-29;5;0
5;2025-12-29;6;0
5;2025-12-29;7;0
5;2025-12-29;8;0
5;2025-12-29;9;0
5;2025-12-29;10;0
5;2025-12-29;11;0
5;2025-12-29;12;0
5;2025-12-29;13;0
5;2025-12-29;14;0
5;2025-12-29;15;0
5;2025-12-29;16;0
5;2025-12-29;17;0
5;2025-12-29;18;0
5;2025-12-29;19;0
5;2025-12-29;20;0
5;2025-12-29;21;0
5;2025-12-29;22;0
5;2025-12-29;23;0
5;2025-12-30;0;0
5;2025-12-30;1;0
5;2025-12-30;2;0
5;2025-12-30;3;0
5;2025-12-30;4;0
5;2025-12-30;5;0
5;2025-12-30;6;0
5;2025-12-30;7;0
5;2025-12-30;8;0
5;2025-12-30;9;0
5;2025-12-30;10;0
5;2025-12-30;11;0
5;2025-12-30;12;0
5;2025-12-30;13;0
5;2025-12-30;14;0
5;2025-12-30;15;0
5;2025-12-30;16;0
5;2025-12-30;17;0
5;2025-12-30;18;0
5;2025-12-30;19;0
5;2025-12-30;20;0
5;2025-12-30;21;0
5;2025-12-30;22;0
5;2025-12-30;23;0
5;2025-12-31;0;0
5;2025-12-31;1;0
5;2025-12-31;2;0
5;2025-12-31;3;0
5;2025-12-31;4;0
5;2025-12-31;5;0
5;2025-12-31;6;0
5;2025-12-31;7;0
5;2025-12-31;8;0
5;2025-12-31;9;0
5;2025-12-31;10;0
5;2025-12-31;11;0
5;2025-12-31;12;0
5;2025-12-31;13;0
5;2025-12-31;14;0
5;2025-12-31;15;0
5;2025-12-31;16;0
5;2025-12-31;17;0
5;2025-12-31;18;0
5;2025-12-31;19;0
5;2025-12-31;20;0
5;2025-12-31;21;0
5;2025-12-31;22;0
5;2025-12-31;23;0
7;2025-11-01;0;63
7;2025-11-01;1;13
7;2025-11-01;2;0
7;2025-11-01;3;0
7;2025-11-01;4;2
7;2025-11-01;5;183
7;2025-11-01;6;590
7;2025-11-01;7;1580
7;2025-11-01;8;2440
7;2025-11-01;9;1815
7;2025-11-01;10;1672
7;2025-11-01;11;1560
7;2025-11-01;12;1679
7;2025-11-01;13;1588
7;2025-11-01;14;1640
7;2025-11-01;15;1781
7;2025-11-01;16;1886
7;2025-11-01;17;2367
7;2025-11-01;18;2470
7;2025-11-01;19;1610
7;2025-11-01;20;1051
7;2025-11-01;21;624
7;2025-11-01;22;307
7;2025-11-01;23;205
7;2025-11-02;0;102
7;2025-11-02;1;24
7;2025-11-02;2;0
7;2025-11-02;3;0
7;2025-11-02;4;1
7;2025-11-02;5;30
7;2025-11-02;6;128
7;2025-11-02;7;172
7;2025-11-02;8;388
7;2025-11-02;9;513
7;2025-11-02;10;397
7;2025-11-02;11;591
7;2025-11-02;12;638
7;2025-11-02;13;634
7;2025-11-02;14;662
7;2025-11-02;15;718
7;2025-11-02;16;618
7;2025-11-02;17;629
7;2025-11-02;18;652
7;2025-11-02;19;483
7;2025-11-02;20;399
7;2025-11-02;21;293
7;2025-11-02;22;151
7;2025-11-02;23;121
7;2025-11-03;0;102
7;2025-11-03;1;24
7;2025-11-03;2;0
7;2025-11-03;3;0
7;2025-11-03;4;1
7;2025-11-03;5;30
7;2025-11-03;6;128
7;2025-11-03;7;172
7;2025-11-03;8;388
7;2025-11-03;9;513
7;2025-11-03;10;397
7;2025-11-03;11;591
7;2025-11-03;12;638
7;2025-11-03;13;634
7;2025-11-03;14;662
7;2025-11-03;15;718
7;2025-11-03;16;618
7;2025-11-03;17;629
7;2025-11-03;18;652
7;2025-11-03;19;483
7;2025-11-03;20;399
7;2025-11-03;21;293
7;2025-11-03;22;151
7;2025-11-03;23;121
7;2025-11-04;0;102
7;2025-11-04;1;24
7;2025-11-04;2;0
7;2025-11-04;3;0
7;2025-11-04;4;1
7;2025-11-04;5;30
7;2025-11-04;6;128
7;2025-11-04;7;172
7;2025-11-04;8;388
7;2025-11-04;9;513
7;2025-11-04;10;397
7;2025-11-04;11;591
7;2025-11-04;12;638
7;2025-11-04;13;634
7;2025-11-04;14;662
7;2025-11-04;15;718
7;2025-11-04;16;618
7;2025-11-04;17;629
7;2025-11-04;18;652
7;2025-11-04;19;483
7;2025-11-04;20;399
7;2025-11-04;21;293
7;2025-11-04;22;151
7;2025-11-04;23;121
7;2025-11-05;0;63
7;2025-11-05;1;13
7;2025-11-05;2;0
7;2025-11-05;3;0
7;2025-11-05;4;2
7;2025-11-05;5;183
7;2025-11-05;6;590
7;2025-11-05;7;1580
7;2025-11-05;8;2440
7;2025-11-05;9;1815
7;2025-11-05;10;1672
7;2025-11-05;11;1560
7;2025-11-05;12;1679
7;2025-11-05;13;1588
7;2025-11-05;14;1640
7;2025-11-05;15;1781
7;2025-11-05;16;1886
7;2025-11-05;17;2367
7;2025-11-05;18;2470
7;2025-11-05;19;1610
7;2025-11-05;20;1051
7;2025-11-05;21;624
7;2025-11-05;22;307
7;2025-11-05;23;205
7;2025-11-06;0;63
7;2025-11-06;1;13
7;2025-11-06;2;0
7;2025-11-06;3;0
7;2025-11-06;4;2
7;2025-11-06;5;183
7;2025-11-06;6;590
7;2025-11-06;7;1580
7;2025-11-06;8;2440
7;2025-11-06;9;1815
7;2025-11-06;10;1672
7;2025-11-06;11;1560
7;2025-11-06;12;1679
7;2025-11-06;13;1588
7;2025-11-06;14;1640
7;2025-11-06;15;1781
7;2025-11-06;16;1886
7;2025-11-06;17;2367
7;2025-11-06;18;2470
7;2025-11-06;19;1610
7;2025-11-06;20;1051
7;2025-11-06;21;624
7;2025-11-06;22;307
7;2025-11-06;23;205
7;2025-11-07;0;63
7;2025-11-07;1;13
7;2025-11-07;2;0
7;2025-11-07;3;0
7;2025-11-07;4;2
7;2025-11-07;5;183
7;2025-11-07;6;590
7;2025-11-07;7;1580
7;2025-11-07;8;2440
7;2025-11-07;9;1815
7;2025-11-07;10;1672
7;2025-11-07;11;1560
7;2025-11-07;12;1679
7;2025-11-07;13;1588
7;2025-11-07;14;1640
7;2025-11-07;15;1781
7;2025-11-07;16;1886
7;2025-11-07;17;2367
7;2025-11-07;18;2470
7;2025-11-07;19;1610
7;2025-11-07;20;1051
7;2025-11-07;21;624
7;2025-11-07;22;307
7;2025-11-07;23;205
7;2025-11-08;0;122
7;2025-11-08;1;27
7;2025-11-08;2;0
7;2025-11-08;3;0
7;2025-11-08;4;1
7;2025-11-08;5;50
7;2025-11-08;6;268
7;2025-11-08;7;299
7;2025-11-08;8;712
7;2025-11-08;9;574
7;2025-11-08;10;638
7;2025-11-08;11;677
7;2025-11-08;12;942
7;2025-11-08;13;886
7;2025-11-08;14;846
7;2025-11-08;15;830
7;2025-11-08;16;830
7;2025-11-08;17;817
7;2025-11-08;18;768
7;2025-11-08;19;608
7;2025-11-08;20;538
7;2025-11-08;21;376
7;2025-11-08;22;212
7;2025-11-08;23;172
7;2025-11-09;0;102
7;2025-11-09;1;24
7;2025-11-09;2;0
7;2025-11-09;3;0
7;2025-11-09;4;1
7;2025-11-09;5;30
7;2025-11-09;6;128
7;2025-11-09;7;172
7;2025-11-09;8;388
7;2025-11-09;9;513
7;2025-11-09;10;397
7;2025-11-09;11;591
7;2025-11-09;12;638
7;2025-11-09;13;634
7;2025-11-09;14;662
7;2025-11-09;15;718
7;2025-11-09;16;618
7;2025-11-09;17;629
7;2025-11-09;18;652
7;2025-11-09;19;483
7;2025-11-09;20;399
7;2025-11-09;21;293
7;2025-11-09;22;151
7;2025-11-09;23;121
7;2025-11-10;0;63
7;2025-11-10;1;13
7;2025-11-10;2;0
7;2025-11-10;3;0
7;2025-11-10;4;2
7;2025-11-10;5;183
7;2025-11-10;6;590
7;2025-11-10;7;1580
7;2025-11-10;8;2440
7;2025-11-10;9;1815
7;2025-11-10;10;1672
7;2025-11-10;11;1560
7;2025-11-10;12;1679
7;2025-11-10;13;1588
7;2025-11-10;14;1640
7;2025-11-10;15;1781
7;2025-11-10;16;1886
7;2025-11-10;17;2367
7;2025-11-10;18;2470
7;2025-11-10;19;1610
7;2025-11-10;20;1051
7;2025-11-10;21;624
7;2025-11-10;22;307
7;2025-11-10;23;205
7;2025-11-11;0;63
7;2025-11-11;1;13
7;2025-11-11;2;0
7;2025-11-11;3;0
7;2025-11-11;4;2
7;2025-11-11;5;183
7;2025-11-11;6;590
7;2025-11-11;7;1580
7;2025-11-11;8;2440
7;2025-11-11;9;1815
7;2025-11-11;10;1672
7;2025-11-11;11;1560
7;2025-11-11;12;1679
7;2025-11-11;13;1588
7;2025-11-11;14;1640
7;2025-11-11;15;1781
7;2025-11-11;16;1886
7;2025-11-11;17;2367
7;2025-11-11;18;2470
7;2025-11-11;19;1610
7;2025-11-11;20;1051
7;2025-11-11;21;624
7;2025-11-11;22;307
7;2025-11-11;23;205
7;2025-11-12;0;63
7;2025-11-12;1;13
7;2025-11-12;2;0
7;2025-11-12;3;0
7;2025-11-12;4;2
7;2025-11-12;5;183
7;2025-11-12;6;590
7;2025-11-12;7;1580
7;2025-11-12;8;2440
7;2025-11-12;9;1815
7;2025-11-12;10;1672
7;2025-11-12;11;1560
7;2025-11-12;12;1679
7;2025-11-12;13;1588
7;2025-11-12;14;1640
7;2025-11-12;15;1781
7;2025-11-12;16;1886
7;2025-11-12;17;2367
7;2025-11-12;18;2470
7;2025-11-12;19;1610
7;2025-11-12;20;1051
7;2025-11-12;21;624
7;2025-11-12;22;307
7;2025-11-12;23;205
7;2025-11-13;0;63
7;2025-11-13;1;13
7;2025-11-13;2;0
7;2025-11-13;3;0
7;2025-11-13;4;2
7;2025-11-13;5;183
7;2025-11-13;6;590
7;2025-11-13;7;1580
7;2025-11-13;8;2440
7;2025-11-13;9;1815
7;2025-11-13;10;1672
7;2025-11-13;11;1560
7;2025-11-13;12;1679
7;2025-11-13;13;1588
7;2025-11-13;14;1640
7;2025-11-13;15;1781
7;2025-11-13;16;1886
7;2025-11-13;17;2367
7;2025-11-13;18;2470
7;2025-11-13;19;1610
7;2025-11-13;20;1051
7;2025-11-13;21;624
7;2025-11-13;22;307
7;2025-11-13;23;205
7;2025-11-14;0;63
7;2025-11-14;1;13
7;2025-11-14;2;0
7;2025-11-14;3;0
7;2025-11-14;4;2
7;2025-11-14;5;183
7;2025-11-14;6;590
7;2025-11-14;7;1580
7;2025-11-14;8;2440
7;2025-11-14;9;1815
7;2025-11-14;10;1672
7;2025-11-14;11;1560
7;2025-11-14;12;1679
7;2025-11-14;13;1588
7;2025-11-14;14;1640
7;2025-11-14;15;1781
7;2025-11-14;16;1886
7;2025-11-14;17;2367
7;2025-11-14;18;2470
7;2025-11-14;19;1610
7;2025-11-14;20;1051
7;2025-11-14;21;624
7;2025-11-14;22;307
7;2025-11-14;23;205
7;2025-11-15;0;122
7;2025-11-15;1;27
7;2025-11-15;2;0
7;2025-11-15;3;0
7;2025-11-15;4;1
7;2025-11-15;5;50
7;2025-11-15;6;268
7;2025-11-15;7;299
7;2025-11-15;8;712
7;2025-11-15;9;574
7;2025-11-15;10;638
7;2025-11-15;11;677
7;2025-11-15;12;942
7;2025-11-15;13;886
7;2025-11-15;14;846
7;2025-11-15;15;830
7;2025-11-15;16;830
7;2025-11-15;17;817
7;2025-11-15;18;768
7;2025-11-15;19;608
7;2025-11-15;20;538
7;2025-11-15;21;376
7;2025-11-15;22;212
7;2025-11-15;23;172
7;2025-11-16;0;102
7;2025-11-16;1;24
7;2025-11-16;2;0
7;2025-11-16;3;0
7;2025-11-16;4;1
7;2025-11-16;5;30
7;2025-11-16;6;128
7;2025-11-16;7;172
7;2025-11-16;8;388
7;2025-11-16;9;513
7;2025-11-16;10;397
7;2025-11-16;11;591
7;2025-11-16;12;638
7;2025-11-16;13;634
7;2025-11-16;14;662
7;2025-11-16;15;718
7;2025-11-16;16;618
7;2025-11-16;17;629
7;2025-11-16;18;652
7;2025-11-16;19;483
7;2025-11-16;20;399
7;2025-11-16;21;293
7;2025-11-16;22;151
7;2025-11-16;23;121
7;2025-11-17;0;63
7;2025-11-17;1;13
7;2025-11-17;2;0
7;2025-11-17;3;0
7;2025-11-17;4;2
7;2025-11-17;5;183
7;2025-11-17;6;590
7;2025-11-17;7;1580
7;2025-11-17;8;2440
7;2025-11-17;9;1815
7;2025-11-17;10;1672
7;2025-11-17;11;1560
7;2025-11-17;12;1679
7;2025-11-17;13;1588
7;2025-11-17;14;1640
7;2025-11-17;15;1781
7;2025-11-17;16;1886
7;2025-11-17;17;2367
7;2025-11-17;18;2470
7;2025-11-17;19;1610
7;2025-11-17;20;1051
7;2025-11-17;21;624
7;2025-11-17;22;307
7;2025-11-17;23;205
7;2025-11-18;0;63
7;2025-11-18;1;13
7;2025-11-18;2;0
7;2025-11-18;3;0
7;2025-11-18;4;2
7;2025-11-18;5;183
7;2025-11-18;6;590
7;2025-11-18;7;1580
7;2025-11-18;8;2440
7;2025-11-18;9;1815
7;2025-11-18;10;1672
7;2025-11-18;11;1560
7;2025-11-18;12;1679
7;2025-11-18;13;1588
7;2025-11-18;14;1640
7;2025-11-18;15;1781
7;2025-11-18;16;1886
7;2025-11-18;17;2367
7;2025-11-18;18;2470
7;2025-11-18;19;1610
7;2025-11-18;20;1051
7;2025-11-18;21;624
7;2025-11-18;22;307
7;2025-11-18;23;205
7;2025-11-19;0;63
7;2025-11-19;1;13
7;2025-11-19;2;0
7;2025-11-19;3;0
7;2025-11-19;4;2
7;2025-11-19;5;183
7;2025-11-19;6;590
7;2025-11-19;7;1580
7;2025-11-19;8;2440
7;2025-11-19;9;1815
7;2025-11-19;10;1672
7;2025-11-19;11;1560
7;2025-11-19;12;1679
7;2025-11-19;13;1588
7;2025-11-19;14;1640
7;2025-11-19;15;1781
7;2025-11-19;16;1886
7;2025-11-19;17;2367
7;2025-11-19;18;2470
7;2025-11-19;19;1610
7;2025-11-19;20;1051
7;2025-11-19;21;624
7;2025-11-19;22;307
7;2025-11-19;23;205
7;2025-11-20;0;63
7;2025-11-20;1;13
7;2025-11-20;2;0
7;2025-11-20;3;0
7;2025-11-20;4;2
7;2025-11-20;5;183
7;2025-11-20;6;590
7;2025-11-20;7;1580
7;2025-11-20;8;2440
7;2025-11-20;9;1815
7;2025-11-20;10;1672
7;2025-11-20;11;1560
7;2025-11-20;12;1679
7;2025-11-20;13;1588
7;2025-11-20;14;1640
7;2025-11-20;15;1781
7;2025-11-20;16;1886
7;2025-11-20;17;2367
7;2025-11-20;18;2470
7;2025-11-20;19;1610
7;2025-11-20;20;1051
7;2025-11-20;21;624
7;2025-11-20;22;307
7;2025-11-20;23;205
7;2025-11-21;0;63
7;2025-11-21;1;13
7;2025-11-21;2;0
7;2025-11-21;3;0
7;2025-11-21;4;2
7;2025-11-21;5;183
7;2025-11-21;6;590
7;2025-11-21;7;1580
7;2025-11-21;8;2440
7;2025-11-21;9;1815
7;2025-11-21;10;1672
7;2025-11-21;11;1560
7;2025-11-21;12;1679
7;2025-11-21;13;1588
7;2025-11-21;14;1640
7;2025-11-21;15;1781
7;2025-11-21;16;1886
7;2025-11-21;17;2367
7;2025-11-21;18;2470
7;2025-11-21;19;1610
7;2025-11-21;20;1051
7;2025-11-21;21;624
7;2025-11-21;22;307
7;2025-11-21;23;205
7;2025-11-22;0;122
7;2025-11-22;1;27
7;2025-11-22;2;0
7;2025-11-22;3;0
7;2025-11-22;4;1
7;2025-11-22;5;50
7;2025-11-22;6;268
7;2025-11-22;7;299
7;2025-11-22;8;712
7;2025-11-22;9;574
7;2025-11-22;10;638
7;2025-11-22;11;677
7;2025-11-22;12;942
7;2025-11-22;13;886
7;2025-11-22;14;846
7;2025-11-22;15;830
7;2025-11-22;16;830
7;2025-11-22;17;817
7;2025-11-22;18;768
7;2025-11-22;19;608
7;2025-11-22;20;538
7;2025-11-22;21;376
7;2025-11-22;22;212
7;2025-11-22;23;172
7;2025-11-23;0;102
7;2025-11-23;1;24
7;2025-11-23;2;0
7;2025-11-23;3;0
7;2025-11-23;4;1
7;2025-11-23;5;30
7;2025-11-23;6;128
7;2025-11-23;7;172
7;2025-11-23;8;388
7;2025-11-23;9;513
7;2025-11-23;10;397
7;2025-11-23;11;591
7;2025-11-23;12;638
7;2025-11-23;13;634
7;2025-11-23;14;662
7;2025-11-23;15;718
7;2025-11-23;16;618
7;2025-11-23;17;629
7;2025-11-23;18;652
7;2025-11-23;19;483
7;2025-11-23;20;399
7;2025-11-23;21;293
7;2025-11-23;22;151
7;2025-11-23;23;121
7;2025-11-24;0;63
7;2025-11-24;1;13
7;2025-11-24;2;0
7;2025-11-24;3;0
7;2025-11-24;4;2
7;2025-11-24;5;183
7;2025-11-24;6;590
7;2025-11-24;7;1580
7;2025-11-24;8;2440
7;2025-11-24;9;1815
7;2025-11-24;10;1672
7;2025-11-24;11;1560
7;2025-11-24;12;1679
7;2025-11-24;13;1588
7;2025-11-24;14;1640
7;2025-11-24;15;1781
7;2025-11-24;16;1886
7;2025-11-24;17;2367
7;2025-11-24;18;2470
7;2025-11-24;19;1610
7;2025-11-24;20;1051
7;2025-11-24;21;624
7;2025-11-24;22;307
7;2025-11-24;23;205
7;2025-11-25;0;63
7;2025-11-25;1;13
7;2025-11-25;2;0
7;2025-11-25;3;0
7;2025-11-25;4;2
7;2025-11-25;5;183
7;2025-11-25;6;590
7;2025-11-25;7;1580
7;2025-11-25;8;2440
7;2025-11-25;9;1815
7;2025-11-25;10;1672
7;2025-11-25;11;1560
7;2025-11-25;12;1679
7;2025-11-25;13;1588
7;2025-11-25;14;1640
7;2025-11-25;15;1781
7;2025-11-25;16;1886
7;2025-11-25;17;2367
7;2025-11-25;18;2470
7;2025-11-25;19;1610
7;2025-11-25;20;1051
7;2025-11-25;21;624
7;2025-11-25;22;307
7;2025-11-25;23;205
7;2025-11-26;0;63
7;2025-11-26;1;13
7;2025-11-26;2;0
7;2025-11-26;3;0
7;2025-11-26;4;2
7;2025-11-26;5;183
7;2025-11-26;6;590
7;2025-11-26;7;1580
7;2025-11-26;8;2440
7;2025-11-26;9;1815
7;2025-11-26;10;1672
7;2025-11-26;11;1560
7;2025-11-26;12;1679
7;2025-11-26;13;1588
7;2025-11-26;14;1640
7;2025-11-26;15;1781
7;2025-11-26;16;1886
7;2025-11-26;17;2367
7;2025-11-26;18;2470
7;2025-11-26;19;1610
7;2025-11-26;20;1051
7;2025-11-26;21;624
7;2025-11-26;22;307
7;2025-11-26;23;205
7;2025-11-27;0;63
7;2025-11-27;1;13
7;2025-11-27;2;0
7;2025-11-27;3;0
7;2025-11-27;4;2
7;2025-11-27;5;183
7;2025-11-27;6;590
7;2025-11-27;7;1580
7;2025-11-27;8;2440
7;2025-11-27;9;1815
7;2025-11-27;10;1672
7;2025-11-27;11;1560
7;2025-11-27;12;1679
7;2025-11-27;13;1588
7;2025-11-27;14;1640
7;2025-11-27;15;1781
7;2025-11-27;16;1886
7;2025-11-27;17;2367
7;2025-11-27;18;2470
7;2025-11-27;19;1610
7;2025-11-27;20;1051
7;2025-11-27;21;624
7;2025-11-27;22;307
7;2025-11-27;23;205
7;2025-11-28;0;63
7;2025-11-28;1;13
7;2025-11-28;2;0
7;2025-11-28;3;0
7;2025-11-28;4;2
7;2025-11-28;5;183
7;2025-11-28;6;590
7;2025-11-28;7;1580
7;2025-11-28;8;2440
7;2025-11-28;9;1815
7;2025-11-28;10;1672
7;2025-11-28;11;1560
7;2025-11-28;12;1679
7;2025-11-28;13;1588
7;2025-11-28;14;1640
7;2025-11-28;15;1781
7;2025-11-28;16;1886
7;2025-11-28;17;2367
7;2025-11-28;18;2470
7;2025-11-28;19;1610
7;2025-11-28;20;1051
7;2025-11-28;21;624
7;2025-11-28;22;307
7;2025-11-28;23;205
7;2025-11-29;0;122
7;2025-11-29;1;27
7;2025-11-29;2;0
7;2025-11-29;3;0
7;2025-11-29;4;1
7;2025-11-29;5;50
7;2025-11-29;6;268
7;2025-11-29;7;299
7;2025-11-29;8;712
7;2025-11-29;9;574
7;2025-11-29;10;638
7;2025-11-29;11;677
7;2025-11-29;12;942
7;2025-11-29;13;886
7;2025-11-29;14;846
7;2025-11-29;15;830
7;2025-11-29;16;830
7;2025-11-29;17;817
7;2025-11-29;18;768
7;2025-11-29;19;608
7;2025-11-29;20;538
7;2025-11-29;21;376
7;2025-11-29;22;212
7;2025-11-29;23;172
7;2025-11-30;0;102
7;2025-11-30;1;24
7;2025-11-30;2;0
7;2025-11-30;3;0
7;2025-11-30;4;1
7;2025-11-30;5;30
7;2025-11-30;6;128
7;2025-11-30;7;172
7;2025-11-30;8;388
7;2025-11-30;9;513
7;2025-11-30;10;397
7;2025-11-30;11;591
7;2025-11-30;12;638
7;2025-11-30;13;634
7;2025-11-30;14;662
7;2025-11-30;15;718
7;2025-11-30;16;618
7;2025-11-30;17;629
7;2025-11-30;18;652
7;2025-11-30;19;483
7;2025-11-30;20;399
7;2025-11-30;21;293
7;2025-11-30;22;151
7;2025-11-30;23;121
7;2025-12-01;0;63
7;2025-12-01;1;13
7;2025-12-01;2;0
7;2025-12-01;3;0
7;2025-12-01;4;2
7;2025-12-01;5;183
7;2025-12-01;6;590
7;2025-12-01;7;1580
7;2025-12-01;8;2440
7;2025-12-01;9;1815
7;2025-12-01;10;1672
7;2025-12-01;11;1560
7;2025-12-01;12;1679
7;2025-12-01;13;1588
7;2025-12-01;14;1640
7;2025-12-01;15;1781
7;2025-12-01;16;1886
7;2025-12-01;17;2367
7;2025-12-01;18;2470
7;2025-12-01;19;1610
7;2025-12-01;20;1051
7;2025-12-01;21;624
7;2025-12-01;22;307
7;2025-12-01;23;205
7;2025-12-02;0;63
7;2025-12-02;1;13
7;2025-12-02;2;0
7;2025-12-02;3;0
7;2025-12-02;4;2
7;2025-12-02;5;183
7;2025-12-02;6;590
7;2025-12-02;7;1580
7;2025-12-02;8;2440
7;2025-12-02;9;1815
7;2025-12-02;10;1672
7;2025-12-02;11;1560
7;2025-12-02;12;1679
7;2025-12-02;13;1588
7;2025-12-02;14;1640
7;2025-12-02;15;1781
7;2025-12-02;16;1886
7;2025-12-02;17;2367
7;2025-12-02;18;2470
7;2025-12-02;19;1610
7;2025-12-02;20;1051
7;2025-12-02;21;624
7;2025-12-02;22;307
7;2025-12-02;23;205
7;2025-12-03;0;63
7;2025-12-03;1;13
7;2025-12-03;2;0
7;2025-12-03;3;0
7;2025-12-03;4;2
7;2025-12-03;5;183
7;2025-12-03;6;590
7;2025-12-03;7;1580
7;2025-12-03;8;2440
7;2025-12-03;9;1815
7;2025-12-03;10;1672
7;2025-12-03;11;1560
7;2025-12-03;12;1679
7;2025-12-03;13;1588
7;2025-12-03;14;1640
7;2025-12-03;15;1781
7;2025-12-03;16;1886
7;2025-12-03;17;2367
7;2025-12-03;18;2470
7;2025-12-03;19;1610
7;2025-12-03;20;1051
7;2025-12-03;21;624
7;2025-12-03;22;307
7;2025-12-03;23;205
7;2025-12-04;0;63
7;2025-12-04;1;13
7;2025-12-04;2;0
7;2025-12-04;3;0
7;2025-12-04;4;2
7;2025-12-04;5;183
7;2025-12-04;6;590
7;2025-12-04;7;1580
7;2025-12-04;8;2440
7;2025-12-04;9;1815
7;2025-12-04;10;1672
7;2025-12-04;11;1560
7;2025-12-04;12;1679
7;2025-12-04;13;1588
7;2025-12-04;14;1640
7;2025-12-04;15;1781
7;2025-12-04;16;1886
7;2025-12-04;17;2367
7;2025-12-04;18;2470
7;2025-12-04;19;1610
7;2025-12-04;20;1051
7;2025-12-04;21;624
7;2025-12-04;22;307
7;2025-12-04;23;205
7;2025-12-05;0;63
7;2025-12-05;1;13
7;2025-12-05;2;0
7;2025-12-05;3;0
7;2025-12-05;4;2
7;2025-12-05;5;183
7;2025-12-05;6;590
7;2025-12-05;7;1580
7;2025-12-05;8;2440
7;2025-12-05;9;1815
7;2025-12-05;10;1672
7;2025-12-05;11;1560
7;2025-12-05;12;1679
7;2025-12-05;13;1588
7;2025-12-05;14;1640
7;2025-12-05;15;1781
7;2025-12-05;16;1886
7;2025-12-05;17;2367
7;2025-12-05;18;2470
7;2025-12-05;19;1610
7;2025-12-05;20;1051
7;2025-12-05;21;624
7;2025-12-05;22;307
7;2025-12-05;23;205
7;2025-12-06;0;122
7;2025-12-06;1;27
7;2025-12-06;2;0
7;2025-12-06;3;0
7;2025-12-06;4;1
7;2025-12-06;5;50
7;2025-12-06;6;268
7;2025-12-06;7;299
7;2025-12-06;8;712
7;2025-12-06;9;574
7;2025-12-06;10;638
7;2025-12-06;11;677
7;2025-12-06;12;942
7;2025-12-06;13;886
7;2025-12-06;14;846
7;2025-12-06;15;830
7;2025-12-06;16;830
7;2025-12-06;17;817
7;2025-12-06;18;768
7;2025-12-06;19;608
7;2025-12-06;20;538
7;2025-12-06;21;376
7;2025-12-06;22;212
7;2025-12-06;23;172
7;2025-12-07;0;102
7;2025-12-07;1;24
7;2025-12-07;2;0
7;2025-12-07;3;0
7;2025-12-07;4;1
7;2025-12-07;5;30
7;2025-12-07;6;128
7;2025-12-07;7;172
7;2025-12-07;8;388
7;2025-12-07;9;513
7;2025-12-07;10;397
7;2025-12-07;11;591
7;2025-12-07;12;638
7;2025-12-07;13;634
7;2025-12-07;14;662
7;2025-12-07;15;718
7;2025-12-07;16;618
7;2025-12-07;17;629
7;2025-12-07;18;652
7;2025-12-07;19;483
7;2025-12-07;20;399
7;2025-12-07;21;293
7;2025-12-07;22;151
7;2025-12-07;23;121
7;2025-12-08;0;63
7;2025-12-08;1;13
7;2025-12-08;2;0
7;2025-12-08;3;0
7;2025-12-08;4;2
7;2025-12-08;5;183
7;2025-12-08;6;590
7;2025-12-08;7;1580
7;2025-12-08;8;2440
7;2025-12-08;9;1815
7;2025-12-08;10;1672
7;2025-12-08;11;1560
7;2025-12-08;12;1679
7;2025-12-08;13;1588
7;2025-12-08;14;1640
7;2025-12-08;15;1781
7;2025-12-08;16;1886
7;2025-12-08;17;2367
7;2025-12-08;18;2470
7;2025-12-08;19;1610
7;2025-12-08;20;1051
7;2025-12-08;21;624
7;2025-12-08;22;307
7;2025-12-08;23;205
7;2025-12-09;0;63
7;2025-12-09;1;13
7;2025-12-09;2;0
7;2025-12-09;3;0
7;2025-12-09;4;2
7;2025-12-09;5;183
7;2025-12-09;6;590
7;2025-12-09;7;1580
7;2025-12-09;8;2440
7;2025-12-09;9;1815
7;2025-12-09;10;1672
7;2025-12-09;11;1560
7;2025-12-09;12;1679
7;2025-12-09;13;1588
7;2025-12-09;14;1640
7;2025-12-09;15;1781
7;2025-12-09;16;1886
7;2025-12-09;17;2367
7;2025-12-09;18;2470
7;2025-12-09;19;1610
7;2025-12-09;20;1051
7;2025-12-09;21;624
7;2025-12-09;22;307
7;2025-12-09;23;205
7;2025-12-10;0;63
7;2025-12-10;1;13
7;2025-12-10;2;0
7;2025-12-10;3;0
7;2025-12-10;4;2
7;2025-12-10;5;183
7;2025-12-10;6;590
7;2025-12-10;7;1580
7;2025-12-10;8;2440
7;2025-12-10;9;1815
7;2025-12-10;10;1672
7;2025-12-10;11;1560
7;2025-12-10;12;1679
7;2025-12-10;13;1588
7;2025-12-10;14;1640
7;2025-12-10;15;1781
7;2025-12-10;16;1886
7;2025-12-10;17;2367
7;2025-12-10;18;2470
7;2025-12-10;19;1610
7;2025-12-10;20;1051
7;2025-12-10;21;624
7;2025-12-10;22;307
7;2025-12-10;23;205
7;2025-12-11;0;63
7;2025-12-11;1;13
7;2025-12-11;2;0
7;2025-12-11;3;0
7;2025-12-11;4;2
7;2025-12-11;5;183
7;2025-12-11;6;590
7;2025-12-11;7;1580
7;2025-12-11;8;2440
7;2025-12-11;9;1815
7;2025-12-11;10;1672
7;2025-12-11;11;1560
7;2025-12-11;12;1679
7;2025-12-11;13;1588
7;2025-12-11;14;1640
7;2025-12-11;15;1781
7;2025-12-11;16;1886
7;2025-12-11;17;2367
7;2025-12-11;18;2470
7;2025-12-11;19;1610
7;2025-12-11;20;1051
7;2025-12-11;21;624
7;2025-12-11;22;307
7;2025-12-11;23;205
7;2025-12-12;0;63
7;2025-12-12;1;13
7;2025-12-12;2;0
7;2025-12-12;3;0
7;2025-12-12;4;2
7;2025-12-12;5;183
7;2025-12-12;6;590
7;2025-12-12;7;1580
7;2025-12-12;8;2440
7;2025-12-12;9;1815
7;2025-12-12;10;1672
7;2025-12-12;11;1560
7;2025-12-12;12;1679
7;2025-12-12;13;1588
7;2025-12-12;14;1640
7;2025-12-12;15;1781
7;2025-12-12;16;1886
7;2025-12-12;17;2367
7;2025-12-12;18;2470
7;2025-12-12;19;1610
7;2025-12-12;20;1051
7;2025-12-12;21;624
7;2025-12-12;22;307
7;2025-12-12;23;205
7;2025-12-13;0;122
7;2025-12-13;1;27
7;2025-12-13;2;0
7;2025-12-13;3;0
7;2025-12-13;4;1
7;2025-12-13;5;50
7;2025-12-13;6;268
7;2025-12-13;7;299
7;2025-12-13;8;712
7;2025-12-13;9;574
7;2025-12-13;10;638
7;2025-12-13;11;677
7;2025-12-13;12;942
7;2025-12-13;13;886
7;2025-12-13;14;846
7;2025-12-13;15;830
7;2025-12-13;16;830
7;2025-12-13;17;817
7;2025-12-13;18;768
7;2025-12-13;19;608
7;2025-12-13;20;538
7;2025-12-13;21;376
7;2025-12-13;22;212
7;2025-12-13;23;172
7;2025-12-14;0;102
7;2025-12-14;1;24
7;2025-12-14;2;0
7;2025-12-14;3;0
7;2025-12-14;4;1
7;2025-12-14;5;30
7;2025-12-14;6;128
7;2025-12-14;7;172
7;2025-12-14;8;388
7;2025-12-14;9;513
7;2025-12-14;10;397
7;2025-12-14;11;591
7;2025-12-14;12;638
7;2025-12-14;13;634
7;2025-12-14;14;662
7;2025-12-14;15;718
7;2025-12-14;16;618
7;2025-12-14;17;629
7;2025-12-14;18;652
7;2025-12-14;19;483
7;2025-12-14;20;399
7;2025-12-14;21;293
7;2025-12-14;22;151
7;2025-12-14;23;121
7;2025-12-15;0;63
7;2025-12-15;1;13
7;2025-12-15;2;0
7;2025-12-15;3;0
7;2025-12-15;4;2
7;2025-12-15;5;183
7;2025-12-15;6;590
7;2025-12-15;7;1580
7;2025-12-15;8;2440
7;2025-12-15;9;1815
7;2025-12-15;10;1672
7;2025-12-15;11;1560
7;2025-12-15;12;1679
7;2025-12-15;13;1588
7;2025-12-15;14;1640
7;2025-12-15;15;1781
7;2025-12-15;16;1886
7;2025-12-15;17;2367
7;2025-12-15;18;2470
7;2025-12-15;19;1610
7;2025-12-15;20;1051
7;2025-12-15;21;624
7;2025-12-15;22;307
7;2025-12-15;23;205
7;2025-12-16;0;63
7;2025-12-16;1;13
7;2025-12-16;2;0
7;2025-12-16;3;0
7;2025-12-16;4;2
7;2025-12-16;5;183
7;2025-12-16;6;590
7;2025-12-16;7;1580
7;2025-12-16;8;2440
7;2025-12-16;9;1815
7;2025-12-16;10;1672
7;2025-12-16;11;1560
7;2025-12-16;12;1679
7;2025-12-16;13;1588
7;2025-12-16;14;1640
7;2025-12-16;15;1781
7;2025-12-16;16;1886
7;2025-12-16;17;2367
7;2025-12-16;18;2470
7;2025-12-16;19;1610
7;2025-12-16;20;1051
7;2025-12-16;21;624
7;2025-12-16;22;307
7;2025-12-16;23;205
7;2025-12-17;0;63
7;2025-12-17;1;13
7;2025-12-17;2;0
7;2025-12-17;3;0
7;2025-12-17;4;2
7;2025-12-17;5;183
7;2025-12-17;6;590
7;2025-12-17;7;1580
7;2025-12-17;8;2440
7;2025-12-17;9;1815
7;2025-12-17;10;1672
7;2025-12-17;11;1560
7;2025-12-17;12;1679
7;2025-12-17;13;1588
7;2025-12-17;14;1640
7;2025-12-17;15;1781
7;2025-12-17;16;1886
7;2025-12-17;17;2367
7;2025-12-17;18;2470
7;2025-12-17;19;1610
7;2025-12-17;20;1051
7;2025-12-17;21;624
7;2025-12-17;22;307
7;2025-12-17;23;205
7;2025-12-18;0;63
7;2025-12-18;1;13
7;2025-12-18;2;0
7;2025-12-18;3;0
7;2025-12-18;4;2
7;2025-12-18;5;183
7;2025-12-18;6;590
7;2025-12-18;7;1580
7;2025-12-18;8;2440
7;2025-12-18;9;1815
7;2025-12-18;10;1672
7;2025-12-18;11;1560
7;2025-12-18;12;1679
7;2025-12-18;13;1588
7;2025-12-18;14;1640
7;2025-12-18;15;1781
7;2025-12-18;16;1886
7;2025-12-18;17;2367
7;2025-12-18;18;2470
7;2025-12-18;19;1610
7;2025-12-18;20;1051
7;2025-12-18;21;624
7;2025-12-18;22;307
7;2025-12-18;23;205
7;2025-12-19;0;63
7;2025-12-19;1;13
7;2025-12-19;2;0
7;2025-12-19;3;0
7;2025-12-19;4;2
7;2025-12-19;5;183
7;2025-12-19;6;590
7;2025-12-19;7;1580
7;2025-12-19;8;2440
7;2025-12-19;9;1815
7;2025-12-19;10;1672
7;2025-12-19;11;1560
7;2025-12-19;12;1679
7;2025-12-19;13;1588
7;2025-12-19;14;1640
7;2025-12-19;15;1781
7;2025-12-19;16;1886
7;2025-12-19;17;2367
7;2025-12-19;18;2470
7;2025-12-19;19;1610
7;2025-12-19;20;1051
7;2025-12-19;21;624
7;2025-12-19;22;307
7;2025-12-19;23;205
7;2025-12-20;0;122
7;2025-12-20;1;27
7;2025-12-20;2;0
7;2025-12-20;3;0
7;2025-12-20;4;1
7;2025-12-20;5;50
7;2025-12-20;6;268
7;2025-12-20;7;299
7;2025-12-20;8;712
7;2025-12-20;9;574
7;2025-12-20;10;638
7;2025-12-20;11;677
7;2025-12-20;12;942
7;2025-12-20;13;886
7;2025-12-20;14;846
7;2025-12-20;15;830
7;2025-12-20;16;830
7;2025-12-20;17;817
7;2025-12-20;18;768
7;2025-12-20;19;608
7;2025-12-20;20;538
7;2025-12-20;21;376
7;2025-12-20;22;212
7;2025-12-20;23;172
7;2025-12-21;0;102
7;2025-12-21;1;24
7;2025-12-21;2;0
7;2025-12-21;3;0
7;2025-12-21;4;1
7;2025-12-21;5;30
7;2025-12-21;6;128
7;2025-12-21;7;172
7;2025-12-21;8;388
7;2025-12-21;9;513
7;2025-12-21;10;397
7;2025-12-21;11;591
7;2025-12-21;12;638
7;2025-12-21;13;634
7;2025-12-21;14;662
7;2025-12-21;15;718
7;2025-12-21;16;618
7;2025-12-21;17;629
7;2025-12-21;18;652
7;2025-12-21;19;483
7;2025-12-21;20;399
7;2025-12-21;21;293
7;2025-12-21;22;151
7;2025-12-21;23;121
7;2025-12-22;0;63
7;2025-12-22;1;13
7;2025-12-22;2;0
7;2025-12-22;3;0
7;2025-12-22;4;2
7;2025-12-22;5;183
7;2025-12-22;6;590
7;2025-12-22;7;1580
7;2025-12-22;8;2440
7;2025-12-22;9;1815
7;2025-12-22;10;1672
7;2025-12-22;11;1560
7;2025-12-22;12;1679
7;2025-12-22;13;1588
7;2025-12-22;14;1640
7;2025-12-22;15;1781
7;2025-12-22;16;1886
7;2025-12-22;17;2367
7;2025-12-22;18;2470
7;2025-12-22;19;1610
7;2025-12-22;20;1051
7;2025-12-22;21;624
7;2025-12-22;22;307
7;2025-12-22;23;205
7;2025-12-23;0;63
7;2025-12-23;1;13
7;2025-12-23;2;0
7;2025-12-23;3;0
7;2025-12-23;4;2
7;2025-12-23;5;183
7;2025-12-23;6;590
7;2025-12-23;7;1580
7;2025-12-23;8;2440
7;2025-12-23;9;1815
7;2025-12-23;10;1672
7;2025-12-23;11;1560
7;2025-12-23;12;1679
7;2025-12-23;13;1588
7;2025-12-23;14;1640
7;2025-12-23;15;1781
7;2025-12-23;16;1886
7;2025-12-23;17;2367
7;2025-12-23;18;2470
7;2025-12-23;19;1610
7;2025-12-23;20;1051
7;2025-12-23;21;624
7;2025-12-23;22;307
7;2025-12-23;23;205
7;2025-12-24;0;63
7;2025-12-24;1;13
7;2025-12-24;2;0
7;2025-12-24;3;0
7;2025-12-24;4;2
7;2025-12-24;5;183
7;2025-12-24;6;590
7;2025-12-24;7;1580
7;2025-12-24;8;2440
7;2025-12-24;9;1815
7;2025-12-24;10;1672
7;2025-12-24;11;1560
7;2025-12-24;12;1679
7;2025-12-24;13;1588
7;2025-12-24;14;1640
7;2025-12-24;15;1781
7;2025-12-24;16;1886
7;2025-12-24;17;2367
7;2025-12-24;18;2470
7;2025-12-24;19;1610
7;2025-12-24;20;1051
7;2025-12-24;21;624
7;2025-12-24;22;307
7;2025-12-24;23;205
7;2025-12-25;0;63
7;2025-12-25;1;13
7;2025-12-25;2;0
7;2025-12-25;3;0
7;2025-12-25;4;2
7;2025-12-25;5;183
7;2025-12-25;6;590
7;2025-12-25;7;1580
7;2025-12-25;8;2440
7;2025-12-25;9;1815
7;2025-12-25;10;1672
7;2025-12-25;11;1560
7;2025-12-25;12;1679
7;2025-12-25;13;1588
7;2025-12-25;14;1640
7;2025-12-25;15;1781
7;2025-12-25;16;1886
7;2025-12-25;17;2367
7;2025-12-25;18;2470
7;2025-12-25;19;1610
7;2025-12-25;20;1051
7;2025-12-25;21;624
7;2025-12-25;22;307
7;2025-12-25;23;205
7;2025-12-26;0;63
7;2025-12-26;1;13
7;2025-12-26;2;0
7;2025-12-26;3;0
7;2025-12-26;4;2
7;2025-12-26;5;183
7;2025-12-26;6;590
7;2025-12-26;7;1580
7;2025-12-26;8;2440
7;2025-12-26;9;1815
7;2025-12-26;10;1672
7;2025-12-26;11;1560
7;2025-12-26;12;1679
7;2025-12-26;13;1588
7;2025-12-26;14;1640
7;2025-12-26;15;1781
7;2025-12-26;16;1886
7;2025-12-26;17;2367
7;2025-12-26;18;2470
7;2025-12-26;19;1610
7;2025-12-26;20;1051
7;2025-12-26;21;624
7;2025-12-26;22;307
7;2025-12-26;23;205
7;2025-12-27;0;122
7;2025-12-27;1;27
7;2025-12-27;2;0
7;2025-12-27;3;0
7;2025-12-27;4;1
7;2025-12-27;5;50
7;2025-12-27;6;268
7;2025-12-27;7;299
7;2025-12-27;8;712
7;2025-12-27;9;574
7;2025-12-27;10;638
7;2025-12-27;11;677
7;2025-12-27;12;942
7;2025-12-27;13;886
7;2025-12-27;14;846
7;2025-12-27;15;830
7;2025-12-27;16;830
7;2025-12-27;17;817
7;2025-12-27;18;768
7;2025-12-27;19;608
7;2025-12-27;20;538
7;2025-12-27;21;376
7;2025-12-27;22;212
7;2025-12-27;23;172
7;2025-12-28;0;102
7;2025-12-28;1;24
7;2025-12-28;2;0
7;2025-12-28;3;0
7;2025-12-28;4;1
7;2025-12-28;5;30
7;2025-12-28;6;128
7;2025-12-28;7;172
7;2025-12-28;8;388
7;2025-12-28;9;513
7;2025-12-28;10;397
7;2025-12-28;11;591
7;2025-12-28;12;638
7;2025-12-28;13;634
7;2025-12-28;14;662
7;2025-12-28;15;718
7;2025-12-28;16;618
7;2025-12-28;17;629
7;2025-12-28;18;652
7;2025-12-28;19;483
7;2025-12-28;20;399
7;2025-12-28;21;293
7;2025-12-28;22;151
7;2025-12-28;23;121
7;2025-12-29;0;63
7;2025-12-29;1;13
7;2025-12-29;2;0
7;2025-12-29;3;0
7;2025-12-29;4;2
7;2025-12-29;5;183
7;2025-12-29;6;590
7;2025-12-29;7;1580
7;2025-12-29;8;2440
7;2025-12-29;9;1815
7;2025-12-29;10;1672
7;2025-12-29;11;1560
7;2025-12-29;12;1679
7;2025-12-29;13;1588
7;2025-12-29;14;1640
7;2025-12-29;15;1781
7;2025-12-29;16;1886
7;2025-12-29;17;2367
7;2025-12-29;18;2470
7;2025-12-29;19;1610
7;2025-12-29;20;1051
7;2025-12-29;21;624
7;2025-12-29;22;307
7;2025-12-29;23;205
7;2025-12-30;0;63
7;2025-12-30;1;13
7;2025-12-30;2;0
7;2025-12-30;3;0
7;2025-12-30;4;2
7;2025-12-30;5;183
7;2025-12-30;6;590
7;2025-12-30;7;1580
7;2025-12-30;8;2440
7;2025-12-30;9;1815
7;2025-12-30;10;1672
7;2025-12-30;11;1560
7;2025-12-30;12;1679
7;2025-12-30;13;1588
7;2025-12-30;14;1640
7;2025-12-30;15;1781
7;2025-12-30;16;1886
7;2025-12-30;17;2367
7;2025-12-30;18;2470
7;2025-12-30;19;1610
7;2025-12-30;20;1051
7;2025-12-30;21;624
7;2025-12-30;22;307
7;2025-12-30;23;205
7;2025-12-31;0;102
7;2025-12-31;1;24
7;2025-12-31;2;0
7;2025-12-31;3;0
7;2025-12-31;4;1
7;2025-12-31;5;30
7;2025-12-31;6;128
7;2025-12-31;7;172
7;2025-12-31;8;388
7;2025-12-31;9;513
7;2025-12-31;10;397
7;2025-12-31;11;591
7;2025-12-31;12;638
7;2025-12-31;13;634
7;2025-12-31;14;662
7;2025-12-31;15;718
7;2025-12-31;16;618
7;2025-12-31;17;629
7;2025-12-31;18;652
7;2025-12-31;19;483
7;2025-12-31;20;399
7;2025-12-31;21;293
7;2025-12-31;22;151
7;2025-12-31;23;121
11;2025-11-01;0;62
11;2025-11-01;1;3
11;2025-11-01;2;0
11;2025-11-01;3;0
11;2025-11-01;4;0
11;2025-11-01;5;244
11;2025-11-01;6;1294
11;2025-11-01;7;2431
11;2025-11-01;8;3192
11;2025-11-01;9;2355
11;2025-11-01;10;1957
11;2025-11-01;11;1839
11;2025-11-01;12;1909
11;2025-11-01;13;1997
11;2025-11-01;14;2019
11;2025-11-01;15;1937
11;2025-11-01;16;2169
11;2025-11-01;17;2739
11;2025-11-01;18;2903
11;2025-11-01;19;2094
11;2025-11-01;20;1343
11;2025-11-01;21;790
11;2025-11-01;22;363
11;2025-11-01;23;252
11;2025-11-02;0;114
11;2025-11-02;1;16
11;2025-11-02;2;0
11;2025-11-02;3;0
11;2025-11-02;4;0
11;2025-11-02;5;108
11;2025-11-02;6;498
11;2025-11-02;7;493
11;2025-11-02;8;692
11;2025-11-02;9;942
11;2025-11-02;10;1042
11;2025-11-02;11;1528
11;2025-11-02;12;1604
11;2025-11-02;13;1549
11;2025-11-02;14;1658
11;2025-11-02;15;1627
11;2025-11-02;16;1533
11;2025-11-02;17;1705
11;2025-11-02;18;1254
11;2025-11-02;19;1001
11;2025-11-02;20;772
11;2025-11-02;21;591
11;2025-11-02;22;346
11;2025-11-02;23;240
11;2025-11-03;0;114
11;2025-11-03;1;16
11;2025-11-03;2;0
11;2025-11-03;3;0
11;2025-11-03;4;0
11;2025-11-03;5;108
11;2025-11-03;6;498
11;2025-11-03;7;493
11;2025-11-03;8;692
11;2025-11-03;9;942
11;2025-11-03;10;1042
11;2025-11-03;11;1528
11;2025-11-03;12;1604
11;2025-11-03;13;1549
11;2025-11-03;14;1658
11;2025-11-03;15;1627
11;2025-11-03;16;1533
11;2025-11-03;17;1705
11;2025-11-03;18;1254
11;2025-11-03;19;1001
11;2025-11-03;20;772
11;2025-11-03;21;591
11;2025-11-03;22;346
11;2025-11-03;23;240
11;2025-11-04;0;114
11;2025-11-04;1;16
11;2025-11-04;2;0
11;2025-11-04;3;0
11;2025-11-04;4;0
11;2025-11-04;5;108
11;2025-11-04;6;498
11;2025-11-04;7;493
11;2025-11-04;8;692
11;2025-11-04;9;942
11;2025-11-04;10;1042
11;2025-11-04;11;1528
11;2025-11-04;12;1604
11;2025-11-04;13;1549
11;2025-11-04;14;1658
11;2025-11-04;15;1627
11;2025-11-04;16;1533
11;2025-11-04;17;1705
11;2025-11-04;18;1254
11;2025-11-04;19;1001
11;2025-11-04;20;772
11;2025-11-04;21;591
11;2025-11-04;22;346
11;2025-11-04;23;240
11;2025-11-05;0;62
11;2025-11-05;1;3
11;2025-11-05;2;0
11;2025-11-05;3;0
11;2025-11-05;4;0
11;2025-11-05;5;244
11;2025-11-05;6;1294
11;2025-11-05;7;2431
11;2025-11-05;8;3192
11;2025-11-05;9;2355
11;2025-11-05;10;1957
11;2025-11-05;11;1839
11;2025-11-05;12;1909
11;2025-11-05;13;1997
11;2025-11-05;14;2019
11;2025-11-05;15;1937
11;2025-11-05;16;2169
11;2025-11-05;17;2739
11;2025-11-05;18;2903
11;2025-11-05;19;2094
11;2025-11-05;20;1343
11;2025-11-05;21;790
11;2025-11-05;22;363
11;2025-11-05;23;252
11;2025-11-06;0;62
11;2025-11-06;1;3
11;2025-11-06;2;0
11;2025-11-06;3;0
11;2025-11-06;4;0
11;2025-11-06;5;244
11;2025-11-06;6;1294
11;2025-11-06;7;2431
11;2025-11-06;8;3192
11;2025-11-06;9;2355
11;2025-11-06;10;1957
11;2025-11-06;11;1839
11;2025-11-06;12;1909
11;2025-11-06;13;1997
11;2025-11-06;14;2019
11;2025-11-06;15;1937
11;2025-11-06;16;2169
11;2025-11-06;17;2739
11;2025-11-06;18;2903
11;2025-11-06;19;2094
11;2025-11-06;20;1343
11;2025-11-06;21;790
11;2025-11-06;22;363
11;2025-11-06;23;252
11;2025-11-07;0;62
11;2025-11-07;1;3
11;2025-11-07;2;0
11;2025-11-07;3;0
11;2025-11-07;4;0
11;2025-11-07;5;244
11;2025-11-07;6;1294
11;2025-11-07;7;2431
11;2025-11-07;8;3192
11;2025-11-07;9;2355
11;2025-11-07;10;1957
11;2025-11-07;11;1839
11;2025-11-07;12;1909
11;2025-11-07;13;1997
11;2025-11-07;14;2019
11;2025-11-07;15;1937
11;2025-11-07;16;2169
11;2025-11-07;17;2739
11;2025-11-07;18;2903
11;2025-11-07;19;2094
11;2025-11-07;20;1343
11;2025-11-07;21;790
11;2025-11-07;22;363
11;2025-11-07;23;252
11;2025-11-08;0;107
11;2025-11-08;1;1
11;2025-11-08;2;0
11;2025-11-08;3;0
11;2025-11-08;4;0
11;2025-11-08;5;168
11;2025-11-08;6;837
11;2025-11-08;7;760
11;2025-11-08;8;1044
11;2025-11-08;9;1168
11;2025-11-08;10;1395
11;2025-11-08;11;1719
11;2025-11-08;12;1960
11;2025-11-08;13;1823
11;2025-11-08;14;2066
11;2025-11-08;15;1912
11;2025-11-08;16;1792
11;2025-11-08;17;1898
11;2025-11-08;18;1506
11;2025-11-08;19;1466
11;2025-11-08;20;980
11;2025-11-08;21;711
11;2025-11-08;22;415
11;2025-11-08;23;278
11;2025-11-09;0;114
11;2025-11-09;1;16
11;2025-11-09;2;0
11;2025-11-09;3;0
11;2025-11-09;4;0
11;2025-11-09;5;108
11;2025-11-09;6;498
11;2025-11-09;7;493
11;2025-11-09;8;692
11;2025-11-09;9;942
11;2025-11-09;10;1042
11;2025-11-09;11;1528
11;2025-11-09;12;1604
11;2025-11-09;13;1549
11;2025-11-09;14;1658
11;2025-11-09;15;1627
11;2025-11-09;16;1533
11;2025-11-09;17;1705
11;2025-11-09;18;1254
11;2025-11-09;19;1001
11;2025-11-09;20;772
11;2025-11-09;21;591
11;2025-11-09;22;346
11;2025-11-09;23;240
11;2025-11-10;0;62
11;2025-11-10;1;3
11;2025-11-10;2;0
11;2025-11-10;3;0
11;2025-11-10;4;0
11;2025-11-10;5;244
11;2025-11-10;6;1294
11;2025-11-10;7;2431
11;2025-11-10;8;3192
11;2025-11-10;9;2355
11;2025-11-10;10;1957
11;2025-11-10;11;1839
11;2025-11-10;12;1909
11;2025-11-10;13;1997
11;2025-11-10;14;2019
11;2025-11-10;15;1937
11;2025-11-10;16;2169
11;2025-11-10;17;2739
11;2025-11-10;18;2903
11;2025-11-10;19;2094
11;2025-11-10;20;1343
11;2025-11-10;21;790
11;2025-11-10;22;363
11;2025-11-10;23;252
11;2025-11-11;0;62
11;2025-11-11;1;3
11;2025-11-11;2;0
11;2025-11-11;3;0
11;2025-11-11;4;0
11;2025-11-11;5;244
11;2025-11-11;6;1294
11;2025-11-11;7;2431
11;2025-11-11;8;3192
11;2025-11-11;9;2355
11;2025-11-11;10;1957
11;2025-11-11;11;1839
11;2025-11-11;12;1909
11;2025-11-11;13;1997
11;2025-11-11;14;2019
11;2025-11-11;15;1937
11;2025-11-11;16;2169
11;2025-11-11;17;2739
11;2025-11-11;18;2903
11;2025-11-11;19;2094
11;2025-11-11;20;1343
11;2025-11-11;21;790
11;2025-11-11;22;363
11;2025-11-11;23;252
11;2025-11-12;0;62
11;2025-11-12;1;3
11;2025-11-12;2;0
11;2025-11-12;3;0
11;2025-11-12;4;0
11;2025-11-12;5;244
11;2025-11-12;6;1294
11;2025-11-12;7;2431
11;2025-11-12;8;3192
11;2025-11-12;9;2355
11;2025-11-12;10;1957
11;2025-11-12;11;1839
11;2025-11-12;12;1909
11;2025-11-12;13;1997
11;2025-11-12;14;2019
11;2025-11-12;15;1937
11;2025-11-12;16;2169
11;2025-11-12;17;2739
11;2025-11-12;18;2903
11;2025-11-12;19;2094
11;2025-11-12;20;1343
11;2025-11-12;21;790
11;2025-11-12;22;363
11;2025-11-12;23;252
11;2025-11-13;0;62
11;2025-11-13;1;3
11;2025-11-13;2;0
11;2025-11-13;3;0
11;2025-11-13;4;0
11;2025-11-13;5;244
11;2025-11-13;6;1294
11;2025-11-13;7;2431
11;2025-11-13;8;3192
11;2025-11-13;9;2355
11;2025-11-13;10;1957
11;2025-11-13;11;1839
11;2025-11-13;12;1909
11;2025-11-13;13;1997
11;2025-11-13;14;2019
11;2025-11-13;15;1937
11;2025-11-13;16;2169
11;2025-11-13;17;2739
11;2025-11-13;18;2903
11;2025-11-13;19;2094
11;2025-11-13;20;1343
11;2025-11-13;21;790
11;2025-11-13;22;363
11;2025-11-13;23;252
11;2025-11-14;0;62
11;2025-11-14;1;3
11;2025-11-14;2;0
11;2025-11-14;3;0
11;2025-11-14;4;0
11;2025-11-14;5;244
11;2025-11-14;6;1294
11;2025-11-14;7;2431
11;2025-11-14;8;3192
11;2025-11-14;9;2355
11;2025-11-14;10;1957
11;2025-11-14;11;1839
11;2025-11-14;12;1909
11;2025-11-14;13;1997
11;2025-11-14;14;2019
11;2025-11-14;15;1937
11;2025-11-14;16;2169
11;2025-11-14;17;2739
11;2025-11-14;18;2903
11;2025-11-14;19;2094
11;2025-11-14;20;1343
11;2025-11-14;21;790
11;2025-11-14;22;363
11;2025-11-14;23;252
11;2025-11-15;0;107
11;2025-11-15;1;1
11;2025-11-15;2;0
11;2025-11-15;3;0
11;2025-11-15;4;0
11;2025-11-15;5;168
11;2025-11-15;6;837
11;2025-11-15;7;760
11;2025-11-15;8;1044
11;2025-11-15;9;1168
11;2025-11-15;10;1395
11;2025-11-15;11;1719
11;2025-11-15;12;1960
11;2025-11-15;13;1823
11;2025-11-15;14;2066
11;2025-11-15;15;1912
11;2025-11-15;16;1792
11;2025-11-15;17;1898
11;2025-11-15;18;1506
11;2025-11-15;19;1466
11;2025-11-15;20;980
11;2025-11-15;21;711
11;2025-11-15;22;415
11;2025-11-15;23;278
11;2025-11-16;0;114
11;2025-11-16;1;16
11;2025-11-16;2;0
11;2025-11-16;3;0
11;2025-11-16;4;0
11;2025-11-16;5;108
11;2025-11-16;6;498
11;2025-11-16;7;493
11;2025-11-16;8;692
11;2025-11-16;9;942
11;2025-11-16;10;1042
11;2025-11-16;11;1528
11;2025-11-16;12;1604
11;2025-11-16;13;1549
11;2025-11-16;14;1658
11;2025-11-16;15;1627
11;2025-11-16;16;1533
11;2025-11-16;17;1705
11;2025-11-16;18;1254
11;2025-11-16;19;1001
11;2025-11-16;20;772
11;2025-11-16;21;591
11;2025-11-16;22;346
11;2025-11-16;23;240
11;2025-11-17;0;62
11;2025-11-17;1;3
11;2025-11-17;2;0
11;2025-11-17;3;0
11;2025-11-17;4;0
11;2025-11-17;5;244
11;2025-11-17;6;1294
11;2025-11-17;7;2431
11;2025-11-17;8;3192
11;2025-11-17;9;2355
11;2025-11-17;10;1957
11;2025-11-17;11;1839
11;2025-11-17;12;1909
11;2025-11-17;13;1997
11;2025-11-17;14;2019
11;2025-11-17;15;1937
11;2025-11-17;16;2169
11;2025-11-17;17;2739
11;2025-11-17;18;2903
11;2025-11-17;19;2094
11;2025-11-17;20;1343
11;2025-11-17;21;790
11;2025-11-17;22;363
11;2025-11-17;23;252
11;2025-11-18;0;62
11;2025-11-18;1;3
11;2025-11-18;2;0
11;2025-11-18;3;0
11;2025-11-18;4;0
11;2025-11-18;5;244
11;2025-11-18;6;1294
11;2025-11-18;7;2431
11;2025-11-18;8;3192
11;2025-11-18;9;2355
11;2025-11-18;10;1957
11;2025-11-18;11;1839
11;2025-11-18;12;1909
11;2025-11-18;13;1997
11;2025-11-18;14;2019
11;2025-11-18;15;1937
11;2025-11-18;16;2169
11;2025-11-18;17;2739
11;2025-11-18;18;2903
11;2025-11-18;19;2094
11;2025-11-18;20;1343
11;2025-11-18;21;790
11;2025-11-18;22;363
11;2025-11-18;23;252
11;2025-11-19;0;62
11;2025-11-19;1;3
11;2025-11-19;2;0
11;2025-11-19;3;0
11;2025-11-19;4;0
11;2025-11-19;5;244
11;2025-11-19;6;1294
11;2025-11-19;7;2431
11;2025-11-19;8;3192
11;2025-11-19;9;2355
11;2025-11-19;10;1957
11;2025-11-19;11;1839
11;2025-11-19;12;1909
11;2025-11-19;13;1997
11;2025-11-19;14;2019
11;2025-11-19;15;1937
11;2025-11-19;16;2169
11;2025-11-19;17;2739
11;2025-11-19;18;2903
11;2025-11-19;19;2094
11;2025-11-19;20;1343
11;2025-11-19;21;790
11;2025-11-19;22;363
11;2025-11-19;23;252
11;2025-11-20;0;62
11;2025-11-20;1;3
11;2025-11-20;2;0
11;2025-11-20;3;0
11;2025-11-20;4;0
11;2025-11-20;5;244
11;2025-11-20;6;1294
11;2025-11-20;7;2431
11;2025-11-20;8;3192
11;2025-11-20;9;2355
11;2025-11-20;10;1957
11;2025-11-20;11;1839
11;2025-11-20;12;1909
11;2025-11-20;13;1997
11;2025-11-20;14;2019
11;2025-11-20;15;1937
11;2025-11-20;16;2169
11;2025-11-20;17;2739
11;2025-11-20;18;2903
11;2025-11-20;19;2094
11;2025-11-20;20;1343
11;2025-11-20;21;790
11;2025-11-20;22;363
11;2025-11-20;23;252
11;2025-11-21;0;62
11;2025-11-21;1;3
11;2025-11-21;2;0
11;2025-11-21;3;0
11;2025-11-21;4;0
11;2025-11-21;5;244
11;2025-11-21;6;1294
11;2025-11-21;7;2431
11;2025-11-21;8;3192
11;2025-11-21;9;2355
11;2025-11-21;10;1957
11;2025-11-21;11;1839
11;2025-11-21;12;1909
11;2025-11-21;13;1997
11;2025-11-21;14;2019
11;2025-11-21;15;1937
11;2025-11-21;16;2169
11;2025-11-21;17;2739
11;2025-11-21;18;2903
11;2025-11-21;19;2094
11;2025-11-21;20;1343
11;2025-11-21;21;790
11;2025-11-21;22;363
11;2025-11-21;23;252
11;2025-11-22;0;107
11;2025-11-22;1;1
11;2025-11-22;2;0
11;2025-11-22;3;0
11;2025-11-22;4;0
11;2025-11-22;5;168
11;2025-11-22;6;837
11;2025-11-22;7;760
11;2025-11-22;8;1044
11;2025-11-22;9;1168
11;2025-11-22;10;1395
11;2025-11-22;11;1719
11;2025-11-22;12;1960
11;2025-11-22;13;1823
11;2025-11-22;14;2066
11;2025-11-22;15;1912
11;2025-11-22;16;1792
11;2025-11-22;17;1898
11;2025-11-22;18;1506
11;2025-11-22;19;1466
11;2025-11-22;20;980
11;2025-11-22;21;711
11;2025-11-22;22;415
11;2025-11-22;23;278
11;2025-11-23;0;114
11;2025-11-23;1;16
11;2025-11-23;2;0
11;2025-11-23;3;0
11;2025-11-23;4;0
11;2025-11-23;5;108
11;2025-11-23;6;498
11;2025-11-23;7;493
11;2025-11-23;8;692
11;2025-11-23;9;942
11;2025-11-23;10;1042
11;2025-11-23;11;1528
11;2025-11-23;12;1604
11;2025-11-23;13;1549
11;2025-11-23;14;1658
11;2025-11-23;15;1627
11;2025-11-23;16;1533
11;2025-11-23;17;1705
11;2025-11-23;18;1254
11;2025-11-23;19;1001
11;2025-11-23;20;772
11;2025-11-23;21;591
11;2025-11-23;22;346
11;2025-11-23;23;240
11;2025-11-24;0;62
11;2025-11-24;1;3
11;2025-11-24;2;0
11;2025-11-24;3;0
11;2025-11-24;4;0
11;2025-11-24;5;244
11;2025-11-24;6;1294
11;2025-11-24;7;2431
11;2025-11-24;8;3192
11;2025-11-24;9;2355
11;2025-11-24;10;1957
11;2025-11-24;11;1839
11;2025-11-24;12;1909
11;2025-11-24;13;1997
11;2025-11-24;14;2019
11;2025-11-24;15;1937
11;2025-11-24;16;2169
11;2025-11-24;17;2739
11;2025-11-24;18;2903
11;2025-11-24;19;2094
11;2025-11-24;20;1343
11;2025-11-24;21;790
11;2025-11-24;22;363
11;2025-11-24;23;252
11;2025-11-25;0;62
11;2025-11-25;1;3
11;2025-11-25;2;0
11;2025-11-25;3;0
11;2025-11-25;4;0
11;2025-11-25;5;244
11;2025-11-25;6;1294
11;2025-11-25;7;2431
11;2025-11-25;8;3192
11;2025-11-25;9;2355
11;2025-11-25;10;1957
11;2025-11-25;11;1839
11;2025-11-25;12;1909
11;2025-11-25;13;1997
11;2025-11-25;14;2019
11;2025-11-25;15;1937
11;2025-11-25;16;2169
11;2025-11-25;17;2739
11;2025-11-25;18;2903
11;2025-11-25;19;2094
11;2025-11-25;20;1343
11;2025-11-25;21;790
11;2025-11-25;22;363
11;2025-11-25;23;252
11;2025-11-26;0;62
11;2025-11-26;1;3
11;2025-11-26;2;0
11;2025-11-26;3;0
11;2025-11-26;4;0
11;2025-11-26;5;244
11;2025-11-26;6;1294
11;2025-11-26;7;2431
11;2025-11-26;8;3192
11;2025-11-26;9;2355
11;2025-11-26;10;1957
11;2025-11-26;11;1839
11;2025-11-26;12;1909
11;2025-11-26;13;1997
11;2025-11-26;14;2019
11;2025-11-26;15;1937
11;2025-11-26;16;2169
11;2025-11-26;17;2739
11;2025-11-26;18;2903
11;2025-11-26;19;2094
11;2025-11-26;20;1343
11;2025-11-26;21;790
11;2025-11-26;22;363
11;2025-11-26;23;252
11;2025-11-27;0;62
11;2025-11-27;1;3
11;2025-11-27;2;0
11;2025-11-27;3;0
11;2025-11-27;4;0
11;2025-11-27;5;244
11;2025-11-27;6;1294
11;2025-11-27;7;2431
11;2025-11-27;8;3192
11;2025-11-27;9;2355
11;2025-11-27;10;1957
11;2025-11-27;11;1839
11;2025-11-27;12;1909
11;2025-11-27;13;1997
11;2025-11-27;14;2019
11;2025-11-27;15;1937
11;2025-11-27;16;2169
11;2025-11-27;17;2739
11;2025-11-27;18;2903
11;2025-11-27;19;2094
11;2025-11-27;20;1343
11;2025-11-27;21;790
11;2025-11-27;22;363
11;2025-11-27;23;252
11;2025-11-28;0;62
11;2025-11-28;1;3
11;2025-11-28;2;0
11;2025-11-28;3;0
11;2025-11-28;4;0
11;2025-11-28;5;244
11;2025-11-28;6;1294
11;2025-11-28;7;2431
11;2025-11-28;8;3192
11;2025-11-28;9;2355
11;2025-11-28;10;1957
11;2025-11-28;11;1839
11;2025-11-28;12;1909
11;2025-11-28;13;1997
11;2025-11-28;14;2019
11;2025-11-28;15;1937
11;2025-11-28;16;2169
11;2025-11-28;17;2739
11;2025-11-28;18;2903
11;2025-11-28;19;2094
11;2025-11-28;20;1343
11;2025-11-28;21;790
11;2025-11-28;22;363
11;2025-11-28;23;252
11;2025-11-29;0;107
11;2025-11-29;1;1
11;2025-11-29;2;0
11;2025-11-29;3;0
11;2025-11-29;4;0
11;2025-11-29;5;168
11;2025-11-29;6;837
11;2025-11-29;7;760
11;2025-11-29;8;1044
11;2025-11-29;9;1168
11;2025-11-29;10;1395
11;2025-11-29;11;1719
11;2025-11-29;12;1960
11;2025-11-29;13;1823
11;2025-11-29;14;2066
11;2025-11-29;15;1912
11;2025-11-29;16;1792
11;2025-11-29;17;1898
11;2025-11-29;18;1506
11;2025-11-29;19;1466
11;2025-11-29;20;980
11;2025-11-29;21;711
11;2025-11-29;22;415
11;2025-11-29;23;278
11;2025-11-30;0;114
11;2025-11-30;1;16
11;2025-11-30;2;0
11;2025-11-30;3;0
11;2025-11-30;4;0
11;2025-11-30;5;108
11;2025-11-30;6;498
11;2025-11-30;7;493
11;2025-11-30;8;692
11;2025-11-30;9;942
11;2025-11-30;10;1042
11;2025-11-30;11;1528
11;2025-11-30;12;1604
11;2025-11-30;13;1549
11;2025-11-30;14;1658
11;2025-11-30;15;1627
11;2025-11-30;16;1533
11;2025-11-30;17;1705
11;2025-11-30;18;1254
11;2025-11-30;19;1001
11;2025-11-30;20;772
11;2025-11-30;21;591
11;2025-11-30;22;346
11;2025-11-30;23;240
11;2025-12-01;0;62
11;2025-12-01;1;3
11;2025-12-01;2;0
11;2025-12-01;3;0
11;2025-12-01;4;0
11;2025-12-01;5;244
11;2025-12-01;6;1294
11;2025-12-01;7;2431
11;2025-12-01;8;3192
11;2025-12-01;9;2355
11;2025-12-01;10;1957
11;2025-12-01;11;1839
11;2025-12-01;12;1909
11;2025-12-01;13;1997
11;2025-12-01;14;2019
11;2025-12-01;15;1937
11;2025-12-01;16;2169
11;2025-12-01;17;2739
11;2025-12-01;18;2903
11;2025-12-01;19;2094
11;2025-12-01;20;1343
11;2025-12-01;21;790
11;2025-12-01;22;363
11;2025-12-01;23;252
11;2025-12-02;0;62
11;2025-12-02;1;3
11;2025-12-02;2;0
11;2025-12-02;3;0
11;2025-12-02;4;0
11;2025-12-02;5;244
11;2025-12-02;6;1294
11;2025-12-02;7;2431
11;2025-12-02;8;3192
11;2025-12-02;9;2355
11;2025-12-02;10;1957
11;2025-12-02;11;1839
11;2025-12-02;12;1909
11;2025-12-02;13;1997
11;2025-12-02;14;2019
11;2025-12-02;15;1937
11;2025-12-02;16;2169
11;2025-12-02;17;2739
11;2025-12-02;18;2903
11;2025-12-02;19;2094
11;2025-12-02;20;1343
11;2025-12-02;21;790
11;2025-12-02;22;363
11;2025-12-02;23;252
11;2025-12-03;0;62
11;2025-12-03;1;3
11;2025-12-03;2;0
11;2025-12-03;3;0
11;2025-12-03;4;0
11;2025-12-03;5;244
11;2025-12-03;6;1294
11;2025-12-03;7;2431
11;2025-12-03;8;3192
11;2025-12-03;9;2355
11;2025-12-03;10;1957
11;2025-12-03;11;1839
11;2025-12-03;12;1909
11;2025-12-03;13;1997
11;2025-12-03;14;2019
11;2025-12-03;15;1937
11;2025-12-03;16;2169
11;2025-12-03;17;2739
11;2025-12-03;18;2903
11;2025-12-03;19;2094
11;2025-12-03;20;1343
11;2025-12-03;21;790
11;2025-12-03;22;363
11;2025-12-03;23;252
11;2025-12-04;0;62
11;2025-12-04;1;3
11;2025-12-04;2;0
11;2025-12-04;3;0
11;2025-12-04;4;0
11;2025-12-04;5;244
11;2025-12-04;6;1294
11;2025-12-04;7;2431
11;2025-12-04;8;3192
11;2025-12-04;9;2355
11;2025-12-04;10;1957
11;2025-12-04;11;1839
11;2025-12-04;12;1909
11;2025-12-04;13;1997
11;2025-12-04;14;2019
11;2025-12-04;15;1937
11;2025-12-04;16;2169
11;2025-12-04;17;2739
11;2025-12-04;18;2903
11;2025-12-04;19;2094
11;2025-12-04;20;1343
11;2025-12-04;21;790
11;2025-12-04;22;363
11;2025-12-04;23;252
11;2025-12-05;0;62
11;2025-12-05;1;3
11;2025-12-05;2;0
11;2025-12-05;3;0
11;2025-12-05;4;0
11;2025-12-05;5;244
11;2025-12-05;6;1294
11;2025-12-05;7;2431
11;2025-12-05;8;3192
11;2025-12-05;9;2355
11;2025-12-05;10;1957
11;2025-12-05;11;1839
11;2025-12-05;12;1909
11;2025-12-05;13;1997
11;2025-12-05;14;2019
11;2025-12-05;15;1937
11;2025-12-05;16;2169
11;2025-12-05;17;2739
11;2025-12-05;18;2903
11;2025-12-05;19;2094
11;2025-12-05;20;1343
11;2025-12-05;21;790
11;2025-12-05;22;363
11;2025-12-05;23;252
11;2025-12-06;0;107
11;2025-12-06;1;1
11;2025-12-06;2;0
11;2025-12-06;3;0
11;2025-12-06;4;0
11;2025-12-06;5;168
11;2025-12-06;6;837
11;2025-12-06;7;760
11;2025-12-06;8;1044
11;2025-12-06;9;1168
11;2025-12-06;10;1395
11;2025-12-06;11;1719
11;2025-12-06;12;1960
11;2025-12-06;13;1823
11;2025-12-06;14;2066
11;2025-12-06;15;1912
11;2025-12-06;16;1792
11;2025-12-06;17;1898
11;2025-12-06;18;1506
11;2025-12-06;19;1466
11;2025-12-06;20;980
11;2025-12-06;21;711
11;2025-12-06;22;415
11;2025-12-06;23;278
11;2025-12-07;0;114
11;2025-12-07;1;16
11;2025-12-07;2;0
11;2025-12-07;3;0
11;2025-12-07;4;0
11;2025-12-07;5;108
11;2025-12-07;6;498
11;2025-12-07;7;493
11;2025-12-07;8;692
11;2025-12-07;9;942
11;2025-12-07;10;1042
11;2025-12-07;11;1528
11;2025-12-07;12;1604
11;2025-12-07;13;1549
11;2025-12-07;14;1658
11;2025-12-07;15;1627
11;2025-12-07;16;1533
11;2025-12-07;17;1705
11;2025-12-07;18;1254
11;2025-12-07;19;1001
11;2025-12-07;20;772
11;2025-12-07;21;591
11;2025-12-07;22;346
11;2025-12-07;23;240
11;2025-12-08;0;62
11;2025-12-08;1;3
11;2025-12-08;2;0
11;2025-12-08;3;0
11;2025-12-08;4;0
11;2025-12-08;5;244
11;2025-12-08;6;1294
11;2025-12-08;7;2431
11;2025-12-08;8;3192
11;2025-12-08;9;2355
11;2025-12-08;10;1957
11;2025-12-08;11;1839
11;2025-12-08;12;1909
11;2025-12-08;13;1997
11;2025-12-08;14;2019
11;2025-12-08;15;1937
11;2025-12-08;16;2169
11;2025-12-08;17;2739
11;2025-12-08;18;2903
11;2025-12-08;19;2094
11;2025-12-08;20;1343
11;2025-12-08;21;790
11;2025-12-08;22;363
11;2025-12-08;23;252
11;2025-12-09;0;62
11;2025-12-09;1;3
11;2025-12-09;2;0
11;2025-12-09;3;0
11;2025-12-09;4;0
11;2025-12-09;5;244
11;2025-12-09;6;1294
11;2025-12-09;7;2431
11;2025-12-09;8;3192
11;2025-12-09;9;2355
11;2025-12-09;10;1957
11;2025-12-09;11;1839
11;2025-12-09;12;1909
11;2025-12-09;13;1997
11;2025-12-09;14;2019
11;2025-12-09;15;1937
11;2025-12-09;16;2169
11;2025-12-09;17;2739
11;2025-12-09;18;2903
11;2025-12-09;19;2094
11;2025-12-09;20;1343
11;2025-12-09;21;790
11;2025-12-09;22;363
11;2025-12-09;23;252
11;2025-12-10;0;62
11;2025-12-10;1;3
11;2025-12-10;2;0
11;2025-12-10;3;0
11;2025-12-10;4;0
11;2025-12-10;5;244
11;2025-12-10;6;1294
11;2025-12-10;7;2431
11;2025-12-10;8;3192
11;2025-12-10;9;2355
11;2025-12-10;10;1957
11;2025-12-10;11;1839
11;2025-12-10;12;1909
11;2025-12-10;13;1997
11;2025-12-10;14;2019
11;2025-12-10;15;1937
11;2025-12-10;16;2169
11;2025-12-10;17;2739
11;2025-12-10;18;2903
11;2025-12-10;19;2094
11;2025-12-10;20;1343
11;2025-12-10;21;790
11;2025-12-10;22;363
11;2025-12-10;23;252
11;2025-12-11;0;62
11;2025-12-11;1;3
11;2025-12-11;2;0
11;2025-12-11;3;0
11;2025-12-11;4;0
11;2025-12-11;5;244
11;2025-12-11;6;1294
11;2025-12-11;7;2431
11;2025-12-11;8;3192
11;2025-12-11;9;2355
11;2025-12-11;10;1957
11;2025-12-11;11;1839
11;2025-12-11;12;1909
11;2025-12-11;13;1997
11;2025-12-11;14;2019
11;2025-12-11;15;1937
11;2025-12-11;16;2169
11;2025-12-11;17;2739
11;2025-12-11;18;2903
11;2025-12-11;19;2094
11;2025-12-11;20;1343
11;2025-12-11;21;790
11;2025-12-11;22;363
11;2025-12-11;23;252
11;2025-12-12;0;62
11;2025-12-12;1;3
11;2025-12-12;2;0
11;2025-12-12;3;0
11;2025-12-12;4;0
11;2025-12-12;5;244
11;2025-12-12;6;1294
11;2025-12-12;7;2431
11;2025-12-12;8;3192
11;2025-12-12;9;2355
11;2025-12-12;10;1957
11;2025-12-12;11;1839
11;2025-12-12;12;1909
11;2025-12-12;13;1997
11;2025-12-12;14;2019
11;2025-12-12;15;1937
11;2025-12-12;16;2169
11;2025-12-12;17;2739
11;2025-12-12;18;2903
11;2025-12-12;19;2094
11;2025-12-12;20;1343
11;2025-12-12;21;790
11;2025-12-12;22;363
11;2025-12-12;23;252
11;2025-12-13;0;107
11;2025-12-13;1;1
11;2025-12-13;2;0
11;2025-12-13;3;0
11;2025-12-13;4;0
11;2025-12-13;5;168
11;2025-12-13;6;837
11;2025-12-13;7;760
11;2025-12-13;8;1044
11;2025-12-13;9;1168
11;2025-12-13;10;1395
11;2025-12-13;11;1719
11;2025-12-13;12;1960
11;2025-12-13;13;1823
11;2025-12-13;14;2066
11;2025-12-13;15;1912
11;2025-12-13;16;1792
11;2025-12-13;17;1898
11;2025-12-13;18;1506
11;2025-12-13;19;1466
11;2025-12-13;20;980
11;2025-12-13;21;711
11;2025-12-13;22;415
11;2025-12-13;23;278
11;2025-12-14;0;114
11;2025-12-14;1;16
11;2025-12-14;2;0
11;2025-12-14;3;0
11;2025-12-14;4;0
11;2025-12-14;5;108
11;2025-12-14;6;498
11;2025-12-14;7;493
11;2025-12-14;8;692
11;2025-12-14;9;942
11;2025-12-14;10;1042
11;2025-12-14;11;1528
11;2025-12-14;12;1604
11;2025-12-14;13;1549
11;2025-12-14;14;1658
11;2025-12-14;15;1627
11;2025-12-14;16;1533
11;2025-12-14;17;1705
11;2025-12-14;18;1254
11;2025-12-14;19;1001
11;2025-12-14;20;772
11;2025-12-14;21;591
11;2025-12-14;22;346
11;2025-12-14;23;240
11;2025-12-15;0;62
11;2025-12-15;1;3
11;2025-12-15;2;0
11;2025-12-15;3;0
11;2025-12-15;4;0
11;2025-12-15;5;244
11;2025-12-15;6;1294
11;2025-12-15;7;2431
11;2025-12-15;8;3192
11;2025-12-15;9;2355
11;2025-12-15;10;1957
11;2025-12-15;11;1839
11;2025-12-15;12;1909
11;2025-12-15;13;1997
11;2025-12-15;14;2019
11;2025-12-15;15;1937
11;2025-12-15;16;2169
11;2025-12-15;17;2739
11;2025-12-15;18;2903
11;2025-12-15;19;2094
11;2025-12-15;20;1343
11;2025-12-15;21;790
11;2025-12-15;22;363
11;2025-12-15;23;252
11;2025-12-16;0;62
11;2025-12-16;1;3
11;2025-12-16;2;0
11;2025-12-16;3;0
11;2025-12-16;4;0
11;2025-12-16;5;244
11;2025-12-16;6;1294
11;2025-12-16;7;2431
11;2025-12-16;8;3192
11;2025-12-16;9;2355
11;2025-12-16;10;1957
11;2025-12-16;11;1839
11;2025-12-16;12;1909
11;2025-12-16;13;1997
11;2025-12-16;14;2019
11;2025-12-16;15;1937
11;2025-12-16;16;2169
11;2025-12-16;17;2739
11;2025-12-16;18;2903
11;2025-12-16;19;2094
11;2025-12-16;20;1343
11;2025-12-16;21;790
11;2025-12-16;22;363
11;2025-12-16;23;252
11;2025-12-17;0;62
11;2025-12-17;1;3
11;2025-12-17;2;0
11;2025-12-17;3;0
11;2025-12-17;4;0
11;2025-12-17;5;244
11;2025-12-17;6;1294
11;2025-12-17;7;2431
11;2025-12-17;8;3192
11;2025-12-17;9;2355
11;2025-12-17;10;1957
11;2025-12-17;11;1839
11;2025-12-17;12;1909
11;2025-12-17;13;1997
11;2025-12-17;14;2019
11;2025-12-17;15;1937
11;2025-12-17;16;2169
11;2025-12-17;17;2739
11;2025-12-17;18;2903
11;2025-12-17;19;2094
11;2025-12-17;20;1343
11;2025-12-17;21;790
11;2025-12-17;22;363
11;2025-12-17;23;252
11;2025-12-18;0;62
11;2025-12-18;1;3
11;2025-12-18;2;0
11;2025-12-18;3;0
11;2025-12-18;4;0
11;2025-12-18;5;244
11;2025-12-18;6;1294
11;2025-12-18;7;2431
11;2025-12-18;8;3192
11;2025-12-18;9;2355
11;2025-12-18;10;1957
11;2025-12-18;11;1839
11;2025-12-18;12;1909
11;2025-12-18;13;1997
11;2025-12-18;14;2019
11;2025-12-18;15;1937
11;2025-12-18;16;2169
11;2025-12-18;17;2739
11;2025-12-18;18;2903
11;2025-12-18;19;2094
11;2025-12-18;20;1343
11;2025-12-18;21;790
11;2025-12-18;22;363
11;2025-12-18;23;252
11;2025-12-19;0;62
11;2025-12-19;1;3
11;2025-12-19;2;0
11;2025-12-19;3;0
11;2025-12-19;4;0
11;2025-12-19;5;244
11;2025-12-19;6;1294
11;2025-12-19;7;2431
11;2025-12-19;8;3192
11;2025-12-19;9;2355
11;2025-12-19;10;1957
11;2025-12-19;11;1839
11;2025-12-19;12;1909
11;2025-12-19;13;1997
11;2025-12-19;14;2019
11;2025-12-19;15;1937
11;2025-12-19;16;2169
11;2025-12-19;17;2739
11;2025-12-19;18;2903
11;2025-12-19;19;2094
11;2025-12-19;20;1343
11;2025-12-19;21;790
11;2025-12-19;22;363
11;2025-12-19;23;252
11;2025-12-20;0;107
11;2025-12-20;1;1
11;2025-12-20;2;0
11;2025-12-20;3;0
11;2025-12-20;4;0
11;2025-12-20;5;168
11;2025-12-20;6;837
11;2025-12-20;7;760
11;2025-12-20;8;1044
11;2025-12-20;9;1168
11;2025-12-20;10;1395
11;2025-12-20;11;1719
11;2025-12-20;12;1960
11;2025-12-20;13;1823
11;2025-12-20;14;2066
11;2025-12-20;15;1912
11;2025-12-20;16;1792
11;2025-12-20;17;1898
11;2025-12-20;18;1506
11;2025-12-20;19;1466
11;2025-12-20;20;980
11;2025-12-20;21;711
11;2025-12-20;22;415
11;2025-12-20;23;278
11;2025-12-21;0;114
11;2025-12-21;1;16
11;2025-12-21;2;0
11;2025-12-21;3;0
11;2025-12-21;4;0
11;2025-12-21;5;108
11;2025-12-21;6;498
11;2025-12-21;7;493
11;2025-12-21;8;692
11;2025-12-21;9;942
11;2025-12-21;10;1042
11;2025-12-21;11;1528
11;2025-12-21;12;1604
11;2025-12-21;13;1549
11;2025-12-21;14;1658
11;2025-12-21;15;1627
11;2025-12-21;16;1533
11;2025-12-21;17;1705
11;2025-12-21;18;1254
11;2025-12-21;19;1001
11;2025-12-21;20;772
11;2025-12-21;21;591
11;2025-12-21;22;346
11;2025-12-21;23;240
11;2025-12-22;0;62
11;2025-12-22;1;3
11;2025-12-22;2;0
11;2025-12-22;3;0
11;2025-12-22;4;0
11;2025-12-22;5;244
11;2025-12-22;6;1294
11;2025-12-22;7;2431
11;2025-12-22;8;3192
11;2025-12-22;9;2355
11;2025-12-22;10;1957
11;2025-12-22;11;1839
11;2025-12-22;12;1909
11;2025-12-22;13;1997
11;2025-12-22;14;2019
11;2025-12-22;15;1937
11;2025-12-22;16;2169
11;2025-12-22;17;2739
11;2025-12-22;18;2903
11;2025-12-22;19;2094
11;2025-12-22;20;1343
11;2025-12-22;21;790
11;2025-12-22;22;363
11;2025-12-22;23;252
11;2025-12-23;0;62
11;2025-12-23;1;3
11;2025-12-23;2;0
11;2025-12-23;3;0
11;2025-12-23;4;0
11;2025-12-23;5;244
11;2025-12-23;6;1294
11;2025-12-23;7;2431
11;2025-12-23;8;3192
11;2025-12-23;9;2355
11;2025-12-23;10;1957
11;2025-12-23;11;1839
11;2025-12-23;12;1909
11;2025-12-23;13;1997
11;2025-12-23;14;2019
11;2025-12-23;15;1937
11;2025-12-23;16;2169
11;2025-12-23;17;2739
11;2025-12-23;18;2903
11;2025-12-23;19;2094
11;2025-12-23;20;1343
11;2025-12-23;21;790
11;2025-12-23;22;363
11;2025-12-23;23;252
11;2025-12-24;0;62
11;2025-12-24;1;3
11;2025-12-24;2;0
11;2025-12-24;3;0
11;2025-12-24;4;0
11;2025-12-24;5;244
11;2025-12-24;6;1294
11;2025-12-24;7;2431
11;2025-12-24;8;3192
11;2025-12-24;9;2355
11;2025-12-24;10;1957
11;2025-12-24;11;1839
11;2025-12-24;12;1909
11;2025-12-24;13;1997
11;2025-12-24;14;2019
11;2025-12-24;15;1937
11;2025-12-24;16;2169
11;2025-12-24;17;2739
11;2025-12-24;18;2903
11;2025-12-24;19;2094
11;2025-12-24;20;1343
11;2025-12-24;21;790
11;2025-12-24;22;363
11;2025-12-24;23;252
11;2025-12-25;0;62
11;2025-12-25;1;3
11;2025-12-25;2;0
11;2025-12-25;3;0
11;2025-12-25;4;0
11;2025-12-25;5;244
11;2025-12-25;6;1294
11;2025-12-25;7;2431
11;2025-12-25;8;3192
11;2025-12-25;9;2355
11;2025-12-25;10;1957
11;2025-12-25;11;1839
11;2025-12-25;12;1909
11;2025-12-25;13;1997
11;2025-12-25;14;2019
11;2025-12-25;15;1937
11;2025-12-25;16;2169
11;2025-12-25;17;2739
11;2025-12-25;18;2903
11;2025-12-25;19;2094
11;2025-12-25;20;1343
11;2025-12-25;21;790
11;2025-12-25;22;363
11;2025-12-25;23;252
11;2025-12-26;0;62
11;2025-12-26;1;3
11;2025-12-26;2;0
11;2025-12-26;3;0
11;2025-12-26;4;0
11;2025-12-26;5;244
11;2025-12-26;6;1294
11;2025-12-26;7;2431
11;2025-12-26;8;3192
11;2025-12-26;9;2355
11;2025-12-26;10;1957
11;2025-12-26;11;1839
11;2025-12-26;12;1909
11;2025-12-26;13;1997
11;2025-12-26;14;2019
11;2025-12-26;15;1937
11;2025-12-26;16;2169
11;2025-12-26;17;2739
11;2025-12-26;18;2903
11;2025-12-26;19;2094
11;2025-12-26;20;1343
11;2025-12-26;21;790
11;2025-12-26;22;363
11;2025-12-26;23;252
11;2025-12-27;0;107
11;2025-12-27;1;1
11;2025-12-27;2;0
11;2025-12-27;3;0
11;2025-12-27;4;0
11;2025-12-27;5;168
11;2025-12-27;6;837
11;2025-12-27;7;760
11;2025-12-27;8;1044
11;2025-12-27;9;1168
11;2025-12-27;10;1395
11;2025-12-27;11;1719
11;2025-12-27;12;1960
11;2025-12-27;13;1823
11;2025-12-27;14;2066
11;2025-12-27;15;1912
11;2025-12-27;16;1792
11;2025-12-27;17;1898
11;2025-12-27;18;1506
11;2025-12-27;19;1466
11;2025-12-27;20;980
11;2025-12-27;21;711
11;2025-12-27;22;415
11;2025-12-27;23;278
11;2025-12-28;0;114
11;2025-12-28;1;16
11;2025-12-28;2;0
11;2025-12-28;3;0
11;2025-12-28;4;0
11;2025-12-28;5;108
11;2025-12-28;6;498
11;2025-12-28;7;493
11;2025-12-28;8;692
11;2025-12-28;9;942
11;2025-12-28;10;1042
11;2025-12-28;11;1528
11;2025-12-28;12;1604
11;2025-12-28;13;1549
11;2025-12-28;14;1658
11;2025-12-28;15;1627
11;2025-12-28;16;1533
11;2025-12-28;17;1705
11;2025-12-28;18;1254
11;2025-12-28;19;1001
11;2025-12-28;20;772
11;2025-12-28;21;591
11;2025-12-28;22;346
11;2025-12-28;23;240
11;2025-12-29;0;62
11;2025-12-29;1;3
11;2025-12-29;2;0
11;2025-12-29;3;0
11;2025-12-29;4;0
11;2025-12-29;5;244
11;2025-12-29;6;1294
11;2025-12-29;7;2431
11;2025-12-29;8;3192
11;2025-12-29;9;2355
11;2025-12-29;10;1957
11;2025-12-29;11;1839
11;2025-12-29;12;1909
11;2025-12-29;13;1997
11;2025-12-29;14;2019
11;2025-12-29;15;1937
11;2025-12-29;16;2169
11;2025-12-29;17;2739
11;2025-12-29;18;2903
11;2025-12-29;19;2094
11;2025-12-29;20;1343
11;2025-12-29;21;790
11;2025-12-29;22;363
11;2025-12-29;23;252
11;2025-12-30;0;62
11;2025-12-30;1;3
11;2025-12-30;2;0
11;2025-12-30;3;0
11;2025-12-30;4;0
11;2025-12-30;5;244
11;2025-12-30;6;1294
11;2025-12-30;7;2431
11;2025-12-30;8;3192
11;2025-12-30;9;2355
11;2025-12-30;10;1957
11;2025-12-30;11;1839
11;2025-12-30;12;1909
11;2025-12-30;13;1997
11;2025-12-30;14;2019
11;2025-12-30;15;1937
11;2025-12-30;16;2169
11;2025-12-30;17;2739
11;2025-12-30;18;2903
11;2025-12-30;19;2094
11;2025-12-30;20;1343
11;2025-12-30;21;790
11;2025-12-30;22;363
11;2025-12-30;23;252
11;2025-12-31;0;114
11;2025-12-31;1;16
11;2025-12-31;2;0
11;2025-12-31;3;0
11;2025-12-31;4;0
11;2025-12-31;5;108
11;2025-12-31;6;498
11;2025-12-31;7;493
11;2025-12-31;8;692
11;2025-12-31;9;942
11;2025-12-31;10;1042
11;2025-12-31;11;1528
11;2025-12-31;12;1604
11;2025-12-31;13;1549
11;2025-12-31;14;1658
11;2025-12-31;15;1627
11;2025-12-31;16;1533
11;2025-12-31;17;1705
11;2025-12-31;18;1254
11;2025-12-31;19;1001
11;2025-12-31;20;772
11;2025-12-31;21;591
11;2025-12-31;22;346
11;2025-12-31;23;240
12;2025-11-01;0;54
12;2025-11-01;1;1
12;2025-11-01;2;0
12;2025-11-01;3;0
12;2025-11-01;4;6
12;2025-11-01;5;315
12;2025-11-01;6;1422
12;2025-11-01;7;2695
12;2025-11-01;8;3564
12;2025-11-01;9;2545
12;2025-11-01;10;2032
12;2025-11-01;11;1922
12;2025-11-01;12;2016
12;2025-11-01;13;2082
12;2025-11-01;14;1958
12;2025-11-01;15;2190
12;2025-11-01;16;2712
12;2025-11-01;17;2957
12;2025-11-01;18;3029
12;2025-11-01;19;2303
12;2025-11-01;20;1513
12;2025-11-01;21;967
12;2025-11-01;22;486
12;2025-11-01;23;268
12;2025-11-02;0;82
12;2025-11-02;1;4
12;2025-11-02;2;0
12;2025-11-02;3;0
12;2025-11-02;4;3
12;2025-11-02;5;131
12;2025-11-02;6;520
12;2025-11-02;7;706
12;2025-11-02;8;721
12;2025-11-02;9;904
12;2025-11-02;10;1142
12;2025-11-02;11;1245
12;2025-11-02;12;1322
12;2025-11-02;13;1550
12;2025-11-02;14;1452
12;2025-11-02;15;1483
12;2025-11-02;16;1486
12;2025-11-02;17;1537
12;2025-11-02;18;1334
12;2025-11-02;19;994
12;2025-11-02;20;774
12;2025-11-02;21;593
12;2025-11-02;22;387
12;2025-11-02;23;195
12;2025-11-03;0;82
12;2025-11-03;1;4
12;2025-11-03;2;0
12;2025-11-03;3;0
12;2025-11-03;4;3
12;2025-11-03;5;131
12;2025-11-03;6;520
12;2025-11-03;7;706
12;2025-11-03;8;721
12;2025-11-03;9;904
12;2025-11-03;10;1142
12;2025-11-03;11;1245
12;2025-11-03;12;1322
12;2025-11-03;13;1550
12;2025-11-03;14;1452
12;2025-11-03;15;1483
12;2025-11-03;16;1486
12;2025-11-03;17;1537
12;2025-11-03;18;1334
12;2025-11-03;19;994
12;2025-11-03;20;774
12;2025-11-03;21;593
12;2025-11-03;22;387
12;2025-11-03;23;195
12;2025-11-04;0;82
12;2025-11-04;1;4
12;2025-11-04;2;0
12;2025-11-04;3;0
12;2025-11-04;4;3
12;2025-11-04;5;131
12;2025-11-04;6;520
12;2025-11-04;7;706
12;2025-11-04;8;721
12;2025-11-04;9;904
12;2025-11-04;10;1142
12;2025-11-04;11;1245
12;2025-11-04;12;1322
12;2025-11-04;13;1550
12;2025-11-04;14;1452
12;2025-11-04;15;1483
12;2025-11-04;16;1486
12;2025-11-04;17;1537
12;2025-11-04;18;1334
12;2025-11-04;19;994
12;2025-11-04;20;774
12;2025-11-04;21;593
12;2025-11-04;22;387
12;2025-11-04;23;195
12;2025-11-05;0;54
12;2025-11-05;1;1
12;2025-11-05;2;0
12;2025-11-05;3;0
12;2025-11-05;4;6
12;2025-11-05;5;315
12;2025-11-05;6;1422
12;2025-11-05;7;2695
12;2025-11-05;8;3564
12;2025-11-05;9;2545
12;2025-11-05;10;2032
12;2025-11-05;11;1922
12;2025-11-05;12;2016
12;2025-11-05;13;2082
12;2025-11-05;14;1958
12;2025-11-05;15;2190
12;2025-11-05;16;2712
12;2025-11-05;17;2957
12;2025-11-05;18;3029
12;2025-11-05;19;2303
12;2025-11-05;20;1513
12;2025-11-05;21;967
12;2025-11-05;22;486
12;2025-11-05;23;268
12;2025-11-06;0;54
12;2025-11-06;1;1
12;2025-11-06;2;0
12;2025-11-06;3;0
12;2025-11-06;4;6
12;2025-11-06;5;315
12;2025-11-06;6;1422
12;2025-11-06;7;2695
12;2025-11-06;8;3564
12;2025-11-06;9;2545
12;2025-11-06;10;2032
12;2025-11-06;11;1922
12;2025-11-06;12;2016
12;2025-11-06;13;2082
12;2025-11-06;14;1958
12;2025-11-06;15;2190
12;2025-11-06;16;2712
12;2025-11-06;17;2957
12;2025-11-06;18;3029
12;2025-11-06;19;2303
12;2025-11-06;20;1513
12;2025-11-06;21;967
12;2025-11-06;22;486
12;2025-11-06;23;268
12;2025-11-07;0;54
12;2025-11-07;1;1
12;2025-11-07;2;0
12;2025-11-07;3;0
12;2025-11-07;4;6
12;2025-11-07;5;315
12;2025-11-07;6;1422
12;2025-11-07;7;2695
12;2025-11-07;8;3564
12;2025-11-07;9;2545
12;2025-11-07;10;2032
12;2025-11-07;11;1922
12;2025-11-07;12;2016
12;2025-11-07;13;2082
12;2025-11-07;14;1958
12;2025-11-07;15;2190
12;2025-11-07;16;2712
12;2025-11-07;17;2957
12;2025-11-07;18;3029
12;2025-11-07;19;2303
12;2025-11-07;20;1513
12;2025-11-07;21;967
12;2025-11-07;22;486
12;2025-11-07;23;268
12;2025-11-08;0;67
12;2025-11-08;1;2
12;2025-11-08;2;0
12;2025-11-08;3;0
12;2025-11-08;4;2
12;2025-11-08;5;223
12;2025-11-08;6;791
12;2025-11-08;7;899
12;2025-11-08;8;1048
12;2025-11-08;9;1248
12;2025-11-08;10;1484
12;2025-11-08;11;1505
12;2025-11-08;12;1545
12;2025-11-08;13;1754
12;2025-11-08;14;1584
12;2025-11-08;15;1556
12;2025-11-08;16;1676
12;2025-11-08;17;1605
12;2025-11-08;18;1594
12;2025-11-08;19;1340
12;2025-11-08;20;942
12;2025-11-08;21;764
12;2025-11-08;22;389
12;2025-11-08;23;292
12;2025-11-09;0;82
12;2025-11-09;1;4
12;2025-11-09;2;0
12;2025-11-09;3;0
12;2025-11-09;4;3
12;2025-11-09;5;131
12;2025-11-09;6;520
12;2025-11-09;7;706
12;2025-11-09;8;721
12;2025-11-09;9;904
12;2025-11-09;10;1142
12;2025-11-09;11;1245
12;2025-11-09;12;1322
12;2025-11-09;13;1550
12;2025-11-09;14;1452
12;2025-11-09;15;1483
12;2025-11-09;16;1486
12;2025-11-09;17;1537
12;2025-11-09;18;1334
12;2025-11-09;19;994
12;2025-11-09;20;774
12;2025-11-09;21;593
12;2025-11-09;22;387
12;2025-11-09;23;195
12;2025-11-10;0;54
12;2025-11-10;1;1
12;2025-11-10;2;0
12;2025-11-10;3;0
12;2025-11-10;4;6
12;2025-11-10;5;315
12;2025-11-10;6;1422
12;2025-11-10;7;2695
12;2025-11-10;8;3564
12;2025-11-10;9;2545
12;2025-11-10;10;2032
12;2025-11-10;11;1922
12;2025-11-10;12;2016
12;2025-11-10;13;2082
12;2025-11-10;14;1958
12;2025-11-10;15;2190
12;2025-11-10;16;2712
12;2025-11-10;17;2957
12;2025-11-10;18;3029
12;2025-11-10;19;2303
12;2025-11-10;20;1513
12;2025-11-10;21;967
12;2025-11-10;22;486
12;2025-11-10;23;268
12;2025-11-11;0;54
12;2025-11-11;1;1
12;2025-11-11;2;0
12;2025-11-11;3;0
12;2025-11-11;4;6
12;2025-11-11;5;315
12;2025-11-11;6;1422
12;2025-11-11;7;2695
12;2025-11-11;8;3564
12;2025-11-11;9;2545
12;2025-11-11;10;2032
12;2025-11-11;11;1922
12;2025-11-11;12;2016
12;2025-11-11;13;2082
12;2025-11-11;14;1958
12;2025-11-11;15;2190
12;2025-11-11;16;2712
12;2025-11-11;17;2957
12;2025-11-11;18;3029
12;2025-11-11;19;2303
12;2025-11-11;20;1513
12;2025-11-11;21;967
12;2025-11-11;22;486
12;2025-11-11;23;268
12;2025-11-12;0;54
12;2025-11-12;1;1
12;2025-11-12;2;0
12;2025-11-12;3;0
12;2025-11-12;4;6
12;2025-11-12;5;315
12;2025-11-12;6;1422
12;2025-11-12;7;2695
12;2025-11-12;8;3564
12;2025-11-12;9;2545
12;2025-11-12;10;2032
12;2025-11-12;11;1922
12;2025-11-12;12;2016
12;2025-11-12;13;2082
12;2025-11-12;14;1958
12;2025-11-12;15;2190
12;2025-11-12;16;2712
12;2025-11-12;17;2957
12;2025-11-12;18;3029
12;2025-11-12;19;2303
12;2025-11-12;20;1513
12;2025-11-12;21;967
12;2025-11-12;22;486
12;2025-11-12;23;268
12;2025-11-13;0;54
12;2025-11-13;1;1
12;2025-11-13;2;0
12;2025-11-13;3;0
12;2025-11-13;4;6
12;2025-11-13;5;315
12;2025-11-13;6;1422
12;2025-11-13;7;2695
12;2025-11-13;8;3564
12;2025-11-13;9;2545
12;2025-11-13;10;2032
12;2025-11-13;11;1922
12;2025-11-13;12;2016
12;2025-11-13;13;2082
12;2025-11-13;14;1958
12;2025-11-13;15;2190
12;2025-11-13;16;2712
12;2025-11-13;17;2957
12;2025-11-13;18;3029
12;2025-11-13;19;2303
12;2025-11-13;20;1513
12;2025-11-13;21;967
12;2025-11-13;22;486
12;2025-11-13;23;268
12;2025-11-14;0;54
12;2025-11-14;1;1
12;2025-11-14;2;0
12;2025-11-14;3;0
12;2025-11-14;4;6
12;2025-11-14;5;315
12;2025-11-14;6;1422
12;2025-11-14;7;2695
12;2025-11-14;8;3564
12;2025-11-14;9;2545
12;2025-11-14;10;2032
12;2025-11-14;11;1922
12;2025-11-14;12;2016
12;2025-11-14;13;2082
12;2025-11-14;14;1958
12;2025-11-14;15;2190
12;2025-11-14;16;2712
12;2025-11-14;17;2957
12;2025-11-14;18;3029
12;2025-11-14;19;2303
12;2025-11-14;20;1513
12;2025-11-14;21;967
12;2025-11-14;22;486
12;2025-11-14;23;268
12;2025-11-15;0;67
12;2025-11-15;1;2
12;2025-11-15;2;0
12;2025-11-15;3;0
12;2025-11-15;4;2
12;2025-11-15;5;223
12;2025-11-15;6;791
12;2025-11-15;7;899
12;2025-11-15;8;1048
12;2025-11-15;9;1248
12;2025-11-15;10;1484
12;2025-11-15;11;1505
12;2025-11-15;12;1545
12;2025-11-15;13;1754
12;2025-11-15;14;1584
12;2025-11-15;15;1556
12;2025-11-15;16;1676
12;2025-11-15;17;1605
12;2025-11-15;18;1594
12;2025-11-15;19;1340
12;2025-11-15;20;942
12;2025-11-15;21;764
12;2025-11-15;22;389
12;2025-11-15;23;292
12;2025-11-16;0;82
12;2025-11-16;1;4
12;2025-11-16;2;0
12;2025-11-16;3;0
12;2025-11-16;4;3
12;2025-11-16;5;131
12;2025-11-16;6;520
12;2025-11-16;7;706
12;2025-11-16;8;721
12;2025-11-16;9;904
12;2025-11-16;10;1142
12;2025-11-16;11;1245
12;2025-11-16;12;1322
12;2025-11-16;13;1550
12;2025-11-16;14;1452
12;2025-11-16;15;1483
12;2025-11-16;16;1486
12;2025-11-16;17;1537
12;2025-11-16;18;1334
12;2025-11-16;19;994
12;2025-11-16;20;774
12;2025-11-16;21;593
12;2025-11-16;22;387
12;2025-11-16;23;195
12;2025-11-17;0;54
12;2025-11-17;1;1
12;2025-11-17;2;0
12;2025-11-17;3;0
12;2025-11-17;4;6
12;2025-11-17;5;315
12;2025-11-17;6;1422
12;2025-11-17;7;2695
12;2025-11-17;8;3564
12;2025-11-17;9;2545
12;2025-11-17;10;2032
12;2025-11-17;11;1922
12;2025-11-17;12;2016
12;2025-11-17;13;2082
12;2025-11-17;14;1958
12;2025-11-17;15;2190
12;2025-11-17;16;2712
12;2025-11-17;17;2957
12;2025-11-17;18;3029
12;2025-11-17;19;2303
12;2025-11-17;20;1513
12;2025-11-17;21;967
12;2025-11-17;22;486
12;2025-11-17;23;268
12;2025-11-18;0;54
12;2025-11-18;1;1
12;2025-11-18;2;0
12;2025-11-18;3;0
12;2025-11-18;4;6
12;2025-11-18;5;315
12;2025-11-18;6;1422
12;2025-11-18;7;2695
12;2025-11-18;8;3564
12;2025-11-18;9;2545
12;2025-11-18;10;2032
12;2025-11-18;11;1922
12;2025-11-18;12;2016
12;2025-11-18;13;2082
12;2025-11-18;14;1958
12;2025-11-18;15;2190
12;2025-11-18;16;2712
12;2025-11-18;17;2957
12;2025-11-18;18;3029
12;2025-11-18;19;2303
12;2025-11-18;20;1513
12;2025-11-18;21;967
12;2025-11-18;22;486
12;2025-11-18;23;268
12;2025-11-19;0;54
12;2025-11-19;1;1
12;2025-11-19;2;0
12;2025-11-19;3;0
12;2025-11-19;4;6
12;2025-11-19;5;315
12;2025-11-19;6;1422
12;2025-11-19;7;2695
12;2025-11-19;8;3564
12;2025-11-19;9;2545
12;2025-11-19;10;2032
12;2025-11-19;11;1922
12;2025-11-19;12;2016
12;2025-11-19;13;2082
12;2025-11-19;14;1958
12;2025-11-19;15;2190
12;2025-11-19;16;2712
12;2025-11-19;17;2957
12;2025-11-19;18;3029
12;2025-11-19;19;2303
12;2025-11-19;20;1513
12;2025-11-19;21;967
12;2025-11-19;22;486
12;2025-11-19;23;268
12;2025-11-20;0;54
12;2025-11-20;1;1
12;2025-11-20;2;0
12;2025-11-20;3;0
12;2025-11-20;4;6
12;2025-11-20;5;315
12;2025-11-20;6;1422
12;2025-11-20;7;2695
12;2025-11-20;8;3564
12;2025-11-20;9;2545
12;2025-11-20;10;2032
12;2025-11-20;11;1922
12;2025-11-20;12;2016
12;2025-11-20;13;2082
12;2025-11-20;14;1958
12;2025-11-20;15;2190
12;2025-11-20;16;2712
12;2025-11-20;17;2957
12;2025-11-20;18;3029
12;2025-11-20;19;2303
12;2025-11-20;20;1513
12;2025-11-20;21;967
12;2025-11-20;22;486
12;2025-11-20;23;268
12;2025-11-21;0;54
12;2025-11-21;1;1
12;2025-11-21;2;0
12;2025-11-21;3;0
12;2025-11-21;4;6
12;2025-11-21;5;315
12;2025-11-21;6;1422
12;2025-11-21;7;2695
12;2025-11-21;8;3564
12;2025-11-21;9;2545
12;2025-11-21;10;2032
12;2025-11-21;11;1922
12;2025-11-21;12;2016
12;2025-11-21;13;2082
12;2025-11-21;14;1958
12;2025-11-21;15;2190
12;2025-11-21;16;2712
12;2025-11-21;17;2957
12;2025-11-21;18;3029
12;2025-11-21;19;2303
12;2025-11-21;20;1513
12;2025-11-21;21;967
12;2025-11-21;22;486
12;2025-11-21;23;268
12;2025-11-22;0;67
12;2025-11-22;1;2
12;2025-11-22;2;0
12;2025-11-22;3;0
12;2025-11-22;4;2
12;2025-11-22;5;223
12;2025-11-22;6;791
12;2025-11-22;7;899
12;2025-11-22;8;1048
12;2025-11-22;9;1248
12;2025-11-22;10;1484
12;2025-11-22;11;1505
12;2025-11-22;12;1545
12;2025-11-22;13;1754
12;2025-11-22;14;1584
12;2025-11-22;15;1556
12;2025-11-22;16;1676
12;2025-11-22;17;1605
12;2025-11-22;18;1594
12;2025-11-22;19;1340
12;2025-11-22;20;942
12;2025-11-22;21;764
12;2025-11-22;22;389
12;2025-11-22;23;292
12;2025-11-23;0;82
12;2025-11-23;1;4
12;2025-11-23;2;0
12;2025-11-23;3;0
12;2025-11-23;4;3
12;2025-11-23;5;131
12;2025-11-23;6;520
12;2025-11-23;7;706
12;2025-11-23;8;721
12;2025-11-23;9;904
12;2025-11-23;10;1142
12;2025-11-23;11;1245
12;2025-11-23;12;1322
12;2025-11-23;13;1550
12;2025-11-23;14;1452
12;2025-11-23;15;1483
12;2025-11-23;16;1486
12;2025-11-23;17;1537
12;2025-11-23;18;1334
12;2025-11-23;19;994
12;2025-11-23;20;774
12;2025-11-23;21;593
12;2025-11-23;22;387
12;2025-11-23;23;195
12;2025-11-24;0;54
12;2025-11-24;1;1
12;2025-11-24;2;0
12;2025-11-24;3;0
12;2025-11-24;4;6
12;2025-11-24;5;315
12;2025-11-24;6;1422
12;2025-11-24;7;2695
12;2025-11-24;8;3564
12;2025-11-24;9;2545
12;2025-11-24;10;2032
12;2025-11-24;11;1922
12;2025-11-24;12;2016
12;2025-11-24;13;2082
12;2025-11-24;14;1958
12;2025-11-24;15;2190
12;2025-11-24;16;2712
12;2025-11-24;17;2957
12;2025-11-24;18;3029
12;2025-11-24;19;2303
12;2025-11-24;20;1513
12;2025-11-24;21;967
12;2025-11-24;22;486
12;2025-11-24;23;268
12;2025-11-25;0;54
12;2025-11-25;1;1
12;2025-11-25;2;0
12;2025-11-25;3;0
12;2025-11-25;4;6
12;2025-11-25;5;315
12;2025-11-25;6;1422
12;2025-11-25;7;2695
12;2025-11-25;8;3564
12;2025-11-25;9;2545
12;2025-11-25;10;2032
12;2025-11-25;11;1922
12;2025-11-25;12;2016
12;2025-11-25;13;2082
12;2025-11-25;14;1958
12;2025-11-25;15;2190
12;2025-11-25;16;2712
12;2025-11-25;17;2957
12;2025-11-25;18;3029
12;2025-11-25;19;2303
12;2025-11-25;20;1513
12;2025-11-25;21;967
12;2025-11-25;22;486
12;2025-11-25;23;268
12;2025-11-26;0;54
12;2025-11-26;1;1
12;2025-11-26;2;0
12;2025-11-26;3;0
12;2025-11-26;4;6
12;2025-11-26;5;315
12;2025-11-26;6;1422
12;2025-11-26;7;2695
12;2025-11-26;8;3564
12;2025-11-26;9;2545
12;2025-11-26;10;2032
12;2025-11-26;11;1922
12;2025-11-26;12;2016
12;2025-11-26;13;2082
12;2025-11-26;14;1958
12;2025-11-26;15;2190
12;2025-11-26;16;2712
12;2025-11-26;17;2957
12;2025-11-26;18;3029
12;2025-11-26;19;2303
12;2025-11-26;20;1513
12;2025-11-26;21;967
12;2025-11-26;22;486
12;2025-11-26;23;268
12;2025-11-27;0;54
12;2025-11-27;1;1
12;2025-11-27;2;0
12;2025-11-27;3;0
12;2025-11-27;4;6
12;2025-11-27;5;315
12;2025-11-27;6;1422
12;2025-11-27;7;2695
12;2025-11-27;8;3564
12;2025-11-27;9;2545
12;2025-11-27;10;2032
12;2025-11-27;11;1922
12;2025-11-27;12;2016
12;2025-11-27;13;2082
12;2025-11-27;14;1958
12;2025-11-27;15;2190
12;2025-11-27;16;2712
12;2025-11-27;17;2957
12;2025-11-27;18;3029
12;2025-11-27;19;2303
12;2025-11-27;20;1513
12;2025-11-27;21;967
12;2025-11-27;22;486
12;2025-11-27;23;268
12;2025-11-28;0;54
12;2025-11-28;1;1
12;2025-11-28;2;0
12;2025-11-28;3;0
12;2025-11-28;4;6
12;2025-11-28;5;315
12;2025-11-28;6;1422
12;2025-11-28;7;2695
12;2025-11-28;8;3564
12;2025-11-28;9;2545
12;2025-11-28;10;2032
12;2025-11-28;11;1922
12;2025-11-28;12;2016
12;2025-11-28;13;2082
12;2025-11-28;14;1958
12;2025-11-28;15;2190
12;2025-11-28;16;2712
12;2025-11-28;17;2957
12;2025-11-28;18;3029
12;2025-11-28;19;2303
12;2025-11-28;20;1513
12;2025-11-28;21;967
12;2025-11-28;22;486
12;2025-11-28;23;268
12;2025-11-29;0;67
12;2025-11-29;1;2
12;2025-11-29;2;0
12;2025-11-29;3;0
12;2025-11-29;4;2
12;2025-11-29;5;223
12;2025-11-29;6;791
12;2025-11-29;7;899
12;2025-11-29;8;1048
12;2025-11-29;9;1248
12;2025-11-29;10;1484
12;2025-11-29;11;1505
12;2025-11-29;12;1545
12;2025-11-29;13;1754
12;2025-11-29;14;1584
12;2025-11-29;15;1556
12;2025-11-29;16;1676
12;2025-11-29;17;1605
12;2025-11-29;18;1594
12;2025-11-29;19;1340
12;2025-11-29;20;942
12;2025-11-29;21;764
12;2025-11-29;22;389
12;2025-11-29;23;292
12;2025-11-30;0;82
12;2025-11-30;1;4
12;2025-11-30;2;0
12;2025-11-30;3;0
12;2025-11-30;4;3
12;2025-11-30;5;131
12;2025-11-30;6;520
12;2025-11-30;7;706
12;2025-11-30;8;721
12;2025-11-30;9;904
12;2025-11-30;10;1142
12;2025-11-30;11;1245
12;2025-11-30;12;1322
12;2025-11-30;13;1550
12;2025-11-30;14;1452
12;2025-11-30;15;1483
12;2025-11-30;16;1486
12;2025-11-30;17;1537
12;2025-11-30;18;1334
12;2025-11-30;19;994
12;2025-11-30;20;774
12;2025-11-30;21;593
12;2025-11-30;22;387
12;2025-11-30;23;195
12;2025-12-01;0;54
12;2025-12-01;1;1
12;2025-12-01;2;0
12;2025-12-01;3;0
12;2025-12-01;4;6
12;2025-12-01;5;315
12;2025-12-01;6;1422
12;2025-12-01;7;2695
12;2025-12-01;8;3564
12;2025-12-01;9;2545
12;2025-12-01;10;2032
12;2025-12-01;11;1922
12;2025-12-01;12;2016
12;2025-12-01;13;2082
12;2025-12-01;14;1958
12;2025-12-01;15;2190
12;2025-12-01;16;2712
12;2025-12-01;17;2957
12;2025-12-01;18;3029
12;2025-12-01;19;2303
12;2025-12-01;20;1513
12;2025-12-01;21;967
12;2025-12-01;22;486
12;2025-12-01;23;268
12;2025-12-02;0;54
12;2025-12-02;1;1
12;2025-12-02;2;0
12;2025-12-02;3;0
12;2025-12-02;4;6
12;2025-12-02;5;315
12;2025-12-02;6;1422
12;2025-12-02;7;2695
12;2025-12-02;8;3564
12;2025-12-02;9;2545
12;2025-12-02;10;2032
12;2025-12-02;11;1922
12;2025-12-02;12;2016
12;2025-12-02;13;2082
12;2025-12-02;14;1958
12;2025-12-02;15;2190
12;2025-12-02;16;2712
12;2025-12-02;17;2957
12;2025-12-02;18;3029
12;2025-12-02;19;2303
12;2025-12-02;20;1513
12;2025-12-02;21;967
12;2025-12-02;22;486
12;2025-12-02;23;268
12;2025-12-03;0;54
12;2025-12-03;1;1
12;2025-12-03;2;0
12;2025-12-03;3;0
12;2025-12-03;4;6
12;2025-12-03;5;315
12;2025-12-03;6;1422
12;2025-12-03;7;2695
12;2025-12-03;8;3564
12;2025-12-03;9;2545
12;2025-12-03;10;2032
12;2025-12-03;11;1922
12;2025-12-03;12;2016
12;2025-12-03;13;2082
12;2025-12-03;14;1958
12;2025-12-03;15;2190
12;2025-12-03;16;2712
12;2025-12-03;17;2957
12;2025-12-03;18;3029
12;2025-12-03;19;2303
12;2025-12-03;20;1513
12;2025-12-03;21;967
12;2025-12-03;22;486
12;2025-12-03;23;268
12;2025-12-04;0;54
12;2025-12-04;1;1
12;2025-12-04;2;0
12;2025-12-04;3;0
12;2025-12-04;4;6
12;2025-12-04;5;315
12;2025-12-04;6;1422
12;2025-12-04;7;2695
12;2025-12-04;8;3564
12;2025-12-04;9;2545
12;2025-12-04;10;2032
12;2025-12-04;11;1922
12;2025-12-04;12;2016
12;2025-12-04;13;2082
12;2025-12-04;14;1958
12;2025-12-04;15;2190
12;2025-12-04;16;2712
12;2025-12-04;17;2957
12;2025-12-04;18;3029
12;2025-12-04;19;2303
12;2025-12-04;20;1513
12;2025-12-04;21;967
12;2025-12-04;22;486
12;2025-12-04;23;268
12;2025-12-05;0;54
12;2025-12-05;1;1
12;2025-12-05;2;0
12;2025-12-05;3;0
12;2025-12-05;4;6
12;2025-12-05;5;315
12;2025-12-05;6;1422
12;2025-12-05;7;2695
12;2025-12-05;8;3564
12;2025-12-05;9;2545
12;2025-12-05;10;2032
12;2025-12-05;11;1922
12;2025-12-05;12;2016
12;2025-12-05;13;2082
12;2025-12-05;14;1958
12;2025-12-05;15;2190
12;2025-12-05;16;2712
12;2025-12-05;17;2957
12;2025-12-05;18;3029
12;2025-12-05;19;2303
12;2025-12-05;20;1513
12;2025-12-05;21;967
12;2025-12-05;22;486
12;2025-12-05;23;268
12;2025-12-06;0;67
12;2025-12-06;1;2
12;2025-12-06;2;0
12;2025-12-06;3;0
12;2025-12-06;4;2
12;2025-12-06;5;223
12;2025-12-06;6;791
12;2025-12-06;7;899
12;2025-12-06;8;1048
12;2025-12-06;9;1248
12;2025-12-06;10;1484
12;2025-12-06;11;1505
12;2025-12-06;12;1545
12;2025-12-06;13;1754
12;2025-12-06;14;1584
12;2025-12-06;15;1556
12;2025-12-06;16;1676
12;2025-12-06;17;1605
12;2025-12-06;18;1594
12;2025-12-06;19;1340
12;2025-12-06;20;942
12;2025-12-06;21;764
12;2025-12-06;22;389
12;2025-12-06;23;292
12;2025-12-07;0;82
12;2025-12-07;1;4
12;2025-12-07;2;0
12;2025-12-07;3;0
12;2025-12-07;4;3
12;2025-12-07;5;131
12;2025-12-07;6;520
12;2025-12-07;7;706
12;2025-12-07;8;721
12;2025-12-07;9;904
12;2025-12-07;10;1142
12;2025-12-07;11;1245
12;2025-12-07;12;1322
12;2025-12-07;13;1550
12;2025-12-07;14;1452
12;2025-12-07;15;1483
12;2025-12-07;16;1486
12;2025-12-07;17;1537
12;2025-12-07;18;1334
12;2025-12-07;19;994
12;2025-12-07;20;774
12;2025-12-07;21;593
12;2025-12-07;22;387
12;2025-12-07;23;195
12;2025-12-08;0;54
12;2025-12-08;1;1
12;2025-12-08;2;0
12;2025-12-08;3;0
12;2025-12-08;4;6
12;2025-12-08;5;315
12;2025-12-08;6;1422
12;2025-12-08;7;2695
12;2025-12-08;8;3564
12;2025-12-08;9;2545
12;2025-12-08;10;2032
12;2025-12-08;11;1922
12;2025-12-08;12;2016
12;2025-12-08;13;2082
12;2025-12-08;14;1958
12;2025-12-08;15;2190
12;2025-12-08;16;2712
12;2025-12-08;17;2957
12;2025-12-08;18;3029
12;2025-12-08;19;2303
12;2025-12-08;20;1513
12;2025-12-08;21;967
12;2025-12-08;22;486
12;2025-12-08;23;268
12;2025-12-09;0;54
12;2025-12-09;1;1
12;2025-12-09;2;0
12;2025-12-09;3;0
12;2025-12-09;4;6
12;2025-12-09;5;315
12;2025-12-09;6;1422
12;2025-12-09;7;2695
12;2025-12-09;8;3564
12;2025-12-09;9;2545
12;2025-12-09;10;2032
12;2025-12-09;11;1922
12;2025-12-09;12;2016
12;2025-12-09;13;2082
12;2025-12-09;14;1958
12;2025-12-09;15;2190
12;2025-12-09;16;2712
12;2025-12-09;17;2957
12;2025-12-09;18;3029
12;2025-12-09;19;2303
12;2025-12-09;20;1513
12;2025-12-09;21;967
12;2025-12-09;22;486
12;2025-12-09;23;268
12;2025-12-10;0;54
12;2025-12-10;1;1
12;2025-12-10;2;0
12;2025-12-10;3;0
12;2025-12-10;4;6
12;2025-12-10;5;315
12;2025-12-10;6;1422
12;2025-12-10;7;2695
12;2025-12-10;8;3564
12;2025-12-10;9;2545
12;2025-12-10;10;2032
12;2025-12-10;11;1922
12;2025-12-10;12;2016
12;2025-12-10;13;2082
12;2025-12-10;14;1958
12;2025-12-10;15;2190
12;2025-12-10;16;2712
12;2025-12-10;17;2957
12;2025-12-10;18;3029
12;2025-12-10;19;2303
12;2025-12-10;20;1513
12;2025-12-10;21;967
12;2025-12-10;22;486
12;2025-12-10;23;268
12;2025-12-11;0;54
12;2025-12-11;1;1
12;2025-12-11;2;0
12;2025-12-11;3;0
12;2025-12-11;4;6
12;2025-12-11;5;315
12;2025-12-11;6;1422
12;2025-12-11;7;2695
12;2025-12-11;8;3564
12;2025-12-11;9;2545
12;2025-12-11;10;2032
12;2025-12-11;11;1922
12;2025-12-11;12;2016
12;2025-12-11;13;2082
12;2025-12-11;14;1958
12;2025-12-11;15;2190
12;2025-12-11;16;2712
12;2025-12-11;17;2957
12;2025-12-11;18;3029
12;2025-12-11;19;2303
12;2025-12-11;20;1513
12;2025-12-11;21;967
12;2025-12-11;22;486
12;2025-12-11;23;268
12;2025-12-12;0;54
12;2025-12-12;1;1
12;2025-12-12;2;0
12;2025-12-12;3;0
12;2025-12-12;4;6
12;2025-12-12;5;315
12;2025-12-12;6;1422
12;2025-12-12;7;2695
12;2025-12-12;8;3564
12;2025-12-12;9;2545
12;2025-12-12;10;2032
12;2025-12-12;11;1922
12;2025-12-12;12;2016
12;2025-12-12;13;2082
12;2025-12-12;14;1958
12;2025-12-12;15;2190
12;2025-12-12;16;2712
12;2025-12-12;17;2957
12;2025-12-12;18;3029
12;2025-12-12;19;2303
12;2025-12-12;20;1513
12;2025-12-12;21;967
12;2025-12-12;22;486
12;2025-12-12;23;268
12;2025-12-13;0;67
12;2025-12-13;1;2
12;2025-12-13;2;0
12;2025-12-13;3;0
12;2025-12-13;4;2
12;2025-12-13;5;223
12;2025-12-13;6;791
12;2025-12-13;7;899
12;2025-12-13;8;1048
12;2025-12-13;9;1248
12;2025-12-13;10;1484
12;2025-12-13;11;1505
12;2025-12-13;12;1545
12;2025-12-13;13;1754
12;2025-12-13;14;1584
12;2025-12-13;15;1556
12;2025-12-13;16;1676
12;2025-12-13;17;1605
12;2025-12-13;18;1594
12;2025-12-13;19;1340
12;2025-12-13;20;942
12;2025-12-13;21;764
12;2025-12-13;22;389
12;2025-12-13;23;292
12;2025-12-14;0;82
12;2025-12-14;1;4
12;2025-12-14;2;0
12;2025-12-14;3;0
12;2025-12-14;4;3
12;2025-12-14;5;131
12;2025-12-14;6;520
12;2025-12-14;7;706
12;2025-12-14;8;721
12;2025-12-14;9;904
12;2025-12-14;10;1142
12;2025-12-14;11;1245
12;2025-12-14;12;1322
12;2025-12-14;13;1550
12;2025-12-14;14;1452
12;2025-12-14;15;1483
12;2025-12-14;16;1486
12;2025-12-14;17;1537
12;2025-12-14;18;1334
12;2025-12-14;19;994
12;2025-12-14;20;774
12;2025-12-14;21;593
12;2025-12-14;22;387
12;2025-12-14;23;195
12;2025-12-15;0;54
12;2025-12-15;1;1
12;2025-12-15;2;0
12;2025-12-15;3;0
12;2025-12-15;4;6
12;2025-12-15;5;315
12;2025-12-15;6;1422
12;2025-12-15;7;2695
12;2025-12-15;8;3564
12;2025-12-15;9;2545
12;2025-12-15;10;2032
12;2025-12-15;11;1922
12;2025-12-15;12;2016
12;2025-12-15;13;2082
12;2025-12-15;14;1958
12;2025-12-15;15;2190
12;2025-12-15;16;2712
12;2025-12-15;17;2957
12;2025-12-15;18;3029
12;2025-12-15;19;2303
12;2025-12-15;20;1513
12;2025-12-15;21;967
12;2025-12-15;22;486
12;2025-12-15;23;268
12;2025-12-16;0;54
12;2025-12-16;1;1
12;2025-12-16;2;0
12;2025-12-16;3;0
12;2025-12-16;4;6
12;2025-12-16;5;315
12;2025-12-16;6;1422
12;2025-12-16;7;2695
12;2025-12-16;8;3564
12;2025-12-16;9;2545
12;2025-12-16;10;2032
12;2025-12-16;11;1922
12;2025-12-16;12;2016
12;2025-12-16;13;2082
12;2025-12-16;14;1958
12;2025-12-16;15;2190
12;2025-12-16;16;2712
12;2025-12-16;17;2957
12;2025-12-16;18;3029
12;2025-12-16;19;2303
12;2025-12-16;20;1513
12;2025-12-16;21;967
12;2025-12-16;22;486
12;2025-12-16;23;268
12;2025-12-17;0;54
12;2025-12-17;1;1
12;2025-12-17;2;0
12;2025-12-17;3;0
12;2025-12-17;4;6
12;2025-12-17;5;315
12;2025-12-17;6;1422
12;2025-12-17;7;2695
12;2025-12-17;8;3564
12;2025-12-17;9;2545
12;2025-12-17;10;2032
12;2025-12-17;11;1922
12;2025-12-17;12;2016
12;2025-12-17;13;2082
12;2025-12-17;14;1958
12;2025-12-17;15;2190
12;2025-12-17;16;2712
12;2025-12-17;17;2957
12;2025-12-17;18;3029
12;2025-12-17;19;2303
12;2025-12-17;20;1513
12;2025-12-17;21;967
12;2025-12-17;22;486
12;2025-12-17;23;268
12;2025-12-18;0;54
12;2025-12-18;1;1
12;2025-12-18;2;0
12;2025-12-18;3;0
12;2025-12-18;4;6
12;2025-12-18;5;315
12;2025-12-18;6;1422
12;2025-12-18;7;2695
12;2025-12-18;8;3564
12;2025-12-18;9;2545
12;2025-12-18;10;2032
12;2025-12-18;11;1922
12;2025-12-18;12;2016
12;2025-12-18;13;2082
12;2025-12-18;14;1958
12;2025-12-18;15;2190
12;2025-12-18;16;2712
12;2025-12-18;17;2957
12;2025-12-18;18;3029
12;2025-12-18;19;2303
12;2025-12-18;20;1513
12;2025-12-18;21;967
12;2025-12-18;22;486
12;2025-12-18;23;268
12;2025-12-19;0;54
12;2025-12-19;1;1
12;2025-12-19;2;0
12;2025-12-19;3;0
12;2025-12-19;4;6
12;2025-12-19;5;315
12;2025-12-19;6;1422
12;2025-12-19;7;2695
12;2025-12-19;8;3564
12;2025-12-19;9;2545
12;2025-12-19;10;2032
12;2025-12-19;11;1922
12;2025-12-19;12;2016
12;2025-12-19;13;2082
12;2025-12-19;14;1958
12;2025-12-19;15;2190
12;2025-12-19;16;2712
12;2025-12-19;17;2957
12;2025-12-19;18;3029
12;2025-12-19;19;2303
12;2025-12-19;20;1513
12;2025-12-19;21;967
12;2025-12-19;22;486
12;2025-12-19;23;268
12;2025-12-20;0;67
12;2025-12-20;1;2
12;2025-12-20;2;0
12;2025-12-20;3;0
12;2025-12-20;4;2
12;2025-12-20;5;223
12;2025-12-20;6;791
12;2025-12-20;7;899
12;2025-12-20;8;1048
12;2025-12-20;9;1248
12;2025-12-20;10;1484
12;2025-12-20;11;1505
12;2025-12-20;12;1545
12;2025-12-20;13;1754
12;2025-12-20;14;1584
12;2025-12-20;15;1556
12;2025-12-20;16;1676
12;2025-12-20;17;1605
12;2025-12-20;18;1594
12;2025-12-20;19;1340
12;2025-12-20;20;942
12;2025-12-20;21;764
12;2025-12-20;22;389
12;2025-12-20;23;292
12;2025-12-21;0;82
12;2025-12-21;1;4
12;2025-12-21;2;0
12;2025-12-21;3;0
12;2025-12-21;4;3
12;2025-12-21;5;131
12;2025-12-21;6;520
12;2025-12-21;7;706
12;2025-12-21;8;721
12;2025-12-21;9;904
12;2025-12-21;10;1142
12;2025-12-21;11;1245
12;2025-12-21;12;1322
12;2025-12-21;13;1550
12;2025-12-21;14;1452
12;2025-12-21;15;1483
12;2025-12-21;16;1486
12;2025-12-21;17;1537
12;2025-12-21;18;1334
12;2025-12-21;19;994
12;2025-12-21;20;774
12;2025-12-21;21;593
12;2025-12-21;22;387
12;2025-12-21;23;195
12;2025-12-22;0;54
12;2025-12-22;1;1
12;2025-12-22;2;0
12;2025-12-22;3;0
12;2025-12-22;4;6
12;2025-12-22;5;315
12;2025-12-22;6;1422
12;2025-12-22;7;2695
12;2025-12-22;8;3564
12;2025-12-22;9;2545
12;2025-12-22;10;2032
12;2025-12-22;11;1922
12;2025-12-22;12;2016
12;2025-12-22;13;2082
12;2025-12-22;14;1958
12;2025-12-22;15;2190
12;2025-12-22;16;2712
12;2025-12-22;17;2957
12;2025-12-22;18;3029
12;2025-12-22;19;2303
12;2025-12-22;20;1513
12;2025-12-22;21;967
12;2025-12-22;22;486
12;2025-12-22;23;268
12;2025-12-23;0;54
12;2025-12-23;1;1
12;2025-12-23;2;0
12;2025-12-23;3;0
12;2025-12-23;4;6
12;2025-12-23;5;315
12;2025-12-23;6;1422
12;2025-12-23;7;2695
12;2025-12-23;8;3564
12;2025-12-23;9;2545
12;2025-12-23;10;2032
12;2025-12-23;11;1922
12;2025-12-23;12;2016
12;2025-12-23;13;2082
12;2025-12-23;14;1958
12;2025-12-23;15;2190
12;2025-12-23;16;2712
12;2025-12-23;17;2957
12;2025-12-23;18;3029
12;2025-12-23;19;2303
12;2025-12-23;20;1513
12;2025-12-23;21;967
12;2025-12-23;22;486
12;2025-12-23;23;268
12;2025-12-24;0;54
12;2025-12-24;1;1
12;2025-12-24;2;0
12;2025-12-24;3;0
12;2025-12-24;4;6
12;2025-12-24;5;315
12;2025-12-24;6;1422
12;2025-12-24;7;2695
12;2025-12-24;8;3564
12;2025-12-24;9;2545
12;2025-12-24;10;2032
12;2025-12-24;11;1922
12;2025-12-24;12;2016
12;2025-12-24;13;2082
12;2025-12-24;14;1958
12;2025-12-24;15;2190
12;2025-12-24;16;2712
12;2025-12-24;17;2957
12;2025-12-24;18;3029
12;2025-12-24;19;2303
12;2025-12-24;20;1513
12;2025-12-24;21;967
12;2025-12-24;22;486
12;2025-12-24;23;268
12;2025-12-25;0;54
12;2025-12-25;1;1
12;2025-12-25;2;0
12;2025-12-25;3;0
12;2025-12-25;4;6
12;2025-12-25;5;315
12;2025-12-25;6;1422
12;2025-12-25;7;2695
12;2025-12-25;8;3564
12;2025-12-25;9;2545
12;2025-12-25;10;2032
12;2025-12-25;11;1922
12;2025-12-25;12;2016
12;2025-12-25;13;2082
12;2025-12-25;14;1958
12;2025-12-25;15;2190
12;2025-12-25;16;2712
12;2025-12-25;17;2957
12;2025-12-25;18;3029
12;2025-12-25;19;2303
12;2025-12-25;20;1513
12;2025-12-25;21;967
12;2025-12-25;22;486
12;2025-12-25;23;268
12;2025-12-26;0;54
12;2025-12-26;1;1
12;2025-12-26;2;0
12;2025-12-26;3;0
12;2025-12-26;4;6
12;2025-12-26;5;315
12;2025-12-26;6;1422
12;2025-12-26;7;2695
12;2025-12-26;8;3564
12;2025-12-26;9;2545
12;2025-12-26;10;2032
12;2025-12-26;11;1922
12;2025-12-26;12;2016
12;2025-12-26;13;2082
12;2025-12-26;14;1958
12;2025-12-26;15;2190
12;2025-12-26;16;2712
12;2025-12-26;17;2957
12;2025-12-26;18;3029
12;2025-12-26;19;2303
12;2025-12-26;20;1513
12;2025-12-26;21;967
12;2025-12-26;22;486
12;2025-12-26;23;268
12;2025-12-27;0;67
12;2025-12-27;1;2
12;2025-12-27;2;0
12;2025-12-27;3;0
12;2025-12-27;4;2
12;2025-12-27;5;223
12;2025-12-27;6;791
12;2025-12-27;7;899
12;2025-12-27;8;1048
12;2025-12-27;9;1248
12;2025-12-27;10;1484
12;2025-12-27;11;1505
12;2025-12-27;12;1545
12;2025-12-27;13;1754
12;2025-12-27;14;1584
12;2025-12-27;15;1556
12;2025-12-27;16;1676
12;2025-12-27;17;1605
12;2025-12-27;18;1594
12;2025-12-27;19;1340
12;2025-12-27;20;942
12;2025-12-27;21;764
12;2025-12-27;22;389
12;2025-12-27;23;292
12;2025-12-28;0;82
12;2025-12-28;1;4
12;2025-12-28;2;0
12;2025-12-28;3;0
12;2025-12-28;4;3
12;2025-12-28;5;131
12;2025-12-28;6;520
12;2025-12-28;7;706
12;2025-12-28;8;721
12;2025-12-28;9;904
12;2025-12-28;10;1142
12;2025-12-28;11;1245
12;2025-12-28;12;1322
12;2025-12-28;13;1550
12;2025-12-28;14;1452
12;2025-12-28;15;1483
12;2025-12-28;16;1486
12;2025-12-28;17;1537
12;2025-12-28;18;1334
12;2025-12-28;19;994
12;2025-12-28;20;774
12;2025-12-28;21;593
12;2025-12-28;22;387
12;2025-12-28;23;195
12;2025-12-29;0;54
12;2025-12-29;1;1
12;2025-12-29;2;0
12;2025-12-29;3;0
12;2025-12-29;4;6
12;2025-12-29;5;315
12;2025-12-29;6;1422
12;2025-12-29;7;2695
12;2025-12-29;8;3564
12;2025-12-29;9;2545
12;2025-12-29;10;2032
12;2025-12-29;11;1922
12;2025-12-29;12;2016
12;2025-12-29;13;2082
12;2025-12-29;14;1958
12;2025-12-29;15;2190
12;2025-12-29;16;2712
12;2025-12-29;17;2957
12;2025-12-29;18;3029
12;2025-12-29;19;2303
12;2025-12-29;20;1513
12;2025-12-29;21;967
12;2025-12-29;22;486
12;2025-12-29;23;268
12;2025-12-30;0;54
12;2025-12-30;1;1
12;2025-12-30;2;0
12;2025-12-30;3;0
12;2025-12-30;4;6
12;2025-12-30;5;315
12;2025-12-30;6;1422
12;2025-12-30;7;2695
12;2025-12-30;8;3564
12;2025-12-30;9;2545
12;2025-12-30;10;2032
12;2025-12-30;11;1922
12;2025-12-30;12;2016
12;2025-12-30;13;2082
12;2025-12-30;14;1958
12;2025-12-30;15;2190
12;2025-12-30;16;2712
12;2025-12-30;17;2957
12;2025-12-30;18;3029
12;2025-12-30;19;2303
12;2025-12-30;20;1513
12;2025-12-30;21;967
12;2025-12-30;22;486
12;2025-12-30;23;268
12;2025-12-31;0;82
12;2025-12-31;1;4
12;2025-12-31;2;0
12;2025-12-31;3;0
12;2025-12-31;4;3
12;2025-12-31;5;131
12;2025-12-31;6;520
12;2025-12-31;7;706
12;2025-12-31;8;721
12;2025-12-31;9;904
12;2025-12-31;10;1142
12;2025-12-31;11;1245
12;2025-12-31;12;1322
12;2025-12-31;13;1550
12;2025-12-31;14;1452
12;2025-12-31;15;1483
12;2025-12-31;16;1486
12;2025-12-31;17;1537
12;2025-12-31;18;1334
12;2025-12-31;19;994
12;2025-12-31;20;774
12;2025-12-31;21;593
12;2025-12-31;22;387
12;2025-12-31;23;195
17;2025-11-01;0;125
17;2025-11-01;1;13
17;2025-11-01;2;0
17;2025-11-01;3;0
17;2025-11-01;4;25
17;2025-11-01;5;311
17;2025-11-01;6;1542
17;2025-11-01;7;4203
17;2025-11-01;8;5393
17;2025-11-01;9;3868
17;2025-11-01;10;3036
17;2025-11-01;11;3025
17;2025-11-01;12;3038
17;2025-11-01;13;3101
17;2025-11-01;14;3204
17;2025-11-01;15;3304
17;2025-11-01;16;3798
17;2025-11-01;17;4562
17;2025-11-01;18;4659
17;2025-11-01;19;3203
17;2025-11-01;20;2296
17;2025-11-01;21;1462
17;2025-11-01;22;703
17;2025-11-01;23;385
17;2025-11-02;0;188
17;2025-11-02;1;24
17;2025-11-02;2;0
17;2025-11-02;3;0
17;2025-11-02;4;3
17;2025-11-02;5;107
17;2025-11-02;6;442
17;2025-11-02;7;858
17;2025-11-02;8;1249
17;2025-11-02;9;1710
17;2025-11-02;10;2018
17;2025-11-02;11;2595
17;2025-11-02;12;2945
17;2025-11-02;13;3197
17;2025-11-02;14;3334
17;2025-11-02;15;3264
17;2025-11-02;16;3174
17;2025-11-02;17;3013
17;2025-11-02;18;2598
17;2025-11-02;19;2079
17;2025-11-02;20;1532
17;2025-11-02;21;1132
17;2025-11-02;22;693
17;2025-11-02;23;318
17;2025-11-03;0;188
17;2025-11-03;1;24
17;2025-11-03;2;0
17;2025-11-03;3;0
17;2025-11-03;4;3
17;2025-11-03;5;107
17;2025-11-03;6;442
17;2025-11-03;7;858
17;2025-11-03;8;1249
17;2025-11-03;9;1710
17;2025-11-03;10;2018
17;2025-11-03;11;2595
17;2025-11-03;12;2945
17;2025-11-03;13;3197
17;2025-11-03;14;3334
17;2025-11-03;15;3264
17;2025-11-03;16;3174
17;2025-11-03;17;3013
17;2025-11-03;18;2598
17;2025-11-03;19;2079
17;2025-11-03;20;1532
17;2025-11-03;21;1132
17;2025-11-03;22;693
17;2025-11-03;23;318
17;2025-11-04;0;188
17;2025-11-04;1;24
17;2025-11-04;2;0
17;2025-11-04;3;0
17;2025-11-04;4;3
17;2025-11-04;5;107
17;2025-11-04;6;442
17;2025-11-04;7;858
17;2025-11-04;8;1249
17;2025-11-04;9;1710
17;2025-11-04;10;2018
17;2025-11-04;11;2595
17;2025-11-04;12;2945
17;2025-11-04;13;3197
17;2025-11-04;14;3334
17;2025-11-04;15;3264
17;2025-11-04;16;3174
17;2025-11-04;17;3013
17;2025-11-04;18;2598
17;2025-11-04;19;2079
17;2025-11-04;20;1532
17;2025-11-04;21;1132
17;2025-11-04;22;693
17;2025-11-04;23;318
17;2025-11-05;0;125
17;2025-11-05;1;13
17;2025-11-05;2;0
17;2025-11-05;3;0
17;2025-11-05;4;25
17;2025-11-05;5;311
17;2025-11-05;6;1542
17;2025-11-05;7;4203
17;2025-11-05;8;5393
17;2025-11-05;9;3868
17;2025-11-05;10;3036
17;2025-11-05;11;3025
17;2025-11-05;12;3038
17;2025-11-05;13;3101
17;2025-11-05;14;3204
17;2025-11-05;15;3304
17;2025-11-05;16;3798
17;2025-11-05;17;4562
17;2025-11-05;18;4659
17;2025-11-05;19;3203
17;2025-11-05;20;2296
17;2025-11-05;21;1462
17;2025-11-05;22;703
17;2025-11-05;23;385
17;2025-11-06;0;125
17;2025-11-06;1;13
17;2025-11-06;2;0
17;2025-11-06;3;0
17;2025-11-06;4;25
17;2025-11-06;5;311
17;2025-11-06;6;1542
17;2025-11-06;7;4203
17;2025-11-06;8;5393
17;2025-11-06;9;3868
17;2025-11-06;10;3036
17;2025-11-06;11;3025
17;2025-11-06;12;3038
17;2025-11-06;13;3101
17;2025-11-06;14;3204
17;2025-11-06;15;3304
17;2025-11-06;16;3798
17;2025-11-06;17;4562
17;2025-11-06;18;4659
17;2025-11-06;19;3203
17;2025-11-06;20;2296
17;2025-11-06;21;1462
17;2025-11-06;22;703
17;2025-11-06;23;385
17;2025-11-07;0;125
17;2025-11-07;1;13
17;2025-11-07;2;0
17;2025-11-07;3;0
17;2025-11-07;4;25
17;2025-11-07;5;311
17;2025-11-07;6;1542
17;2025-11-07;7;4203
17;2025-11-07;8;5393
17;2025-11-07;9;3868
17;2025-11-07;10;3036
17;2025-11-07;11;3025
17;2025-11-07;12;3038
17;2025-11-07;13;3101
17;2025-11-07;14;3204
17;2025-11-07;15;3304
17;2025-11-07;16;3798
17;2025-11-07;17;4562
17;2025-11-07;18;4659
17;2025-11-07;19;3203
17;2025-11-07;20;2296
17;2025-11-07;21;1462
17;2025-11-07;22;703
17;2025-11-07;23;385
17;2025-11-08;0;204
17;2025-11-08;1;28
17;2025-11-08;2;0
17;2025-11-08;3;0
17;2025-11-08;4;6
17;2025-11-08;5;137
17;2025-11-08;6;585
17;2025-11-08;7;1274
17;2025-11-08;8;1808
17;2025-11-08;9;2299
17;2025-11-08;10;2570
17;2025-11-08;11;3064
17;2025-11-08;12;3393
17;2025-11-08;13;3660
17;2025-11-08;14;3676
17;2025-11-08;15;3668
17;2025-11-08;16;3684
17;2025-11-08;17;3393
17;2025-11-08;18;3004
17;2025-11-08;19;2374
17;2025-11-08;20;1870
17;2025-11-08;21;1341
17;2025-11-08;22;808
17;2025-11-08;23;453
17;2025-11-09;0;188
17;2025-11-09;1;24
17;2025-11-09;2;0
17;2025-11-09;3;0
17;2025-11-09;4;3
17;2025-11-09;5;107
17;2025-11-09;6;442
17;2025-11-09;7;858
17;2025-11-09;8;1249
17;2025-11-09;9;1710
17;2025-11-09;10;2018
17;2025-11-09;11;2595
17;2025-11-09;12;2945
17;2025-11-09;13;3197
17;2025-11-09;14;3334
17;2025-11-09;15;3264
17;2025-11-09;16;3174
17;2025-11-09;17;3013
17;2025-11-09;18;2598
17;2025-11-09;19;2079
17;2025-11-09;20;1532
17;2025-11-09;21;1132
17;2025-11-09;22;693
17;2025-11-09;23;318
17;2025-11-10;0;125
17;2025-11-10;1;13
17;2025-11-10;2;0
17;2025-11-10;3;0
17;2025-11-10;4;25
17;2025-11-10;5;311
17;2025-11-10;6;1542
17;2025-11-10;7;4203
17;2025-11-10;8;5393
17;2025-11-10;9;3868
17;2025-11-10;10;3036
17;2025-11-10;11;3025
17;2025-11-10;12;3038
17;2025-11-10;13;3101
17;2025-11-10;14;3204
17;2025-11-10;15;3304
17;2025-11-10;16;3798
17;2025-11-10;17;4562
17;2025-11-10;18;4659
17;2025-11-10;19;3203
17;2025-11-10;20;2296
17;2025-11-10;21;1462
17;2025-11-10;22;703
17;2025-11-10;23;385
17;2025-11-11;0;125
17;2025-11-11;1;13
17;2025-11-11;2;0
17;2025-11-11;3;0
17;2025-11-11;4;25
17;2025-11-11;5;311
17;2025-11-11;6;1542
17;2025-11-11;7;4203
17;2025-11-11;8;5393
17;2025-11-11;9;3868
17;2025-11-11;10;3036
17;2025-11-11;11;3025
17;2025-11-11;12;3038
17;2025-11-11;13;3101
17;2025-11-11;14;3204
17;2025-11-11;15;3304
17;2025-11-11;16;3798
17;2025-11-11;17;4562
17;2025-11-11;18;4659
17;2025-11-11;19;3203
17;2025-11-11;20;2296
17;2025-11-11;21;1462
17;2025-11-11;22;703
17;2025-11-11;23;385
17;2025-11-12;0;125
17;2025-11-12;1;13
17;2025-11-12;2;0
17;2025-11-12;3;0
17;2025-11-12;4;25
17;2025-11-12;5;311
17;2025-11-12;6;1542
17;2025-11-12;7;4203
17;2025-11-12;8;5393
17;2025-11-12;9;3868
17;2025-11-12;10;3036
17;2025-11-12;11;3025
17;2025-11-12;12;3038
17;2025-11-12;13;3101
17;2025-11-12;14;3204
17;2025-11-12;15;3304
17;2025-11-12;16;3798
17;2025-11-12;17;4562
17;2025-11-12;18;4659
17;2025-11-12;19;3203
17;2025-11-12;20;2296
17;2025-11-12;21;1462
17;2025-11-12;22;703
17;2025-11-12;23;385
17;2025-11-13;0;125
17;2025-11-13;1;13
17;2025-11-13;2;0
17;2025-11-13;3;0
17;2025-11-13;4;25
17;2025-11-13;5;311
17;2025-11-13;6;1542
17;2025-11-13;7;4203
17;2025-11-13;8;5393
17;2025-11-13;9;3868
17;2025-11-13;10;3036
17;2025-11-13;11;3025
17;2025-11-13;12;3038
17;2025-11-13;13;3101
17;2025-11-13;14;3204
17;2025-11-13;15;3304
17;2025-11-13;16;3798
17;2025-11-13;17;4562
17;2025-11-13;18;4659
17;2025-11-13;19;3203
17;2025-11-13;20;2296
17;2025-11-13;21;1462
17;2025-11-13;22;703
17;2025-11-13;23;385
17;2025-11-14;0;125
17;2025-11-14;1;13
17;2025-11-14;2;0
17;2025-11-14;3;0
17;2025-11-14;4;25
17;2025-11-14;5;311
17;2025-11-14;6;1542
17;2025-11-14;7;4203
17;2025-11-14;8;5393
17;2025-11-14;9;3868
17;2025-11-14;10;3036
17;2025-11-14;11;3025
17;2025-11-14;12;3038
17;2025-11-14;13;3101
17;2025-11-14;14;3204
17;2025-11-14;15;3304
17;2025-11-14;16;3798
17;2025-11-14;17;4562
17;2025-11-14;18;4659
17;2025-11-14;19;3203
17;2025-11-14;20;2296
17;2025-11-14;21;1462
17;2025-11-14;22;703
17;2025-11-14;23;385
17;2025-11-15;0;204
17;2025-11-15;1;28
17;2025-11-15;2;0
17;2025-11-15;3;0
17;2025-11-15;4;6
17;2025-11-15;5;137
17;2025-11-15;6;585
17;2025-11-15;7;1274
17;2025-11-15;8;1808
17;2025-11-15;9;2299
17;2025-11-15;10;2570
17;2025-11-15;11;3064
17;2025-11-15;12;3393
17;2025-11-15;13;3660
17;2025-11-15;14;3676
17;2025-11-15;15;3668
17;2025-11-15;16;3684
17;2025-11-15;17;3393
17;2025-11-15;18;3004
17;2025-11-15;19;2374
17;2025-11-15;20;1870
17;2025-11-15;21;1341
17;2025-11-15;22;808
17;2025-11-15;23;453
17;2025-11-16;0;188
17;2025-11-16;1;24
17;2025-11-16;2;0
17;2025-11-16;3;0
17;2025-11-16;4;3
17;2025-11-16;5;107
17;2025-11-16;6;442
17;2025-11-16;7;858
17;2025-11-16;8;1249
17;2025-11-16;9;1710
17;2025-11-16;10;2018
17;2025-11-16;11;2595
17;2025-11-16;12;2945
17;2025-11-16;13;3197
17;2025-11-16;14;3334
17;2025-11-16;15;3264
17;2025-11-16;16;3174
17;2025-11-16;17;3013
17;2025-11-16;18;2598
17;2025-11-16;19;2079
17;2025-11-16;20;1532
17;2025-11-16;21;1132
17;2025-11-16;22;693
17;2025-11-16;23;318
17;2025-11-17;0;125
17;2025-11-17;1;13
17;2025-11-17;2;0
17;2025-11-17;3;0
17;2025-11-17;4;25
17;2025-11-17;5;311
17;2025-11-17;6;1542
17;2025-11-17;7;4203
17;2025-11-17;8;5393
17;2025-11-17;9;3868
17;2025-11-17;10;3036
17;2025-11-17;11;3025
17;2025-11-17;12;3038
17;2025-11-17;13;3101
17;2025-11-17;14;3204
17;2025-11-17;15;3304
17;2025-11-17;16;3798
17;2025-11-17;17;4562
17;2025-11-17;18;4659
17;2025-11-17;19;3203
17;2025-11-17;20;2296
17;2025-11-17;21;1462
17;2025-11-17;22;703
17;2025-11-17;23;385
17;2025-11-18;0;125
17;2025-11-18;1;13
17;2025-11-18;2;0
17;2025-11-18;3;0
17;2025-11-18;4;25
17;2025-11-18;5;311
17;2025-11-18;6;1542
17;2025-11-18;7;4203
17;2025-11-18;8;5393
17;2025-11-18;9;3868
17;2025-11-18;10;3036
17;2025-11-18;11;3025
17;2025-11-18;12;3038
17;2025-11-18;13;3101
17;2025-11-18;14;3204
17;2025-11-18;15;3304
17;2025-11-18;16;3798
17;2025-11-18;17;4562
17;2025-11-18;18;4659
17;2025-11-18;19;3203
17;2025-11-18;20;2296
17;2025-11-18;21;1462
17;2025-11-18;22;703
17;2025-11-18;23;385
17;2025-11-19;0;125
17;2025-11-19;1;13
17;2025-11-19;2;0
17;2025-11-19;3;0
17;2025-11-19;4;25
17;2025-11-19;5;311
17;2025-11-19;6;1542
17;2025-11-19;7;4203
17;2025-11-19;8;5393
17;2025-11-19;9;3868
17;2025-11-19;10;3036
17;2025-11-19;11;3025
17;2025-11-19;12;3038
17;2025-11-19;13;3101
17;2025-11-19;14;3204
17;2025-11-19;15;3304
17;2025-11-19;16;3798
17;2025-11-19;17;4562
17;2025-11-19;18;4659
17;2025-11-19;19;3203
17;2025-11-19;20;2296
17;2025-11-19;21;1462
17;2025-11-19;22;703
17;2025-11-19;23;385
17;2025-11-20;0;125
17;2025-11-20;1;13
17;2025-11-20;2;0
17;2025-11-20;3;0
17;2025-11-20;4;25
17;2025-11-20;5;311
17;2025-11-20;6;1542
17;2025-11-20;7;4203
17;2025-11-20;8;5393
17;2025-11-20;9;3868
17;2025-11-20;10;3036
17;2025-11-20;11;3025
17;2025-11-20;12;3038
17;2025-11-20;13;3101
17;2025-11-20;14;3204
17;2025-11-20;15;3304
17;2025-11-20;16;3798
17;2025-11-20;17;4562
17;2025-11-20;18;4659
17;2025-11-20;19;3203
17;2025-11-20;20;2296
17;2025-11-20;21;1462
17;2025-11-20;22;703
17;2025-11-20;23;385
17;2025-11-21;0;125
17;2025-11-21;1;13
17;2025-11-21;2;0
17;2025-11-21;3;0
17;2025-11-21;4;25
17;2025-11-21;5;311
17;2025-11-21;6;1542
17;2025-11-21;7;4203
17;2025-11-21;8;5393
17;2025-11-21;9;3868
17;2025-11-21;10;3036
17;2025-11-21;11;3025
17;2025-11-21;12;3038
17;2025-11-21;13;3101
17;2025-11-21;14;3204
17;2025-11-21;15;3304
17;2025-11-21;16;3798
17;2025-11-21;17;4562
17;2025-11-21;18;4659
17;2025-11-21;19;3203
17;2025-11-21;20;2296
17;2025-11-21;21;1462
17;2025-11-21;22;703
17;2025-11-21;23;385
17;2025-11-22;0;204
17;2025-11-22;1;28
17;2025-11-22;2;0
17;2025-11-22;3;0
17;2025-11-22;4;6
17;2025-11-22;5;137
17;2025-11-22;6;585
17;2025-11-22;7;1274
17;2025-11-22;8;1808
17;2025-11-22;9;2299
17;2025-11-22;10;2570
17;2025-11-22;11;3064
17;2025-11-22;12;3393
17;2025-11-22;13;3660
17;2025-11-22;14;3676
17;2025-11-22;15;3668
17;2025-11-22;16;3684
17;2025-11-22;17;3393
17;2025-11-22;18;3004
17;2025-11-22;19;2374
17;2025-11-22;20;1870
17;2025-11-22;21;1341
17;2025-11-22;22;808
17;2025-11-22;23;453
17;2025-11-23;0;188
17;2025-11-23;1;24
17;2025-11-23;2;0
17;2025-11-23;3;0
17;2025-11-23;4;3
17;2025-11-23;5;107
17;2025-11-23;6;442
17;2025-11-23;7;858
17;2025-11-23;8;1249
17;2025-11-23;9;1710
17;2025-11-23;10;2018
17;2025-11-23;11;2595
17;2025-11-23;12;2945
17;2025-11-23;13;3197
17;2025-11-23;14;3334
17;2025-11-23;15;3264
17;2025-11-23;16;3174
17;2025-11-23;17;3013
17;2025-11-23;18;2598
17;2025-11-23;19;2079
17;2025-11-23;20;1532
17;2025-11-23;21;1132
17;2025-11-23;22;693
17;2025-11-23;23;318
17;2025-11-24;0;125
17;2025-11-24;1;13
17;2025-11-24;2;0
17;2025-11-24;3;0
17;2025-11-24;4;25
17;2025-11-24;5;311
17;2025-11-24;6;1542
17;2025-11-24;7;4203
17;2025-11-24;8;5393
17;2025-11-24;9;3868
17;2025-11-24;10;3036
17;2025-11-24;11;3025
17;2025-11-24;12;3038
17;2025-11-24;13;3101
17;2025-11-24;14;3204
17;2025-11-24;15;3304
17;2025-11-24;16;3798
17;2025-11-24;17;4562
17;2025-11-24;18;4659
17;2025-11-24;19;3203
17;2025-11-24;20;2296
17;2025-11-24;21;1462
17;2025-11-24;22;703
17;2025-11-24;23;385
17;2025-11-25;0;125
17;2025-11-25;1;13
17;2025-11-25;2;0
17;2025-11-25;3;0
17;2025-11-25;4;25
17;2025-11-25;5;311
17;2025-11-25;6;1542
17;2025-11-25;7;4203
17;2025-11-25;8;5393
17;2025-11-25;9;3868
17;2025-11-25;10;3036
17;2025-11-25;11;3025
17;2025-11-25;12;3038
17;2025-11-25;13;3101
17;2025-11-25;14;3204
17;2025-11-25;15;3304
17;2025-11-25;16;3798
17;2025-11-25;17;4562
17;2025-11-25;18;4659
17;2025-11-25;19;3203
17;2025-11-25;20;2296
17;2025-11-25;21;1462
17;2025-11-25;22;703
17;2025-11-25;23;385
17;2025-11-26;0;125
17;2025-11-26;1;13
17;2025-11-26;2;0
17;2025-11-26;3;0
17;2025-11-26;4;25
17;2025-11-26;5;311
17;2025-11-26;6;1542
17;2025-11-26;7;4203
17;2025-11-26;8;5393
17;2025-11-26;9;3868
17;2025-11-26;10;3036
17;2025-11-26;11;3025
17;2025-11-26;12;3038
17;2025-11-26;13;3101
17;2025-11-26;14;3204
17;2025-11-26;15;3304
17;2025-11-26;16;3798
17;2025-11-26;17;4562
17;2025-11-26;18;4659
17;2025-11-26;19;3203
17;2025-11-26;20;2296
17;2025-11-26;21;1462
17;2025-11-26;22;703
17;2025-11-26;23;385
17;2025-11-27;0;125
17;2025-11-27;1;13
17;2025-11-27;2;0
17;2025-11-27;3;0
17;2025-11-27;4;25
17;2025-11-27;5;311
17;2025-11-27;6;1542
17;2025-11-27;7;4203
17;2025-11-27;8;5393
17;2025-11-27;9;3868
17;2025-11-27;10;3036
17;2025-11-27;11;3025
17;2025-11-27;12;3038
17;2025-11-27;13;3101
17;2025-11-27;14;3204
17;2025-11-27;15;3304
17;2025-11-27;16;3798
17;2025-11-27;17;4562
17;2025-11-27;18;4659
17;2025-11-27;19;3203
17;2025-11-27;20;2296
17;2025-11-27;21;1462
17;2025-11-27;22;703
17;2025-11-27;23;385
17;2025-11-28;0;125
17;2025-11-28;1;13
17;2025-11-28;2;0
17;2025-11-28;3;0
17;2025-11-28;4;25
17;2025-11-28;5;311
17;2025-11-28;6;1542
17;2025-11-28;7;4203
17;2025-11-28;8;5393
17;2025-11-28;9;3868
17;2025-11-28;10;3036
17;2025-11-28;11;3025
17;2025-11-28;12;3038
17;2025-11-28;13;3101
17;2025-11-28;14;3204
17;2025-11-28;15;3304
17;2025-11-28;16;3798
17;2025-11-28;17;4562
17;2025-11-28;18;4659
17;2025-11-28;19;3203
17;2025-11-28;20;2296
17;2025-11-28;21;1462
17;2025-11-28;22;703
17;2025-11-28;23;385
17;2025-11-29;0;204
17;2025-11-29;1;28
17;2025-11-29;2;0
17;2025-11-29;3;0
17;2025-11-29;4;6
17;2025-11-29;5;137
17;2025-11-29;6;585
17;2025-11-29;7;1274
17;2025-11-29;8;1808
17;2025-11-29;9;2299
17;2025-11-29;10;2570
17;2025-11-29;11;3064
17;2025-11-29;12;3393
17;2025-11-29;13;3660
17;2025-11-29;14;3676
17;2025-11-29;15;3668
17;2025-11-29;16;3684
17;2025-11-29;17;3393
17;2025-11-29;18;3004
17;2025-11-29;19;2374
17;2025-11-29;20;1870
17;2025-11-29;21;1341
17;2025-11-29;22;808
17;2025-11-29;23;453
17;2025-11-30;0;188
17;2025-11-30;1;24
17;2025-11-30;2;0
17;2025-11-30;3;0
17;2025-11-30;4;3
17;2025-11-30;5;107
17;2025-11-30;6;442
17;2025-11-30;7;858
17;2025-11-30;8;1249
17;2025-11-30;9;1710
17;2025-11-30;10;2018
17;2025-11-30;11;2595
17;2025-11-30;12;2945
17;2025-11-30;13;3197
17;2025-11-30;14;3334
17;2025-11-30;15;3264
17;2025-11-30;16;3174
17;2025-11-30;17;3013
17;2025-11-30;18;2598
17;2025-11-30;19;2079
17;2025-11-30;20;1532
17;2025-11-30;21;1132
17;2025-11-30;22;693
17;2025-11-30;23;318
17;2025-12-01;0;125
17;2025-12-01;1;13
17;2025-12-01;2;0
17;2025-12-01;3;0
17;2025-12-01;4;25
17;2025-12-01;5;311
17;2025-12-01;6;1542
17;2025-12-01;7;4203
17;2025-12-01;8;5393
17;2025-12-01;9;3868
17;2025-12-01;10;3036
17;2025-12-01;11;3025
17;2025-12-01;12;3038
17;2025-12-01;13;3101
17;2025-12-01;14;3204
17;2025-12-01;15;3304
17;2025-12-01;16;3798
17;2025-12-01;17;4562
17;2025-12-01;18;4659
17;2025-12-01;19;3203
17;2025-12-01;20;2296
17;2025-12-01;21;1462
17;2025-12-01;22;703
17;2025-12-01;23;385
17;2025-12-02;0;125
17;2025-12-02;1;13
17;2025-12-02;2;0
17;2025-12-02;3;0
17;2025-12-02;4;25
17;2025-12-02;5;311
17;2025-12-02;6;1542
17;2025-12-02;7;4203
17;2025-12-02;8;5393
17;2025-12-02;9;3868
17;2025-12-02;10;3036
17;2025-12-02;11;3025
17;2025-12-02;12;3038
17;2025-12-02;13;3101
17;2025-12-02;14;3204
17;2025-12-02;15;3304
17;2025-12-02;16;3798
17;2025-12-02;17;4562
17;2025-12-02;18;4659
17;2025-12-02;19;3203
17;2025-12-02;20;2296
17;2025-12-02;21;1462
17;2025-12-02;22;703
17;2025-12-02;23;385
17;2025-12-03;0;125
17;2025-12-03;1;13
17;2025-12-03;2;0
17;2025-12-03;3;0
17;2025-12-03;4;25
17;2025-12-03;5;311
17;2025-12-03;6;1542
17;2025-12-03;7;4203
17;2025-12-03;8;5393
17;2025-12-03;9;3868
17;2025-12-03;10;3036
17;2025-12-03;11;3025
17;2025-12-03;12;3038
17;2025-12-03;13;3101
17;2025-12-03;14;3204
17;2025-12-03;15;3304
17;2025-12-03;16;3798
17;2025-12-03;17;4562
17;2025-12-03;18;4659
17;2025-12-03;19;3203
17;2025-12-03;20;2296
17;2025-12-03;21;1462
17;2025-12-03;22;703
17;2025-12-03;23;385
17;2025-12-04;0;125
17;2025-12-04;1;13
17;2025-12-04;2;0
17;2025-12-04;3;0
17;2025-12-04;4;25
17;2025-12-04;5;311
17;2025-12-04;6;1542
17;2025-12-04;7;4203
17;2025-12-04;8;5393
17;2025-12-04;9;3868
17;2025-12-04;10;3036
17;2025-12-04;11;3025
17;2025-12-04;12;3038
17;2025-12-04;13;3101
17;2025-12-04;14;3204
17;2025-12-04;15;3304
17;2025-12-04;16;3798
17;2025-12-04;17;4562
17;2025-12-04;18;4659
17;2025-12-04;19;3203
17;2025-12-04;20;2296
17;2025-12-04;21;1462
17;2025-12-04;22;703
17;2025-12-04;23;385
17;2025-12-05;0;125
17;2025-12-05;1;13
17;2025-12-05;2;0
17;2025-12-05;3;0
17;2025-12-05;4;25
17;2025-12-05;5;311
17;2025-12-05;6;1542
17;2025-12-05;7;4203
17;2025-12-05;8;5393
17;2025-12-05;9;3868
17;2025-12-05;10;3036
17;2025-12-05;11;3025
17;2025-12-05;12;3038
17;2025-12-05;13;3101
17;2025-12-05;14;3204
17;2025-12-05;15;3304
17;2025-12-05;16;3798
17;2025-12-05;17;4562
17;2025-12-05;18;4659
17;2025-12-05;19;3203
17;2025-12-05;20;2296
17;2025-12-05;21;1462
17;2025-12-05;22;703
17;2025-12-05;23;385
17;2025-12-06;0;204
17;2025-12-06;1;28
17;2025-12-06;2;0
17;2025-12-06;3;0
17;2025-12-06;4;6
17;2025-12-06;5;137
17;2025-12-06;6;585
17;2025-12-06;7;1274
17;2025-12-06;8;1808
17;2025-12-06;9;2299
17;2025-12-06;10;2570
17;2025-12-06;11;3064
17;2025-12-06;12;3393
17;2025-12-06;13;3660
17;2025-12-06;14;3676
17;2025-12-06;15;3668
17;2025-12-06;16;3684
17;2025-12-06;17;3393
17;2025-12-06;18;3004
17;2025-12-06;19;2374
17;2025-12-06;20;1870
17;2025-12-06;21;1341
17;2025-12-06;22;808
17;2025-12-06;23;453
17;2025-12-07;0;188
17;2025-12-07;1;24
17;2025-12-07;2;0
17;2025-12-07;3;0
17;2025-12-07;4;3
17;2025-12-07;5;107
17;2025-12-07;6;442
17;2025-12-07;7;858
17;2025-12-07;8;1249
17;2025-12-07;9;1710
17;2025-12-07;10;2018
17;2025-12-07;11;2595
17;2025-12-07;12;2945
17;2025-12-07;13;3197
17;2025-12-07;14;3334
17;2025-12-07;15;3264
17;2025-12-07;16;3174
17;2025-12-07;17;3013
17;2025-12-07;18;2598
17;2025-12-07;19;2079
17;2025-12-07;20;1532
17;2025-12-07;21;1132
17;2025-12-07;22;693
17;2025-12-07;23;318
17;2025-12-08;0;125
17;2025-12-08;1;13
17;2025-12-08;2;0
17;2025-12-08;3;0
17;2025-12-08;4;25
17;2025-12-08;5;311
17;2025-12-08;6;1542
17;2025-12-08;7;4203
17;2025-12-08;8;5393
17;2025-12-08;9;3868
17;2025-12-08;10;3036
17;2025-12-08;11;3025
17;2025-12-08;12;3038
17;2025-12-08;13;3101
17;2025-12-08;14;3204
17;2025-12-08;15;3304
17;2025-12-08;16;3798
17;2025-12-08;17;4562
17;2025-12-08;18;4659
17;2025-12-08;19;3203
17;2025-12-08;20;2296
17;2025-12-08;21;1462
17;2025-12-08;22;703
17;2025-12-08;23;385
17;2025-12-09;0;125
17;2025-12-09;1;13
17;2025-12-09;2;0
17;2025-12-09;3;0
17;2025-12-09;4;25
17;2025-12-09;5;311
17;2025-12-09;6;1542
17;2025-12-09;7;4203
17;2025-12-09;8;5393
17;2025-12-09;9;3868
17;2025-12-09;10;3036
17;2025-12-09;11;3025
17;2025-12-09;12;3038
17;2025-12-09;13;3101
17;2025-12-09;14;3204
17;2025-12-09;15;3304
17;2025-12-09;16;3798
17;2025-12-09;17;4562
17;2025-12-09;18;4659
17;2025-12-09;19;3203
17;2025-12-09;20;2296
17;2025-12-09;21;1462
17;2025-12-09;22;703
17;2025-12-09;23;385
17;2025-12-10;0;125
17;2025-12-10;1;13
17;2025-12-10;2;0
17;2025-12-10;3;0
17;2025-12-10;4;25
17;2025-12-10;5;311
17;2025-12-10;6;1542
17;2025-12-10;7;4203
17;2025-12-10;8;5393
17;2025-12-10;9;3868
17;2025-12-10;10;3036
17;2025-12-10;11;3025
17;2025-12-10;12;3038
17;2025-12-10;13;3101
17;2025-12-10;14;3204
17;2025-12-10;15;3304
17;2025-12-10;16;3798
17;2025-12-10;17;4562
17;2025-12-10;18;4659
17;2025-12-10;19;3203
17;2025-12-10;20;2296
17;2025-12-10;21;1462
17;2025-12-10;22;703
17;2025-12-10;23;385
17;2025-12-11;0;125
17;2025-12-11;1;13
17;2025-12-11;2;0
17;2025-12-11;3;0
17;2025-12-11;4;25
17;2025-12-11;5;311
17;2025-12-11;6;1542
17;2025-12-11;7;4203
17;2025-12-11;8;5393
17;2025-12-11;9;3868
17;2025-12-11;10;3036
17;2025-12-11;11;3025
17;2025-12-11;12;3038
17;2025-12-11;13;3101
17;2025-12-11;14;3204
17;2025-12-11;15;3304
17;2025-12-11;16;3798
17;2025-12-11;17;4562
17;2025-12-11;18;4659
17;2025-12-11;19;3203
17;2025-12-11;20;2296
17;2025-12-11;21;1462
17;2025-12-11;22;703
17;2025-12-11;23;385
17;2025-12-12;0;125
17;2025-12-12;1;13
17;2025-12-12;2;0
17;2025-12-12;3;0
17;2025-12-12;4;25
17;2025-12-12;5;311
17;2025-12-12;6;1542
17;2025-12-12;7;4203
17;2025-12-12;8;5393
17;2025-12-12;9;3868
17;2025-12-12;10;3036
17;2025-12-12;11;3025
17;2025-12-12;12;3038
17;2025-12-12;13;3101
17;2025-12-12;14;3204
17;2025-12-12;15;3304
17;2025-12-12;16;3798
17;2025-12-12;17;4562
17;2025-12-12;18;4659
17;2025-12-12;19;3203
17;2025-12-12;20;2296
17;2025-12-12;21;1462
17;2025-12-12;22;703
17;2025-12-12;23;385
17;2025-12-13;0;204
17;2025-12-13;1;28
17;2025-12-13;2;0
17;2025-12-13;3;0
17;2025-12-13;4;6
17;2025-12-13;5;137
17;2025-12-13;6;585
17;2025-12-13;7;1274
17;2025-12-13;8;1808
17;2025-12-13;9;2299
17;2025-12-13;10;2570
17;2025-12-13;11;3064
17;2025-12-13;12;3393
17;2025-12-13;13;3660
17;2025-12-13;14;3676
17;2025-12-13;15;3668
17;2025-12-13;16;3684
17;2025-12-13;17;3393
17;2025-12-13;18;3004
17;2025-12-13;19;2374
17;2025-12-13;20;1870
17;2025-12-13;21;1341
17;2025-12-13;22;808
17;2025-12-13;23;453
17;2025-12-14;0;188
17;2025-12-14;1;24
17;2025-12-14;2;0
17;2025-12-14;3;0
17;2025-12-14;4;3
17;2025-12-14;5;107
17;2025-12-14;6;442
17;2025-12-14;7;858
17;2025-12-14;8;1249
17;2025-12-14;9;1710
17;2025-12-14;10;2018
17;2025-12-14;11;2595
17;2025-12-14;12;2945
17;2025-12-14;13;3197
17;2025-12-14;14;3334
17;2025-12-14;15;3264
17;2025-12-14;16;3174
17;2025-12-14;17;3013
17;2025-12-14;18;2598
17;2025-12-14;19;2079
17;2025-12-14;20;1532
17;2025-12-14;21;1132
17;2025-12-14;22;693
17;2025-12-14;23;318
17;2025-12-15;0;125
17;2025-12-15;1;13
17;2025-12-15;2;0
17;2025-12-15;3;0
17;2025-12-15;4;25
17;2025-12-15;5;311
17;2025-12-15;6;1542
17;2025-12-15;7;4203
17;2025-12-15;8;5393
17;2025-12-15;9;3868
17;2025-12-15;10;3036
17;2025-12-15;11;3025
17;2025-12-15;12;3038
17;2025-12-15;13;3101
17;2025-12-15;14;3204
17;2025-12-15;15;3304
17;2025-12-15;16;3798
17;2025-12-15;17;4562
17;2025-12-15;18;4659
17;2025-12-15;19;3203
17;2025-12-15;20;2296
17;2025-12-15;21;1462
17;2025-12-15;22;703
17;2025-12-15;23;385
17;2025-12-16;0;125
17;2025-12-16;1;13
17;2025-12-16;2;0
17;2025-12-16;3;0
17;2025-12-16;4;25
17;2025-12-16;5;311
17;2025-12-16;6;1542
17;2025-12-16;7;4203
17;2025-12-16;8;5393
17;2025-12-16;9;3868
17;2025-12-16;10;3036
17;2025-12-16;11;3025
17;2025-12-16;12;3038
17;2025-12-16;13;3101
17;2025-12-16;14;3204
17;2025-12-16;15;3304
17;2025-12-16;16;3798
17;2025-12-16;17;4562
17;2025-12-16;18;4659
17;2025-12-16;19;3203
17;2025-12-16;20;2296
17;2025-12-16;21;1462
17;2025-12-16;22;703
17;2025-12-16;23;385
17;2025-12-17;0;125
17;2025-12-17;1;13
17;2025-12-17;2;0
17;2025-12-17;3;0
17;2025-12-17;4;25
17;2025-12-17;5;311
17;2025-12-17;6;1542
17;2025-12-17;7;4203
17;2025-12-17;8;5393
17;2025-12-17;9;3868
17;2025-12-17;10;3036
17;2025-12-17;11;3025
17;2025-12-17;12;3038
17;2025-12-17;13;3101
17;2025-12-17;14;3204
17;2025-12-17;15;3304
17;2025-12-17;16;3798
17;2025-12-17;17;4562
17;2025-12-17;18;4659
17;2025-12-17;19;3203
17;2025-12-17;20;2296
17;2025-12-17;21;1462
17;2025-12-17;22;703
17;2025-12-17;23;385
17;2025-12-18;0;125
17;2025-12-18;1;13
17;2025-12-18;2;0
17;2025-12-18;3;0
17;2025-12-18;4;25
17;2025-12-18;5;311
17;2025-12-18;6;1542
17;2025-12-18;7;4203
17;2025-12-18;8;5393
17;2025-12-18;9;3868
17;2025-12-18;10;3036
17;2025-12-18;11;3025
17;2025-12-18;12;3038
17;2025-12-18;13;3101
17;2025-12-18;14;3204
17;2025-12-18;15;3304
17;2025-12-18;16;3798
17;2025-12-18;17;4562
17;2025-12-18;18;4659
17;2025-12-18;19;3203
17;2025-12-18;20;2296
17;2025-12-18;21;1462
17;2025-12-18;22;703
17;2025-12-18;23;385
17;2025-12-19;0;125
17;2025-12-19;1;13
17;2025-12-19;2;0
17;2025-12-19;3;0
17;2025-12-19;4;25
17;2025-12-19;5;311
17;2025-12-19;6;1542
17;2025-12-19;7;4203
17;2025-12-19;8;5393
17;2025-12-19;9;3868
17;2025-12-19;10;3036
17;2025-12-19;11;3025
17;2025-12-19;12;3038
17;2025-12-19;13;3101
17;2025-12-19;14;3204
17;2025-12-19;15;3304
17;2025-12-19;16;3798
17;2025-12-19;17;4562
17;2025-12-19;18;4659
17;2025-12-19;19;3203
17;2025-12-19;20;2296
17;2025-12-19;21;1462
17;2025-12-19;22;703
17;2025-12-19;23;385
17;2025-12-20;0;204
17;2025-12-20;1;28
17;2025-12-20;2;0
17;2025-12-20;3;0
17;2025-12-20;4;6
17;2025-12-20;5;137
17;2025-12-20;6;585
17;2025-12-20;7;1274
17;2025-12-20;8;1808
17;2025-12-20;9;2299
17;2025-12-20;10;2570
17;2025-12-20;11;3064
17;2025-12-20;12;3393
17;2025-12-20;13;3660
17;2025-12-20;14;3676
17;2025-12-20;15;3668
17;2025-12-20;16;3684
17;2025-12-20;17;3393
17;2025-12-20;18;3004
17;2025-12-20;19;2374
17;2025-12-20;20;1870
17;2025-12-20;21;1341
17;2025-12-20;22;808
17;2025-12-20;23;453
17;2025-12-21;0;188
17;2025-12-21;1;24
17;2025-12-21;2;0
17;2025-12-21;3;0
17;2025-12-21;4;3
17;2025-12-21;5;107
17;2025-12-21;6;442
17;2025-12-21;7;858
17;2025-12-21;8;1249
17;2025-12-21;9;1710
17;2025-12-21;10;2018
17;2025-12-21;11;2595
17;2025-12-21;12;2945
17;2025-12-21;13;3197
17;2025-12-21;14;3334
17;2025-12-21;15;3264
17;2025-12-21;16;3174
17;2025-12-21;17;3013
17;2025-12-21;18;2598
17;2025-12-21;19;2079
17;2025-12-21;20;1532
17;2025-12-21;21;1132
17;2025-12-21;22;693
17;2025-12-21;23;318
17;2025-12-22;0;125
17;2025-12-22;1;13
17;2025-12-22;2;0
17;2025-12-22;3;0
17;2025-12-22;4;25
17;2025-12-22;5;311
17;2025-12-22;6;1542
17;2025-12-22;7;4203
17;2025-12-22;8;5393
17;2025-12-22;9;3868
17;2025-12-22;10;3036
17;2025-12-22;11;3025
17;2025-12-22;12;3038
17;2025-12-22;13;3101
17;2025-12-22;14;3204
17;2025-12-22;15;3304
17;2025-12-22;16;3798
17;2025-12-22;17;4562
17;2025-12-22;18;4659
17;2025-12-22;19;3203
17;2025-12-22;20;2296
17;2025-12-22;21;1462
17;2025-12-22;22;703
17;2025-12-22;23;385
17;2025-12-23;0;125
17;2025-12-23;1;13
17;2025-12-23;2;0
17;2025-12-23;3;0
17;2025-12-23;4;25
17;2025-12-23;5;311
17;2025-12-23;6;1542
17;2025-12-23;7;4203
17;2025-12-23;8;5393
17;2025-12-23;9;3868
17;2025-12-23;10;3036
17;2025-12-23;11;3025
17;2025-12-23;12;3038
17;2025-12-23;13;3101
17;2025-12-23;14;3204
17;2025-12-23;15;3304
17;2025-12-23;16;3798
17;2025-12-23;17;4562
17;2025-12-23;18;4659
17;2025-12-23;19;3203
17;2025-12-23;20;2296
17;2025-12-23;21;1462
17;2025-12-23;22;703
17;2025-12-23;23;385
17;2025-12-24;0;125
17;2025-12-24;1;13
17;2025-12-24;2;0
17;2025-12-24;3;0
17;2025-12-24;4;25
17;2025-12-24;5;311
17;2025-12-24;6;1542
17;2025-12-24;7;4203
17;2025-12-24;8;5393
17;2025-12-24;9;3868
17;2025-12-24;10;3036
17;2025-12-24;11;3025
17;2025-12-24;12;3038
17;2025-12-24;13;3101
17;2025-12-24;14;3204
17;2025-12-24;15;3304
17;2025-12-24;16;3798
17;2025-12-24;17;4562
17;2025-12-24;18;4659
17;2025-12-24;19;3203
17;2025-12-24;20;2296
17;2025-12-24;21;1462
17;2025-12-24;22;703
17;2025-12-24;23;385
17;2025-12-25;0;125
17;2025-12-25;1;13
17;2025-12-25;2;0
17;2025-12-25;3;0
17;2025-12-25;4;25
17;2025-12-25;5;311
17;2025-12-25;6;1542
17;2025-12-25;7;4203
17;2025-12-25;8;5393
17;2025-12-25;9;3868
17;2025-12-25;10;3036
17;2025-12-25;11;3025
17;2025-12-25;12;3038
17;2025-12-25;13;3101
17;2025-12-25;14;3204
17;2025-12-25;15;3304
17;2025-12-25;16;3798
17;2025-12-25;17;4562
17;2025-12-25;18;4659
17;2025-12-25;19;3203
17;2025-12-25;20;2296
17;2025-12-25;21;1462
17;2025-12-25;22;703
17;2025-12-25;23;385
17;2025-12-26;0;125
17;2025-12-26;1;13
17;2025-12-26;2;0
17;2025-12-26;3;0
17;2025-12-26;4;25
17;2025-12-26;5;311
17;2025-12-26;6;1542
17;2025-12-26;7;4203
17;2025-12-26;8;5393
17;2025-12-26;9;3868
17;2025-12-26;10;3036
17;2025-12-26;11;3025
17;2025-12-26;12;3038
17;2025-12-26;13;3101
17;2025-12-26;14;3204
17;2025-12-26;15;3304
17;2025-12-26;16;3798
17;2025-12-26;17;4562
17;2025-12-26;18;4659
17;2025-12-26;19;3203
17;2025-12-26;20;2296
17;2025-12-26;21;1462
17;2025-12-26;22;703
17;2025-12-26;23;385
17;2025-12-27;0;204
17;2025-12-27;1;28
17;2025-12-27;2;0
17;2025-12-27;3;0
17;2025-12-27;4;6
17;2025-12-27;5;137
17;2025-12-27;6;585
17;2025-12-27;7;1274
17;2025-12-27;8;1808
17;2025-12-27;9;2299
17;2025-12-27;10;2570
17;2025-12-27;11;3064
17;2025-12-27;12;3393
17;2025-12-27;13;3660
17;2025-12-27;14;3676
17;2025-12-27;15;3668
17;2025-12-27;16;3684
17;2025-12-27;17;3393
17;2025-12-27;18;3004
17;2025-12-27;19;2374
17;2025-12-27;20;1870
17;2025-12-27;21;1341
17;2025-12-27;22;808
17;2025-12-27;23;453
17;2025-12-28;0;188
17;2025-12-28;1;24
17;2025-12-28;2;0
17;2025-12-28;3;0
17;2025-12-28;4;3
17;2025-12-28;5;107
17;2025-12-28;6;442
17;2025-12-28;7;858
17;2025-12-28;8;1249
17;2025-12-28;9;1710
17;2025-12-28;10;2018
17;2025-12-28;11;2595
17;2025-12-28;12;2945
17;2025-12-28;13;3197
17;2025-12-28;14;3334
17;2025-12-28;15;3264
17;2025-12-28;16;3174
17;2025-12-28;17;3013
17;2025-12-28;18;2598
17;2025-12-28;19;2079
17;2025-12-28;20;1532
17;2025-12-28;21;1132
17;2025-12-28;22;693
17;2025-12-28;23;318
17;2025-12-29;0;125
17;2025-12-29;1;13
17;2025-12-29;2;0
17;2025-12-29;3;0
17;2025-12-29;4;25
17;2025-12-29;5;311
17;2025-12-29;6;1542
17;2025-12-29;7;4203
17;2025-12-29;8;5393
17;2025-12-29;9;3868
17;2025-12-29;10;3036
17;2025-12-29;11;3025
17;2025-12-29;12;3038
17;2025-12-29;13;3101
17;2025-12-29;14;3204
17;2025-12-29;15;3304
17;2025-12-29;16;3798
17;2025-12-29;17;4562
17;2025-12-29;18;4659
17;2025-12-29;19;3203
17;2025-12-29;20;2296
17;2025-12-29;21;1462
17;2025-12-29;22;703
17;2025-12-29;23;385
17;2025-12-30;0;125
17;2025-12-30;1;13
17;2025-12-30;2;0
17;2025-12-30;3;0
17;2025-12-30;4;25
17;2025-12-30;5;311
17;2025-12-30;6;1542
17;2025-12-30;7;4203
17;2025-12-30;8;5393
17;2025-12-30;9;3868
17;2025-12-30;10;3036
17;2025-12-30;11;3025
17;2025-12-30;12;3038
17;2025-12-30;13;3101
17;2025-12-30;14;3204
17;2025-12-30;15;3304
17;2025-12-30;16;3798
17;2025-12-30;17;4562
17;2025-12-30;18;4659
17;2025-12-30;19;3203
17;2025-12-30;20;2296
17;2025-12-30;21;1462
17;2025-12-30;22;703
17;2025-12-30;23;385
17;2025-12-31;0;188
17;2025-12-31;1;24
17;2025-12-31;2;0
17;2025-12-31;3;0
17;2025-12-31;4;3
17;2025-12-31;5;107
17;2025-12-31;6;442
17;2025-12-31;7;858
17;2025-12-31;8;1249
17;2025-12-31;9;1710
17;2025-12-31;10;2018
17;2025-12-31;11;2595
17;2025-12-31;12;2945
17;2025-12-31;13;3197
17;2025-12-31;14;3334
17;2025-12-31;15;3264
17;2025-12-31;16;3174
17;2025-12-31;17;3013
17;2025-12-31;18;2598
17;2025-12-31;19;2079
17;2025-12-31;20;1532
17;2025-12-31;21;1132
17;2025-12-31;22;693
17;2025-12-31;23;318
25;2025-11-01;0;3
25;2025-11-01;1;0
25;2025-11-01;2;0
25;2025-11-01;3;0
25;2025-11-01;4;0
25;2025-11-01;5;20
25;2025-11-01;6;270
25;2025-11-01;7;544
25;2025-11-01;8;916
25;2025-11-01;9;476
25;2025-11-01;10;389
25;2025-11-01;11;447
25;2025-11-01;12;435
25;2025-11-01;13;556
25;2025-11-01;14;468
25;2025-11-01;15;587
25;2025-11-01;16;718
25;2025-11-01;17;797
25;2025-11-01;18;777
25;2025-11-01;19;626
25;2025-11-01;20;326
25;2025-11-01;21;228
25;2025-11-01;22;94
25;2025-11-01;23;9
25;2025-11-02;0;16
25;2025-11-02;1;0
25;2025-11-02;2;0
25;2025-11-02;3;0
25;2025-11-02;4;0
25;2025-11-02;5;10
25;2025-11-02;6;111
25;2025-11-02;7;104
25;2025-11-02;8;197
25;2025-11-02;9;222
25;2025-11-02;10;226
25;2025-11-02;11;323
25;2025-11-02;12;388
25;2025-11-02;13;510
25;2025-11-02;14;602
25;2025-11-02;15;689
25;2025-11-02;16;586
25;2025-11-02;17;584
25;2025-11-02;18;448
25;2025-11-02;19;300
25;2025-11-02;20;238
25;2025-11-02;21;148
25;2025-11-02;22;94
25;2025-11-02;23;36
25;2025-11-03;0;16
25;2025-11-03;1;0
25;2025-11-03;2;0
25;2025-11-03;3;0
25;2025-11-03;4;0
25;2025-11-03;5;10
25;2025-11-03;6;111
25;2025-11-03;7;104
25;2025-11-03;8;197
25;2025-11-03;9;222
25;2025-11-03;10;226
25;2025-11-03;11;323
25;2025-11-03;12;388
25;2025-11-03;13;510
25;2025-11-03;14;602
25;2025-11-03;15;689
25;2025-11-03;16;586
25;2025-11-03;17;584
25;2025-11-03;18;448
25;2025-11-03;19;300
25;2025-11-03;20;238
25;2025-11-03;21;148
25;2025-11-03;22;94
25;2025-11-03;23;36
25;2025-11-04;0;16
25;2025-11-04;1;0
25;2025-11-04;2;0
25;2025-11-04;3;0
25;2025-11-04;4;0
25;2025-11-04;5;10
25;2025-11-04;6;111
25;2025-11-04;7;104
25;2025-11-04;8;197
25;2025-11-04;9;222
25;2025-11-04;10;226
25;2025-11-04;11;323
25;2025-11-04;12;388
25;2025-11-04;13;510
25;2025-11-04;14;602
25;2025-11-04;15;689
25;2025-11-04;16;586
25;2025-11-04;17;584
25;2025-11-04;18;448
25;2025-11-04;19;300
25;2025-11-04;20;238
25;2025-11-04;21;148
25;2025-11-04;22;94
25;2025-11-04;23;36
25;2025-11-05;0;3
25;2025-11-05;1;0
25;2025-11-05;2;0
25;2025-11-05;3;0
25;2025-11-05;4;0
25;2025-11-05;5;20
25;2025-11-05;6;270
25;2025-11-05;7;544
25;2025-11-05;8;916
25;2025-11-05;9;476
25;2025-11-05;10;389
25;2025-11-05;11;447
25;2025-11-05;12;435
25;2025-11-05;13;556
25;2025-11-05;14;468
25;2025-11-05;15;587
25;2025-11-05;16;718
25;2025-11-05;17;797
25;2025-11-05;18;777
25;2025-11-05;19;626
25;2025-11-05;20;326
25;2025-11-05;21;228
25;2025-11-05;22;94
25;2025-11-05;23;9
25;2025-11-06;0;3
25;2025-11-06;1;0
25;2025-11-06;2;0
25;2025-11-06;3;0
25;2025-11-06;4;0
25;2025-11-06;5;20
25;2025-11-06;6;270
25;2025-11-06;7;544
25;2025-11-06;8;916
25;2025-11-06;9;476
25;2025-11-06;10;389
25;2025-11-06;11;447
25;2025-11-06;12;435
25;2025-11-06;13;556
25;2025-11-06;14;468
25;2025-11-06;15;587
25;2025-11-06;16;718
25;2025-11-06;17;797
25;2025-11-06;18;777
25;2025-11-06;19;626
25;2025-11-06;20;326
25;2025-11-06;21;228
25;2025-11-06;22;94
25;2025-11-06;23;9
25;2025-11-07;0;3
25;2025-11-07;1;0
25;2025-11-07;2;0
25;2025-11-07;3;0
25;2025-11-07;4;0
25;2025-11-07;5;20
25;2025-11-07;6;270
25;2025-11-07;7;544
25;2025-11-07;8;916
25;2025-11-07;9;476
25;2025-11-07;10;389
25;2025-11-07;11;447
25;2025-11-07;12;435
25;2025-11-07;13;556
25;2025-11-07;14;468
25;2025-11-07;15;587
25;2025-11-07;16;718
25;2025-11-07;17;797
25;2025-11-07;18;777
25;2025-11-07;19;626
25;2025-11-07;20;326
25;2025-11-07;21;228
25;2025-11-07;22;94
25;2025-11-07;23;9
25;2025-11-08;0;6
25;2025-11-08;1;0
25;2025-11-08;2;0
25;2025-11-08;3;0
25;2025-11-08;4;0
25;2025-11-08;5;21
25;2025-11-08;6;140
25;2025-11-08;7;136
25;2025-11-08;8;316
25;2025-11-08;9;284
25;2025-11-08;10;293
25;2025-11-08;11;389
25;2025-11-08;12;410
25;2025-11-08;13;678
25;2025-11-08;14;684
25;2025-11-08;15;803
25;2025-11-08;16;753
25;2025-11-08;17;602
25;2025-11-08;18;529
25;2025-11-08;19;457
25;2025-11-08;20;258
25;2025-11-08;21;198
25;2025-11-08;22;115
25;2025-11-08;23;44
25;2025-11-09;0;16
25;2025-11-09;1;0
25;2025-11-09;2;0
25;2025-11-09;3;0
25;2025-11-09;4;0
25;2025-11-09;5;10
25;2025-11-09;6;111
25;2025-11-09;7;104
25;2025-11-09;8;197
25;2025-11-09;9;222
25;2025-11-09;10;226
25;2025-11-09;11;323
25;2025-11-09;12;388
25;2025-11-09;13;510
25;2025-11-09;14;602
25;2025-11-09;15;689
25;2025-11-09;16;586
25;2025-11-09;17;584
25;2025-11-09;18;448
25;2025-11-09;19;300
25;2025-11-09;20;238
25;2025-11-09;21;148
25;2025-11-09;22;94
25;2025-11-09;23;36
25;2025-11-10;0;3
25;2025-11-10;1;0
25;2025-11-10;2;0
25;2025-11-10;3;0
25;2025-11-10;4;0
25;2025-11-10;5;20
25;2025-11-10;6;270
25;2025-11-10;7;544
25;2025-11-10;8;916
25;2025-11-10;9;476
25;2025-11-10;10;389
25;2025-11-10;11;447
25;2025-11-10;12;435
25;2025-11-10;13;556
25;2025-11-10;14;468
25;2025-11-10;15;587
25;2025-11-10;16;718
25;2025-11-10;17;797
25;2025-11-10;18;777
25;2025-11-10;19;626
25;2025-11-10;20;326
25;2025-11-10;21;228
25;2025-11-10;22;94
25;2025-11-10;23;9
25;2025-11-11;0;3
25;2025-11-11;1;0
25;2025-11-11;2;0
25;2025-11-11;3;0
25;2025-11-11;4;0
25;2025-11-11;5;20
25;2025-11-11;6;270
25;2025-11-11;7;544
25;2025-11-11;8;916
25;2025-11-11;9;476
25;2025-11-11;10;389
25;2025-11-11;11;447
25;2025-11-11;12;435
25;2025-11-11;13;556
25;2025-11-11;14;468
25;2025-11-11;15;587
25;2025-11-11;16;718
25;2025-11-11;17;797
25;2025-11-11;18;777
25;2025-11-11;19;626
25;2025-11-11;20;326
25;2025-11-11;21;228
25;2025-11-11;22;94
25;2025-11-11;23;9
25;2025-11-12;0;3
25;2025-11-12;1;0
25;2025-11-12;2;0
25;2025-11-12;3;0
25;2025-11-12;4;0
25;2025-11-12;5;20
25;2025-11-12;6;270
25;2025-11-12;7;544
25;2025-11-12;8;916
25;2025-11-12;9;476
25;2025-11-12;10;389
25;2025-11-12;11;447
25;2025-11-12;12;435
25;2025-11-12;13;556
25;2025-11-12;14;468
25;2025-11-12;15;587
25;2025-11-12;16;718
25;2025-11-12;17;797
25;2025-11-12;18;777
25;2025-11-12;19;626
25;2025-11-12;20;326
25;2025-11-12;21;228
25;2025-11-12;22;94
25;2025-11-12;23;9
25;2025-11-13;0;3
25;2025-11-13;1;0
25;2025-11-13;2;0
25;2025-11-13;3;0
25;2025-11-13;4;0
25;2025-11-13;5;20
25;2025-11-13;6;270
25;2025-11-13;7;544
25;2025-11-13;8;916
25;2025-11-13;9;476
25;2025-11-13;10;389
25;2025-11-13;11;447
25;2025-11-13;12;435
25;2025-11-13;13;556
25;2025-11-13;14;468
25;2025-11-13;15;587
25;2025-11-13;16;718
25;2025-11-13;17;797
25;2025-11-13;18;777
25;2025-11-13;19;626
25;2025-11-13;20;326
25;2025-11-13;21;228
25;2025-11-13;22;94
25;2025-11-13;23;9
25;2025-11-14;0;3
25;2025-11-14;1;0
25;2025-11-14;2;0
25;2025-11-14;3;0
25;2025-11-14;4;0
25;2025-11-14;5;20
25;2025-11-14;6;270
25;2025-11-14;7;544
25;2025-11-14;8;916
25;2025-11-14;9;476
25;2025-11-14;10;389
25;2025-11-14;11;447
25;2025-11-14;12;435
25;2025-11-14;13;556
25;2025-11-14;14;468
25;2025-11-14;15;587
25;2025-11-14;16;718
25;2025-11-14;17;797
25;2025-11-14;18;777
25;2025-11-14;19;626
25;2025-11-14;20;326
25;2025-11-14;21;228
25;2025-11-14;22;94
25;2025-11-14;23;9
25;2025-11-15;0;6
25;2025-11-15;1;0
25;2025-11-15;2;0
25;2025-11-15;3;0
25;2025-11-15;4;0
25;2025-11-15;5;21
25;2025-11-15;6;140
25;2025-11-15;7;136
25;2025-11-15;8;316
25;2025-11-15;9;284
25;2025-11-15;10;293
25;2025-11-15;11;389
25;2025-11-15;12;410
25;2025-11-15;13;678
25;2025-11-15;14;684
25;2025-11-15;15;803
25;2025-11-15;16;753
25;2025-11-15;17;602
25;2025-11-15;18;529
25;2025-11-15;19;457
25;2025-11-15;20;258
25;2025-11-15;21;198
25;2025-11-15;22;115
25;2025-11-15;23;44
25;2025-11-16;0;16
25;2025-11-16;1;0
25;2025-11-16;2;0
25;2025-11-16;3;0
25;2025-11-16;4;0
25;2025-11-16;5;10
25;2025-11-16;6;111
25;2025-11-16;7;104
25;2025-11-16;8;197
25;2025-11-16;9;222
25;2025-11-16;10;226
25;2025-11-16;11;323
25;2025-11-16;12;388
25;2025-11-16;13;510
25;2025-11-16;14;602
25;2025-11-16;15;689
25;2025-11-16;16;586
25;2025-11-16;17;584
25;2025-11-16;18;448
25;2025-11-16;19;300
25;2025-11-16;20;238
25;2025-11-16;21;148
25;2025-11-16;22;94
25;2025-11-16;23;36
25;2025-11-17;0;3
25;2025-11-17;1;0
25;2025-11-17;2;0
25;2025-11-17;3;0
25;2025-11-17;4;0
25;2025-11-17;5;20
25;2025-11-17;6;270
25;2025-11-17;7;544
25;2025-11-17;8;916
25;2025-11-17;9;476
25;2025-11-17;10;389
25;2025-11-17;11;447
25;2025-11-17;12;435
25;2025-11-17;13;556
25;2025-11-17;14;468
25;2025-11-17;15;587
25;2025-11-17;16;718
25;2025-11-17;17;797
25;2025-11-17;18;777
25;2025-11-17;19;626
25;2025-11-17;20;326
25;2025-11-17;21;228
25;2025-11-17;22;94
25;2025-11-17;23;9
25;2025-11-18;0;3
25;2025-11-18;1;0
25;2025-11-18;2;0
25;2025-11-18;3;0
25;2025-11-18;4;0
25;2025-11-18;5;20
25;2025-11-18;6;270
25;2025-11-18;7;544
25;2025-11-18;8;916
25;2025-11-18;9;476
25;2025-11-18;10;389
25;2025-11-18;11;447
25;2025-11-18;12;435
25;2025-11-18;13;556
25;2025-11-18;14;468
25;2025-11-18;15;587
25;2025-11-18;16;718
25;2025-11-18;17;797
25;2025-11-18;18;777
25;2025-11-18;19;626
25;2025-11-18;20;326
25;2025-11-18;21;228
25;2025-11-18;22;94
25;2025-11-18;23;9
25;2025-11-19;0;3
25;2025-11-19;1;0
25;2025-11-19;2;0
25;2025-11-19;3;0
25;2025-11-19;4;0
25;2025-11-19;5;20
25;2025-11-19;6;270
25;2025-11-19;7;544
25;2025-11-19;8;916
25;2025-11-19;9;476
25;2025-11-19;10;389
25;2025-11-19;11;447
25;2025-11-19;12;435
25;2025-11-19;13;556
25;2025-11-19;14;468
25;2025-11-19;15;587
25;2025-11-19;16;718
25;2025-11-19;17;797
25;2025-11-19;18;777
25;2025-11-19;19;626
25;2025-11-19;20;326
25;2025-11-19;21;228
25;2025-11-19;22;94
25;2025-11-19;23;9
25;2025-11-20;0;3
25;2025-11-20;1;0
25;2025-11-20;2;0
25;2025-11-20;3;0
25;2025-11-20;4;0
25;2025-11-20;5;20
25;2025-11-20;6;270
25;2025-11-20;7;544
25;2025-11-20;8;916
25;2025-11-20;9;476
25;2025-11-20;10;389
25;2025-11-20;11;447
25;2025-11-20;12;435
25;2025-11-20;13;556
25;2025-11-20;14;468
25;2025-11-20;15;587
25;2025-11-20;16;718
25;2025-11-20;17;797
25;2025-11-20;18;777
25;2025-11-20;19;626
25;2025-11-20;20;326
25;2025-11-20;21;228
25;2025-11-20;22;94
25;2025-11-20;23;9
25;2025-11-21;0;3
25;2025-11-21;1;0
25;2025-11-21;2;0
25;2025-11-21;3;0
25;2025-11-21;4;0
25;2025-11-21;5;20
25;2025-11-21;6;270
25;2025-11-21;7;544
25;2025-11-21;8;916
25;2025-11-21;9;476
25;2025-11-21;10;389
25;2025-11-21;11;447
25;2025-11-21;12;435
25;2025-11-21;13;556
25;2025-11-21;14;468
25;2025-11-21;15;587
25;2025-11-21;16;718
25;2025-11-21;17;797
25;2025-11-21;18;777
25;2025-11-21;19;626
25;2025-11-21;20;326
25;2025-11-21;21;228
25;2025-11-21;22;94
25;2025-11-21;23;9
25;2025-11-22;0;6
25;2025-11-22;1;0
25;2025-11-22;2;0
25;2025-11-22;3;0
25;2025-11-22;4;0
25;2025-11-22;5;21
25;2025-11-22;6;140
25;2025-11-22;7;136
25;2025-11-22;8;316
25;2025-11-22;9;284
25;2025-11-22;10;293
25;2025-11-22;11;389
25;2025-11-22;12;410
25;2025-11-22;13;678
25;2025-11-22;14;684
25;2025-11-22;15;803
25;2025-11-22;16;753
25;2025-11-22;17;602
25;2025-11-22;18;529
25;2025-11-22;19;457
25;2025-11-22;20;258
25;2025-11-22;21;198
25;2025-11-22;22;115
25;2025-11-22;23;44
25;2025-11-23;0;16
25;2025-11-23;1;0
25;2025-11-23;2;0
25;2025-11-23;3;0
25;2025-11-23;4;0
25;2025-11-23;5;10
25;2025-11-23;6;111
25;2025-11-23;7;104
25;2025-11-23;8;197
25;2025-11-23;9;222
25;2025-11-23;10;226
25;2025-11-23;11;323
25;2025-11-23;12;388
25;2025-11-23;13;510
25;2025-11-23;14;602
25;2025-11-23;15;689
25;2025-11-23;16;586
25;2025-11-23;17;584
25;2025-11-23;18;448
25;2025-11-23;19;300
25;2025-11-23;20;238
25;2025-11-23;21;148
25;2025-11-23;22;94
25;2025-11-23;23;36
25;2025-11-24;0;3
25;2025-11-24;1;0
25;2025-11-24;2;0
25;2025-11-24;3;0
25;2025-11-24;4;0
25;2025-11-24;5;20
25;2025-11-24;6;270
25;2025-11-24;7;544
25;2025-11-24;8;916
25;2025-11-24;9;476
25;2025-11-24;10;389
25;2025-11-24;11;447
25;2025-11-24;12;435
25;2025-11-24;13;556
25;2025-11-24;14;468
25;2025-11-24;15;587
25;2025-11-24;16;718
25;2025-11-24;17;797
25;2025-11-24;18;777
25;2025-11-24;19;626
25;2025-11-24;20;326
25;2025-11-24;21;228
25;2025-11-24;22;94
25;2025-11-24;23;9
25;2025-11-25;0;3
25;2025-11-25;1;0
25;2025-11-25;2;0
25;2025-11-25;3;0
25;2025-11-25;4;0
25;2025-11-25;5;20
25;2025-11-25;6;270
25;2025-11-25;7;544
25;2025-11-25;8;916
25;2025-11-25;9;476
25;2025-11-25;10;389
25;2025-11-25;11;447
25;2025-11-25;12;435
25;2025-11-25;13;556
25;2025-11-25;14;468
25;2025-11-25;15;587
25;2025-11-25;16;718
25;2025-11-25;17;797
25;2025-11-25;18;777
25;2025-11-25;19;626
25;2025-11-25;20;326
25;2025-11-25;21;228
25;2025-11-25;22;94
25;2025-11-25;23;9
25;2025-11-26;0;3
25;2025-11-26;1;0
25;2025-11-26;2;0
25;2025-11-26;3;0
25;2025-11-26;4;0
25;2025-11-26;5;20
25;2025-11-26;6;270
25;2025-11-26;7;544
25;2025-11-26;8;916
25;2025-11-26;9;476
25;2025-11-26;10;389
25;2025-11-26;11;447
25;2025-11-26;12;435
25;2025-11-26;13;556
25;2025-11-26;14;468
25;2025-11-26;15;587
25;2025-11-26;16;718
25;2025-11-26;17;797
25;2025-11-26;18;777
25;2025-11-26;19;626
25;2025-11-26;20;326
25;2025-11-26;21;228
25;2025-11-26;22;94
25;2025-11-26;23;9
25;2025-11-27;0;3
25;2025-11-27;1;0
25;2025-11-27;2;0
25;2025-11-27;3;0
25;2025-11-27;4;0
25;2025-11-27;5;20
25;2025-11-27;6;270
25;2025-11-27;7;544
25;2025-11-27;8;916
25;2025-11-27;9;476
25;2025-11-27;10;389
25;2025-11-27;11;447
25;2025-11-27;12;435
25;2025-11-27;13;556
25;2025-11-27;14;468
25;2025-11-27;15;587
25;2025-11-27;16;718
25;2025-11-27;17;797
25;2025-11-27;18;777
25;2025-11-27;19;626
25;2025-11-27;20;326
25;2025-11-27;21;228
25;2025-11-27;22;94
25;2025-11-27;23;9
25;2025-11-28;0;3
25;2025-11-28;1;0
25;2025-11-28;2;0
25;2025-11-28;3;0
25;2025-11-28;4;0
25;2025-11-28;5;20
25;2025-11-28;6;270
25;2025-11-28;7;544
25;2025-11-28;8;916
25;2025-11-28;9;476
25;2025-11-28;10;389
25;2025-11-28;11;447
25;2025-11-28;12;435
25;2025-11-28;13;556
25;2025-11-28;14;468
25;2025-11-28;15;587
25;2025-11-28;16;718
25;2025-11-28;17;797
25;2025-11-28;18;777
25;2025-11-28;19;626
25;2025-11-28;20;326
25;2025-11-28;21;228
25;2025-11-28;22;94
25;2025-11-28;23;9
25;2025-11-29;0;6
25;2025-11-29;1;0
25;2025-11-29;2;0
25;2025-11-29;3;0
25;2025-11-29;4;0
25;2025-11-29;5;21
25;2025-11-29;6;140
25;2025-11-29;7;136
25;2025-11-29;8;316
25;2025-11-29;9;284
25;2025-11-29;10;293
25;2025-11-29;11;389
25;2025-11-29;12;410
25;2025-11-29;13;678
25;2025-11-29;14;684
25;2025-11-29;15;803
25;2025-11-29;16;753
25;2025-11-29;17;602
25;2025-11-29;18;529
25;2025-11-29;19;457
25;2025-11-29;20;258
25;2025-11-29;21;198
25;2025-11-29;22;115
25;2025-11-29;23;44
25;2025-11-30;0;16
25;2025-11-30;1;0
25;2025-11-30;2;0
25;2025-11-30;3;0
25;2025-11-30;4;0
25;2025-11-30;5;10
25;2025-11-30;6;111
25;2025-11-30;7;104
25;2025-11-30;8;197
25;2025-11-30;9;222
25;2025-11-30;10;226
25;2025-11-30;11;323
25;2025-11-30;12;388
25;2025-11-30;13;510
25;2025-11-30;14;602
25;2025-11-30;15;689
25;2025-11-30;16;586
25;2025-11-30;17;584
25;2025-11-30;18;448
25;2025-11-30;19;300
25;2025-11-30;20;238
25;2025-11-30;21;148
25;2025-11-30;22;94
25;2025-11-30;23;36
25;2025-12-01;0;3
25;2025-12-01;1;0
25;2025-12-01;2;0
25;2025-12-01;3;0
25;2025-12-01;4;0
25;2025-12-01;5;20
25;2025-12-01;6;270
25;2025-12-01;7;544
25;2025-12-01;8;916
25;2025-12-01;9;476
25;2025-12-01;10;389
25;2025-12-01;11;447
25;2025-12-01;12;435
25;2025-12-01;13;556
25;2025-12-01;14;468
25;2025-12-01;15;587
25;2025-12-01;16;718
25;2025-12-01;17;797
25;2025-12-01;18;777
25;2025-12-01;19;626
25;2025-12-01;20;326
25;2025-12-01;21;228
25;2025-12-01;22;94
25;2025-12-01;23;9
25;2025-12-02;0;3
25;2025-12-02;1;0
25;2025-12-02;2;0
25;2025-12-02;3;0
25;2025-12-02;4;0
25;2025-12-02;5;20
25;2025-12-02;6;270
25;2025-12-02;7;544
25;2025-12-02;8;916
25;2025-12-02;9;476
25;2025-12-02;10;389
25;2025-12-02;11;447
25;2025-12-02;12;435
25;2025-12-02;13;556
25;2025-12-02;14;468
25;2025-12-02;15;587
25;2025-12-02;16;718
25;2025-12-02;17;797
25;2025-12-02;18;777
25;2025-12-02;19;626
25;2025-12-02;20;326
25;2025-12-02;21;228
25;2025-12-02;22;94
25;2025-12-02;23;9
25;2025-12-03;0;3
25;2025-12-03;1;0
25;2025-12-03;2;0
25;2025-12-03;3;0
25;2025-12-03;4;0
25;2025-12-03;5;20
25;2025-12-03;6;270
25;2025-12-03;7;544
25;2025-12-03;8;916
25;2025-12-03;9;476
25;2025-12-03;10;389
25;2025-12-03;11;447
25;2025-12-03;12;435
25;2025-12-03;13;556
25;2025-12-03;14;468
25;2025-12-03;15;587
25;2025-12-03;16;718
25;2025-12-03;17;797
25;2025-12-03;18;777
25;2025-12-03;19;626
25;2025-12-03;20;326
25;2025-12-03;21;228
25;2025-12-03;22;94
25;2025-12-03;23;9
25;2025-12-04;0;3
25;2025-12-04;1;0
25;2025-12-04;2;0
25;2025-12-04;3;0
25;2025-12-04;4;0
25;2025-12-04;5;20
25;2025-12-04;6;270
25;2025-12-04;7;544
25;2025-12-04;8;916
25;2025-12-04;9;476
25;2025-12-04;10;389
25;2025-12-04;11;447
25;2025-12-04;12;435
25;2025-12-04;13;556
25;2025-12-04;14;468
25;2025-12-04;15;587
25;2025-12-04;16;718
25;2025-12-04;17;797
25;2025-12-04;18;777
25;2025-12-04;19;626
25;2025-12-04;20;326
25;2025-12-04;21;228
25;2025-12-04;22;94
25;2025-12-04;23;9
25;2025-12-05;0;3
25;2025-12-05;1;0
25;2025-12-05;2;0
25;2025-12-05;3;0
25;2025-12-05;4;0
25;2025-12-05;5;20
25;2025-12-05;6;270
25;2025-12-05;7;544
25;2025-12-05;8;916
25;2025-12-05;9;476
25;2025-12-05;10;389
25;2025-12-05;11;447
25;2025-12-05;12;435
25;2025-12-05;13;556
25;2025-12-05;14;468
25;2025-12-05;15;587
25;2025-12-05;16;718
25;2025-12-05;17;797
25;2025-12-05;18;777
25;2025-12-05;19;626
25;2025-12-05;20;326
25;2025-12-05;21;228
25;2025-12-05;22;94
25;2025-12-05;23;9
25;2025-12-06;0;6
25;2025-12-06;1;0
25;2025-12-06;2;0
25;2025-12-06;3;0
25;2025-12-06;4;0
25;2025-12-06;5;21
25;2025-12-06;6;140
25;2025-12-06;7;136
25;2025-12-06;8;316
25;2025-12-06;9;284
25;2025-12-06;10;293
25;2025-12-06;11;389
25;2025-12-06;12;410
25;2025-12-06;13;678
25;2025-12-06;14;684
25;2025-12-06;15;803
25;2025-12-06;16;753
25;2025-12-06;17;602
25;2025-12-06;18;529
25;2025-12-06;19;457
25;2025-12-06;20;258
25;2025-12-06;21;198
25;2025-12-06;22;115
25;2025-12-06;23;44
25;2025-12-07;0;16
25;2025-12-07;1;0
25;2025-12-07;2;0
25;2025-12-07;3;0
25;2025-12-07;4;0
25;2025-12-07;5;10
25;2025-12-07;6;111
25;2025-12-07;7;104
25;2025-12-07;8;197
25;2025-12-07;9;222
25;2025-12-07;10;226
25;2025-12-07;11;323
25;2025-12-07;12;388
25;2025-12-07;13;510
25;2025-12-07;14;602
25;2025-12-07;15;689
25;2025-12-07;16;586
25;2025-12-07;17;584
25;2025-12-07;18;448
25;2025-12-07;19;300
25;2025-12-07;20;238
25;2025-12-07;21;148
25;2025-12-07;22;94
25;2025-12-07;23;36
25;2025-12-08;0;3
25;2025-12-08;1;0
25;2025-12-08;2;0
25;2025-12-08;3;0
25;2025-12-08;4;0
25;2025-12-08;5;20
25;2025-12-08;6;270
25;2025-12-08;7;544
25;2025-12-08;8;916
25;2025-12-08;9;476
25;2025-12-08;10;389
25;2025-12-08;11;447
25;2025-12-08;12;435
25;2025-12-08;13;556
25;2025-12-08;14;468
25;2025-12-08;15;587
25;2025-12-08;16;718
25;2025-12-08;17;797
25;2025-12-08;18;777
25;2025-12-08;19;626
25;2025-12-08;20;326
25;2025-12-08;21;228
25;2025-12-08;22;94
25;2025-12-08;23;9
25;2025-12-09;0;3
25;2025-12-09;1;0
25;2025-12-09;2;0
25;2025-12-09;3;0
25;2025-12-09;4;0
25;2025-12-09;5;20
25;2025-12-09;6;270
25;2025-12-09;7;544
25;2025-12-09;8;916
25;2025-12-09;9;476
25;2025-12-09;10;389
25;2025-12-09;11;447
25;2025-12-09;12;435
25;2025-12-09;13;556
25;2025-12-09;14;468
25;2025-12-09;15;587
25;2025-12-09;16;718
25;2025-12-09;17;797
25;2025-12-09;18;777
25;2025-12-09;19;626
25;2025-12-09;20;326
25;2025-12-09;21;228
25;2025-12-09;22;94
25;2025-12-09;23;9
25;2025-12-10;0;3
25;2025-12-10;1;0
25;2025-12-10;2;0
25;2025-12-10;3;0
25;2025-12-10;4;0
25;2025-12-10;5;20
25;2025-12-10;6;270
25;2025-12-10;7;544
25;2025-12-10;8;916
25;2025-12-10;9;476
25;2025-12-10;10;389
25;2025-12-10;11;447
25;2025-12-10;12;435
25;2025-12-10;13;556
25;2025-12-10;14;468
25;2025-12-10;15;587
25;2025-12-10;16;718
25;2025-12-10;17;797
25;2025-12-10;18;777
25;2025-12-10;19;626
25;2025-12-10;20;326
25;2025-12-10;21;228
25;2025-12-10;22;94
25;2025-12-10;23;9
25;2025-12-11;0;3
25;2025-12-11;1;0
25;2025-12-11;2;0
25;2025-12-11;3;0
25;2025-12-11;4;0
25;2025-12-11;5;20
25;2025-12-11;6;270
25;2025-12-11;7;544
25;2025-12-11;8;916
25;2025-12-11;9;476
25;2025-12-11;10;389
25;2025-12-11;11;447
25;2025-12-11;12;435
25;2025-12-11;13;556
25;2025-12-11;14;468
25;2025-12-11;15;587
25;2025-12-11;16;718
25;2025-12-11;17;797
25;2025-12-11;18;777
25;2025-12-11;19;626
25;2025-12-11;20;326
25;2025-12-11;21;228
25;2025-12-11;22;94
25;2025-12-11;23;9
25;2025-12-12;0;3
25;2025-12-12;1;0
25;2025-12-12;2;0
25;2025-12-12;3;0
25;2025-12-12;4;0
25;2025-12-12;5;20
25;2025-12-12;6;270
25;2025-12-12;7;544
25;2025-12-12;8;916
25;2025-12-12;9;476
25;2025-12-12;10;389
25;2025-12-12;11;447
25;2025-12-12;12;435
25;2025-12-12;13;556
25;2025-12-12;14;468
25;2025-12-12;15;587
25;2025-12-12;16;718
25;2025-12-12;17;797
25;2025-12-12;18;777
25;2025-12-12;19;626
25;2025-12-12;20;326
25;2025-12-12;21;228
25;2025-12-12;22;94
25;2025-12-12;23;9
25;2025-12-13;0;6
25;2025-12-13;1;0
25;2025-12-13;2;0
25;2025-12-13;3;0
25;2025-12-13;4;0
25;2025-12-13;5;21
25;2025-12-13;6;140
25;2025-12-13;7;136
25;2025-12-13;8;316
25;2025-12-13;9;284
25;2025-12-13;10;293
25;2025-12-13;11;389
25;2025-12-13;12;410
25;2025-12-13;13;678
25;2025-12-13;14;684
25;2025-12-13;15;803
25;2025-12-13;16;753
25;2025-12-13;17;602
25;2025-12-13;18;529
25;2025-12-13;19;457
25;2025-12-13;20;258
25;2025-12-13;21;198
25;2025-12-13;22;115
25;2025-12-13;23;44
25;2025-12-14;0;16
25;2025-12-14;1;0
25;2025-12-14;2;0
25;2025-12-14;3;0
25;2025-12-14;4;0
25;2025-12-14;5;10
25;2025-12-14;6;111
25;2025-12-14;7;104
25;2025-12-14;8;197
25;2025-12-14;9;222
25;2025-12-14;10;226
25;2025-12-14;11;323
25;2025-12-14;12;388
25;2025-12-14;13;510
25;2025-12-14;14;602
25;2025-12-14;15;689
25;2025-12-14;16;586
25;2025-12-14;17;584
25;2025-12-14;18;448
25;2025-12-14;19;300
25;2025-12-14;20;238
25;2025-12-14;21;148
25;2025-12-14;22;94
25;2025-12-14;23;36
25;2025-12-15;0;3
25;2025-12-15;1;0
25;2025-12-15;2;0
25;2025-12-15;3;0
25;2025-12-15;4;0
25;2025-12-15;5;20
25;2025-12-15;6;270
25;2025-12-15;7;544
25;2025-12-15;8;916
25;2025-12-15;9;476
25;2025-12-15;10;389
25;2025-12-15;11;447
25;2025-12-15;12;435
25;2025-12-15;13;556
25;2025-12-15;14;468
25;2025-12-15;15;587
25;2025-12-15;16;718
25;2025-12-15;17;797
25;2025-12-15;18;777
25;2025-12-15;19;626
25;2025-12-15;20;326
25;2025-12-15;21;228
25;2025-12-15;22;94
25;2025-12-15;23;9
25;2025-12-16;0;3
25;2025-12-16;1;0
25;2025-12-16;2;0
25;2025-12-16;3;0
25;2025-12-16;4;0
25;2025-12-16;5;20
25;2025-12-16;6;270
25;2025-12-16;7;544
25;2025-12-16;8;916
25;2025-12-16;9;476
25;2025-12-16;10;389
25;2025-12-16;11;447
25;2025-12-16;12;435
25;2025-12-16;13;556
25;2025-12-16;14;468
25;2025-12-16;15;587
25;2025-12-16;16;718
25;2025-12-16;17;797
25;2025-12-16;18;777
25;2025-12-16;19;626
25;2025-12-16;20;326
25;2025-12-16;21;228
25;2025-12-16;22;94
25;2025-12-16;23;9
25;2025-12-17;0;3
25;2025-12-17;1;0
25;2025-12-17;2;0
25;2025-12-17;3;0
25;2025-12-17;4;0
25;2025-12-17;5;20
25;2025-12-17;6;270
25;2025-12-17;7;544
25;2025-12-17;8;916
25;2025-12-17;9;476
25;2025-12-17;10;389
25;2025-12-17;11;447
25;2025-12-17;12;435
25;2025-12-17;13;556
25;2025-12-17;14;468
25;2025-12-17;15;587
25;2025-12-17;16;718
25;2025-12-17;17;797
25;2025-12-17;18;777
25;2025-12-17;19;626
25;2025-12-17;20;326
25;2025-12-17;21;228
25;2025-12-17;22;94
25;2025-12-17;23;9
25;2025-12-18;0;3
25;2025-12-18;1;0
25;2025-12-18;2;0
25;2025-12-18;3;0
25;2025-12-18;4;0
25;2025-12-18;5;20
25;2025-12-18;6;270
25;2025-12-18;7;544
25;2025-12-18;8;916
25;2025-12-18;9;476
25;2025-12-18;10;389
25;2025-12-18;11;447
25;2025-12-18;12;435
25;2025-12-18;13;556
25;2025-12-18;14;468
25;2025-12-18;15;587
25;2025-12-18;16;718
25;2025-12-18;17;797
25;2025-12-18;18;777
25;2025-12-18;19;626
25;2025-12-18;20;326
25;2025-12-18;21;228
25;2025-12-18;22;94
25;2025-12-18;23;9
25;2025-12-19;0;3
25;2025-12-19;1;0
25;2025-12-19;2;0
25;2025-12-19;3;0
25;2025-12-19;4;0
25;2025-12-19;5;20
25;2025-12-19;6;270
25;2025-12-19;7;544
25;2025-12-19;8;916
25;2025-12-19;9;476
25;2025-12-19;10;389
25;2025-12-19;11;447
25;2025-12-19;12;435
25;2025-12-19;13;556
25;2025-12-19;14;468
25;2025-12-19;15;587
25;2025-12-19;16;718
25;2025-12-19;17;797
25;2025-12-19;18;777
25;2025-12-19;19;626
25;2025-12-19;20;326
25;2025-12-19;21;228
25;2025-12-19;22;94
25;2025-12-19;23;9
25;2025-12-20;0;6
25;2025-12-20;1;0
25;2025-12-20;2;0
25;2025-12-20;3;0
25;2025-12-20;4;0
25;2025-12-20;5;21
25;2025-12-20;6;140
25;2025-12-20;7;136
25;2025-12-20;8;316
25;2025-12-20;9;284
25;2025-12-20;10;293
25;2025-12-20;11;389
25;2025-12-20;12;410
25;2025-12-20;13;678
25;2025-12-20;14;684
25;2025-12-20;15;803
25;2025-12-20;16;753
25;2025-12-20;17;602
25;2025-12-20;18;529
25;2025-12-20;19;457
25;2025-12-20;20;258
25;2025-12-20;21;198
25;2025-12-20;22;115
25;2025-12-20;23;44
25;2025-12-21;0;16
25;2025-12-21;1;0
25;2025-12-21;2;0
25;2025-12-21;3;0
25;2025-12-21;4;0
25;2025-12-21;5;10
25;2025-12-21;6;111
25;2025-12-21;7;104
25;2025-12-21;8;197
25;2025-12-21;9;222
25;2025-12-21;10;226
25;2025-12-21;11;323
25;2025-12-21;12;388
25;2025-12-21;13;510
25;2025-12-21;14;602
25;2025-12-21;15;689
25;2025-12-21;16;586
25;2025-12-21;17;584
25;2025-12-21;18;448
25;2025-12-21;19;300
25;2025-12-21;20;238
25;2025-12-21;21;148
25;2025-12-21;22;94
25;2025-12-21;23;36
25;2025-12-22;0;3
25;2025-12-22;1;0
25;2025-12-22;2;0
25;2025-12-22;3;0
25;2025-12-22;4;0
25;2025-12-22;5;20
25;2025-12-22;6;270
25;2025-12-22;7;544
25;2025-12-22;8;916
25;2025-12-22;9;476
25;2025-12-22;10;389
25;2025-12-22;11;447
25;2025-12-22;12;435
25;2025-12-22;13;556
25;2025-12-22;14;468
25;2025-12-22;15;587
25;2025-12-22;16;718
25;2025-12-22;17;797
25;2025-12-22;18;777
25;2025-12-22;19;626
25;2025-12-22;20;326
25;2025-12-22;21;228
25;2025-12-22;22;94
25;2025-12-22;23;9
25;2025-12-23;0;3
25;2025-12-23;1;0
25;2025-12-23;2;0
25;2025-12-23;3;0
25;2025-12-23;4;0
25;2025-12-23;5;20
25;2025-12-23;6;270
25;2025-12-23;7;544
25;2025-12-23;8;916
25;2025-12-23;9;476
25;2025-12-23;10;389
25;2025-12-23;11;447
25;2025-12-23;12;435
25;2025-12-23;13;556
25;2025-12-23;14;468
25;2025-12-23;15;587
25;2025-12-23;16;718
25;2025-12-23;17;797
25;2025-12-23;18;777
25;2025-12-23;19;626
25;2025-12-23;20;326
25;2025-12-23;21;228
25;2025-12-23;22;94
25;2025-12-23;23;9
25;2025-12-24;0;3
25;2025-12-24;1;0
25;2025-12-24;2;0
25;2025-12-24;3;0
25;2025-12-24;4;0
25;2025-12-24;5;20
25;2025-12-24;6;270
25;2025-12-24;7;544
25;2025-12-24;8;916
25;2025-12-24;9;476
25;2025-12-24;10;389
25;2025-12-24;11;447
25;2025-12-24;12;435
25;2025-12-24;13;556
25;2025-12-24;14;468
25;2025-12-24;15;587
25;2025-12-24;16;718
25;2025-12-24;17;797
25;2025-12-24;18;777
25;2025-12-24;19;626
25;2025-12-24;20;326
25;2025-12-24;21;228
25;2025-12-24;22;94
25;2025-12-24;23;9
25;2025-12-25;0;3
25;2025-12-25;1;0
25;2025-12-25;2;0
25;2025-12-25;3;0
25;2025-12-25;4;0
25;2025-12-25;5;20
25;2025-12-25;6;270
25;2025-12-25;7;544
25;2025-12-25;8;916
25;2025-12-25;9;476
25;2025-12-25;10;389
25;2025-12-25;11;447
25;2025-12-25;12;435
25;2025-12-25;13;556
25;2025-12-25;14;468
25;2025-12-25;15;587
25;2025-12-25;16;718
25;2025-12-25;17;797
25;2025-12-25;18;777
25;2025-12-25;19;626
25;2025-12-25;20;326
25;2025-12-25;21;228
25;2025-12-25;22;94
25;2025-12-25;23;9
25;2025-12-26;0;3
25;2025-12-26;1;0
25;2025-12-26;2;0
25;2025-12-26;3;0
25;2025-12-26;4;0
25;2025-12-26;5;20
25;2025-12-26;6;270
25;2025-12-26;7;544
25;2025-12-26;8;916
25;2025-12-26;9;476
25;2025-12-26;10;389
25;2025-12-26;11;447
25;2025-12-26;12;435
25;2025-12-26;13;556
25;2025-12-26;14;468
25;2025-12-26;15;587
25;2025-12-26;16;718
25;2025-12-26;17;797
25;2025-12-26;18;777
25;2025-12-26;19;626
25;2025-12-26;20;326
25;2025-12-26;21;228
25;2025-12-26;22;94
25;2025-12-26;23;9
25;2025-12-27;0;6
25;2025-12-27;1;0
25;2025-12-27;2;0
25;2025-12-27;3;0
25;2025-12-27;4;0
25;2025-12-27;5;21
25;2025-12-27;6;140
25;2025-12-27;7;136
25;2025-12-27;8;316
25;2025-12-27;9;284
25;2025-12-27;10;293
25;2025-12-27;11;389
25;2025-12-27;12;410
25;2025-12-27;13;678
25;2025-12-27;14;684
25;2025-12-27;15;803
25;2025-12-27;16;753
25;2025-12-27;17;602
25;2025-12-27;18;529
25;2025-12-27;19;457
25;2025-12-27;20;258
25;2025-12-27;21;198
25;2025-12-27;22;115
25;2025-12-27;23;44
25;2025-12-28;0;16
25;2025-12-28;1;0
25;2025-12-28;2;0
25;2025-12-28;3;0
25;2025-12-28;4;0
25;2025-12-28;5;10
25;2025-12-28;6;111
25;2025-12-28;7;104
25;2025-12-28;8;197
25;2025-12-28;9;222
25;2025-12-28;10;226
25;2025-12-28;11;323
25;2025-12-28;12;388
25;2025-12-28;13;510
25;2025-12-28;14;602
25;2025-12-28;15;689
25;2025-12-28;16;586
25;2025-12-28;17;584
25;2025-12-28;18;448
25;2025-12-28;19;300
25;2025-12-28;20;238
25;2025-12-28;21;148
25;2025-12-28;22;94
25;2025-12-28;23;36
25;2025-12-29;0;3
25;2025-12-29;1;0
25;2025-12-29;2;0
25;2025-12-29;3;0
25;2025-12-29;4;0
25;2025-12-29;5;20
25;2025-12-29;6;270
25;2025-12-29;7;544
25;2025-12-29;8;916
25;2025-12-29;9;476
25;2025-12-29;10;389
25;2025-12-29;11;447
25;2025-12-29;12;435
25;2025-12-29;13;556
25;2025-12-29;14;468
25;2025-12-29;15;587
25;2025-12-29;16;718
25;2025-12-29;17;797
25;2025-12-29;18;777
25;2025-12-29;19;626
25;2025-12-29;20;326
25;2025-12-29;21;228
25;2025-12-29;22;94
25;2025-12-29;23;9
25;2025-12-30;0;3
25;2025-12-30;1;0
25;2025-12-30;2;0
25;2025-12-30;3;0
25;2025-12-30;4;0
25;2025-12-30;5;20
25;2025-12-30;6;270
25;2025-12-30;7;544
25;2025-12-30;8;916
25;2025-12-30;9;476
25;2025-12-30;10;389
25;2025-12-30;11;447
25;2025-12-30;12;435
25;2025-12-30;13;556
25;2025-12-30;14;468
25;2025-12-30;15;587
25;2025-12-30;16;718
25;2025-12-30;17;797
25;2025-12-30;18;777
25;2025-12-30;19;626
25;2025-12-30;20;326
25;2025-12-30;21;228
25;2025-12-30;22;94
25;2025-12-30;23;9
25;2025-12-31;0;16
25;2025-12-31;1;0
25;2025-12-31;2;0
25;2025-12-31;3;0
25;2025-12-31;4;0
25;2025-12-31;5;10
25;2025-12-31;6;111
25;2025-12-31;7;104
25;2025-12-31;8;197
25;2025-12-31;9;222
25;2025-12-31;10;226
25;2025-12-31;11;323
25;2025-12-31;12;388
25;2025-12-31;13;510
25;2025-12-31;14;602
25;2025-12-31;15;689
25;2025-12-31;16;586
25;2025-12-31;17;584
25;2025-12-31;18;448
25;2025-12-31;19;300
25;2025-12-31;20;238
25;2025-12-31;21;148
25;2025-12-31;22;94
25;2025-12-31;23;36
26;2025-11-01;0;32
26;2025-11-01;1;1
26;2025-11-01;2;0
26;2025-11-01;3;0
26;2025-11-01;4;2
26;2025-11-01;5;94
26;2025-11-01;6;466
26;2025-11-01;7;1093
26;2025-11-01;8;2269
26;2025-11-01;9;1455
26;2025-11-01;10;1238
26;2025-11-01;11;1108
26;2025-11-01;12;1152
26;2025-11-01;13;1169
26;2025-11-01;14;1338
26;2025-11-01;15;1377
26;2025-11-01;16;1511
26;2025-11-01;17;1737
26;2025-11-01;18;1776
26;2025-11-01;19;1195
26;2025-11-01;20;726
26;2025-11-01;21;490
26;2025-11-01;22;201
26;2025-11-01;23;128
26;2025-11-02;0;49
26;2025-11-02;1;4
26;2025-11-02;2;0
26;2025-11-02;3;0
26;2025-11-02;4;2
26;2025-11-02;5;20
26;2025-11-02;6;156
26;2025-11-02;7;257
26;2025-11-02;8;380
26;2025-11-02;9;522
26;2025-11-02;10;588
26;2025-11-02;11;822
26;2025-11-02;12;812
26;2025-11-02;13;873
26;2025-11-02;14;853
26;2025-11-02;15;780
26;2025-11-02;16;744
26;2025-11-02;17;769
26;2025-11-02;18;690
26;2025-11-02;19;505
26;2025-11-02;20;396
26;2025-11-02;21;275
26;2025-11-02;22;158
26;2025-11-02;23;105
26;2025-11-03;0;49
26;2025-11-03;1;4
26;2025-11-03;2;0
26;2025-11-03;3;0
26;2025-11-03;4;2
26;2025-11-03;5;20
26;2025-11-03;6;156
26;2025-11-03;7;257
26;2025-11-03;8;380
26;2025-11-03;9;522
26;2025-11-03;10;588
26;2025-11-03;11;822
26;2025-11-03;12;812
26;2025-11-03;13;873
26;2025-11-03;14;853
26;2025-11-03;15;780
26;2025-11-03;16;744
26;2025-11-03;17;769
26;2025-11-03;18;690
26;2025-11-03;19;505
26;2025-11-03;20;396
26;2025-11-03;21;275
26;2025-11-03;22;158
26;2025-11-03;23;105
26;2025-11-04;0;49
26;2025-11-04;1;4
26;2025-11-04;2;0
26;2025-11-04;3;0
26;2025-11-04;4;2
26;2025-11-04;5;20
26;2025-11-04;6;156
26;2025-11-04;7;257
26;2025-11-04;8;380
26;2025-11-04;9;522
26;2025-11-04;10;588
26;2025-11-04;11;822
26;2025-11-04;12;812
26;2025-11-04;13;873
26;2025-11-04;14;853
26;2025-11-04;15;780
26;2025-11-04;16;744
26;2025-11-04;17;769
26;2025-11-04;18;690
26;2025-11-04;19;505
26;2025-11-04;20;396
26;2025-11-04;21;275
26;2025-11-04;22;158
26;2025-11-04;23;105
26;2025-11-05;0;32
26;2025-11-05;1;1
26;2025-11-05;2;0
26;2025-11-05;3;0
26;2025-11-05;4;2
26;2025-11-05;5;94
26;2025-11-05;6;466
26;2025-11-05;7;1093
26;2025-11-05;8;2269
26;2025-11-05;9;1455
26;2025-11-05;10;1238
26;2025-11-05;11;1108
26;2025-11-05;12;1152
26;2025-11-05;13;1169
26;2025-11-05;14;1338
26;2025-11-05;15;1377
26;2025-11-05;16;1511
26;2025-11-05;17;1737
26;2025-11-05;18;1776
26;2025-11-05;19;1195
26;2025-11-05;20;726
26;2025-11-05;21;490
26;2025-11-05;22;201
26;2025-11-05;23;128
26;2025-11-06;0;32
26;2025-11-06;1;1
26;2025-11-06;2;0
26;2025-11-06;3;0
26;2025-11-06;4;2
26;2025-11-06;5;94
26;2025-11-06;6;466
26;2025-11-06;7;1093
26;2025-11-06;8;2269
26;2025-11-06;9;1455
26;2025-11-06;10;1238
26;2025-11-06;11;1108
26;2025-11-06;12;1152
26;2025-11-06;13;1169
26;2025-11-06;14;1338
26;2025-11-06;15;1377
26;2025-11-06;16;1511
26;2025-11-06;17;1737
26;2025-11-06;18;1776
26;2025-11-06;19;1195
26;2025-11-06;20;726
26;2025-11-06;21;490
26;2025-11-06;22;201
26;2025-11-06;23;128
26;2025-11-07;0;32
26;2025-11-07;1;1
26;2025-11-07;2;0
26;2025-11-07;3;0
26;2025-11-07;4;2
26;2025-11-07;5;94
26;2025-11-07;6;466
26;2025-11-07;7;1093
26;2025-11-07;8;2269
26;2025-11-07;9;1455
26;2025-11-07;10;1238
26;2025-11-07;11;1108
26;2025-11-07;12;1152
26;2025-11-07;13;1169
26;2025-11-07;14;1338
26;2025-11-07;15;1377
26;2025-11-07;16;1511
26;2025-11-07;17;1737
26;2025-11-07;18;1776
26;2025-11-07;19;1195
26;2025-11-07;20;726
26;2025-11-07;21;490
26;2025-11-07;22;201
26;2025-11-07;23;128
26;2025-11-08;0;52
26;2025-11-08;1;2
26;2025-11-08;2;0
26;2025-11-08;3;0
26;2025-11-08;4;2
26;2025-11-08;5;51
26;2025-11-08;6;232
26;2025-11-08;7;370
26;2025-11-08;8;618
26;2025-11-08;9;668
26;2025-11-08;10;827
26;2025-11-08;11;992
26;2025-11-08;12;1069
26;2025-11-08;13;1044
26;2025-11-08;14;1095
26;2025-11-08;15;986
26;2025-11-08;16;1034
26;2025-11-08;17;945
26;2025-11-08;18;873
26;2025-11-08;19;760
26;2025-11-08;20;535
26;2025-11-08;21;348
26;2025-11-08;22;200
26;2025-11-08;23;156
26;2025-11-09;0;49
26;2025-11-09;1;4
26;2025-11-09;2;0
26;2025-11-09;3;0
26;2025-11-09;4;2
26;2025-11-09;5;20
26;2025-11-09;6;156
26;2025-11-09;7;257
26;2025-11-09;8;380
26;2025-11-09;9;522
26;2025-11-09;10;588
26;2025-11-09;11;822
26;2025-11-09;12;812
26;2025-11-09;13;873
26;2025-11-09;14;853
26;2025-11-09;15;780
26;2025-11-09;16;744
26;2025-11-09;17;769
26;2025-11-09;18;690
26;2025-11-09;19;505
26;2025-11-09;20;396
26;2025-11-09;21;275
26;2025-11-09;22;158
26;2025-11-09;23;105
26;2025-11-10;0;32
26;2025-11-10;1;1
26;2025-11-10;2;0
26;2025-11-10;3;0
26;2025-11-10;4;2
26;2025-11-10;5;94
26;2025-11-10;6;466
26;2025-11-10;7;1093
26;2025-11-10;8;2269
26;2025-11-10;9;1455
26;2025-11-10;10;1238
26;2025-11-10;11;1108
26;2025-11-10;12;1152
26;2025-11-10;13;1169
26;2025-11-10;14;1338
26;2025-11-10;15;1377
26;2025-11-10;16;1511
26;2025-11-10;17;1737
26;2025-11-10;18;1776
26;2025-11-10;19;1195
26;2025-11-10;20;726
26;2025-11-10;21;490
26;2025-11-10;22;201
26;2025-11-10;23;128
26;2025-11-11;0;32
26;2025-11-11;1;1
26;2025-11-11;2;0
26;2025-11-11;3;0
26;2025-11-11;4;2
26;2025-11-11;5;94
26;2025-11-11;6;466
26;2025-11-11;7;1093
26;2025-11-11;8;2269
26;2025-11-11;9;1455
26;2025-11-11;10;1238
26;2025-11-11;11;1108
26;2025-11-11;12;1152
26;2025-11-11;13;1169
26;2025-11-11;14;1338
26;2025-11-11;15;1377
26;2025-11-11;16;1511
26;2025-11-11;17;1737
26;2025-11-11;18;1776
26;2025-11-11;19;1195
26;2025-11-11;20;726
26;2025-11-11;21;490
26;2025-11-11;22;201
26;2025-11-11;23;128
26;2025-11-12;0;32
26;2025-11-12;1;1
26;2025-11-12;2;0
26;2025-11-12;3;0
26;2025-11-12;4;2
26;2025-11-12;5;94
26;2025-11-12;6;466
26;2025-11-12;7;1093
26;2025-11-12;8;2269
26;2025-11-12;9;1455
26;2025-11-12;10;1238
26;2025-11-12;11;1108
26;2025-11-12;12;1152
26;2025-11-12;13;1169
26;2025-11-12;14;1338
26;2025-11-12;15;1377
26;2025-11-12;16;1511
26;2025-11-12;17;1737
26;2025-11-12;18;1776
26;2025-11-12;19;1195
26;2025-11-12;20;726
26;2025-11-12;21;490
26;2025-11-12;22;201
26;2025-11-12;23;128
26;2025-11-13;0;32
26;2025-11-13;1;1
26;2025-11-13;2;0
26;2025-11-13;3;0
26;2025-11-13;4;2
26;2025-11-13;5;94
26;2025-11-13;6;466
26;2025-11-13;7;1093
26;2025-11-13;8;2269
26;2025-11-13;9;1455
26;2025-11-13;10;1238
26;2025-11-13;11;1108
26;2025-11-13;12;1152
26;2025-11-13;13;1169
26;2025-11-13;14;1338
26;2025-11-13;15;1377
26;2025-11-13;16;1511
26;2025-11-13;17;1737
26;2025-11-13;18;1776
26;2025-11-13;19;1195
26;2025-11-13;20;726
26;2025-11-13;21;490
26;2025-11-13;22;201
26;2025-11-13;23;128
26;2025-11-14;0;32
26;2025-11-14;1;1
26;2025-11-14;2;0
26;2025-11-14;3;0
26;2025-11-14;4;2
26;2025-11-14;5;94
26;2025-11-14;6;466
26;2025-11-14;7;1093
26;2025-11-14;8;2269
26;2025-11-14;9;1455
26;2025-11-14;10;1238
26;2025-11-14;11;1108
26;2025-11-14;12;1152
26;2025-11-14;13;1169
26;2025-11-14;14;1338
26;2025-11-14;15;1377
26;2025-11-14;16;1511
26;2025-11-14;17;1737
26;2025-11-14;18;1776
26;2025-11-14;19;1195
26;2025-11-14;20;726
26;2025-11-14;21;490
26;2025-11-14;22;201
26;2025-11-14;23;128
26;2025-11-15;0;52
26;2025-11-15;1;2
26;2025-11-15;2;0
26;2025-11-15;3;0
26;2025-11-15;4;2
26;2025-11-15;5;51
26;2025-11-15;6;232
26;2025-11-15;7;370
26;2025-11-15;8;618
26;2025-11-15;9;668
26;2025-11-15;10;827
26;2025-11-15;11;992
26;2025-11-15;12;1069
26;2025-11-15;13;1044
26;2025-11-15;14;1095
26;2025-11-15;15;986
26;2025-11-15;16;1034
26;2025-11-15;17;945
26;2025-11-15;18;873
26;2025-11-15;19;760
26;2025-11-15;20;535
26;2025-11-15;21;348
26;2025-11-15;22;200
26;2025-11-15;23;156
26;2025-11-16;0;49
26;2025-11-16;1;4
26;2025-11-16;2;0
26;2025-11-16;3;0
26;2025-11-16;4;2
26;2025-11-16;5;20
26;2025-11-16;6;156
26;2025-11-16;7;257
26;2025-11-16;8;380
26;2025-11-16;9;522
26;2025-11-16;10;588
26;2025-11-16;11;822
26;2025-11-16;12;812
26;2025-11-16;13;873
26;2025-11-16;14;853
26;2025-11-16;15;780
26;2025-11-16;16;744
26;2025-11-16;17;769
26;2025-11-16;18;690
26;2025-11-16;19;505
26;2025-11-16;20;396
26;2025-11-16;21;275
26;2025-11-16;22;158
26;2025-11-16;23;105
26;2025-11-17;0;32
26;2025-11-17;1;1
26;2025-11-17;2;0
26;2025-11-17;3;0
26;2025-11-17;4;2
26;2025-11-17;5;94
26;2025-11-17;6;466
26;2025-11-17;7;1093
26;2025-11-17;8;2269
26;2025-11-17;9;1455
26;2025-11-17;10;1238
26;2025-11-17;11;1108
26;2025-11-17;12;1152
26;2025-11-17;13;1169
26;2025-11-17;14;1338
26;2025-11-17;15;1377
26;2025-11-17;16;1511
26;2025-11-17;17;1737
26;2025-11-17;18;1776
26;2025-11-17;19;1195
26;2025-11-17;20;726
26;2025-11-17;21;490
26;2025-11-17;22;201
26;2025-11-17;23;128
26;2025-11-18;0;32
26;2025-11-18;1;1
26;2025-11-18;2;0
26;2025-11-18;3;0
26;2025-11-18;4;2
26;2025-11-18;5;94
26;2025-11-18;6;466
26;2025-11-18;7;1093
26;2025-11-18;8;2269
26;2025-11-18;9;1455
26;2025-11-18;10;1238
26;2025-11-18;11;1108
26;2025-11-18;12;1152
26;2025-11-18;13;1169
26;2025-11-18;14;1338
26;2025-11-18;15;1377
26;2025-11-18;16;1511
26;2025-11-18;17;1737
26;2025-11-18;18;1776
26;2025-11-18;19;1195
26;2025-11-18;20;726
26;2025-11-18;21;490
26;2025-11-18;22;201
26;2025-11-18;23;128
26;2025-11-19;0;32
26;2025-11-19;1;1
26;2025-11-19;2;0
26;2025-11-19;3;0
26;2025-11-19;4;2
26;2025-11-19;5;94
26;2025-11-19;6;466
26;2025-11-19;7;1093
26;2025-11-19;8;2269
26;2025-11-19;9;1455
26;2025-11-19;10;1238
26;2025-11-19;11;1108
26;2025-11-19;12;1152
26;2025-11-19;13;1169
26;2025-11-19;14;1338
26;2025-11-19;15;1377
26;2025-11-19;16;1511
26;2025-11-19;17;1737
26;2025-11-19;18;1776
26;2025-11-19;19;1195
26;2025-11-19;20;726
26;2025-11-19;21;490
26;2025-11-19;22;201
26;2025-11-19;23;128
26;2025-11-20;0;32
26;2025-11-20;1;1
26;2025-11-20;2;0
26;2025-11-20;3;0
26;2025-11-20;4;2
26;2025-11-20;5;94
26;2025-11-20;6;466
26;2025-11-20;7;1093
26;2025-11-20;8;2269
26;2025-11-20;9;1455
26;2025-11-20;10;1238
26;2025-11-20;11;1108
26;2025-11-20;12;1152
26;2025-11-20;13;1169
26;2025-11-20;14;1338
26;2025-11-20;15;1377
26;2025-11-20;16;1511
26;2025-11-20;17;1737
26;2025-11-20;18;1776
26;2025-11-20;19;1195
26;2025-11-20;20;726
26;2025-11-20;21;490
26;2025-11-20;22;201
26;2025-11-20;23;128
26;2025-11-21;0;32
26;2025-11-21;1;1
26;2025-11-21;2;0
26;2025-11-21;3;0
26;2025-11-21;4;2
26;2025-11-21;5;94
26;2025-11-21;6;466
26;2025-11-21;7;1093
26;2025-11-21;8;2269
26;2025-11-21;9;1455
26;2025-11-21;10;1238
26;2025-11-21;11;1108
26;2025-11-21;12;1152
26;2025-11-21;13;1169
26;2025-11-21;14;1338
26;2025-11-21;15;1377
26;2025-11-21;16;1511
26;2025-11-21;17;1737
26;2025-11-21;18;1776
26;2025-11-21;19;1195
26;2025-11-21;20;726
26;2025-11-21;21;490
26;2025-11-21;22;201
26;2025-11-21;23;128
26;2025-11-22;0;52
26;2025-11-22;1;2
26;2025-11-22;2;0
26;2025-11-22;3;0
26;2025-11-22;4;2
26;2025-11-22;5;51
26;2025-11-22;6;232
26;2025-11-22;7;370
26;2025-11-22;8;618
26;2025-11-22;9;668
26;2025-11-22;10;827
26;2025-11-22;11;992
26;2025-11-22;12;1069
26;2025-11-22;13;1044
26;2025-11-22;14;1095
26;2025-11-22;15;986
26;2025-11-22;16;1034
26;2025-11-22;17;945
26;2025-11-22;18;873
26;2025-11-22;19;760
26;2025-11-22;20;535
26;2025-11-22;21;348
26;2025-11-22;22;200
26;2025-11-22;23;156
26;2025-11-23;0;49
26;2025-11-23;1;4
26;2025-11-23;2;0
26;2025-11-23;3;0
26;2025-11-23;4;2
26;2025-11-23;5;20
26;2025-11-23;6;156
26;2025-11-23;7;257
26;2025-11-23;8;380
26;2025-11-23;9;522
26;2025-11-23;10;588
26;2025-11-23;11;822
26;2025-11-23;12;812
26;2025-11-23;13;873
26;2025-11-23;14;853
26;2025-11-23;15;780
26;2025-11-23;16;744
26;2025-11-23;17;769
26;2025-11-23;18;690
26;2025-11-23;19;505
26;2025-11-23;20;396
26;2025-11-23;21;275
26;2025-11-23;22;158
26;2025-11-23;23;105
26;2025-11-24;0;32
26;2025-11-24;1;1
26;2025-11-24;2;0
26;2025-11-24;3;0
26;2025-11-24;4;2
26;2025-11-24;5;94
26;2025-11-24;6;466
26;2025-11-24;7;1093
26;2025-11-24;8;2269
26;2025-11-24;9;1455
26;2025-11-24;10;1238
26;2025-11-24;11;1108
26;2025-11-24;12;1152
26;2025-11-24;13;1169
26;2025-11-24;14;1338
26;2025-11-24;15;1377
26;2025-11-24;16;1511
26;2025-11-24;17;1737
26;2025-11-24;18;1776
26;2025-11-24;19;1195
26;2025-11-24;20;726
26;2025-11-24;21;490
26;2025-11-24;22;201
26;2025-11-24;23;128
26;2025-11-25;0;32
26;2025-11-25;1;1
26;2025-11-25;2;0
26;2025-11-25;3;0
26;2025-11-25;4;2
26;2025-11-25;5;94
26;2025-11-25;6;466
26;2025-11-25;7;1093
26;2025-11-25;8;2269
26;2025-11-25;9;1455
26;2025-11-25;10;1238
26;2025-11-25;11;1108
26;2025-11-25;12;1152
26;2025-11-25;13;1169
26;2025-11-25;14;1338
26;2025-11-25;15;1377
26;2025-11-25;16;1511
26;2025-11-25;17;1737
26;2025-11-25;18;1776
26;2025-11-25;19;1195
26;2025-11-25;20;726
26;2025-11-25;21;490
26;2025-11-25;22;201
26;2025-11-25;23;128
26;2025-11-26;0;32
26;2025-11-26;1;1
26;2025-11-26;2;0
26;2025-11-26;3;0
26;2025-11-26;4;2
26;2025-11-26;5;94
26;2025-11-26;6;466
26;2025-11-26;7;1093
26;2025-11-26;8;2269
26;2025-11-26;9;1455
26;2025-11-26;10;1238
26;2025-11-26;11;1108
26;2025-11-26;12;1152
26;2025-11-26;13;1169
26;2025-11-26;14;1338
26;2025-11-26;15;1377
26;2025-11-26;16;1511
26;2025-11-26;17;1737
26;2025-11-26;18;1776
26;2025-11-26;19;1195
26;2025-11-26;20;726
26;2025-11-26;21;490
26;2025-11-26;22;201
26;2025-11-26;23;128
26;2025-11-27;0;32
26;2025-11-27;1;1
26;2025-11-27;2;0
26;2025-11-27;3;0
26;2025-11-27;4;2
26;2025-11-27;5;94
26;2025-11-27;6;466
26;2025-11-27;7;1093
26;2025-11-27;8;2269
26;2025-11-27;9;1455
26;2025-11-27;10;1238
26;2025-11-27;11;1108
26;2025-11-27;12;1152
26;2025-11-27;13;1169
26;2025-11-27;14;1338
26;2025-11-27;15;1377
26;2025-11-27;16;1511
26;2025-11-27;17;1737
26;2025-11-27;18;1776
26;2025-11-27;19;1195
26;2025-11-27;20;726
26;2025-11-27;21;490
26;2025-11-27;22;201
26;2025-11-27;23;128
26;2025-11-28;0;32
26;2025-11-28;1;1
26;2025-11-28;2;0
26;2025-11-28;3;0
26;2025-11-28;4;2
26;2025-11-28;5;94
26;2025-11-28;6;466
26;2025-11-28;7;1093
26;2025-11-28;8;2269
26;2025-11-28;9;1455
26;2025-11-28;10;1238
26;2025-11-28;11;1108
26;2025-11-28;12;1152
26;2025-11-28;13;1169
26;2025-11-28;14;1338
26;2025-11-28;15;1377
26;2025-11-28;16;1511
26;2025-11-28;17;1737
26;2025-11-28;18;1776
26;2025-11-28;19;1195
26;2025-11-28;20;726
26;2025-11-28;21;490
26;2025-11-28;22;201
26;2025-11-28;23;128
26;2025-11-29;0;52
26;2025-11-29;1;2
26;2025-11-29;2;0
26;2025-11-29;3;0
26;2025-11-29;4;2
26;2025-11-29;5;51
26;2025-11-29;6;232
26;2025-11-29;7;370
26;2025-11-29;8;618
26;2025-11-29;9;668
26;2025-11-29;10;827
26;2025-11-29;11;992
26;2025-11-29;12;1069
26;2025-11-29;13;1044
26;2025-11-29;14;1095
26;2025-11-29;15;986
26;2025-11-29;16;1034
26;2025-11-29;17;945
26;2025-11-29;18;873
26;2025-11-29;19;760
26;2025-11-29;20;535
26;2025-11-29;21;348
26;2025-11-29;22;200
26;2025-11-29;23;156
26;2025-11-30;0;49
26;2025-11-30;1;4
26;2025-11-30;2;0
26;2025-11-30;3;0
26;2025-11-30;4;2
26;2025-11-30;5;20
26;2025-11-30;6;156
26;2025-11-30;7;257
26;2025-11-30;8;380
26;2025-11-30;9;522
26;2025-11-30;10;588
26;2025-11-30;11;822
26;2025-11-30;12;812
26;2025-11-30;13;873
26;2025-11-30;14;853
26;2025-11-30;15;780
26;2025-11-30;16;744
26;2025-11-30;17;769
26;2025-11-30;18;690
26;2025-11-30;19;505
26;2025-11-30;20;396
26;2025-11-30;21;275
26;2025-11-30;22;158
26;2025-11-30;23;105
26;2025-12-01;0;32
26;2025-12-01;1;1
26;2025-12-01;2;0
26;2025-12-01;3;0
26;2025-12-01;4;2
26;2025-12-01;5;94
26;2025-12-01;6;466
26;2025-12-01;7;1093
26;2025-12-01;8;2269
26;2025-12-01;9;1455
26;2025-12-01;10;1238
26;2025-12-01;11;1108
26;2025-12-01;12;1152
26;2025-12-01;13;1169
26;2025-12-01;14;1338
26;2025-12-01;15;1377
26;2025-12-01;16;1511
26;2025-12-01;17;1737
26;2025-12-01;18;1776
26;2025-12-01;19;1195
26;2025-12-01;20;726
26;2025-12-01;21;490
26;2025-12-01;22;201
26;2025-12-01;23;128
26;2025-12-02;0;32
26;2025-12-02;1;1
26;2025-12-02;2;0
26;2025-12-02;3;0
26;2025-12-02;4;2
26;2025-12-02;5;94
26;2025-12-02;6;466
26;2025-12-02;7;1093
26;2025-12-02;8;2269
26;2025-12-02;9;1455
26;2025-12-02;10;1238
26;2025-12-02;11;1108
26;2025-12-02;12;1152
26;2025-12-02;13;1169
26;2025-12-02;14;1338
26;2025-12-02;15;1377
26;2025-12-02;16;1511
26;2025-12-02;17;1737
26;2025-12-02;18;1776
26;2025-12-02;19;1195
26;2025-12-02;20;726
26;2025-12-02;21;490
26;2025-12-02;22;201
26;2025-12-02;23;128
26;2025-12-03;0;32
26;2025-12-03;1;1
26;2025-12-03;2;0
26;2025-12-03;3;0
26;2025-12-03;4;2
26;2025-12-03;5;94
26;2025-12-03;6;466
26;2025-12-03;7;1093
26;2025-12-03;8;2269
26;2025-12-03;9;1455
26;2025-12-03;10;1238
26;2025-12-03;11;1108
26;2025-12-03;12;1152
26;2025-12-03;13;1169
26;2025-12-03;14;1338
26;2025-12-03;15;1377
26;2025-12-03;16;1511
26;2025-12-03;17;1737
26;2025-12-03;18;1776
26;2025-12-03;19;1195
26;2025-12-03;20;726
26;2025-12-03;21;490
26;2025-12-03;22;201
26;2025-12-03;23;128
26;2025-12-04;0;32
26;2025-12-04;1;1
26;2025-12-04;2;0
26;2025-12-04;3;0
26;2025-12-04;4;2
26;2025-12-04;5;94
26;2025-12-04;6;466
26;2025-12-04;7;1093
26;2025-12-04;8;2269
26;2025-12-04;9;1455
26;2025-12-04;10;1238
26;2025-12-04;11;1108
26;2025-12-04;12;1152
26;2025-12-04;13;1169
26;2025-12-04;14;1338
26;2025-12-04;15;1377
26;2025-12-04;16;1511
26;2025-12-04;17;1737
26;2025-12-04;18;1776
26;2025-12-04;19;1195
26;2025-12-04;20;726
26;2025-12-04;21;490
26;2025-12-04;22;201
26;2025-12-04;23;128
26;2025-12-05;0;32
26;2025-12-05;1;1
26;2025-12-05;2;0
26;2025-12-05;3;0
26;2025-12-05;4;2
26;2025-12-05;5;94
26;2025-12-05;6;466
26;2025-12-05;7;1093
26;2025-12-05;8;2269
26;2025-12-05;9;1455
26;2025-12-05;10;1238
26;2025-12-05;11;1108
26;2025-12-05;12;1152
26;2025-12-05;13;1169
26;2025-12-05;14;1338
26;2025-12-05;15;1377
26;2025-12-05;16;1511
26;2025-12-05;17;1737
26;2025-12-05;18;1776
26;2025-12-05;19;1195
26;2025-12-05;20;726
26;2025-12-05;21;490
26;2025-12-05;22;201
26;2025-12-05;23;128
26;2025-12-06;0;52
26;2025-12-06;1;2
26;2025-12-06;2;0
26;2025-12-06;3;0
26;2025-12-06;4;2
26;2025-12-06;5;51
26;2025-12-06;6;232
26;2025-12-06;7;370
26;2025-12-06;8;618
26;2025-12-06;9;668
26;2025-12-06;10;827
26;2025-12-06;11;992
26;2025-12-06;12;1069
26;2025-12-06;13;1044
26;2025-12-06;14;1095
26;2025-12-06;15;986
26;2025-12-06;16;1034
26;2025-12-06;17;945
26;2025-12-06;18;873
26;2025-12-06;19;760
26;2025-12-06;20;535
26;2025-12-06;21;348
26;2025-12-06;22;200
26;2025-12-06;23;156
26;2025-12-07;0;49
26;2025-12-07;1;4
26;2025-12-07;2;0
26;2025-12-07;3;0
26;2025-12-07;4;2
26;2025-12-07;5;20
26;2025-12-07;6;156
26;2025-12-07;7;257
26;2025-12-07;8;380
26;2025-12-07;9;522
26;2025-12-07;10;588
26;2025-12-07;11;822
26;2025-12-07;12;812
26;2025-12-07;13;873
26;2025-12-07;14;853
26;2025-12-07;15;780
26;2025-12-07;16;744
26;2025-12-07;17;769
26;2025-12-07;18;690
26;2025-12-07;19;505
26;2025-12-07;20;396
26;2025-12-07;21;275
26;2025-12-07;22;158
26;2025-12-07;23;105
26;2025-12-08;0;32
26;2025-12-08;1;1
26;2025-12-08;2;0
26;2025-12-08;3;0
26;2025-12-08;4;2
26;2025-12-08;5;94
26;2025-12-08;6;466
26;2025-12-08;7;1093
26;2025-12-08;8;2269
26;2025-12-08;9;1455
26;2025-12-08;10;1238
26;2025-12-08;11;1108
26;2025-12-08;12;1152
26;2025-12-08;13;1169
26;2025-12-08;14;1338
26;2025-12-08;15;1377
26;2025-12-08;16;1511
26;2025-12-08;17;1737
26;2025-12-08;18;1776
26;2025-12-08;19;1195
26;2025-12-08;20;726
26;2025-12-08;21;490
26;2025-12-08;22;201
26;2025-12-08;23;128
26;2025-12-09;0;32
26;2025-12-09;1;1
26;2025-12-09;2;0
26;2025-12-09;3;0
26;2025-12-09;4;2
26;2025-12-09;5;94
26;2025-12-09;6;466
26;2025-12-09;7;1093
26;2025-12-09;8;2269
26;2025-12-09;9;1455
26;2025-12-09;10;1238
26;2025-12-09;11;1108
26;2025-12-09;12;1152
26;2025-12-09;13;1169
26;2025-12-09;14;1338
26;2025-12-09;15;1377
26;2025-12-09;16;1511
26;2025-12-09;17;1737
26;2025-12-09;18;1776
26;2025-12-09;19;1195
26;2025-12-09;20;726
26;2025-12-09;21;490
26;2025-12-09;22;201
26;2025-12-09;23;128
26;2025-12-10;0;32
26;2025-12-10;1;1
26;2025-12-10;2;0
26;2025-12-10;3;0
26;2025-12-10;4;2
26;2025-12-10;5;94
26;2025-12-10;6;466
26;2025-12-10;7;1093
26;2025-12-10;8;2269
26;2025-12-10;9;1455
26;2025-12-10;10;1238
26;2025-12-10;11;1108
26;2025-12-10;12;1152
26;2025-12-10;13;1169
26;2025-12-10;14;1338
26;2025-12-10;15;1377
26;2025-12-10;16;1511
26;2025-12-10;17;1737
26;2025-12-10;18;1776
26;2025-12-10;19;1195
26;2025-12-10;20;726
26;2025-12-10;21;490
26;2025-12-10;22;201
26;2025-12-10;23;128
26;2025-12-11;0;32
26;2025-12-11;1;1
26;2025-12-11;2;0
26;2025-12-11;3;0
26;2025-12-11;4;2
26;2025-12-11;5;94
26;2025-12-11;6;466
26;2025-12-11;7;1093
26;2025-12-11;8;2269
26;2025-12-11;9;1455
26;2025-12-11;10;1238
26;2025-12-11;11;1108
26;2025-12-11;12;1152
26;2025-12-11;13;1169
26;2025-12-11;14;1338
26;2025-12-11;15;1377
26;2025-12-11;16;1511
26;2025-12-11;17;1737
26;2025-12-11;18;1776
26;2025-12-11;19;1195
26;2025-12-11;20;726
26;2025-12-11;21;490
26;2025-12-11;22;201
26;2025-12-11;23;128
26;2025-12-12;0;32
26;2025-12-12;1;1
26;2025-12-12;2;0
26;2025-12-12;3;0
26;2025-12-12;4;2
26;2025-12-12;5;94
26;2025-12-12;6;466
26;2025-12-12;7;1093
26;2025-12-12;8;2269
26;2025-12-12;9;1455
26;2025-12-12;10;1238
26;2025-12-12;11;1108
26;2025-12-12;12;1152
26;2025-12-12;13;1169
26;2025-12-12;14;1338
26;2025-12-12;15;1377
26;2025-12-12;16;1511
26;2025-12-12;17;1737
26;2025-12-12;18;1776
26;2025-12-12;19;1195
26;2025-12-12;20;726
26;2025-12-12;21;490
26;2025-12-12;22;201
26;2025-12-12;23;128
26;2025-12-13;0;52
26;2025-12-13;1;2
26;2025-12-13;2;0
26;2025-12-13;3;0
26;2025-12-13;4;2
26;2025-12-13;5;51
26;2025-12-13;6;232
26;2025-12-13;7;370
26;2025-12-13;8;618
26;2025-12-13;9;668
26;2025-12-13;10;827
26;2025-12-13;11;992
26;2025-12-13;12;1069
26;2025-12-13;13;1044
26;2025-12-13;14;1095
26;2025-12-13;15;986
26;2025-12-13;16;1034
26;2025-12-13;17;945
26;2025-12-13;18;873
26;2025-12-13;19;760
26;2025-12-13;20;535
26;2025-12-13;21;348
26;2025-12-13;22;200
26;2025-12-13;23;156
26;2025-12-14;0;49
26;2025-12-14;1;4
26;2025-12-14;2;0
26;2025-12-14;3;0
26;2025-12-14;4;2
26;2025-12-14;5;20
26;2025-12-14;6;156
26;2025-12-14;7;257
26;2025-12-14;8;380
26;2025-12-14;9;522
26;2025-12-14;10;588
26;2025-12-14;11;822
26;2025-12-14;12;812
26;2025-12-14;13;873
26;2025-12-14;14;853
26;2025-12-14;15;780
26;2025-12-14;16;744
26;2025-12-14;17;769
26;2025-12-14;18;690
26;2025-12-14;19;505
26;2025-12-14;20;396
26;2025-12-14;21;275
26;2025-12-14;22;158
26;2025-12-14;23;105
26;2025-12-15;0;32
26;2025-12-15;1;1
26;2025-12-15;2;0
26;2025-12-15;3;0
26;2025-12-15;4;2
26;2025-12-15;5;94
26;2025-12-15;6;466
26;2025-12-15;7;1093
26;2025-12-15;8;2269
26;2025-12-15;9;1455
26;2025-12-15;10;1238
26;2025-12-15;11;1108
26;2025-12-15;12;1152
26;2025-12-15;13;1169
26;2025-12-15;14;1338
26;2025-12-15;15;1377
26;2025-12-15;16;1511
26;2025-12-15;17;1737
26;2025-12-15;18;1776
26;2025-12-15;19;1195
26;2025-12-15;20;726
26;2025-12-15;21;490
26;2025-12-15;22;201
26;2025-12-15;23;128
26;2025-12-16;0;32
26;2025-12-16;1;1
26;2025-12-16;2;0
26;2025-12-16;3;0
26;2025-12-16;4;2
26;2025-12-16;5;94
26;2025-12-16;6;466
26;2025-12-16;7;1093
26;2025-12-16;8;2269
26;2025-12-16;9;1455
26;2025-12-16;10;1238
26;2025-12-16;11;1108
26;2025-12-16;12;1152
26;2025-12-16;13;1169
26;2025-12-16;14;1338
26;2025-12-16;15;1377
26;2025-12-16;16;1511
26;2025-12-16;17;1737
26;2025-12-16;18;1776
26;2025-12-16;19;1195
26;2025-12-16;20;726
26;2025-12-16;21;490
26;2025-12-16;22;201
26;2025-12-16;23;128
26;2025-12-17;0;32
26;2025-12-17;1;1
26;2025-12-17;2;0
26;2025-12-17;3;0
26;2025-12-17;4;2
26;2025-12-17;5;94
26;2025-12-17;6;466
26;2025-12-17;7;1093
26;2025-12-17;8;2269
26;2025-12-17;9;1455
26;2025-12-17;10;1238
26;2025-12-17;11;1108
26;2025-12-17;12;1152
26;2025-12-17;13;1169
26;2025-12-17;14;1338
26;2025-12-17;15;1377
26;2025-12-17;16;1511
26;2025-12-17;17;1737
26;2025-12-17;18;1776
26;2025-12-17;19;1195
26;2025-12-17;20;726
26;2025-12-17;21;490
26;2025-12-17;22;201
26;2025-12-17;23;128
26;2025-12-18;0;32
26;2025-12-18;1;1
26;2025-12-18;2;0
26;2025-12-18;3;0
26;2025-12-18;4;2
26;2025-12-18;5;94
26;2025-12-18;6;466
26;2025-12-18;7;1093
26;2025-12-18;8;2269
26;2025-12-18;9;1455
26;2025-12-18;10;1238
26;2025-12-18;11;1108
26;2025-12-18;12;1152
26;2025-12-18;13;1169
26;2025-12-18;14;1338
26;2025-12-18;15;1377
26;2025-12-18;16;1511
26;2025-12-18;17;1737
26;2025-12-18;18;1776
26;2025-12-18;19;1195
26;2025-12-18;20;726
26;2025-12-18;21;490
26;2025-12-18;22;201
26;2025-12-18;23;128
26;2025-12-19;0;32
26;2025-12-19;1;1
26;2025-12-19;2;0
26;2025-12-19;3;0
26;2025-12-19;4;2
26;2025-12-19;5;94
26;2025-12-19;6;466
26;2025-12-19;7;1093
26;2025-12-19;8;2269
26;2025-12-19;9;1455
26;2025-12-19;10;1238
26;2025-12-19;11;1108
26;2025-12-19;12;1152
26;2025-12-19;13;1169
26;2025-12-19;14;1338
26;2025-12-19;15;1377
26;2025-12-19;16;1511
26;2025-12-19;17;1737
26;2025-12-19;18;1776
26;2025-12-19;19;1195
26;2025-12-19;20;726
26;2025-12-19;21;490
26;2025-12-19;22;201
26;2025-12-19;23;128
26;2025-12-20;0;52
26;2025-12-20;1;2
26;2025-12-20;2;0
26;2025-12-20;3;0
26;2025-12-20;4;2
26;2025-12-20;5;51
26;2025-12-20;6;232
26;2025-12-20;7;370
26;2025-12-20;8;618
26;2025-12-20;9;668
26;2025-12-20;10;827
26;2025-12-20;11;992
26;2025-12-20;12;1069
26;2025-12-20;13;1044
26;2025-12-20;14;1095
26;2025-12-20;15;986
26;2025-12-20;16;1034
26;2025-12-20;17;945
26;2025-12-20;18;873
26;2025-12-20;19;760
26;2025-12-20;20;535
26;2025-12-20;21;348
26;2025-12-20;22;200
26;2025-12-20;23;156
26;2025-12-21;0;49
26;2025-12-21;1;4
26;2025-12-21;2;0
26;2025-12-21;3;0
26;2025-12-21;4;2
26;2025-12-21;5;20
26;2025-12-21;6;156
26;2025-12-21;7;257
26;2025-12-21;8;380
26;2025-12-21;9;522
26;2025-12-21;10;588
26;2025-12-21;11;822
26;2025-12-21;12;812
26;2025-12-21;13;873
26;2025-12-21;14;853
26;2025-12-21;15;780
26;2025-12-21;16;744
26;2025-12-21;17;769
26;2025-12-21;18;690
26;2025-12-21;19;505
26;2025-12-21;20;396
26;2025-12-21;21;275
26;2025-12-21;22;158
26;2025-12-21;23;105
26;2025-12-22;0;32
26;2025-12-22;1;1
26;2025-12-22;2;0
26;2025-12-22;3;0
26;2025-12-22;4;2
26;2025-12-22;5;94
26;2025-12-22;6;466
26;2025-12-22;7;1093
26;2025-12-22;8;2269
26;2025-12-22;9;1455
26;2025-12-22;10;1238
26;2025-12-22;11;1108
26;2025-12-22;12;1152
26;2025-12-22;13;1169
26;2025-12-22;14;1338
26;2025-12-22;15;1377
26;2025-12-22;16;1511
26;2025-12-22;17;1737
26;2025-12-22;18;1776
26;2025-12-22;19;1195
26;2025-12-22;20;726
26;2025-12-22;21;490
26;2025-12-22;22;201
26;2025-12-22;23;128
26;2025-12-23;0;32
26;2025-12-23;1;1
26;2025-12-23;2;0
26;2025-12-23;3;0
26;2025-12-23;4;2
26;2025-12-23;5;94
26;2025-12-23;6;466
26;2025-12-23;7;1093
26;2025-12-23;8;2269
26;2025-12-23;9;1455
26;2025-12-23;10;1238
26;2025-12-23;11;1108
26;2025-12-23;12;1152
26;2025-12-23;13;1169
26;2025-12-23;14;1338
26;2025-12-23;15;1377
26;2025-12-23;16;1511
26;2025-12-23;17;1737
26;2025-12-23;18;1776
26;2025-12-23;19;1195
26;2025-12-23;20;726
26;2025-12-23;21;490
26;2025-12-23;22;201
26;2025-12-23;23;128
26;2025-12-24;0;32
26;2025-12-24;1;1
26;2025-12-24;2;0
26;2025-12-24;3;0
26;2025-12-24;4;2
26;2025-12-24;5;94
26;2025-12-24;6;466
26;2025-12-24;7;1093
26;2025-12-24;8;2269
26;2025-12-24;9;1455
26;2025-12-24;10;1238
26;2025-12-24;11;1108
26;2025-12-24;12;1152
26;2025-12-24;13;1169
26;2025-12-24;14;1338
26;2025-12-24;15;1377
26;2025-12-24;16;1511
26;2025-12-24;17;1737
26;2025-12-24;18;1776
26;2025-12-24;19;1195
26;2025-12-24;20;726
26;2025-12-24;21;490
26;2025-12-24;22;201
26;2025-12-24;23;128
26;2025-12-25;0;32
26;2025-12-25;1;1
26;2025-12-25;2;0
26;2025-12-25;3;0
26;2025-12-25;4;2
26;2025-12-25;5;94
26;2025-12-25;6;466
26;2025-12-25;7;1093
26;2025-12-25;8;2269
26;2025-12-25;9;1455
26;2025-12-25;10;1238
26;2025-12-25;11;1108
26;2025-12-25;12;1152
26;2025-12-25;13;1169
26;2025-12-25;14;1338
26;2025-12-25;15;1377
26;2025-12-25;16;1511
26;2025-12-25;17;1737
26;2025-12-25;18;1776
26;2025-12-25;19;1195
26;2025-12-25;20;726
26;2025-12-25;21;490
26;2025-12-25;22;201
26;2025-12-25;23;128
26;2025-12-26;0;32
26;2025-12-26;1;1
26;2025-12-26;2;0
26;2025-12-26;3;0
26;2025-12-26;4;2
26;2025-12-26;5;94
26;2025-12-26;6;466
26;2025-12-26;7;1093
26;2025-12-26;8;2269
26;2025-12-26;9;1455
26;2025-12-26;10;1238
26;2025-12-26;11;1108
26;2025-12-26;12;1152
26;2025-12-26;13;1169
26;2025-12-26;14;1338
26;2025-12-26;15;1377
26;2025-12-26;16;1511
26;2025-12-26;17;1737
26;2025-12-26;18;1776
26;2025-12-26;19;1195
26;2025-12-26;20;726
26;2025-12-26;21;490
26;2025-12-26;22;201
26;2025-12-26;23;128
26;2025-12-27;0;52
26;2025-12-27;1;2
26;2025-12-27;2;0
26;2025-12-27;3;0
26;2025-12-27;4;2
26;2025-12-27;5;51
26;2025-12-27;6;232
26;2025-12-27;7;370
26;2025-12-27;8;618
26;2025-12-27;9;668
26;2025-12-27;10;827
26;2025-12-27;11;992
26;2025-12-27;12;1069
26;2025-12-27;13;1044
26;2025-12-27;14;1095
26;2025-12-27;15;986
26;2025-12-27;16;1034
26;2025-12-27;17;945
26;2025-12-27;18;873
26;2025-12-27;19;760
26;2025-12-27;20;535
26;2025-12-27;21;348
26;2025-12-27;22;200
26;2025-12-27;23;156
26;2025-12-28;0;49
26;2025-12-28;1;4
26;2025-12-28;2;0
26;2025-12-28;3;0
26;2025-12-28;4;2
26;2025-12-28;5;20
26;2025-12-28;6;156
26;2025-12-28;7;257
26;2025-12-28;8;380
26;2025-12-28;9;522
26;2025-12-28;10;588
26;2025-12-28;11;822
26;2025-12-28;12;812
26;2025-12-28;13;873
26;2025-12-28;14;853
26;2025-12-28;15;780
26;2025-12-28;16;744
26;2025-12-28;17;769
26;2025-12-28;18;690
26;2025-12-28;19;505
26;2025-12-28;20;396
26;2025-12-28;21;275
26;2025-12-28;22;158
26;2025-12-28;23;105
26;2025-12-29;0;32
26;2025-12-29;1;1
26;2025-12-29;2;0
26;2025-12-29;3;0
26;2025-12-29;4;2
26;2025-12-29;5;94
26;2025-12-29;6;466
26;2025-12-29;7;1093
26;2025-12-29;8;2269
26;2025-12-29;9;1455
26;2025-12-29;10;1238
26;2025-12-29;11;1108
26;2025-12-29;12;1152
26;2025-12-29;13;1169
26;2025-12-29;14;1338
26;2025-12-29;15;1377
26;2025-12-29;16;1511
26;2025-12-29;17;1737
26;2025-12-29;18;1776
26;2025-12-29;19;1195
26;2025-12-29;20;726
26;2025-12-29;21;490
26;2025-12-29;22;201
26;2025-12-29;23;128
26;2025-12-30;0;32
26;2025-12-30;1;1
26;2025-12-30;2;0
26;2025-12-30;3;0
26;2025-12-30;4;2
26;2025-12-30;5;94
26;2025-12-30;6;466
26;2025-12-30;7;1093
26;2025-12-30;8;2269
26;2025-12-30;9;1455
26;2025-12-30;10;1238
26;2025-12-30;11;1108
26;2025-12-30;12;1152
26;2025-12-30;13;1169
26;2025-12-30;14;1338
26;2025-12-30;15;1377
26;2025-12-30;16;1511
26;2025-12-30;17;1737
26;2025-12-30;18;1776
26;2025-12-30;19;1195
26;2025-12-30;20;726
26;2025-12-30;21;490
26;2025-12-30;22;201
26;2025-12-30;23;128
26;2025-12-31;0;49
26;2025-12-31;1;4
26;2025-12-31;2;0
26;2025-12-31;3;0
26;2025-12-31;4;2
26;2025-12-31;5;20
26;2025-12-31;6;156
26;2025-12-31;7;257
26;2025-12-31;8;380
26;2025-12-31;9;522
26;2025-12-31;10;588
26;2025-12-31;11;822
26;2025-12-31;12;812
26;2025-12-31;13;873
26;2025-12-31;14;853
26;2025-12-31;15;780
26;2025-12-31;16;744
26;2025-12-31;17;769
26;2025-12-31;18;690
26;2025-12-31;19;505
26;2025-12-31;20;396
26;2025-12-31;21;275
26;2025-12-31;22;158
26;2025-12-31;23;105
28;2025-11-01;0;2
28;2025-11-01;1;0
28;2025-11-01;2;0
28;2025-11-01;3;0
28;2025-11-01;4;1
28;2025-11-01;5;76
28;2025-11-01;6;254
28;2025-11-01;7;794
28;2025-11-01;8;1283
28;2025-11-01;9;825
28;2025-11-01;10;614
28;2025-11-01;11;566
28;2025-11-01;12;716
28;2025-11-01;13;703
28;2025-11-01;14;671
28;2025-11-01;15;696
28;2025-11-01;16;898
28;2025-11-01;17;1034
28;2025-11-01;18;983
28;2025-11-01;19;729
28;2025-11-01;20;497
28;2025-11-01;21;321
28;2025-11-01;22;118
28;2025-11-01;23;13
28;2025-11-02;0;2
28;2025-11-02;1;0
28;2025-11-02;2;0
28;2025-11-02;3;0
28;2025-11-02;4;0
28;2025-11-02;5;29
28;2025-11-02;6;76
28;2025-11-02;7;162
28;2025-11-02;8;252
28;2025-11-02;9;348
28;2025-11-02;10;392
28;2025-11-02;11;430
28;2025-11-02;12;444
28;2025-11-02;13;540
28;2025-11-02;14;512
28;2025-11-02;15;508
28;2025-11-02;16;454
28;2025-11-02;17;491
28;2025-11-02;18;421
28;2025-11-02;19;381
28;2025-11-02;20;287
28;2025-11-02;21;230
28;2025-11-02;22;108
28;2025-11-02;23;12
28;2025-11-03;0;2
28;2025-11-03;1;0
28;2025-11-03;2;0
28;2025-11-03;3;0
28;2025-11-03;4;0
28;2025-11-03;5;29
28;2025-11-03;6;76
28;2025-11-03;7;162
28;2025-11-03;8;252
28;2025-11-03;9;348
28;2025-11-03;10;392
28;2025-11-03;11;430
28;2025-11-03;12;444
28;2025-11-03;13;540
28;2025-11-03;14;512
28;2025-11-03;15;508
28;2025-11-03;16;454
28;2025-11-03;17;491
28;2025-11-03;18;421
28;2025-11-03;19;381
28;2025-11-03;20;287
28;2025-11-03;21;230
28;2025-11-03;22;108
28;2025-11-03;23;12
28;2025-11-04;0;2
28;2025-11-04;1;0
28;2025-11-04;2;0
28;2025-11-04;3;0
28;2025-11-04;4;0
28;2025-11-04;5;29
28;2025-11-04;6;76
28;2025-11-04;7;162
28;2025-11-04;8;252
28;2025-11-04;9;348
28;2025-11-04;10;392
28;2025-11-04;11;430
28;2025-11-04;12;444
28;2025-11-04;13;540
28;2025-11-04;14;512
28;2025-11-04;15;508
28;2025-11-04;16;454
28;2025-11-04;17;491
28;2025-11-04;18;421
28;2025-11-04;19;381
28;2025-11-04;20;287
28;2025-11-04;21;230
28;2025-11-04;22;108
28;2025-11-04;23;12
28;2025-11-05;0;2
28;2025-11-05;1;0
28;2025-11-05;2;0
28;2025-11-05;3;0
28;2025-11-05;4;1
28;2025-11-05;5;76
28;2025-11-05;6;254
28;2025-11-05;7;794
28;2025-11-05;8;1283
28;2025-11-05;9;825
28;2025-11-05;10;614
28;2025-11-05;11;566
28;2025-11-05;12;716
28;2025-11-05;13;703
28;2025-11-05;14;671
28;2025-11-05;15;696
28;2025-11-05;16;898
28;2025-11-05;17;1034
28;2025-11-05;18;983
28;2025-11-05;19;729
28;2025-11-05;20;497
28;2025-11-05;21;321
28;2025-11-05;22;118
28;2025-11-05;23;13
28;2025-11-06;0;2
28;2025-11-06;1;0
28;2025-11-06;2;0
28;2025-11-06;3;0
28;2025-11-06;4;1
28;2025-11-06;5;76
28;2025-11-06;6;254
28;2025-11-06;7;794
28;2025-11-06;8;1283
28;2025-11-06;9;825
28;2025-11-06;10;614
28;2025-11-06;11;566
28;2025-11-06;12;716
28;2025-11-06;13;703
28;2025-11-06;14;671
28;2025-11-06;15;696
28;2025-11-06;16;898
28;2025-11-06;17;1034
28;2025-11-06;18;983
28;2025-11-06;19;729
28;2025-11-06;20;497
28;2025-11-06;21;321
28;2025-11-06;22;118
28;2025-11-06;23;13
28;2025-11-07;0;2
28;2025-11-07;1;0
28;2025-11-07;2;0
28;2025-11-07;3;0
28;2025-11-07;4;1
28;2025-11-07;5;76
28;2025-11-07;6;254
28;2025-11-07;7;794
28;2025-11-07;8;1283
28;2025-11-07;9;825
28;2025-11-07;10;614
28;2025-11-07;11;566
28;2025-11-07;12;716
28;2025-11-07;13;703
28;2025-11-07;14;671
28;2025-11-07;15;696
28;2025-11-07;16;898
28;2025-11-07;17;1034
28;2025-11-07;18;983
28;2025-11-07;19;729
28;2025-11-07;20;497
28;2025-11-07;21;321
28;2025-11-07;22;118
28;2025-11-07;23;13
28;2025-11-08;0;2
28;2025-11-08;1;0
28;2025-11-08;2;0
28;2025-11-08;3;0
28;2025-11-08;4;1
28;2025-11-08;5;39
28;2025-11-08;6;106
28;2025-11-08;7;233
28;2025-11-08;8;405
28;2025-11-08;9;457
28;2025-11-08;10;498
28;2025-11-08;11;504
28;2025-11-08;12;596
28;2025-11-08;13;602
28;2025-11-08;14;558
28;2025-11-08;15;605
28;2025-11-08;16;608
28;2025-11-08;17;584
28;2025-11-08;18;504
28;2025-11-08;19;381
28;2025-11-08;20;282
28;2025-11-08;21;256
28;2025-11-08;22;102
28;2025-11-08;23;12
28;2025-11-09;0;2
28;2025-11-09;1;0
28;2025-11-09;2;0
28;2025-11-09;3;0
28;2025-11-09;4;0
28;2025-11-09;5;29
28;2025-11-09;6;76
28;2025-11-09;7;162
28;2025-11-09;8;252
28;2025-11-09;9;348
28;2025-11-09;10;392
28;2025-11-09;11;430
28;2025-11-09;12;444
28;2025-11-09;13;540
28;2025-11-09;14;512
28;2025-11-09;15;508
28;2025-11-09;16;454
28;2025-11-09;17;491
28;2025-11-09;18;421
28;2025-11-09;19;381
28;2025-11-09;20;287
28;2025-11-09;21;230
28;2025-11-09;22;108
28;2025-11-09;23;12
28;2025-11-10;0;2
28;2025-11-10;1;0
28;2025-11-10;2;0
28;2025-11-10;3;0
28;2025-11-10;4;1
28;2025-11-10;5;76
28;2025-11-10;6;254
28;2025-11-10;7;794
28;2025-11-10;8;1283
28;2025-11-10;9;825
28;2025-11-10;10;614
28;2025-11-10;11;566
28;2025-11-10;12;716
28;2025-11-10;13;703
28;2025-11-10;14;671
28;2025-11-10;15;696
28;2025-11-10;16;898
28;2025-11-10;17;1034
28;2025-11-10;18;983
28;2025-11-10;19;729
28;2025-11-10;20;497
28;2025-11-10;21;321
28;2025-11-10;22;118
28;2025-11-10;23;13
28;2025-11-11;0;2
28;2025-11-11;1;0
28;2025-11-11;2;0
28;2025-11-11;3;0
28;2025-11-11;4;1
28;2025-11-11;5;76
28;2025-11-11;6;254
28;2025-11-11;7;794
28;2025-11-11;8;1283
28;2025-11-11;9;825
28;2025-11-11;10;614
28;2025-11-11;11;566
28;2025-11-11;12;716
28;2025-11-11;13;703
28;2025-11-11;14;671
28;2025-11-11;15;696
28;2025-11-11;16;898
28;2025-11-11;17;1034
28;2025-11-11;18;983
28;2025-11-11;19;729
28;2025-11-11;20;497
28;2025-11-11;21;321
28;2025-11-11;22;118
28;2025-11-11;23;13
28;2025-11-12;0;2
28;2025-11-12;1;0
28;2025-11-12;2;0
28;2025-11-12;3;0
28;2025-11-12;4;1
28;2025-11-12;5;76
28;2025-11-12;6;254
28;2025-11-12;7;794
28;2025-11-12;8;1283
28;2025-11-12;9;825
28;2025-11-12;10;614
28;2025-11-12;11;566
28;2025-11-12;12;716
28;2025-11-12;13;703
28;2025-11-12;14;671
28;2025-11-12;15;696
28;2025-11-12;16;898
28;2025-11-12;17;1034
28;2025-11-12;18;983
28;2025-11-12;19;729
28;2025-11-12;20;497
28;2025-11-12;21;321
28;2025-11-12;22;118
28;2025-11-12;23;13
28;2025-11-13;0;2
28;2025-11-13;1;0
28;2025-11-13;2;0
28;2025-11-13;3;0
28;2025-11-13;4;1
28;2025-11-13;5;76
28;2025-11-13;6;254
28;2025-11-13;7;794
28;2025-11-13;8;1283
28;2025-11-13;9;825
28;2025-11-13;10;614
28;2025-11-13;11;566
28;2025-11-13;12;716
28;2025-11-13;13;703
28;2025-11-13;14;671
28;2025-11-13;15;696
28;2025-11-13;16;898
28;2025-11-13;17;1034
28;2025-11-13;18;983
28;2025-11-13;19;729
28;2025-11-13;20;497
28;2025-11-13;21;321
28;2025-11-13;22;118
28;2025-11-13;23;13
28;2025-11-14;0;2
28;2025-11-14;1;0
28;2025-11-14;2;0
28;2025-11-14;3;0
28;2025-11-14;4;1
28;2025-11-14;5;76
28;2025-11-14;6;254
28;2025-11-14;7;794
28;2025-11-14;8;1283
28;2025-11-14;9;825
28;2025-11-14;10;614
28;2025-11-14;11;566
28;2025-11-14;12;716
28;2025-11-14;13;703
28;2025-11-14;14;671
28;2025-11-14;15;696
28;2025-11-14;16;898
28;2025-11-14;17;1034
28;2025-11-14;18;983
28;2025-11-14;19;729
28;2025-11-14;20;497
28;2025-11-14;21;321
28;2025-11-14;22;118
28;2025-11-14;23;13
28;2025-11-15;0;2
28;2025-11-15;1;0
28;2025-11-15;2;0
28;2025-11-15;3;0
28;2025-11-15;4;1
28;2025-11-15;5;39
28;2025-11-15;6;106
28;2025-11-15;7;233
28;2025-11-15;8;405
28;2025-11-15;9;457
28;2025-11-15;10;498
28;2025-11-15;11;504
28;2025-11-15;12;596
28;2025-11-15;13;602
28;2025-11-15;14;558
28;2025-11-15;15;605
28;2025-11-15;16;608
28;2025-11-15;17;584
28;2025-11-15;18;504
28;2025-11-15;19;381
28;2025-11-15;20;282
28;2025-11-15;21;256
28;2025-11-15;22;102
28;2025-11-15;23;12
28;2025-11-16;0;2
28;2025-11-16;1;0
28;2025-11-16;2;0
28;2025-11-16;3;0
28;2025-11-16;4;0
28;2025-11-16;5;29
28;2025-11-16;6;76
28;2025-11-16;7;162
28;2025-11-16;8;252
28;2025-11-16;9;348
28;2025-11-16;10;392
28;2025-11-16;11;430
28;2025-11-16;12;444
28;2025-11-16;13;540
28;2025-11-16;14;512
28;2025-11-16;15;508
28;2025-11-16;16;454
28;2025-11-16;17;491
28;2025-11-16;18;421
28;2025-11-16;19;381
28;2025-11-16;20;287
28;2025-11-16;21;230
28;2025-11-16;22;108
28;2025-11-16;23;12
28;2025-11-17;0;2
28;2025-11-17;1;0
28;2025-11-17;2;0
28;2025-11-17;3;0
28;2025-11-17;4;1
28;2025-11-17;5;76
28;2025-11-17;6;254
28;2025-11-17;7;794
28;2025-11-17;8;1283
28;2025-11-17;9;825
28;2025-11-17;10;614
28;2025-11-17;11;566
28;2025-11-17;12;716
28;2025-11-17;13;703
28;2025-11-17;14;671
28;2025-11-17;15;696
28;2025-11-17;16;898
28;2025-11-17;17;1034
28;2025-11-17;18;983
28;2025-11-17;19;729
28;2025-11-17;20;497
28;2025-11-17;21;321
28;2025-11-17;22;118
28;2025-11-17;23;13
28;2025-11-18;0;2
28;2025-11-18;1;0
28;2025-11-18;2;0
28;2025-11-18;3;0
28;2025-11-18;4;1
28;2025-11-18;5;76
28;2025-11-18;6;254
28;2025-11-18;7;794
28;2025-11-18;8;1283
28;2025-11-18;9;825
28;2025-11-18;10;614
28;2025-11-18;11;566
28;2025-11-18;12;716
28;2025-11-18;13;703
28;2025-11-18;14;671
28;2025-11-18;15;696
28;2025-11-18;16;898
28;2025-11-18;17;1034
28;2025-11-18;18;983
28;2025-11-18;19;729
28;2025-11-18;20;497
28;2025-11-18;21;321
28;2025-11-18;22;118
28;2025-11-18;23;13
28;2025-11-19;0;2
28;2025-11-19;1;0
28;2025-11-19;2;0
28;2025-11-19;3;0
28;2025-11-19;4;1
28;2025-11-19;5;76
28;2025-11-19;6;254
28;2025-11-19;7;794
28;2025-11-19;8;1283
28;2025-11-19;9;825
28;2025-11-19;10;614
28;2025-11-19;11;566
28;2025-11-19;12;716
28;2025-11-19;13;703
28;2025-11-19;14;671
28;2025-11-19;15;696
28;2025-11-19;16;898
28;2025-11-19;17;1034
28;2025-11-19;18;983
28;2025-11-19;19;729
28;2025-11-19;20;497
28;2025-11-19;21;321
28;2025-11-19;22;118
28;2025-11-19;23;13
28;2025-11-20;0;2
28;2025-11-20;1;0
28;2025-11-20;2;0
28;2025-11-20;3;0
28;2025-11-20;4;1
28;2025-11-20;5;76
28;2025-11-20;6;254
28;2025-11-20;7;794
28;2025-11-20;8;1283
28;2025-11-20;9;825
28;2025-11-20;10;614
28;2025-11-20;11;566
28;2025-11-20;12;716
28;2025-11-20;13;703
28;2025-11-20;14;671
28;2025-11-20;15;696
28;2025-11-20;16;898
28;2025-11-20;17;1034
28;2025-11-20;18;983
28;2025-11-20;19;729
28;2025-11-20;20;497
28;2025-11-20;21;321
28;2025-11-20;22;118
28;2025-11-20;23;13
28;2025-11-21;0;2
28;2025-11-21;1;0
28;2025-11-21;2;0
28;2025-11-21;3;0
28;2025-11-21;4;1
28;2025-11-21;5;76
28;2025-11-21;6;254
28;2025-11-21;7;794
28;2025-11-21;8;1283
28;2025-11-21;9;825
28;2025-11-21;10;614
28;2025-11-21;11;566
28;2025-11-21;12;716
28;2025-11-21;13;703
28;2025-11-21;14;671
28;2025-11-21;15;696
28;2025-11-21;16;898
28;2025-11-21;17;1034
28;2025-11-21;18;983
28;2025-11-21;19;729
28;2025-11-21;20;497
28;2025-11-21;21;321
28;2025-11-21;22;118
28;2025-11-21;23;13
28;2025-11-22;0;2
28;2025-11-22;1;0
28;2025-11-22;2;0
28;2025-11-22;3;0
28;2025-11-22;4;1
28;2025-11-22;5;39
28;2025-11-22;6;106
28;2025-11-22;7;233
28;2025-11-22;8;405
28;2025-11-22;9;457
28;2025-11-22;10;498
28;2025-11-22;11;504
28;2025-11-22;12;596
28;2025-11-22;13;602
28;2025-11-22;14;558
28;2025-11-22;15;605
28;2025-11-22;16;608
28;2025-11-22;17;584
28;2025-11-22;18;504
28;2025-11-22;19;381
28;2025-11-22;20;282
28;2025-11-22;21;256
28;2025-11-22;22;102
28;2025-11-22;23;12
28;2025-11-23;0;2
28;2025-11-23;1;0
28;2025-11-23;2;0
28;2025-11-23;3;0
28;2025-11-23;4;0
28;2025-11-23;5;29
28;2025-11-23;6;76
28;2025-11-23;7;162
28;2025-11-23;8;252
28;2025-11-23;9;348
28;2025-11-23;10;392
28;2025-11-23;11;430
28;2025-11-23;12;444
28;2025-11-23;13;540
28;2025-11-23;14;512
28;2025-11-23;15;508
28;2025-11-23;16;454
28;2025-11-23;17;491
28;2025-11-23;18;421
28;2025-11-23;19;381
28;2025-11-23;20;287
28;2025-11-23;21;230
28;2025-11-23;22;108
28;2025-11-23;23;12
28;2025-11-24;0;2
28;2025-11-24;1;0
28;2025-11-24;2;0
28;2025-11-24;3;0
28;2025-11-24;4;1
28;2025-11-24;5;76
28;2025-11-24;6;254
28;2025-11-24;7;794
28;2025-11-24;8;1283
28;2025-11-24;9;825
28;2025-11-24;10;614
28;2025-11-24;11;566
28;2025-11-24;12;716
28;2025-11-24;13;703
28;2025-11-24;14;671
28;2025-11-24;15;696
28;2025-11-24;16;898
28;2025-11-24;17;1034
28;2025-11-24;18;983
28;2025-11-24;19;729
28;2025-11-24;20;497
28;2025-11-24;21;321
28;2025-11-24;22;118
28;2025-11-24;23;13
28;2025-11-25;0;2
28;2025-11-25;1;0
28;2025-11-25;2;0
28;2025-11-25;3;0
28;2025-11-25;4;1
28;2025-11-25;5;76
28;2025-11-25;6;254
28;2025-11-25;7;794
28;2025-11-25;8;1283
28;2025-11-25;9;825
28;2025-11-25;10;614
28;2025-11-25;11;566
28;2025-11-25;12;716
28;2025-11-25;13;703
28;2025-11-25;14;671
28;2025-11-25;15;696
28;2025-11-25;16;898
28;2025-11-25;17;1034
28;2025-11-25;18;983
28;2025-11-25;19;729
28;2025-11-25;20;497
28;2025-11-25;21;321
28;2025-11-25;22;118
28;2025-11-25;23;13
28;2025-11-26;0;2
28;2025-11-26;1;0
28;2025-11-26;2;0
28;2025-11-26;3;0
28;2025-11-26;4;1
28;2025-11-26;5;76
28;2025-11-26;6;254
28;2025-11-26;7;794
28;2025-11-26;8;1283
28;2025-11-26;9;825
28;2025-11-26;10;614
28;2025-11-26;11;566
28;2025-11-26;12;716
28;2025-11-26;13;703
28;2025-11-26;14;671
28;2025-11-26;15;696
28;2025-11-26;16;898
28;2025-11-26;17;1034
28;2025-11-26;18;983
28;2025-11-26;19;729
28;2025-11-26;20;497
28;2025-11-26;21;321
28;2025-11-26;22;118
28;2025-11-26;23;13
28;2025-11-27;0;2
28;2025-11-27;1;0
28;2025-11-27;2;0
28;2025-11-27;3;0
28;2025-11-27;4;1
28;2025-11-27;5;76
28;2025-11-27;6;254
28;2025-11-27;7;794
28;2025-11-27;8;1283
28;2025-11-27;9;825
28;2025-11-27;10;614
28;2025-11-27;11;566
28;2025-11-27;12;716
28;2025-11-27;13;703
28;2025-11-27;14;671
28;2025-11-27;15;696
28;2025-11-27;16;898
28;2025-11-27;17;1034
28;2025-11-27;18;983
28;2025-11-27;19;729
28;2025-11-27;20;497
28;2025-11-27;21;321
28;2025-11-27;22;118
28;2025-11-27;23;13
28;2025-11-28;0;2
28;2025-11-28;1;0
28;2025-11-28;2;0
28;2025-11-28;3;0
28;2025-11-28;4;1
28;2025-11-28;5;76
28;2025-11-28;6;254
28;2025-11-28;7;794
28;2025-11-28;8;1283
28;2025-11-28;9;825
28;2025-11-28;10;614
28;2025-11-28;11;566
28;2025-11-28;12;716
28;2025-11-28;13;703
28;2025-11-28;14;671
28;2025-11-28;15;696
28;2025-11-28;16;898
28;2025-11-28;17;1034
28;2025-11-28;18;983
28;2025-11-28;19;729
28;2025-11-28;20;497
28;2025-11-28;21;321
28;2025-11-28;22;118
28;2025-11-28;23;13
28;2025-11-29;0;2
28;2025-11-29;1;0
28;2025-11-29;2;0
28;2025-11-29;3;0
28;2025-11-29;4;1
28;2025-11-29;5;39
28;2025-11-29;6;106
28;2025-11-29;7;233
28;2025-11-29;8;405
28;2025-11-29;9;457
28;2025-11-29;10;498
28;2025-11-29;11;504
28;2025-11-29;12;596
28;2025-11-29;13;602
28;2025-11-29;14;558
28;2025-11-29;15;605
28;2025-11-29;16;608
28;2025-11-29;17;584
28;2025-11-29;18;504
28;2025-11-29;19;381
28;2025-11-29;20;282
28;2025-11-29;21;256
28;2025-11-29;22;102
28;2025-11-29;23;12
28;2025-11-30;0;2
28;2025-11-30;1;0
28;2025-11-30;2;0
28;2025-11-30;3;0
28;2025-11-30;4;0
28;2025-11-30;5;29
28;2025-11-30;6;76
28;2025-11-30;7;162
28;2025-11-30;8;252
28;2025-11-30;9;348
28;2025-11-30;10;392
28;2025-11-30;11;430
28;2025-11-30;12;444
28;2025-11-30;13;540
28;2025-11-30;14;512
28;2025-11-30;15;508
28;2025-11-30;16;454
28;2025-11-30;17;491
28;2025-11-30;18;421
28;2025-11-30;19;381
28;2025-11-30;20;287
28;2025-11-30;21;230
28;2025-11-30;22;108
28;2025-11-30;23;12
28;2025-12-01;0;2
28;2025-12-01;1;0
28;2025-12-01;2;0
28;2025-12-01;3;0
28;2025-12-01;4;1
28;2025-12-01;5;76
28;2025-12-01;6;254
28;2025-12-01;7;794
28;2025-12-01;8;1283
28;2025-12-01;9;825
28;2025-12-01;10;614
28;2025-12-01;11;566
28;2025-12-01;12;716
28;2025-12-01;13;703
28;2025-12-01;14;671
28;2025-12-01;15;696
28;2025-12-01;16;898
28;2025-12-01;17;1034
28;2025-12-01;18;983
28;2025-12-01;19;729
28;2025-12-01;20;497
28;2025-12-01;21;321
28;2025-12-01;22;118
28;2025-12-01;23;13
28;2025-12-02;0;2
28;2025-12-02;1;0
28;2025-12-02;2;0
28;2025-12-02;3;0
28;2025-12-02;4;1
28;2025-12-02;5;76
28;2025-12-02;6;254
28;2025-12-02;7;794
28;2025-12-02;8;1283
28;2025-12-02;9;825
28;2025-12-02;10;614
28;2025-12-02;11;566
28;2025-12-02;12;716
28;2025-12-02;13;703
28;2025-12-02;14;671
28;2025-12-02;15;696
28;2025-12-02;16;898
28;2025-12-02;17;1034
28;2025-12-02;18;983
28;2025-12-02;19;729
28;2025-12-02;20;497
28;2025-12-02;21;321
28;2025-12-02;22;118
28;2025-12-02;23;13
28;2025-12-03;0;2
28;2025-12-03;1;0
28;2025-12-03;2;0
28;2025-12-03;3;0
28;2025-12-03;4;1
28;2025-12-03;5;76
28;2025-12-03;6;254
28;2025-12-03;7;794
28;2025-12-03;8;1283
28;2025-12-03;9;825
28;2025-12-03;10;614
28;2025-12-03;11;566
28;2025-12-03;12;716
28;2025-12-03;13;703
28;2025-12-03;14;671
28;2025-12-03;15;696
28;2025-12-03;16;898
28;2025-12-03;17;1034
28;2025-12-03;18;983
28;2025-12-03;19;729
28;2025-12-03;20;497
28;2025-12-03;21;321
28;2025-12-03;22;118
28;2025-12-03;23;13
28;2025-12-04;0;2
28;2025-12-04;1;0
28;2025-12-04;2;0
28;2025-12-04;3;0
28;2025-12-04;4;1
28;2025-12-04;5;76
28;2025-12-04;6;254
28;2025-12-04;7;794
28;2025-12-04;8;1283
28;2025-12-04;9;825
28;2025-12-04;10;614
28;2025-12-04;11;566
28;2025-12-04;12;716
28;2025-12-04;13;703
28;2025-12-04;14;671
28;2025-12-04;15;696
28;2025-12-04;16;898
28;2025-12-04;17;1034
28;2025-12-04;18;983
28;2025-12-04;19;729
28;2025-12-04;20;497
28;2025-12-04;21;321
28;2025-12-04;22;118
28;2025-12-04;23;13
28;2025-12-05;0;2
28;2025-12-05;1;0
28;2025-12-05;2;0
28;2025-12-05;3;0
28;2025-12-05;4;1
28;2025-12-05;5;76
28;2025-12-05;6;254
28;2025-12-05;7;794
28;2025-12-05;8;1283
28;2025-12-05;9;825
28;2025-12-05;10;614
28;2025-12-05;11;566
28;2025-12-05;12;716
28;2025-12-05;13;703
28;2025-12-05;14;671
28;2025-12-05;15;696
28;2025-12-05;16;898
28;2025-12-05;17;1034
28;2025-12-05;18;983
28;2025-12-05;19;729
28;2025-12-05;20;497
28;2025-12-05;21;321
28;2025-12-05;22;118
28;2025-12-05;23;13
28;2025-12-06;0;2
28;2025-12-06;1;0
28;2025-12-06;2;0
28;2025-12-06;3;0
28;2025-12-06;4;1
28;2025-12-06;5;39
28;2025-12-06;6;106
28;2025-12-06;7;233
28;2025-12-06;8;405
28;2025-12-06;9;457
28;2025-12-06;10;498
28;2025-12-06;11;504
28;2025-12-06;12;596
28;2025-12-06;13;602
28;2025-12-06;14;558
28;2025-12-06;15;605
28;2025-12-06;16;608
28;2025-12-06;17;584
28;2025-12-06;18;504
28;2025-12-06;19;381
28;2025-12-06;20;282
28;2025-12-06;21;256
28;2025-12-06;22;102
28;2025-12-06;23;12
28;2025-12-07;0;2
28;2025-12-07;1;0
28;2025-12-07;2;0
28;2025-12-07;3;0
28;2025-12-07;4;0
28;2025-12-07;5;29
28;2025-12-07;6;76
28;2025-12-07;7;162
28;2025-12-07;8;252
28;2025-12-07;9;348
28;2025-12-07;10;392
28;2025-12-07;11;430
28;2025-12-07;12;444
28;2025-12-07;13;540
28;2025-12-07;14;512
28;2025-12-07;15;508
28;2025-12-07;16;454
28;2025-12-07;17;491
28;2025-12-07;18;421
28;2025-12-07;19;381
28;2025-12-07;20;287
28;2025-12-07;21;230
28;2025-12-07;22;108
28;2025-12-07;23;12
28;2025-12-08;0;2
28;2025-12-08;1;0
28;2025-12-08;2;0
28;2025-12-08;3;0
28;2025-12-08;4;1
28;2025-12-08;5;76
28;2025-12-08;6;254
28;2025-12-08;7;794
28;2025-12-08;8;1283
28;2025-12-08;9;825
28;2025-12-08;10;614
28;2025-12-08;11;566
28;2025-12-08;12;716
28;2025-12-08;13;703
28;2025-12-08;14;671
28;2025-12-08;15;696
28;2025-12-08;16;898
28;2025-12-08;17;1034
28;2025-12-08;18;983
28;2025-12-08;19;729
28;2025-12-08;20;497
28;2025-12-08;21;321
28;2025-12-08;22;118
28;2025-12-08;23;13
28;2025-12-09;0;2
28;2025-12-09;1;0
28;2025-12-09;2;0
28;2025-12-09;3;0
28;2025-12-09;4;1
28;2025-12-09;5;76
28;2025-12-09;6;254
28;2025-12-09;7;794
28;2025-12-09;8;1283
28;2025-12-09;9;825
28;2025-12-09;10;614
28;2025-12-09;11;566
28;2025-12-09;12;716
28;2025-12-09;13;703
28;2025-12-09;14;671
28;2025-12-09;15;696
28;2025-12-09;16;898
28;2025-12-09;17;1034
28;2025-12-09;18;983
28;2025-12-09;19;729
28;2025-12-09;20;497
28;2025-12-09;21;321
28;2025-12-09;22;118
28;2025-12-09;23;13
28;2025-12-10;0;2
28;2025-12-10;1;0
28;2025-12-10;2;0
28;2025-12-10;3;0
28;2025-12-10;4;1
28;2025-12-10;5;76
28;2025-12-10;6;254
28;2025-12-10;7;794
28;2025-12-10;8;1283
28;2025-12-10;9;825
28;2025-12-10;10;614
28;2025-12-10;11;566
28;2025-12-10;12;716
28;2025-12-10;13;703
28;2025-12-10;14;671
28;2025-12-10;15;696
28;2025-12-10;16;898
28;2025-12-10;17;1034
28;2025-12-10;18;983
28;2025-12-10;19;729
28;2025-12-10;20;497
28;2025-12-10;21;321
28;2025-12-10;22;118
28;2025-12-10;23;13
28;2025-12-11;0;2
28;2025-12-11;1;0
28;2025-12-11;2;0
28;2025-12-11;3;0
28;2025-12-11;4;1
28;2025-12-11;5;76
28;2025-12-11;6;254
28;2025-12-11;7;794
28;2025-12-11;8;1283
28;2025-12-11;9;825
28;2025-12-11;10;614
28;2025-12-11;11;566
28;2025-12-11;12;716
28;2025-12-11;13;703
28;2025-12-11;14;671
28;2025-12-11;15;696
28;2025-12-11;16;898
28;2025-12-11;17;1034
28;2025-12-11;18;983
28;2025-12-11;19;729
28;2025-12-11;20;497
28;2025-12-11;21;321
28;2025-12-11;22;118
28;2025-12-11;23;13
28;2025-12-12;0;2
28;2025-12-12;1;0
28;2025-12-12;2;0
28;2025-12-12;3;0
28;2025-12-12;4;1
28;2025-12-12;5;76
28;2025-12-12;6;254
28;2025-12-12;7;794
28;2025-12-12;8;1283
28;2025-12-12;9;825
28;2025-12-12;10;614
28;2025-12-12;11;566
28;2025-12-12;12;716
28;2025-12-12;13;703
28;2025-12-12;14;671
28;2025-12-12;15;696
28;2025-12-12;16;898
28;2025-12-12;17;1034
28;2025-12-12;18;983
28;2025-12-12;19;729
28;2025-12-12;20;497
28;2025-12-12;21;321
28;2025-12-12;22;118
28;2025-12-12;23;13
28;2025-12-13;0;2
28;2025-12-13;1;0
28;2025-12-13;2;0
28;2025-12-13;3;0
28;2025-12-13;4;1
28;2025-12-13;5;39
28;2025-12-13;6;106
28;2025-12-13;7;233
28;2025-12-13;8;405
28;2025-12-13;9;457
28;2025-12-13;10;498
28;2025-12-13;11;504
28;2025-12-13;12;596
28;2025-12-13;13;602
28;2025-12-13;14;558
28;2025-12-13;15;605
28;2025-12-13;16;608
28;2025-12-13;17;584
28;2025-12-13;18;504
28;2025-12-13;19;381
28;2025-12-13;20;282
28;2025-12-13;21;256
28;2025-12-13;22;102
28;2025-12-13;23;12
28;2025-12-14;0;2
28;2025-12-14;1;0
28;2025-12-14;2;0
28;2025-12-14;3;0
28;2025-12-14;4;0
28;2025-12-14;5;29
28;2025-12-14;6;76
28;2025-12-14;7;162
28;2025-12-14;8;252
28;2025-12-14;9;348
28;2025-12-14;10;392
28;2025-12-14;11;430
28;2025-12-14;12;444
28;2025-12-14;13;540
28;2025-12-14;14;512
28;2025-12-14;15;508
28;2025-12-14;16;454
28;2025-12-14;17;491
28;2025-12-14;18;421
28;2025-12-14;19;381
28;2025-12-14;20;287
28;2025-12-14;21;230
28;2025-12-14;22;108
28;2025-12-14;23;12
28;2025-12-15;0;2
28;2025-12-15;1;0
28;2025-12-15;2;0
28;2025-12-15;3;0
28;2025-12-15;4;1
28;2025-12-15;5;76
28;2025-12-15;6;254
28;2025-12-15;7;794
28;2025-12-15;8;1283
28;2025-12-15;9;825
28;2025-12-15;10;614
28;2025-12-15;11;566
28;2025-12-15;12;716
28;2025-12-15;13;703
28;2025-12-15;14;671
28;2025-12-15;15;696
28;2025-12-15;16;898
28;2025-12-15;17;1034
28;2025-12-15;18;983
28;2025-12-15;19;729
28;2025-12-15;20;497
28;2025-12-15;21;321
28;2025-12-15;22;118
28;2025-12-15;23;13
28;2025-12-16;0;2
28;2025-12-16;1;0
28;2025-12-16;2;0
28;2025-12-16;3;0
28;2025-12-16;4;1
28;2025-12-16;5;76
28;2025-12-16;6;254
28;2025-12-16;7;794
28;2025-12-16;8;1283
28;2025-12-16;9;825
28;2025-12-16;10;614
28;2025-12-16;11;566
28;2025-12-16;12;716
28;2025-12-16;13;703
28;2025-12-16;14;671
28;2025-12-16;15;696
28;2025-12-16;16;898
28;2025-12-16;17;1034
28;2025-12-16;18;983
28;2025-12-16;19;729
28;2025-12-16;20;497
28;2025-12-16;21;321
28;2025-12-16;22;118
28;2025-12-16;23;13
28;2025-12-17;0;2
28;2025-12-17;1;0
28;2025-12-17;2;0
28;2025-12-17;3;0
28;2025-12-17;4;1
28;2025-12-17;5;76
28;2025-12-17;6;254
28;2025-12-17;7;794
28;2025-12-17;8;1283
28;2025-12-17;9;825
28;2025-12-17;10;614
28;2025-12-17;11;566
28;2025-12-17;12;716
28;2025-12-17;13;703
28;2025-12-17;14;671
28;2025-12-17;15;696
28;2025-12-17;16;898
28;2025-12-17;17;1034
28;2025-12-17;18;983
28;2025-12-17;19;729
28;2025-12-17;20;497
28;2025-12-17;21;321
28;2025-12-17;22;118
28;2025-12-17;23;13
28;2025-12-18;0;2
28;2025-12-18;1;0
28;2025-12-18;2;0
28;2025-12-18;3;0
28;2025-12-18;4;1
28;2025-12-18;5;76
28;2025-12-18;6;254
28;2025-12-18;7;794
28;2025-12-18;8;1283
28;2025-12-18;9;825
28;2025-12-18;10;614
28;2025-12-18;11;566
28;2025-12-18;12;716
28;2025-12-18;13;703
28;2025-12-18;14;671
28;2025-12-18;15;696
28;2025-12-18;16;898
28;2025-12-18;17;1034
28;2025-12-18;18;983
28;2025-12-18;19;729
28;2025-12-18;20;497
28;2025-12-18;21;321
28;2025-12-18;22;118
28;2025-12-18;23;13
28;2025-12-19;0;2
28;2025-12-19;1;0
28;2025-12-19;2;0
28;2025-12-19;3;0
28;2025-12-19;4;1
28;2025-12-19;5;76
28;2025-12-19;6;254
28;2025-12-19;7;794
28;2025-12-19;8;1283
28;2025-12-19;9;825
28;2025-12-19;10;614
28;2025-12-19;11;566
28;2025-12-19;12;716
28;2025-12-19;13;703
28;2025-12-19;14;671
28;2025-12-19;15;696
28;2025-12-19;16;898
28;2025-12-19;17;1034
28;2025-12-19;18;983
28;2025-12-19;19;729
28;2025-12-19;20;497
28;2025-12-19;21;321
28;2025-12-19;22;118
28;2025-12-19;23;13
28;2025-12-20;0;2
28;2025-12-20;1;0
28;2025-12-20;2;0
28;2025-12-20;3;0
28;2025-12-20;4;1
28;2025-12-20;5;39
28;2025-12-20;6;106
28;2025-12-20;7;233
28;2025-12-20;8;405
28;2025-12-20;9;457
28;2025-12-20;10;498
28;2025-12-20;11;504
28;2025-12-20;12;596
28;2025-12-20;13;602
28;2025-12-20;14;558
28;2025-12-20;15;605
28;2025-12-20;16;608
28;2025-12-20;17;584
28;2025-12-20;18;504
28;2025-12-20;19;381
28;2025-12-20;20;282
28;2025-12-20;21;256
28;2025-12-20;22;102
28;2025-12-20;23;12
28;2025-12-21;0;2
28;2025-12-21;1;0
28;2025-12-21;2;0
28;2025-12-21;3;0
28;2025-12-21;4;0
28;2025-12-21;5;29
28;2025-12-21;6;76
28;2025-12-21;7;162
28;2025-12-21;8;252
28;2025-12-21;9;348
28;2025-12-21;10;392
28;2025-12-21;11;430
28;2025-12-21;12;444
28;2025-12-21;13;540
28;2025-12-21;14;512
28;2025-12-21;15;508
28;2025-12-21;16;454
28;2025-12-21;17;491
28;2025-12-21;18;421
28;2025-12-21;19;381
28;2025-12-21;20;287
28;2025-12-21;21;230
28;2025-12-21;22;108
28;2025-12-21;23;12
28;2025-12-22;0;2
28;2025-12-22;1;0
28;2025-12-22;2;0
28;2025-12-22;3;0
28;2025-12-22;4;1
28;2025-12-22;5;76
28;2025-12-22;6;254
28;2025-12-22;7;794
28;2025-12-22;8;1283
28;2025-12-22;9;825
28;2025-12-22;10;614
28;2025-12-22;11;566
28;2025-12-22;12;716
28;2025-12-22;13;703
28;2025-12-22;14;671
28;2025-12-22;15;696
28;2025-12-22;16;898
28;2025-12-22;17;1034
28;2025-12-22;18;983
28;2025-12-22;19;729
28;2025-12-22;20;497
28;2025-12-22;21;321
28;2025-12-22;22;118
28;2025-12-22;23;13
28;2025-12-23;0;2
28;2025-12-23;1;0
28;2025-12-23;2;0
28;2025-12-23;3;0
28;2025-12-23;4;1
28;2025-12-23;5;76
28;2025-12-23;6;254
28;2025-12-23;7;794
28;2025-12-23;8;1283
28;2025-12-23;9;825
28;2025-12-23;10;614
28;2025-12-23;11;566
28;2025-12-23;12;716
28;2025-12-23;13;703
28;2025-12-23;14;671
28;2025-12-23;15;696
28;2025-12-23;16;898
28;2025-12-23;17;1034
28;2025-12-23;18;983
28;2025-12-23;19;729
28;2025-12-23;20;497
28;2025-12-23;21;321
28;2025-12-23;22;118
28;2025-12-23;23;13
28;2025-12-24;0;2
28;2025-12-24;1;0
28;2025-12-24;2;0
28;2025-12-24;3;0
28;2025-12-24;4;1
28;2025-12-24;5;76
28;2025-12-24;6;254
28;2025-12-24;7;794
28;2025-12-24;8;1283
28;2025-12-24;9;825
28;2025-12-24;10;614
28;2025-12-24;11;566
28;2025-12-24;12;716
28;2025-12-24;13;703
28;2025-12-24;14;671
28;2025-12-24;15;696
28;2025-12-24;16;898
28;2025-12-24;17;1034
28;2025-12-24;18;983
28;2025-12-24;19;729
28;2025-12-24;20;497
28;2025-12-24;21;321
28;2025-12-24;22;118
28;2025-12-24;23;13
28;2025-12-25;0;2
28;2025-12-25;1;0
28;2025-12-25;2;0
28;2025-12-25;3;0
28;2025-12-25;4;1
28;2025-12-25;5;76
28;2025-12-25;6;254
28;2025-12-25;7;794
28;2025-12-25;8;1283
28;2025-12-25;9;825
28;2025-12-25;10;614
28;2025-12-25;11;566
28;2025-12-25;12;716
28;2025-12-25;13;703
28;2025-12-25;14;671
28;2025-12-25;15;696
28;2025-12-25;16;898
28;2025-12-25;17;1034
28;2025-12-25;18;983
28;2025-12-25;19;729
28;2025-12-25;20;497
28;2025-12-25;21;321
28;2025-12-25;22;118
28;2025-12-25;23;13
28;2025-12-26;0;2
28;2025-12-26;1;0
28;2025-12-26;2;0
28;2025-12-26;3;0
28;2025-12-26;4;1
28;2025-12-26;5;76
28;2025-12-26;6;254
28;2025-12-26;7;794
28;2025-12-26;8;1283
28;2025-12-26;9;825
28;2025-12-26;10;614
28;2025-12-26;11;566
28;2025-12-26;12;716
28;2025-12-26;13;703
28;2025-12-26;14;671
28;2025-12-26;15;696
28;2025-12-26;16;898
28;2025-12-26;17;1034
28;2025-12-26;18;983
28;2025-12-26;19;729
28;2025-12-26;20;497
28;2025-12-26;21;321
28;2025-12-26;22;118
28;2025-12-26;23;13
28;2025-12-27;0;2
28;2025-12-27;1;0
28;2025-12-27;2;0
28;2025-12-27;3;0
28;2025-12-27;4;1
28;2025-12-27;5;39
28;2025-12-27;6;106
28;2025-12-27;7;233
28;2025-12-27;8;405
28;2025-12-27;9;457
28;2025-12-27;10;498
28;2025-12-27;11;504
28;2025-12-27;12;596
28;2025-12-27;13;602
28;2025-12-27;14;558
28;2025-12-27;15;605
28;2025-12-27;16;608
28;2025-12-27;17;584
28;2025-12-27;18;504
28;2025-12-27;19;381
28;2025-12-27;20;282
28;2025-12-27;21;256
28;2025-12-27;22;102
28;2025-12-27;23;12
28;2025-12-28;0;2
28;2025-12-28;1;0
28;2025-12-28;2;0
28;2025-12-28;3;0
28;2025-12-28;4;0
28;2025-12-28;5;29
28;2025-12-28;6;76
28;2025-12-28;7;162
28;2025-12-28;8;252
28;2025-12-28;9;348
28;2025-12-28;10;392
28;2025-12-28;11;430
28;2025-12-28;12;444
28;2025-12-28;13;540
28;2025-12-28;14;512
28;2025-12-28;15;508
28;2025-12-28;16;454
28;2025-12-28;17;491
28;2025-12-28;18;421
28;2025-12-28;19;381
28;2025-12-28;20;287
28;2025-12-28;21;230
28;2025-12-28;22;108
28;2025-12-28;23;12
28;2025-12-29;0;2
28;2025-12-29;1;0
28;2025-12-29;2;0
28;2025-12-29;3;0
28;2025-12-29;4;1
28;2025-12-29;5;76
28;2025-12-29;6;254
28;2025-12-29;7;794
28;2025-12-29;8;1283
28;2025-12-29;9;825
28;2025-12-29;10;614
28;2025-12-29;11;566
28;2025-12-29;12;716
28;2025-12-29;13;703
28;2025-12-29;14;671
28;2025-12-29;15;696
28;2025-12-29;16;898
28;2025-12-29;17;1034
28;2025-12-29;18;983
28;2025-12-29;19;729
28;2025-12-29;20;497
28;2025-12-29;21;321
28;2025-12-29;22;118
28;2025-12-29;23;13
28;2025-12-30;0;2
28;2025-12-30;1;0
28;2025-12-30;2;0
28;2025-12-30;3;0
28;2025-12-30;4;1
28;2025-12-30;5;76
28;2025-12-30;6;254
28;2025-12-30;7;794
28;2025-12-30;8;1283
28;2025-12-30;9;825
28;2025-12-30;10;614
28;2025-12-30;11;566
28;2025-12-30;12;716
28;2025-12-30;13;703
28;2025-12-30;14;671
28;2025-12-30;15;696
28;2025-12-30;16;898
28;2025-12-30;17;1034
28;2025-12-30;18;983
28;2025-12-30;19;729
28;2025-12-30;20;497
28;2025-12-30;21;321
28;2025-12-30;22;118
28;2025-12-30;23;13
28;2025-12-31;0;2
28;2025-12-31;1;0
28;2025-12-31;2;0
28;2025-12-31;3;0
28;2025-12-31;4;0
28;2025-12-31;5;29
28;2025-12-31;6;76
28;2025-12-31;7;162
28;2025-12-31;8;252
28;2025-12-31;9;348
28;2025-12-31;10;392
28;2025-12-31;11;430
28;2025-12-31;12;444
28;2025-12-31;13;540
28;2025-12-31;14;512
28;2025-12-31;15;508
28;2025-12-31;16;454
28;2025-12-31;17;491
28;2025-12-31;18;421
28;2025-12-31;19;381
28;2025-12-31;20;287
28;2025-12-31;21;230
28;2025-12-31;22;108
28;2025-12-31;23;12
50;2025-11-01;0;27
50;2025-11-01;1;2
50;2025-11-01;2;0
50;2025-11-01;3;0
50;2025-11-01;4;4
50;2025-11-01;5;73
50;2025-11-01;6;516
50;2025-11-01;7;1697
50;2025-11-01;8;2777
50;2025-11-01;9;2187
50;2025-11-01;10;1662
50;2025-11-01;11;1502
50;2025-11-01;12;1415
50;2025-11-01;13;1499
50;2025-11-01;14;1425
50;2025-11-01;15;1659
50;2025-11-01;16;1779
50;2025-11-01;17;2340
50;2025-11-01;18;2285
50;2025-11-01;19;1354
50;2025-11-01;20;918
50;2025-11-01;21;618
50;2025-11-01;22;248
50;2025-11-01;23;146
50;2025-11-02;0;2
50;2025-11-02;1;0
50;2025-11-02;2;0
50;2025-11-02;3;0
50;2025-11-02;4;0
50;2025-11-02;5;0
50;2025-11-02;6;3
50;2025-11-02;7;5
50;2025-11-02;8;11
50;2025-11-02;9;8
50;2025-11-02;10;22
50;2025-11-02;11;74
50;2025-11-02;12;56
50;2025-11-02;13;69
50;2025-11-02;14;116
50;2025-11-02;15;94
50;2025-11-02;16;112
50;2025-11-02;17;100
50;2025-11-02;18;59
50;2025-11-02;19;64
50;2025-11-02;20;47
50;2025-11-02;21;30
50;2025-11-02;22;35
50;2025-11-02;23;10
50;2025-11-03;0;2
50;2025-11-03;1;0
50;2025-11-03;2;0
50;2025-11-03;3;0
50;2025-11-03;4;0
50;2025-11-03;5;0
50;2025-11-03;6;3
50;2025-11-03;7;5
50;2025-11-03;8;11
50;2025-11-03;9;8
50;2025-11-03;10;22
50;2025-11-03;11;74
50;2025-11-03;12;56
50;2025-11-03;13;69
50;2025-11-03;14;116
50;2025-11-03;15;94
50;2025-11-03;16;112
50;2025-11-03;17;100
50;2025-11-03;18;59
50;2025-11-03;19;64
50;2025-11-03;20;47
50;2025-11-03;21;30
50;2025-11-03;22;35
50;2025-11-03;23;10
50;2025-11-04;0;2
50;2025-11-04;1;0
50;2025-11-04;2;0
50;2025-11-04;3;0
50;2025-11-04;4;0
50;2025-11-04;5;0
50;2025-11-04;6;3
50;2025-11-04;7;5
50;2025-11-04;8;11
50;2025-11-04;9;8
50;2025-11-04;10;22
50;2025-11-04;11;74
50;2025-11-04;12;56
50;2025-11-04;13;69
50;2025-11-04;14;116
50;2025-11-04;15;94
50;2025-11-04;16;112
50;2025-11-04;17;100
50;2025-11-04;18;59
50;2025-11-04;19;64
50;2025-11-04;20;47
50;2025-11-04;21;30
50;2025-11-04;22;35
50;2025-11-04;23;10
50;2025-11-05;0;27
50;2025-11-05;1;2
50;2025-11-05;2;0
50;2025-11-05;3;0
50;2025-11-05;4;4
50;2025-11-05;5;73
50;2025-11-05;6;516
50;2025-11-05;7;1697
50;2025-11-05;8;2777
50;2025-11-05;9;2187
50;2025-11-05;10;1662
50;2025-11-05;11;1502
50;2025-11-05;12;1415
50;2025-11-05;13;1499
50;2025-11-05;14;1425
50;2025-11-05;15;1659
50;2025-11-05;16;1779
50;2025-11-05;17;2340
50;2025-11-05;18;2285
50;2025-11-05;19;1354
50;2025-11-05;20;918
50;2025-11-05;21;618
50;2025-11-05;22;248
50;2025-11-05;23;146
50;2025-11-06;0;27
50;2025-11-06;1;2
50;2025-11-06;2;0
50;2025-11-06;3;0
50;2025-11-06;4;4
50;2025-11-06;5;73
50;2025-11-06;6;516
50;2025-11-06;7;1697
50;2025-11-06;8;2777
50;2025-11-06;9;2187
50;2025-11-06;10;1662
50;2025-11-06;11;1502
50;2025-11-06;12;1415
50;2025-11-06;13;1499
50;2025-11-06;14;1425
50;2025-11-06;15;1659
50;2025-11-06;16;1779
50;2025-11-06;17;2340
50;2025-11-06;18;2285
50;2025-11-06;19;1354
50;2025-11-06;20;918
50;2025-11-06;21;618
50;2025-11-06;22;248
50;2025-11-06;23;146
50;2025-11-07;0;27
50;2025-11-07;1;2
50;2025-11-07;2;0
50;2025-11-07;3;0
50;2025-11-07;4;4
50;2025-11-07;5;73
50;2025-11-07;6;516
50;2025-11-07;7;1697
50;2025-11-07;8;2777
50;2025-11-07;9;2187
50;2025-11-07;10;1662
50;2025-11-07;11;1502
50;2025-11-07;12;1415
50;2025-11-07;13;1499
50;2025-11-07;14;1425
50;2025-11-07;15;1659
50;2025-11-07;16;1779
50;2025-11-07;17;2340
50;2025-11-07;18;2285
50;2025-11-07;19;1354
50;2025-11-07;20;918
50;2025-11-07;21;618
50;2025-11-07;22;248
50;2025-11-07;23;146
50;2025-11-08;0;51
50;2025-11-08;1;6
50;2025-11-08;2;0
50;2025-11-08;3;2
50;2025-11-08;4;0
50;2025-11-08;5;8
50;2025-11-08;6;10
50;2025-11-08;7;16
50;2025-11-08;8;33
50;2025-11-08;9;65
50;2025-11-08;10;24
50;2025-11-08;11;41
50;2025-11-08;12;74
50;2025-11-08;13;49
50;2025-11-08;14;60
50;2025-11-08;15;88
50;2025-11-08;16;56
50;2025-11-08;17;55
50;2025-11-08;18;14
50;2025-11-08;19;12
50;2025-11-08;20;8
50;2025-11-08;21;9
50;2025-11-08;22;9
50;2025-11-08;23;2
50;2025-11-09;0;2
50;2025-11-09;1;0
50;2025-11-09;2;0
50;2025-11-09;3;0
50;2025-11-09;4;0
50;2025-11-09;5;0
50;2025-11-09;6;3
50;2025-11-09;7;5
50;2025-11-09;8;11
50;2025-11-09;9;8
50;2025-11-09;10;22
50;2025-11-09;11;74
50;2025-11-09;12;56
50;2025-11-09;13;69
50;2025-11-09;14;116
50;2025-11-09;15;94
50;2025-11-09;16;112
50;2025-11-09;17;100
50;2025-11-09;18;59
50;2025-11-09;19;64
50;2025-11-09;20;47
50;2025-11-09;21;30
50;2025-11-09;22;35
50;2025-11-09;23;10
50;2025-11-10;0;27
50;2025-11-10;1;2
50;2025-11-10;2;0
50;2025-11-10;3;0
50;2025-11-10;4;4
50;2025-11-10;5;73
50;2025-11-10;6;516
50;2025-11-10;7;1697
50;2025-11-10;8;2777
50;2025-11-10;9;2187
50;2025-11-10;10;1662
50;2025-11-10;11;1502
50;2025-11-10;12;1415
50;2025-11-10;13;1499
50;2025-11-10;14;1425
50;2025-11-10;15;1659
50;2025-11-10;16;1779
50;2025-11-10;17;2340
50;2025-11-10;18;2285
50;2025-11-10;19;1354
50;2025-11-10;20;918
50;2025-11-10;21;618
50;2025-11-10;22;248
50;2025-11-10;23;146
50;2025-11-11;0;27
50;2025-11-11;1;2
50;2025-11-11;2;0
50;2025-11-11;3;0
50;2025-11-11;4;4
50;2025-11-11;5;73
50;2025-11-11;6;516
50;2025-11-11;7;1697
50;2025-11-11;8;2777
50;2025-11-11;9;2187
50;2025-11-11;10;1662
50;2025-11-11;11;1502
50;2025-11-11;12;1415
50;2025-11-11;13;1499
50;2025-11-11;14;1425
50;2025-11-11;15;1659
50;2025-11-11;16;1779
50;2025-11-11;17;2340
50;2025-11-11;18;2285
50;2025-11-11;19;1354
50;2025-11-11;20;918
50;2025-11-11;21;618
50;2025-11-11;22;248
50;2025-11-11;23;146
50;2025-11-12;0;27
50;2025-11-12;1;2
50;2025-11-12;2;0
50;2025-11-12;3;0
50;2025-11-12;4;4
50;2025-11-12;5;73
50;2025-11-12;6;516
50;2025-11-12;7;1697
50;2025-11-12;8;2777
50;2025-11-12;9;2187
50;2025-11-12;10;1662
50;2025-11-12;11;1502
50;2025-11-12;12;1415
50;2025-11-12;13;1499
50;2025-11-12;14;1425
50;2025-11-12;15;1659
50;2025-11-12;16;1779
50;2025-11-12;17;2340
50;2025-11-12;18;2285
50;2025-11-12;19;1354
50;2025-11-12;20;918
50;2025-11-12;21;618
50;2025-11-12;22;248
50;2025-11-12;23;146
50;2025-11-13;0;27
50;2025-11-13;1;2
50;2025-11-13;2;0
50;2025-11-13;3;0
50;2025-11-13;4;4
50;2025-11-13;5;73
50;2025-11-13;6;516
50;2025-11-13;7;1697
50;2025-11-13;8;2777
50;2025-11-13;9;2187
50;2025-11-13;10;1662
50;2025-11-13;11;1502
50;2025-11-13;12;1415
50;2025-11-13;13;1499
50;2025-11-13;14;1425
50;2025-11-13;15;1659
50;2025-11-13;16;1779
50;2025-11-13;17;2340
50;2025-11-13;18;2285
50;2025-11-13;19;1354
50;2025-11-13;20;918
50;2025-11-13;21;618
50;2025-11-13;22;248
50;2025-11-13;23;146
50;2025-11-14;0;27
50;2025-11-14;1;2
50;2025-11-14;2;0
50;2025-11-14;3;0
50;2025-11-14;4;4
50;2025-11-14;5;73
50;2025-11-14;6;516
50;2025-11-14;7;1697
50;2025-11-14;8;2777
50;2025-11-14;9;2187
50;2025-11-14;10;1662
50;2025-11-14;11;1502
50;2025-11-14;12;1415
50;2025-11-14;13;1499
50;2025-11-14;14;1425
50;2025-11-14;15;1659
50;2025-11-14;16;1779
50;2025-11-14;17;2340
50;2025-11-14;18;2285
50;2025-11-14;19;1354
50;2025-11-14;20;918
50;2025-11-14;21;618
50;2025-11-14;22;248
50;2025-11-14;23;146
50;2025-11-15;0;51
50;2025-11-15;1;6
50;2025-11-15;2;0
50;2025-11-15;3;2
50;2025-11-15;4;0
50;2025-11-15;5;8
50;2025-11-15;6;10
50;2025-11-15;7;16
50;2025-11-15;8;33
50;2025-11-15;9;65
50;2025-11-15;10;24
50;2025-11-15;11;41
50;2025-11-15;12;74
50;2025-11-15;13;49
50;2025-11-15;14;60
50;2025-11-15;15;88
50;2025-11-15;16;56
50;2025-11-15;17;55
50;2025-11-15;18;14
50;2025-11-15;19;12
50;2025-11-15;20;8
50;2025-11-15;21;9
50;2025-11-15;22;9
50;2025-11-15;23;2
50;2025-11-16;0;2
50;2025-11-16;1;0
50;2025-11-16;2;0
50;2025-11-16;3;0
50;2025-11-16;4;0
50;2025-11-16;5;0
50;2025-11-16;6;3
50;2025-11-16;7;5
50;2025-11-16;8;11
50;2025-11-16;9;8
50;2025-11-16;10;22
50;2025-11-16;11;74
50;2025-11-16;12;56
50;2025-11-16;13;69
50;2025-11-16;14;116
50;2025-11-16;15;94
50;2025-11-16;16;112
50;2025-11-16;17;100
50;2025-11-16;18;59
50;2025-11-16;19;64
50;2025-11-16;20;47
50;2025-11-16;21;30
50;2025-11-16;22;35
50;2025-11-16;23;10
50;2025-11-17;0;27
50;2025-11-17;1;2
50;2025-11-17;2;0
50;2025-11-17;3;0
50;2025-11-17;4;4
50;2025-11-17;5;73
50;2025-11-17;6;516
50;2025-11-17;7;1697
50;2025-11-17;8;2777
50;2025-11-17;9;2187
50;2025-11-17;10;1662
50;2025-11-17;11;1502
50;2025-11-17;12;1415
50;2025-11-17;13;1499
50;2025-11-17;14;1425
50;2025-11-17;15;1659
50;2025-11-17;16;1779
50;2025-11-17;17;2340
50;2025-11-17;18;2285
50;2025-11-17;19;1354
50;2025-11-17;20;918
50;2025-11-17;21;618
50;2025-11-17;22;248
50;2025-11-17;23;146
50;2025-11-18;0;27
50;2025-11-18;1;2
50;2025-11-18;2;0
50;2025-11-18;3;0
50;2025-11-18;4;4
50;2025-11-18;5;73
50;2025-11-18;6;516
50;2025-11-18;7;1697
50;2025-11-18;8;2777
50;2025-11-18;9;2187
50;2025-11-18;10;1662
50;2025-11-18;11;1502
50;2025-11-18;12;1415
50;2025-11-18;13;1499
50;2025-11-18;14;1425
50;2025-11-18;15;1659
50;2025-11-18;16;1779
50;2025-11-18;17;2340
50;2025-11-18;18;2285
50;2025-11-18;19;1354
50;2025-11-18;20;918
50;2025-11-18;21;618
50;2025-11-18;22;248
50;2025-11-18;23;146
50;2025-11-19;0;27
50;2025-11-19;1;2
50;2025-11-19;2;0
50;2025-11-19;3;0
50;2025-11-19;4;4
50;2025-11-19;5;73
50;2025-11-19;6;516
50;2025-11-19;7;1697
50;2025-11-19;8;2777
50;2025-11-19;9;2187
50;2025-11-19;10;1662
50;2025-11-19;11;1502
50;2025-11-19;12;1415
50;2025-11-19;13;1499
50;2025-11-19;14;1425
50;2025-11-19;15;1659
50;2025-11-19;16;1779
50;2025-11-19;17;2340
50;2025-11-19;18;2285
50;2025-11-19;19;1354
50;2025-11-19;20;918
50;2025-11-19;21;618
50;2025-11-19;22;248
50;2025-11-19;23;146
50;2025-11-20;0;27
50;2025-11-20;1;2
50;2025-11-20;2;0
50;2025-11-20;3;0
50;2025-11-20;4;4
50;2025-11-20;5;73
50;2025-11-20;6;516
50;2025-11-20;7;1697
50;2025-11-20;8;2777
50;2025-11-20;9;2187
50;2025-11-20;10;1662
50;2025-11-20;11;1502
50;2025-11-20;12;1415
50;2025-11-20;13;1499
50;2025-11-20;14;1425
50;2025-11-20;15;1659
50;2025-11-20;16;1779
50;2025-11-20;17;2340
50;2025-11-20;18;2285
50;2025-11-20;19;1354
50;2025-11-20;20;918
50;2025-11-20;21;618
50;2025-11-20;22;248
50;2025-11-20;23;146
50;2025-11-21;0;27
50;2025-11-21;1;2
50;2025-11-21;2;0
50;2025-11-21;3;0
50;2025-11-21;4;4
50;2025-11-21;5;73
50;2025-11-21;6;516
50;2025-11-21;7;1697
50;2025-11-21;8;2777
50;2025-11-21;9;2187
50;2025-11-21;10;1662
50;2025-11-21;11;1502
50;2025-11-21;12;1415
50;2025-11-21;13;1499
50;2025-11-21;14;1425
50;2025-11-21;15;1659
50;2025-11-21;16;1779
50;2025-11-21;17;2340
50;2025-11-21;18;2285
50;2025-11-21;19;1354
50;2025-11-21;20;918
50;2025-11-21;21;618
50;2025-11-21;22;248
50;2025-11-21;23;146
50;2025-11-22;0;51
50;2025-11-22;1;6
50;2025-11-22;2;0
50;2025-11-22;3;2
50;2025-11-22;4;0
50;2025-11-22;5;8
50;2025-11-22;6;10
50;2025-11-22;7;16
50;2025-11-22;8;33
50;2025-11-22;9;65
50;2025-11-22;10;24
50;2025-11-22;11;41
50;2025-11-22;12;74
50;2025-11-22;13;49
50;2025-11-22;14;60
50;2025-11-22;15;88
50;2025-11-22;16;56
50;2025-11-22;17;55
50;2025-11-22;18;14
50;2025-11-22;19;12
50;2025-11-22;20;8
50;2025-11-22;21;9
50;2025-11-22;22;9
50;2025-11-22;23;2
50;2025-11-23;0;2
50;2025-11-23;1;0
50;2025-11-23;2;0
50;2025-11-23;3;0
50;2025-11-23;4;0
50;2025-11-23;5;0
50;2025-11-23;6;3
50;2025-11-23;7;5
50;2025-11-23;8;11
50;2025-11-23;9;8
50;2025-11-23;10;22
50;2025-11-23;11;74
50;2025-11-23;12;56
50;2025-11-23;13;69
50;2025-11-23;14;116
50;2025-11-23;15;94
50;2025-11-23;16;112
50;2025-11-23;17;100
50;2025-11-23;18;59
50;2025-11-23;19;64
50;2025-11-23;20;47
50;2025-11-23;21;30
50;2025-11-23;22;35
50;2025-11-23;23;10
50;2025-11-24;0;27
50;2025-11-24;1;2
50;2025-11-24;2;0
50;2025-11-24;3;0
50;2025-11-24;4;4
50;2025-11-24;5;73
50;2025-11-24;6;516
50;2025-11-24;7;1697
50;2025-11-24;8;2777
50;2025-11-24;9;2187
50;2025-11-24;10;1662
50;2025-11-24;11;1502
50;2025-11-24;12;1415
50;2025-11-24;13;1499
50;2025-11-24;14;1425
50;2025-11-24;15;1659
50;2025-11-24;16;1779
50;2025-11-24;17;2340
50;2025-11-24;18;2285
50;2025-11-24;19;1354
50;2025-11-24;20;918
50;2025-11-24;21;618
50;2025-11-24;22;248
50;2025-11-24;23;146
50;2025-11-25;0;27
50;2025-11-25;1;2
50;2025-11-25;2;0
50;2025-11-25;3;0
50;2025-11-25;4;4
50;2025-11-25;5;73
50;2025-11-25;6;516
50;2025-11-25;7;1697
50;2025-11-25;8;2777
50;2025-11-25;9;2187
50;2025-11-25;10;1662
50;2025-11-25;11;1502
50;2025-11-25;12;1415
50;2025-11-25;13;1499
50;2025-11-25;14;1425
50;2025-11-25;15;1659
50;2025-11-25;16;1779
50;2025-11-25;17;2340
50;2025-11-25;18;2285
50;2025-11-25;19;1354
50;2025-11-25;20;918
50;2025-11-25;21;618
50;2025-11-25;22;248
50;2025-11-25;23;146
50;2025-11-26;0;27
50;2025-11-26;1;2
50;2025-11-26;2;0
50;2025-11-26;3;0
50;2025-11-26;4;4
50;2025-11-26;5;73
50;2025-11-26;6;516
50;2025-11-26;7;1697
50;2025-11-26;8;2777
50;2025-11-26;9;2187
50;2025-11-26;10;1662
50;2025-11-26;11;1502
50;2025-11-26;12;1415
50;2025-11-26;13;1499
50;2025-11-26;14;1425
50;2025-11-26;15;1659
50;2025-11-26;16;1779
50;2025-11-26;17;2340
50;2025-11-26;18;2285
50;2025-11-26;19;1354
50;2025-11-26;20;918
50;2025-11-26;21;618
50;2025-11-26;22;248
50;2025-11-26;23;146
50;2025-11-27;0;27
50;2025-11-27;1;2
50;2025-11-27;2;0
50;2025-11-27;3;0
50;2025-11-27;4;4
50;2025-11-27;5;73
50;2025-11-27;6;516
50;2025-11-27;7;1697
50;2025-11-27;8;2777
50;2025-11-27;9;2187
50;2025-11-27;10;1662
50;2025-11-27;11;1502
50;2025-11-27;12;1415
50;2025-11-27;13;1499
50;2025-11-27;14;1425
50;2025-11-27;15;1659
50;2025-11-27;16;1779
50;2025-11-27;17;2340
50;2025-11-27;18;2285
50;2025-11-27;19;1354
50;2025-11-27;20;918
50;2025-11-27;21;618
50;2025-11-27;22;248
50;2025-11-27;23;146
50;2025-11-28;0;27
50;2025-11-28;1;2
50;2025-11-28;2;0
50;2025-11-28;3;0
50;2025-11-28;4;4
50;2025-11-28;5;73
50;2025-11-28;6;516
50;2025-11-28;7;1697
50;2025-11-28;8;2777
50;2025-11-28;9;2187
50;2025-11-28;10;1662
50;2025-11-28;11;1502
50;2025-11-28;12;1415
50;2025-11-28;13;1499
50;2025-11-28;14;1425
50;2025-11-28;15;1659
50;2025-11-28;16;1779
50;2025-11-28;17;2340
50;2025-11-28;18;2285
50;2025-11-28;19;1354
50;2025-11-28;20;918
50;2025-11-28;21;618
50;2025-11-28;22;248
50;2025-11-28;23;146
50;2025-11-29;0;51
50;2025-11-29;1;6
50;2025-11-29;2;0
50;2025-11-29;3;2
50;2025-11-29;4;0
50;2025-11-29;5;8
50;2025-11-29;6;10
50;2025-11-29;7;16
50;2025-11-29;8;33
50;2025-11-29;9;65
50;2025-11-29;10;24
50;2025-11-29;11;41
50;2025-11-29;12;74
50;2025-11-29;13;49
50;2025-11-29;14;60
50;2025-11-29;15;88
50;2025-11-29;16;56
50;2025-11-29;17;55
50;2025-11-29;18;14
50;2025-11-29;19;12
50;2025-11-29;20;8
50;2025-11-29;21;9
50;2025-11-29;22;9
50;2025-11-29;23;2
50;2025-11-30;0;2
50;2025-11-30;1;0
50;2025-11-30;2;0
50;2025-11-30;3;0
50;2025-11-30;4;0
50;2025-11-30;5;0
50;2025-11-30;6;3
50;2025-11-30;7;5
50;2025-11-30;8;11
50;2025-11-30;9;8
50;2025-11-30;10;22
50;2025-11-30;11;74
50;2025-11-30;12;56
50;2025-11-30;13;69
50;2025-11-30;14;116
50;2025-11-30;15;94
50;2025-11-30;16;112
50;2025-11-30;17;100
50;2025-11-30;18;59
50;2025-11-30;19;64
50;2025-11-30;20;47
50;2025-11-30;21;30
50;2025-11-30;22;35
50;2025-11-30;23;10
50;2025-12-01;0;27
50;2025-12-01;1;2
50;2025-12-01;2;0
50;2025-12-01;3;0
50;2025-12-01;4;4
50;2025-12-01;5;73
50;2025-12-01;6;516
50;2025-12-01;7;1697
50;2025-12-01;8;2777
50;2025-12-01;9;2187
50;2025-12-01;10;1662
50;2025-12-01;11;1502
50;2025-12-01;12;1415
50;2025-12-01;13;1499
50;2025-12-01;14;1425
50;2025-12-01;15;1659
50;2025-12-01;16;1779
50;2025-12-01;17;2340
50;2025-12-01;18;2285
50;2025-12-01;19;1354
50;2025-12-01;20;918
50;2025-12-01;21;618
50;2025-12-01;22;248
50;2025-12-01;23;146
50;2025-12-02;0;27
50;2025-12-02;1;2
50;2025-12-02;2;0
50;2025-12-02;3;0
50;2025-12-02;4;4
50;2025-12-02;5;73
50;2025-12-02;6;516
50;2025-12-02;7;1697
50;2025-12-02;8;2777
50;2025-12-02;9;2187
50;2025-12-02;10;1662
50;2025-12-02;11;1502
50;2025-12-02;12;1415
50;2025-12-02;13;1499
50;2025-12-02;14;1425
50;2025-12-02;15;1659
50;2025-12-02;16;1779
50;2025-12-02;17;2340
50;2025-12-02;18;2285
50;2025-12-02;19;1354
50;2025-12-02;20;918
50;2025-12-02;21;618
50;2025-12-02;22;248
50;2025-12-02;23;146
50;2025-12-03;0;27
50;2025-12-03;1;2
50;2025-12-03;2;0
50;2025-12-03;3;0
50;2025-12-03;4;4
50;2025-12-03;5;73
50;2025-12-03;6;516
50;2025-12-03;7;1697
50;2025-12-03;8;2777
50;2025-12-03;9;2187
50;2025-12-03;10;1662
50;2025-12-03;11;1502
50;2025-12-03;12;1415
50;2025-12-03;13;1499
50;2025-12-03;14;1425
50;2025-12-03;15;1659
50;2025-12-03;16;1779
50;2025-12-03;17;2340
50;2025-12-03;18;2285
50;2025-12-03;19;1354
50;2025-12-03;20;918
50;2025-12-03;21;618
50;2025-12-03;22;248
50;2025-12-03;23;146
50;2025-12-04;0;27
50;2025-12-04;1;2
50;2025-12-04;2;0
50;2025-12-04;3;0
50;2025-12-04;4;4
50;2025-12-04;5;73
50;2025-12-04;6;516
50;2025-12-04;7;1697
50;2025-12-04;8;2777
50;2025-12-04;9;2187
50;2025-12-04;10;1662
50;2025-12-04;11;1502
50;2025-12-04;12;1415
50;2025-12-04;13;1499
50;2025-12-04;14;1425
50;2025-12-04;15;1659
50;2025-12-04;16;1779
50;2025-12-04;17;2340
50;2025-12-04;18;2285
50;2025-12-04;19;1354
50;2025-12-04;20;918
50;2025-12-04;21;618
50;2025-12-04;22;248
50;2025-12-04;23;146
50;2025-12-05;0;27
50;2025-12-05;1;2
50;2025-12-05;2;0
50;2025-12-05;3;0
50;2025-12-05;4;4
50;2025-12-05;5;73
50;2025-12-05;6;516
50;2025-12-05;7;1697
50;2025-12-05;8;2777
50;2025-12-05;9;2187
50;2025-12-05;10;1662
50;2025-12-05;11;1502
50;2025-12-05;12;1415
50;2025-12-05;13;1499
50;2025-12-05;14;1425
50;2025-12-05;15;1659
50;2025-12-05;16;1779
50;2025-12-05;17;2340
50;2025-12-05;18;2285
50;2025-12-05;19;1354
50;2025-12-05;20;918
50;2025-12-05;21;618
50;2025-12-05;22;248
50;2025-12-05;23;146
50;2025-12-06;0;51
50;2025-12-06;1;6
50;2025-12-06;2;0
50;2025-12-06;3;2
50;2025-12-06;4;0
50;2025-12-06;5;8
50;2025-12-06;6;10
50;2025-12-06;7;16
50;2025-12-06;8;33
50;2025-12-06;9;65
50;2025-12-06;10;24
50;2025-12-06;11;41
50;2025-12-06;12;74
50;2025-12-06;13;49
50;2025-12-06;14;60
50;2025-12-06;15;88
50;2025-12-06;16;56
50;2025-12-06;17;55
50;2025-12-06;18;14
50;2025-12-06;19;12
50;2025-12-06;20;8
50;2025-12-06;21;9
50;2025-12-06;22;9
50;2025-12-06;23;2
50;2025-12-07;0;2
50;2025-12-07;1;0
50;2025-12-07;2;0
50;2025-12-07;3;0
50;2025-12-07;4;0
50;2025-12-07;5;0
50;2025-12-07;6;3
50;2025-12-07;7;5
50;2025-12-07;8;11
50;2025-12-07;9;8
50;2025-12-07;10;22
50;2025-12-07;11;74
50;2025-12-07;12;56
50;2025-12-07;13;69
50;2025-12-07;14;116
50;2025-12-07;15;94
50;2025-12-07;16;112
50;2025-12-07;17;100
50;2025-12-07;18;59
50;2025-12-07;19;64
50;2025-12-07;20;47
50;2025-12-07;21;30
50;2025-12-07;22;35
50;2025-12-07;23;10
50;2025-12-08;0;27
50;2025-12-08;1;2
50;2025-12-08;2;0
50;2025-12-08;3;0
50;2025-12-08;4;4
50;2025-12-08;5;73
50;2025-12-08;6;516
50;2025-12-08;7;1697
50;2025-12-08;8;2777
50;2025-12-08;9;2187
50;2025-12-08;10;1662
50;2025-12-08;11;1502
50;2025-12-08;12;1415
50;2025-12-08;13;1499
50;2025-12-08;14;1425
50;2025-12-08;15;1659
50;2025-12-08;16;1779
50;2025-12-08;17;2340
50;2025-12-08;18;2285
50;2025-12-08;19;1354
50;2025-12-08;20;918
50;2025-12-08;21;618
50;2025-12-08;22;248
50;2025-12-08;23;146
50;2025-12-09;0;27
50;2025-12-09;1;2
50;2025-12-09;2;0
50;2025-12-09;3;0
50;2025-12-09;4;4
50;2025-12-09;5;73
50;2025-12-09;6;516
50;2025-12-09;7;1697
50;2025-12-09;8;2777
50;2025-12-09;9;2187
50;2025-12-09;10;1662
50;2025-12-09;11;1502
50;2025-12-09;12;1415
50;2025-12-09;13;1499
50;2025-12-09;14;1425
50;2025-12-09;15;1659
50;2025-12-09;16;1779
50;2025-12-09;17;2340
50;2025-12-09;18;2285
50;2025-12-09;19;1354
50;2025-12-09;20;918
50;2025-12-09;21;618
50;2025-12-09;22;248
50;2025-12-09;23;146
50;2025-12-10;0;27
50;2025-12-10;1;2
50;2025-12-10;2;0
50;2025-12-10;3;0
50;2025-12-10;4;4
50;2025-12-10;5;73
50;2025-12-10;6;516
50;2025-12-10;7;1697
50;2025-12-10;8;2777
50;2025-12-10;9;2187
50;2025-12-10;10;1662
50;2025-12-10;11;1502
50;2025-12-10;12;1415
50;2025-12-10;13;1499
50;2025-12-10;14;1425
50;2025-12-10;15;1659
50;2025-12-10;16;1779
50;2025-12-10;17;2340
50;2025-12-10;18;2285
50;2025-12-10;19;1354
50;2025-12-10;20;918
50;2025-12-10;21;618
50;2025-12-10;22;248
50;2025-12-10;23;146
50;2025-12-11;0;27
50;2025-12-11;1;2
50;2025-12-11;2;0
50;2025-12-11;3;0
50;2025-12-11;4;4
50;2025-12-11;5;73
50;2025-12-11;6;516
50;2025-12-11;7;1697
50;2025-12-11;8;2777
50;2025-12-11;9;2187
50;2025-12-11;10;1662
50;2025-12-11;11;1502
50;2025-12-11;12;1415
50;2025-12-11;13;1499
50;2025-12-11;14;1425
50;2025-12-11;15;1659
50;2025-12-11;16;1779
50;2025-12-11;17;2340
50;2025-12-11;18;2285
50;2025-12-11;19;1354
50;2025-12-11;20;918
50;2025-12-11;21;618
50;2025-12-11;22;248
50;2025-12-11;23;146
50;2025-12-12;0;27
50;2025-12-12;1;2
50;2025-12-12;2;0
50;2025-12-12;3;0
50;2025-12-12;4;4
50;2025-12-12;5;73
50;2025-12-12;6;516
50;2025-12-12;7;1697
50;2025-12-12;8;2777
50;2025-12-12;9;2187
50;2025-12-12;10;1662
50;2025-12-12;11;1502
50;2025-12-12;12;1415
50;2025-12-12;13;1499
50;2025-12-12;14;1425
50;2025-12-12;15;1659
50;2025-12-12;16;1779
50;2025-12-12;17;2340
50;2025-12-12;18;2285
50;2025-12-12;19;1354
50;2025-12-12;20;918
50;2025-12-12;21;618
50;2025-12-12;22;248
50;2025-12-12;23;146
50;2025-12-13;0;51
50;2025-12-13;1;6
50;2025-12-13;2;0
50;2025-12-13;3;2
50;2025-12-13;4;0
50;2025-12-13;5;8
50;2025-12-13;6;10
50;2025-12-13;7;16
50;2025-12-13;8;33
50;2025-12-13;9;65
50;2025-12-13;10;24
50;2025-12-13;11;41
50;2025-12-13;12;74
50;2025-12-13;13;49
50;2025-12-13;14;60
50;2025-12-13;15;88
50;2025-12-13;16;56
50;2025-12-13;17;55
50;2025-12-13;18;14
50;2025-12-13;19;12
50;2025-12-13;20;8
50;2025-12-13;21;9
50;2025-12-13;22;9
50;2025-12-13;23;2
50;2025-12-14;0;2
50;2025-12-14;1;0
50;2025-12-14;2;0
50;2025-12-14;3;0
50;2025-12-14;4;0
50;2025-12-14;5;0
50;2025-12-14;6;3
50;2025-12-14;7;5
50;2025-12-14;8;11
50;2025-12-14;9;8
50;2025-12-14;10;22
50;2025-12-14;11;74
50;2025-12-14;12;56
50;2025-12-14;13;69
50;2025-12-14;14;116
50;2025-12-14;15;94
50;2025-12-14;16;112
50;2025-12-14;17;100
50;2025-12-14;18;59
50;2025-12-14;19;64
50;2025-12-14;20;47
50;2025-12-14;21;30
50;2025-12-14;22;35
50;2025-12-14;23;10
50;2025-12-15;0;27
50;2025-12-15;1;2
50;2025-12-15;2;0
50;2025-12-15;3;0
50;2025-12-15;4;4
50;2025-12-15;5;73
50;2025-12-15;6;516
50;2025-12-15;7;1697
50;2025-12-15;8;2777
50;2025-12-15;9;2187
50;2025-12-15;10;1662
50;2025-12-15;11;1502
50;2025-12-15;12;1415
50;2025-12-15;13;1499
50;2025-12-15;14;1425
50;2025-12-15;15;1659
50;2025-12-15;16;1779
50;2025-12-15;17;2340
50;2025-12-15;18;2285
50;2025-12-15;19;1354
50;2025-12-15;20;918
50;2025-12-15;21;618
50;2025-12-15;22;248
50;2025-12-15;23;146
50;2025-12-16;0;27
50;2025-12-16;1;2
50;2025-12-16;2;0
50;2025-12-16;3;0
50;2025-12-16;4;4
50;2025-12-16;5;73
50;2025-12-16;6;516
50;2025-12-16;7;1697
50;2025-12-16;8;2777
50;2025-12-16;9;2187
50;2025-12-16;10;1662
50;2025-12-16;11;1502
50;2025-12-16;12;1415
50;2025-12-16;13;1499
50;2025-12-16;14;1425
50;2025-12-16;15;1659
50;2025-12-16;16;1779
50;2025-12-16;17;2340
50;2025-12-16;18;2285
50;2025-12-16;19;1354
50;2025-12-16;20;918
50;2025-12-16;21;618
50;2025-12-16;22;248
50;2025-12-16;23;146
50;2025-12-17;0;27
50;2025-12-17;1;2
50;2025-12-17;2;0
50;2025-12-17;3;0
50;2025-12-17;4;4
50;2025-12-17;5;73
50;2025-12-17;6;516
50;2025-12-17;7;1697
50;2025-12-17;8;2777
50;2025-12-17;9;2187
50;2025-12-17;10;1662
50;2025-12-17;11;1502
50;2025-12-17;12;1415
50;2025-12-17;13;1499
50;2025-12-17;14;1425
50;2025-12-17;15;1659
50;2025-12-17;16;1779
50;2025-12-17;17;2340
50;2025-12-17;18;2285
50;2025-12-17;19;1354
50;2025-12-17;20;918
50;2025-12-17;21;618
50;2025-12-17;22;248
50;2025-12-17;23;146
50;2025-12-18;0;27
50;2025-12-18;1;2
50;2025-12-18;2;0
50;2025-12-18;3;0
50;2025-12-18;4;4
50;2025-12-18;5;73
50;2025-12-18;6;516
50;2025-12-18;7;1697
50;2025-12-18;8;2777
50;2025-12-18;9;2187
50;2025-12-18;10;1662
50;2025-12-18;11;1502
50;2025-12-18;12;1415
50;2025-12-18;13;1499
50;2025-12-18;14;1425
50;2025-12-18;15;1659
50;2025-12-18;16;1779
50;2025-12-18;17;2340
50;2025-12-18;18;2285
50;2025-12-18;19;1354
50;2025-12-18;20;918
50;2025-12-18;21;618
50;2025-12-18;22;248
50;2025-12-18;23;146
50;2025-12-19;0;27
50;2025-12-19;1;2
50;2025-12-19;2;0
50;2025-12-19;3;0
50;2025-12-19;4;4
50;2025-12-19;5;73
50;2025-12-19;6;516
50;2025-12-19;7;1697
50;2025-12-19;8;2777
50;2025-12-19;9;2187
50;2025-12-19;10;1662
50;2025-12-19;11;1502
50;2025-12-19;12;1415
50;2025-12-19;13;1499
50;2025-12-19;14;1425
50;2025-12-19;15;1659
50;2025-12-19;16;1779
50;2025-12-19;17;2340
50;2025-12-19;18;2285
50;2025-12-19;19;1354
50;2025-12-19;20;918
50;2025-12-19;21;618
50;2025-12-19;22;248
50;2025-12-19;23;146
50;2025-12-20;0;51
50;2025-12-20;1;6
50;2025-12-20;2;0
50;2025-12-20;3;2
50;2025-12-20;4;0
50;2025-12-20;5;8
50;2025-12-20;6;10
50;2025-12-20;7;16
50;2025-12-20;8;33
50;2025-12-20;9;65
50;2025-12-20;10;24
50;2025-12-20;11;41
50;2025-12-20;12;74
50;2025-12-20;13;49
50;2025-12-20;14;60
50;2025-12-20;15;88
50;2025-12-20;16;56
50;2025-12-20;17;55
50;2025-12-20;18;14
50;2025-12-20;19;12
50;2025-12-20;20;8
50;2025-12-20;21;9
50;2025-12-20;22;9
50;2025-12-20;23;2
50;2025-12-21;0;2
50;2025-12-21;1;0
50;2025-12-21;2;0
50;2025-12-21;3;0
50;2025-12-21;4;0
50;2025-12-21;5;0
50;2025-12-21;6;3
50;2025-12-21;7;5
50;2025-12-21;8;11
50;2025-12-21;9;8
50;2025-12-21;10;22
50;2025-12-21;11;74
50;2025-12-21;12;56
50;2025-12-21;13;69
50;2025-12-21;14;116
50;2025-12-21;15;94
50;2025-12-21;16;112
50;2025-12-21;17;100
50;2025-12-21;18;59
50;2025-12-21;19;64
50;2025-12-21;20;47
50;2025-12-21;21;30
50;2025-12-21;22;35
50;2025-12-21;23;10
50;2025-12-22;0;27
50;2025-12-22;1;2
50;2025-12-22;2;0
50;2025-12-22;3;0
50;2025-12-22;4;4
50;2025-12-22;5;73
50;2025-12-22;6;516
50;2025-12-22;7;1697
50;2025-12-22;8;2777
50;2025-12-22;9;2187
50;2025-12-22;10;1662
50;2025-12-22;11;1502
50;2025-12-22;12;1415
50;2025-12-22;13;1499
50;2025-12-22;14;1425
50;2025-12-22;15;1659
50;2025-12-22;16;1779
50;2025-12-22;17;2340
50;2025-12-22;18;2285
50;2025-12-22;19;1354
50;2025-12-22;20;918
50;2025-12-22;21;618
50;2025-12-22;22;248
50;2025-12-22;23;146
50;2025-12-23;0;27
50;2025-12-23;1;2
50;2025-12-23;2;0
50;2025-12-23;3;0
50;2025-12-23;4;4
50;2025-12-23;5;73
50;2025-12-23;6;516
50;2025-12-23;7;1697
50;2025-12-23;8;2777
50;2025-12-23;9;2187
50;2025-12-23;10;1662
50;2025-12-23;11;1502
50;2025-12-23;12;1415
50;2025-12-23;13;1499
50;2025-12-23;14;1425
50;2025-12-23;15;1659
50;2025-12-23;16;1779
50;2025-12-23;17;2340
50;2025-12-23;18;2285
50;2025-12-23;19;1354
50;2025-12-23;20;918
50;2025-12-23;21;618
50;2025-12-23;22;248
50;2025-12-23;23;146
50;2025-12-24;0;27
50;2025-12-24;1;2
50;2025-12-24;2;0
50;2025-12-24;3;0
50;2025-12-24;4;4
50;2025-12-24;5;73
50;2025-12-24;6;516
50;2025-12-24;7;1697
50;2025-12-24;8;2777
50;2025-12-24;9;2187
50;2025-12-24;10;1662
50;2025-12-24;11;1502
50;2025-12-24;12;1415
50;2025-12-24;13;1499
50;2025-12-24;14;1425
50;2025-12-24;15;1659
50;2025-12-24;16;1779
50;2025-12-24;17;2340
50;2025-12-24;18;2285
50;2025-12-24;19;1354
50;2025-12-24;20;918
50;2025-12-24;21;618
50;2025-12-24;22;248
50;2025-12-24;23;146
50;2025-12-25;0;27
50;2025-12-25;1;2
50;2025-12-25;2;0
50;2025-12-25;3;0
50;2025-12-25;4;4
50;2025-12-25;5;73
50;2025-12-25;6;516
50;2025-12-25;7;1697
50;2025-12-25;8;2777
50;2025-12-25;9;2187
50;2025-12-25;10;1662
50;2025-12-25;11;1502
50;2025-12-25;12;1415
50;2025-12-25;13;1499
50;2025-12-25;14;1425
50;2025-12-25;15;1659
50;2025-12-25;16;1779
50;2025-12-25;17;2340
50;2025-12-25;18;2285
50;2025-12-25;19;1354
50;2025-12-25;20;918
50;2025-12-25;21;618
50;2025-12-25;22;248
50;2025-12-25;23;146
50;2025-12-26;0;27
50;2025-12-26;1;2
50;2025-12-26;2;0
50;2025-12-26;3;0
50;2025-12-26;4;4
50;2025-12-26;5;73
50;2025-12-26;6;516
50;2025-12-26;7;1697
50;2025-12-26;8;2777
50;2025-12-26;9;2187
50;2025-12-26;10;1662
50;2025-12-26;11;1502
50;2025-12-26;12;1415
50;2025-12-26;13;1499
50;2025-12-26;14;1425
50;2025-12-26;15;1659
50;2025-12-26;16;1779
50;2025-12-26;17;2340
50;2025-12-26;18;2285
50;2025-12-26;19;1354
50;2025-12-26;20;918
50;2025-12-26;21;618
50;2025-12-26;22;248
50;2025-12-26;23;146
50;2025-12-27;0;51
50;2025-12-27;1;6
50;2025-12-27;2;0
50;2025-12-27;3;2
50;2025-12-27;4;0
50;2025-12-27;5;8
50;2025-12-27;6;10
50;2025-12-27;7;16
50;2025-12-27;8;33
50;2025-12-27;9;65
50;2025-12-27;10;24
50;2025-12-27;11;41
50;2025-12-27;12;74
50;2025-12-27;13;49
50;2025-12-27;14;60
50;2025-12-27;15;88
50;2025-12-27;16;56
50;2025-12-27;17;55
50;2025-12-27;18;14
50;2025-12-27;19;12
50;2025-12-27;20;8
50;2025-12-27;21;9
50;2025-12-27;22;9
50;2025-12-27;23;2
50;2025-12-28;0;2
50;2025-12-28;1;0
50;2025-12-28;2;0
50;2025-12-28;3;0
50;2025-12-28;4;0
50;2025-12-28;5;0
50;2025-12-28;6;3
50;2025-12-28;7;5
50;2025-12-28;8;11
50;2025-12-28;9;8
50;2025-12-28;10;22
50;2025-12-28;11;74
50;2025-12-28;12;56
50;2025-12-28;13;69
50;2025-12-28;14;116
50;2025-12-28;15;94
50;2025-12-28;16;112
50;2025-12-28;17;100
50;2025-12-28;18;59
50;2025-12-28;19;64
50;2025-12-28;20;47
50;2025-12-28;21;30
50;2025-12-28;22;35
50;2025-12-28;23;10
50;2025-12-29;0;27
50;2025-12-29;1;2
50;2025-12-29;2;0
50;2025-12-29;3;0
50;2025-12-29;4;4
50;2025-12-29;5;73
50;2025-12-29;6;516
50;2025-12-29;7;1697
50;2025-12-29;8;2777
50;2025-12-29;9;2187
50;2025-12-29;10;1662
50;2025-12-29;11;1502
50;2025-12-29;12;1415
50;2025-12-29;13;1499
50;2025-12-29;14;1425
50;2025-12-29;15;1659
50;2025-12-29;16;1779
50;2025-12-29;17;2340
50;2025-12-29;18;2285
50;2025-12-29;19;1354
50;2025-12-29;20;918
50;2025-12-29;21;618
50;2025-12-29;22;248
50;2025-12-29;23;146
50;2025-12-30;0;27
50;2025-12-30;1;2
50;2025-12-30;2;0
50;2025-12-30;3;0
50;2025-12-30;4;4
50;2025-12-30;5;73
50;2025-12-30;6;516
50;2025-12-30;7;1697
50;2025-12-30;8;2777
50;2025-12-30;9;2187
50;2025-12-30;10;1662
50;2025-12-30;11;1502
50;2025-12-30;12;1415
50;2025-12-30;13;1499
50;2025-12-30;14;1425
50;2025-12-30;15;1659
50;2025-12-30;16;1779
50;2025-12-30;17;2340
50;2025-12-30;18;2285
50;2025-12-30;19;1354
50;2025-12-30;20;918
50;2025-12-30;21;618
50;2025-12-30;22;248
50;2025-12-30;23;146
50;2025-12-31;0;2
50;2025-12-31;1;0
50;2025-12-31;2;0
50;2025-12-31;3;0
50;2025-12-31;4;0
50;2025-12-31;5;0
50;2025-12-31;6;3
50;2025-12-31;7;5
50;2025-12-31;8;11
50;2025-12-31;9;8
50;2025-12-31;10;22
50;2025-12-31;11;74
50;2025-12-31;12;56
50;2025-12-31;13;69
50;2025-12-31;14;116
50;2025-12-31;15;94
50;2025-12-31;16;112
50;2025-12-31;17;100
50;2025-12-31;18;59
50;2025-12-31;19;64
50;2025-12-31;20;47
50;2025-12-31;21;30
50;2025-12-31;22;35
50;2025-12-31;23;10
