route;date;hour;prediction
1;2025-11-01;0;4
1;2025-11-01;1;1
1;2025-11-01;2;0
1;2025-11-01;3;0
1;2025-11-01;4;8
1;2025-11-01;5;120
1;2025-11-01;6;485
1;2025-11-01;7;1380
1;2025-11-01;8;1863
1;2025-11-01;9;1512
1;2025-11-01;10;1413
1;2025-11-01;11;1388
1;2025-11-01;12;1452
1;2025-11-01;13;1536
1;2025-11-01;14;1477
1;2025-11-01;15;1612
1;2025-11-01;16;1536
1;2025-11-01;17;1668
1;2025-11-01;18;1535
1;2025-11-01;19;1191
1;2025-11-01;20;810
1;2025-11-01;21;458
1;2025-11-01;22;186
1;2025-11-01;23;42
1;2025-11-02;0;1
1;2025-11-02;1;0
1;2025-11-02;2;0
1;2025-11-02;3;0
1;2025-11-02;4;1
1;2025-11-02;5;19
1;2025-11-02;6;101
1;2025-11-02;7;276
1;2025-11-02;8;369
1;2025-11-02;9;608
1;2025-11-02;10;704
1;2025-11-02;11;771
1;2025-11-02;12;885
1;2025-11-02;13;912
1;2025-11-02;14;893
1;2025-11-02;15;803
1;2025-11-02;16;669
1;2025-11-02;17;569
1;2025-11-02;18;445
1;2025-11-02;19;383
1;2025-11-02;20;320
1;2025-11-02;21;244
1;2025-11-02;22;86
1;2025-11-02;23;22
1;2025-11-03;0;1
1;2025-11-03;1;0
1;2025-11-03;2;0
1;2025-11-03;3;0
1;2025-11-03;4;1
1;2025-11-03;5;20
1;2025-11-03;6;113
1;2025-11-03;7;278
1;2025-11-03;8;368
1;2025-11-03;9;550
1;2025-11-03;10;619
1;2025-11-03;11;635
1;2025-11-03;12;685
1;2025-11-03;13;752
1;2025-11-03;14;675
1;2025-11-03;15;612
1;2025-11-03;16;640
1;2025-11-03;17;586
1;2025-11-03;18;507
1;2025-11-03;19;455
1;2025-11-03;20;343
1;2025-11-03;21;261
1;2025-11-03;22;86
1;2025-11-03;23;20
1;2025-11-04;0;1
1;2025-11-04;1;0
1;2025-11-04;2;0
1;2025-11-04;3;0
1;2025-11-04;4;1
1;2025-11-04;5;19
1;2025-11-04;6;124
1;2025-11-04;7;277
1;2025-11-04;8;316
1;2025-11-04;9;467
1;2025-11-04;10;480
1;2025-11-04;11;431
1;2025-11-04;12;521
1;2025-11-04;13;522
1;2025-11-04;14;738
1;2025-11-04;15;743
1;2025-11-04;16;668
1;2025-11-04;17;652
1;2025-11-04;18;599
1;2025-11-04;19;497
1;2025-11-04;20;365
1;2025-11-04;21;277
1;2025-11-04;22;107
1;2025-11-04;23;23
1;2025-11-05;0;4
1;2025-11-05;1;0
1;2025-11-05;2;0
1;2025-11-05;3;0
1;2025-11-05;4;9
1;2025-11-05;5;131
1;2025-11-05;6;512
1;2025-11-05;7;1408
1;2025-11-05;8;1818
1;2025-11-05;9;1463
1;2025-11-05;10;1317
1;2025-11-05;11;1277
1;2025-11-05;12;1304
1;2025-11-05;13;1291
1;2025-11-05;14;1289
1;2025-11-05;15;1404
1;2025-11-05;16;1493
1;2025-11-05;17;1829
1;2025-11-05;18;1880
1;2025-11-05;19;1405
1;2025-11-05;20;895
1;2025-11-05;21;478
1;2025-11-05;22;178
1;2025-11-05;23;37
1;2025-11-06;0;4
1;2025-11-06;1;0
1;2025-11-06;2;0
1;2025-11-06;3;0
1;2025-11-06;4;9
1;2025-11-06;5;120
1;2025-11-06;6;475
1;2025-11-06;7;1372
1;2025-11-06;8;1737
1;2025-11-06;9;1498
1;2025-11-06;10;1317
1;2025-11-06;11;1226
1;2025-11-06;12;1414
1;2025-11-06;13;1459
1;2025-11-06;14;1353
1;2025-11-06;15;1410
1;2025-11-06;16;1538
1;2025-11-06;17;1809
1;2025-11-06;18;1691
1;2025-11-06;19;1368
1;2025-11-06;20;872
1;2025-11-06;21;479
1;2025-11-06;22;175
1;2025-11-06;23;36
1;2025-11-07;0;4
1;2025-11-07;1;0
1;2025-11-07;2;0
1;2025-11-07;3;0
1;2025-11-07;4;8
1;2025-11-07;5;124
1;2025-11-07;6;472
1;2025-11-07;7;1501
1;2025-11-07;8;1828
1;2025-11-07;9;1391
1;2025-11-07;10;1402
1;2025-11-07;11;1396
1;2025-11-07;12;1401
1;2025-11-07;13;1538
1;2025-11-07;14;1477
1;2025-11-07;15;1650
1;2025-11-07;16;1647
1;2025-11-07;17;1843
1;2025-11-07;18;1490
1;2025-11-07;19;1249
1;2025-11-07;20;800
1;2025-11-07;21;452
1;2025-11-07;22;158
1;2025-11-07;23;37
1;2025-11-08;0;4
1;2025-11-08;1;0
1;2025-11-08;2;0
1;2025-11-08;3;0
1;2025-11-08;4;0
1;2025-11-08;5;30
1;2025-11-08;6;153
1;2025-11-08;7;361
1;2025-11-08;8;554
1;2025-11-08;9;793
1;2025-11-08;10;944
1;2025-11-08;11;1013
1;2025-11-08;12;1156
1;2025-11-08;13;1189
1;2025-11-08;14;1086
1;2025-11-08;15;1069
1;2025-11-08;16;905
1;2025-11-08;17;801
1;2025-11-08;18;695
1;2025-11-08;19;556
1;2025-11-08;20;400
1;2025-11-08;21;281
1;2025-11-08;22;107
1;2025-11-08;23;21
1;2025-11-09;0;1
1;2025-11-09;1;0
1;2025-11-09;2;0
1;2025-11-09;3;0
1;2025-11-09;4;1
1;2025-11-09;5;19
1;2025-11-09;6;96
1;2025-11-09;7;255
1;2025-11-09;8;331
1;2025-11-09;9;599
1;2025-11-09;10;675
1;2025-11-09;11;688
1;2025-11-09;12;736
1;2025-11-09;13;779
1;2025-11-09;14;736
1;2025-11-09;15;697
1;2025-11-09;16;602
1;2025-11-09;17;534
1;2025-11-09;18;441
1;2025-11-09;19;386
1;2025-11-09;20;310
1;2025-11-09;21;240
1;2025-11-09;22;84
1;2025-11-09;23;22
1;2025-11-10;0;4
1;2025-11-10;1;0
1;2025-11-10;2;0
1;2025-11-10;3;0
1;2025-11-10;4;8
1;2025-11-10;5;122
1;2025-11-10;6;506
1;2025-11-10;7;1378
1;2025-11-10;8;1832
1;2025-11-10;9;1409
1;2025-11-10;10;1263
1;2025-11-10;11;1258
1;2025-11-10;12;1375
1;2025-11-10;13;1382
1;2025-11-10;14;1336
1;2025-11-10;15;1468
1;2025-11-10;16;1560
1;2025-11-10;17;1900
1;2025-11-10;18;1957
1;2025-11-10;19;1422
1;2025-11-10;20;877
1;2025-11-10;21;471
1;2025-11-10;22;152
1;2025-11-10;23;30
1;2025-11-11;0;4
1;2025-11-11;1;0
1;2025-11-11;2;0
1;2025-11-11;3;0
1;2025-11-11;4;8
1;2025-11-11;5;125
1;2025-11-11;6;519
1;2025-11-11;7;1549
1;2025-11-11;8;1959
1;2025-11-11;9;1549
1;2025-11-11;10;1356
1;2025-11-11;11;1377
1;2025-11-11;12;1422
1;2025-11-11;13;1454
1;2025-11-11;14;1398
1;2025-11-11;15;1520
1;2025-11-11;16;1529
1;2025-11-11;17;1876
1;2025-11-11;18;1853
1;2025-11-11;19;1411
1;2025-11-11;20;904
1;2025-11-11;21;488
1;2025-11-11;22;171
1;2025-11-11;23;33
1;2025-11-12;0;4
1;2025-11-12;1;0
1;2025-11-12;2;0
1;2025-11-12;3;0
1;2025-11-12;4;9
1;2025-11-12;5;122
1;2025-11-12;6;475
1;2025-11-12;7;1414
1;2025-11-12;8;1836
1;2025-11-12;9;1505
1;2025-11-12;10;1351
1;2025-11-12;11;1348
1;2025-11-12;12;1421
1;2025-11-12;13;1481
1;2025-11-12;14;1351
1;2025-11-12;15;1465
1;2025-11-12;16;1452
1;2025-11-12;17;1750
1;2025-11-12;18;1818
1;2025-11-12;19;1338
1;2025-11-12;20;862
1;2025-11-12;21;470
1;2025-11-12;22;168
1;2025-11-12;23;35
1;2025-11-13;0;4
1;2025-11-13;1;0
1;2025-11-13;2;0
1;2025-11-13;3;0
1;2025-11-13;4;8
1;2025-11-13;5;116
1;2025-11-13;6;498
1;2025-11-13;7;1507
1;2025-11-13;8;1951
1;2025-11-13;9;1529
1;2025-11-13;10;1344
1;2025-11-13;11;1387
1;2025-11-13;12;1371
1;2025-11-13;13;1404
1;2025-11-13;14;1334
1;2025-11-13;15;1456
1;2025-11-13;16;1454
1;2025-11-13;17;1789
1;2025-11-13;18;1685
1;2025-11-13;19;1362
1;2025-11-13;20;922
1;2025-11-13;21;500
1;2025-11-13;22;177
1;2025-11-13;23;38
1;2025-11-14;0;4
1;2025-11-14;1;0
1;2025-11-14;2;0
1;2025-11-14;3;0
1;2025-11-14;4;8
1;2025-11-14;5;124
1;2025-11-14;6;482
1;2025-11-14;7;1285
1;2025-11-14;8;1895
1;2025-11-14;9;1488
1;2025-11-14;10;1281
1;2025-11-14;11;1347
1;2025-11-14;12;1373
1;2025-11-14;13;1390
1;2025-11-14;14;1346
1;2025-11-14;15;1500
1;2025-11-14;16;1552
1;2025-11-14;17;1694
1;2025-11-14;18;1420
1;2025-11-14;19;1165
1;2025-11-14;20;792
1;2025-11-14;21;439
1;2025-11-14;22;185
1;2025-11-14;23;42
1;2025-11-15;0;4
1;2025-11-15;1;0
1;2025-11-15;2;0
1;2025-11-15;3;0
1;2025-11-15;4;1
1;2025-11-15;5;30
1;2025-11-15;6;150
1;2025-11-15;7;342
1;2025-11-15;8;481
1;2025-11-15;9;708
1;2025-11-15;10;919
1;2025-11-15;11;855
1;2025-11-15;12;967
1;2025-11-15;13;992
1;2025-11-15;14;1048
1;2025-11-15;15;956
1;2025-11-15;16;824
1;2025-11-15;17;771
1;2025-11-15;18;727
1;2025-11-15;19;664
1;2025-11-15;20;506
1;2025-11-15;21;321
1;2025-11-15;22;123
1;2025-11-15;23;24
1;2025-11-16;0;1
1;2025-11-16;1;0
1;2025-11-16;2;0
1;2025-11-16;3;0
1;2025-11-16;4;1
1;2025-11-16;5;21
1;2025-11-16;6;115
1;2025-11-16;7;278
1;2025-11-16;8;373
1;2025-11-16;9;594
1;2025-11-16;10;713
1;2025-11-16;11;729
1;2025-11-16;12;903
1;2025-11-16;13;863
1;2025-11-16;14;758
1;2025-11-16;15;669
1;2025-11-16;16;609
1;2025-11-16;17;536
1;2025-11-16;18;453
1;2025-11-16;19;423
1;2025-11-16;20;329
1;2025-11-16;21;271
1;2025-11-16;22;95
1;2025-11-16;23;23
1;2025-11-17;0;4
1;2025-11-17;1;0
1;2025-11-17;2;0
1;2025-11-17;3;0
1;2025-11-17;4;9
1;2025-11-17;5;122
1;2025-11-17;6;497
1;2025-11-17;7;1449
1;2025-11-17;8;1852
1;2025-11-17;9;1486
1;2025-11-17;10;1336
1;2025-11-17;11;1207
1;2025-11-17;12;1321
1;2025-11-17;13;1426
1;2025-11-17;14;1367
1;2025-11-17;15;1498
1;2025-11-17;16;1605
1;2025-11-17;17;1931
1;2025-11-17;18;1861
1;2025-11-17;19;1423
1;2025-11-17;20;901
1;2025-11-17;21;469
1;2025-11-17;22;162
1;2025-11-17;23;32
1;2025-11-18;0;4
1;2025-11-18;1;0
1;2025-11-18;2;0
1;2025-11-18;3;0
1;2025-11-18;4;8
1;2025-11-18;5;117
1;2025-11-18;6;445
1;2025-11-18;7;1360
1;2025-11-18;8;1554
1;2025-11-18;9;1282
1;2025-11-18;10;1032
1;2025-11-18;11;1141
1;2025-11-18;12;1167
1;2025-11-18;13;1138
1;2025-11-18;14;1089
1;2025-11-18;15;1289
1;2025-11-18;16;1580
1;2025-11-18;17;1820
1;2025-11-18;18;1751
1;2025-11-18;19;1350
1;2025-11-18;20;899
1;2025-11-18;21;490
1;2025-11-18;22;188
1;2025-11-18;23;35
1;2025-11-19;0;4
1;2025-11-19;1;0
1;2025-11-19;2;0
1;2025-11-19;3;0
1;2025-11-19;4;9
1;2025-11-19;5;127
1;2025-11-19;6;525
1;2025-11-19;7;1617
1;2025-11-19;8;2013
1;2025-11-19;9;1527
1;2025-11-19;10;1401
1;2025-11-19;11;1363
1;2025-11-19;12;1403
1;2025-11-19;13;1463
1;2025-11-19;14;1376
1;2025-11-19;15;1454
1;2025-11-19;16;1471
1;2025-11-19;17;1840
1;2025-11-19;18;1895
1;2025-11-19;19;1379
1;2025-11-19;20;946
1;2025-11-19;21;529
1;2025-11-19;22;202
1;2025-11-19;23;41
1;2025-11-20;0;5
1;2025-11-20;1;0
1;2025-11-20;2;0
1;2025-11-20;3;0
1;2025-11-20;4;9
1;2025-11-20;5;122
1;2025-11-20;6;492
1;2025-11-20;7;1542
1;2025-11-20;8;1954
1;2025-11-20;9;1475
1;2025-11-20;10;1344
1;2025-11-20;11;1320
1;2025-11-20;12;1383
1;2025-11-20;13;1383
1;2025-11-20;14;1341
1;2025-11-20;15;1390
1;2025-11-20;16;1384
1;2025-11-20;17;1787
1;2025-11-20;18;1847
1;2025-11-20;19;1354
1;2025-11-20;20;899
1;2025-11-20;21;488
1;2025-11-20;22;190
1;2025-11-20;23;39
1;2025-11-21;0;5
1;2025-11-21;1;0
1;2025-11-21;2;0
1;2025-11-21;3;0
1;2025-11-21;4;9
1;2025-11-21;5;126
1;2025-11-21;6;493
1;2025-11-21;7;1428
1;2025-11-21;8;1786
1;2025-11-21;9;1438
1;2025-11-21;10;1325
1;2025-11-21;11;1372
1;2025-11-21;12;1385
1;2025-11-21;13;1498
1;2025-11-21;14;1440
1;2025-11-21;15;1550
1;2025-11-21;16;1609
1;2025-11-21;17;1900
1;2025-11-21;18;1732
1;2025-11-21;19;1357
1;2025-11-21;20;901
1;2025-11-21;21;528
1;2025-11-21;22;203
1;2025-11-21;23;41
1;2025-11-22;0;4
1;2025-11-22;1;0
1;2025-11-22;2;0
1;2025-11-22;3;0
1;2025-11-22;4;1
1;2025-11-22;5;31
1;2025-11-22;6;155
1;2025-11-22;7;351
1;2025-11-22;8;484
1;2025-11-22;9;781
1;2025-11-22;10;947
1;2025-11-22;11;993
1;2025-11-22;12;1130
1;2025-11-22;13;1159
1;2025-11-22;14;1033
1;2025-11-22;15;936
1;2025-11-22;16;818
1;2025-11-22;17;745
1;2025-11-22;18;674
1;2025-11-22;19;601
1;2025-11-22;20;438
1;2025-11-22;21;282
1;2025-11-22;22;119
1;2025-11-22;23;25
1;2025-11-23;0;1
1;2025-11-23;1;0
1;2025-11-23;2;0
1;2025-11-23;3;0
1;2025-11-23;4;1
1;2025-11-23;5;20
1;2025-11-23;6;121
1;2025-11-23;7;277
1;2025-11-23;8;369
1;2025-11-23;9;657
1;2025-11-23;10;702
1;2025-11-23;11;789
1;2025-11-23;12;913
1;2025-11-23;13;898
1;2025-11-23;14;838
1;2025-11-23;15;760
1;2025-11-23;16;683
1;2025-11-23;17;591
1;2025-11-23;18;521
1;2025-11-23;19;457
1;2025-11-23;20;347
1;2025-11-23;21;273
1;2025-11-23;22;92
1;2025-11-23;23;23
1;2025-11-24;0;4
1;2025-11-24;1;0
1;2025-11-24;2;0
1;2025-11-24;3;0
1;2025-11-24;4;8
1;2025-11-24;5;121
1;2025-11-24;6;497
1;2025-11-24;7;1520
1;2025-11-24;8;1784
1;2025-11-24;9;1410
1;2025-11-24;10;1347
1;2025-11-24;11;1179
1;2025-11-24;12;1316
1;2025-11-24;13;1389
1;2025-11-24;14;1317
1;2025-11-24;15;1459
1;2025-11-24;16;1719
1;2025-11-24;17;1970
1;2025-11-24;18;1898
1;2025-11-24;19;1497
1;2025-11-24;20;942
1;2025-11-24;21;495
1;2025-11-24;22;184
1;2025-11-24;23;34
1;2025-11-25;0;4
1;2025-11-25;1;0
1;2025-11-25;2;0
1;2025-11-25;3;0
1;2025-11-25;4;8
1;2025-11-25;5;125
1;2025-11-25;6;512
1;2025-11-25;7;1606
1;2025-11-25;8;2032
1;2025-11-25;9;1618
1;2025-11-25;10;1443
1;2025-11-25;11;1395
1;2025-11-25;12;1403
1;2025-11-25;13;1431
1;2025-11-25;14;1361
1;2025-11-25;15;1442
1;2025-11-25;16;1528
1;2025-11-25;17;1885
1;2025-11-25;18;1881
1;2025-11-25;19;1420
1;2025-11-25;20;902
1;2025-11-25;21;475
1;2025-11-25;22;179
1;2025-11-25;23;35
1;2025-11-26;0;4
1;2025-11-26;1;0
1;2025-11-26;2;0
1;2025-11-26;3;0
1;2025-11-26;4;9
1;2025-11-26;5;126
1;2025-11-26;6;523
1;2025-11-26;7;1497
1;2025-11-26;8;2011
1;2025-11-26;9;1580
1;2025-11-26;10;1453
1;2025-11-26;11;1432
1;2025-11-26;12;1465
1;2025-11-26;13;1505
1;2025-11-26;14;1382
1;2025-11-26;15;1628
1;2025-11-26;16;1651
1;2025-11-26;17;2041
1;2025-11-26;18;1822
1;2025-11-26;19;1404
1;2025-11-26;20;905
1;2025-11-26;21;488
1;2025-11-26;22;195
1;2025-11-26;23;40
1;2025-11-27;0;4
1;2025-11-27;1;0
1;2025-11-27;2;0
1;2025-11-27;3;0
1;2025-11-27;4;9
1;2025-11-27;5;119
1;2025-11-27;6;475
1;2025-11-27;7;1349
1;2025-11-27;8;1736
1;2025-11-27;9;1483
1;2025-11-27;10;1338
1;2025-11-27;11;1337
1;2025-11-27;12;1385
1;2025-11-27;13;1504
1;2025-11-27;14;1435
1;2025-11-27;15;1485
1;2025-11-27;16;1516
1;2025-11-27;17;1842
1;2025-11-27;18;1766
1;2025-11-27;19;1354
1;2025-11-27;20;937
1;2025-11-27;21;460
1;2025-11-27;22;166
1;2025-11-27;23;34
1;2025-11-28;0;4
1;2025-11-28;1;0
1;2025-11-28;2;0
1;2025-11-28;3;0
1;2025-11-28;4;8
1;2025-11-28;5;125
1;2025-11-28;6;490
1;2025-11-28;7;1444
1;2025-11-28;8;1698
1;2025-11-28;9;1460
1;2025-11-28;10;1363
1;2025-11-28;11;1506
1;2025-11-28;12;1393
1;2025-11-28;13;1443
1;2025-11-28;14;1336
1;2025-11-28;15;1527
1;2025-11-28;16;1586
1;2025-11-28;17;1845
1;2025-11-28;18;1528
1;2025-11-28;19;1217
1;2025-11-28;20;842
1;2025-11-28;21;481
1;2025-11-28;22;184
1;2025-11-28;23;40
1;2025-11-29;0;4
1;2025-11-29;1;0
1;2025-11-29;2;0
1;2025-11-29;3;0
1;2025-11-29;4;1
1;2025-11-29;5;31
1;2025-11-29;6;162
1;2025-11-29;7;375
1;2025-11-29;8;533
1;2025-11-29;9;772
1;2025-11-29;10;919
1;2025-11-29;11;957
1;2025-11-29;12;1128
1;2025-11-29;13;1134
1;2025-11-29;14;1024
1;2025-11-29;15;889
1;2025-11-29;16;779
1;2025-11-29;17;746
1;2025-11-29;18;685
1;2025-11-29;19;602
1;2025-11-29;20;450
1;2025-11-29;21;303
1;2025-11-29;22;112
1;2025-11-29;23;21
1;2025-11-30;0;1
1;2025-11-30;1;0
1;2025-11-30;2;0
1;2025-11-30;3;0
1;2025-11-30;4;1
1;2025-11-30;5;20
1;2025-11-30;6;113
1;2025-11-30;7;257
1;2025-11-30;8;349
1;2025-11-30;9;698
1;2025-11-30;10;782
1;2025-11-30;11;830
1;2025-11-30;12;929
1;2025-11-30;13;931
1;2025-11-30;14;797
1;2025-11-30;15;685
1;2025-11-30;16;598
1;2025-11-30;17;594
1;2025-11-30;18;495
1;2025-11-30;19;381
1;2025-11-30;20;299
1;2025-11-30;21;240
1;2025-11-30;22;85
1;2025-11-30;23;22
1;2025-12-01;0;4
1;2025-12-01;1;0
1;2025-12-01;2;0
1;2025-12-01;3;0
1;2025-12-01;4;8
1;2025-12-01;5;121
1;2025-12-01;6;497
1;2025-12-01;7;1337
1;2025-12-01;8;1798
1;2025-12-01;9;1405
1;2025-12-01;10;1306
1;2025-12-01;11;1278
1;2025-12-01;12;1369
1;2025-12-01;13;1359
1;2025-12-01;14;1299
1;2025-12-01;15;1435
1;2025-12-01;16;1555
1;2025-12-01;17;1893
1;2025-12-01;18;1858
1;2025-12-01;19;1412
1;2025-12-01;20;895
1;2025-12-01;21;487
1;2025-12-01;22;169
1;2025-12-01;23;33
1;2025-12-02;0;4
1;2025-12-02;1;0
1;2025-12-02;2;0
1;2025-12-02;3;0
1;2025-12-02;4;9
1;2025-12-02;5;123
1;2025-12-02;6;495
1;2025-12-02;7;1517
1;2025-12-02;8;1976
1;2025-12-02;9;1562
1;2025-12-02;10;1375
1;2025-12-02;11;1359
1;2025-12-02;12;1411
1;2025-12-02;13;1474
1;2025-12-02;14;1380
1;2025-12-02;15;1476
1;2025-12-02;16;1533
1;2025-12-02;17;1860
1;2025-12-02;18;1868
1;2025-12-02;19;1420
1;2025-12-02;20;899
1;2025-12-02;21;493
1;2025-12-02;22;181
1;2025-12-02;23;38
1;2025-12-03;0;4
1;2025-12-03;1;0
1;2025-12-03;2;0
1;2025-12-03;3;0
1;2025-12-03;4;9
1;2025-12-03;5;122
1;2025-12-03;6;512
1;2025-12-03;7;1461
1;2025-12-03;8;1940
1;2025-12-03;9;1498
1;2025-12-03;10;1361
1;2025-12-03;11;1417
1;2025-12-03;12;1413
1;2025-12-03;13;1479
1;2025-12-03;14;1356
1;2025-12-03;15;1457
1;2025-12-03;16;1458
1;2025-12-03;17;1776
1;2025-12-03;18;1798
1;2025-12-03;19;1358
1;2025-12-03;20;889
1;2025-12-03;21;485
1;2025-12-03;22;182
1;2025-12-03;23;39
1;2025-12-04;0;4
1;2025-12-04;1;0
1;2025-12-04;2;0
1;2025-12-04;3;0
1;2025-12-04;4;9
1;2025-12-04;5;117
1;2025-12-04;6;479
1;2025-12-04;7;1386
1;2025-12-04;8;1799
1;2025-12-04;9;1467
1;2025-12-04;10;1321
1;2025-12-04;11;1314
1;2025-12-04;12;1342
1;2025-12-04;13;1352
1;2025-12-04;14;1293
1;2025-12-04;15;1394
1;2025-12-04;16;1384
1;2025-12-04;17;1731
1;2025-12-04;18;1703
1;2025-12-04;19;1299
1;2025-12-04;20;883
1;2025-12-04;21;476
1;2025-12-04;22;179
1;2025-12-04;23;37
1;2025-12-05;0;4
1;2025-12-05;1;0
1;2025-12-05;2;0
1;2025-12-05;3;0
1;2025-12-05;4;8
1;2025-12-05;5;123
1;2025-12-05;6;499
1;2025-12-05;7;1543
1;2025-12-05;8;1848
1;2025-12-05;9;1450
1;2025-12-05;10;1349
1;2025-12-05;11;1455
1;2025-12-05;12;1471
1;2025-12-05;13;1555
1;2025-12-05;14;1468
1;2025-12-05;15;1578
1;2025-12-05;16;1623
1;2025-12-05;17;1875
1;2025-12-05;18;1595
1;2025-12-05;19;1289
1;2025-12-05;20;857
1;2025-12-05;21;508
1;2025-12-05;22;184
1;2025-12-05;23;40
1;2025-12-06;0;4
1;2025-12-06;1;0
1;2025-12-06;2;0
1;2025-12-06;3;0
1;2025-12-06;4;1
1;2025-12-06;5;30
1;2025-12-06;6;163
1;2025-12-06;7;373
1;2025-12-06;8;534
1;2025-12-06;9;787
1;2025-12-06;10;936
1;2025-12-06;11;964
1;2025-12-06;12;1119
1;2025-12-06;13;1130
1;2025-12-06;14;1013
1;2025-12-06;15;975
1;2025-12-06;16;796
1;2025-12-06;17;741
1;2025-12-06;18;683
1;2025-12-06;19;587
1;2025-12-06;20;440
1;2025-12-06;21;292
1;2025-12-06;22;108
1;2025-12-06;23;21
1;2025-12-07;0;1
1;2025-12-07;1;0
1;2025-12-07;2;0
1;2025-12-07;3;0
1;2025-12-07;4;1
1;2025-12-07;5;20
1;2025-12-07;6;111
1;2025-12-07;7;259
1;2025-12-07;8;360
1;2025-12-07;9;644
1;2025-12-07;10;656
1;2025-12-07;11;699
1;2025-12-07;12;816
1;2025-12-07;13;795
1;2025-12-07;14;764
1;2025-12-07;15;701
1;2025-12-07;16;599
1;2025-12-07;17;550
1;2025-12-07;18;485
1;2025-12-07;19;426
1;2025-12-07;20;328
1;2025-12-07;21;265
1;2025-12-07;22;92
1;2025-12-07;23;23
1;2025-12-08;0;4
1;2025-12-08;1;0
1;2025-12-08;2;0
1;2025-12-08;3;0
1;2025-12-08;4;8
1;2025-12-08;5;120
1;2025-12-08;6;512
1;2025-12-08;7;1406
1;2025-12-08;8;1856
1;2025-12-08;9;1406
1;2025-12-08;10;1245
1;2025-12-08;11;1239
1;2025-12-08;12;1345
1;2025-12-08;13;1343
1;2025-12-08;14;1295
1;2025-12-08;15;1421
1;2025-12-08;16;1534
1;2025-12-08;17;1910
1;2025-12-08;18;1869
1;2025-12-08;19;1425
1;2025-12-08;20;899
1;2025-12-08;21;489
1;2025-12-08;22;182
1;2025-12-08;23;33
1;2025-12-09;0;4
1;2025-12-09;1;0
1;2025-12-09;2;0
1;2025-12-09;3;0
1;2025-12-09;4;8
1;2025-12-09;5;124
1;2025-12-09;6;506
1;2025-12-09;7;1630
1;2025-12-09;8;2084
1;2025-12-09;9;1616
1;2025-12-09;10;1442
1;2025-12-09;11;1384
1;2025-12-09;12;1417
1;2025-12-09;13;1487
1;2025-12-09;14;1402
1;2025-12-09;15;1486
1;2025-12-09;16;1565
1;2025-12-09;17;1824
1;2025-12-09;18;1879
1;2025-12-09;19;1421
1;2025-12-09;20;909
1;2025-12-09;21;488
1;2025-12-09;22;193
1;2025-12-09;23;40
1;2025-12-10;0;4
1;2025-12-10;1;0
1;2025-12-10;2;0
1;2025-12-10;3;0
1;2025-12-10;4;9
1;2025-12-10;5;129
1;2025-12-10;6;526
1;2025-12-10;7;1546
1;2025-12-10;8;2064
1;2025-12-10;9;1645
1;2025-12-10;10;1570
1;2025-12-10;11;1509
1;2025-12-10;12;1406
1;2025-12-10;13;1437
1;2025-12-10;14;1323
1;2025-12-10;15;1385
1;2025-12-10;16;1417
1;2025-12-10;17;1760
1;2025-12-10;18;1770
1;2025-12-10;19;1357
1;2025-12-10;20;897
1;2025-12-10;21;492
1;2025-12-10;22;184
1;2025-12-10;23;39
1;2025-12-11;0;5
1;2025-12-11;1;0
1;2025-12-11;2;0
1;2025-12-11;3;0
1;2025-12-11;4;9
1;2025-12-11;5;124
1;2025-12-11;6;498
1;2025-12-11;7;1542
1;2025-12-11;8;2021
1;2025-12-11;9;1520
1;2025-12-11;10;1376
1;2025-12-11;11;1414
1;2025-12-11;12;1482
1;2025-12-11;13;1548
1;2025-12-11;14;1452
1;2025-12-11;15;1626
1;2025-12-11;16;1622
1;2025-12-11;17;1866
1;2025-12-11;18;1773
1;2025-12-11;19;1382
1;2025-12-11;20;960
1;2025-12-11;21;477
1;2025-12-11;22;173
1;2025-12-11;23;40
1;2025-12-12;0;5
1;2025-12-12;1;0
1;2025-12-12;2;0
1;2025-12-12;3;0
1;2025-12-12;4;8
1;2025-12-12;5;123
1;2025-12-12;6;475
1;2025-12-12;7;1292
1;2025-12-12;8;1715
1;2025-12-12;9;1472
1;2025-12-12;10;1240
1;2025-12-12;11;1391
1;2025-12-12;12;1338
1;2025-12-12;13;1291
1;2025-12-12;14;1155
1;2025-12-12;15;1453
1;2025-12-12;16;1651
1;2025-12-12;17;1697
1;2025-12-12;18;1549
1;2025-12-12;19;1295
1;2025-12-12;20;852
1;2025-12-12;21;478
1;2025-12-12;22;191
1;2025-12-12;23;42
1;2025-12-13;0;5
1;2025-12-13;1;0
1;2025-12-13;2;0
1;2025-12-13;3;0
1;2025-12-13;4;1
1;2025-12-13;5;32
1;2025-12-13;6;179
1;2025-12-13;7;366
1;2025-12-13;8;539
1;2025-12-13;9;793
1;2025-12-13;10;967
1;2025-12-13;11;954
1;2025-12-13;12;1105
1;2025-12-13;13;1182
1;2025-12-13;14;1097
1;2025-12-13;15;932
1;2025-12-13;16;839
1;2025-12-13;17;810
1;2025-12-13;18;778
1;2025-12-13;19;670
1;2025-12-13;20;445
1;2025-12-13;21;321
1;2025-12-13;22;135
1;2025-12-13;23;27
1;2025-12-14;0;1
1;2025-12-14;1;0
1;2025-12-14;2;0
1;2025-12-14;3;0
1;2025-12-14;4;1
1;2025-12-14;5;22
1;2025-12-14;6;116
1;2025-12-14;7;279
1;2025-12-14;8;387
1;2025-12-14;9;622
1;2025-12-14;10;702
1;2025-12-14;11;691
1;2025-12-14;12;822
1;2025-12-14;13;817
1;2025-12-14;14;781
1;2025-12-14;15;674
1;2025-12-14;16;641
1;2025-12-14;17;585
1;2025-12-14;18;533
1;2025-12-14;19;457
1;2025-12-14;20;353
1;2025-12-14;21;288
1;2025-12-14;22;108
1;2025-12-14;23;26
1;2025-12-15;0;4
1;2025-12-15;1;1
1;2025-12-15;2;0
1;2025-12-15;3;0
1;2025-12-15;4;9
1;2025-12-15;5;120
1;2025-12-15;6;488
1;2025-12-15;7;1415
1;2025-12-15;8;1856
1;2025-12-15;9;1384
1;2025-12-15;10;1227
1;2025-12-15;11;1300
1;2025-12-15;12;1306
1;2025-12-15;13;1329
1;2025-12-15;14;1272
1;2025-12-15;15;1406
1;2025-12-15;16;1524
1;2025-12-15;17;1831
1;2025-12-15;18;1880
1;2025-12-15;19;1395
1;2025-12-15;20;871
1;2025-12-15;21;467
1;2025-12-15;22;181
1;2025-12-15;23;36
1;2025-12-16;0;5
1;2025-12-16;1;1
1;2025-12-16;2;0
1;2025-12-16;3;0
1;2025-12-16;4;9
1;2025-12-16;5;122
1;2025-12-16;6;504
1;2025-12-16;7;1537
1;2025-12-16;8;2011
1;2025-12-16;9;1548
1;2025-12-16;10;1606
1;2025-12-16;11;1538
1;2025-12-16;12;1536
1;2025-12-16;13;1530
1;2025-12-16;14;1478
1;2025-12-16;15;1465
1;2025-12-16;16;1511
1;2025-12-16;17;1796
1;2025-12-16;18;1684
1;2025-12-16;19;1389
1;2025-12-16;20;879
1;2025-12-16;21;462
1;2025-12-16;22;180
1;2025-12-16;23;34
1;2025-12-17;0;4
1;2025-12-17;1;0
1;2025-12-17;2;0
1;2025-12-17;3;0
1;2025-12-17;4;9
1;2025-12-17;5;121
1;2025-12-17;6;475
1;2025-12-17;7;1390
1;2025-12-17;8;1771
1;2025-12-17;9;1467
1;2025-12-17;10;1354
1;2025-12-17;11;1298
1;2025-12-17;12;1357
1;2025-12-17;13;1397
1;2025-12-17;14;1270
1;2025-12-17;15;1346
1;2025-12-17;16;1375
1;2025-12-17;17;1708
1;2025-12-17;18;1727
1;2025-12-17;19;1348
1;2025-12-17;20;889
1;2025-12-17;21;482
1;2025-12-17;22;182
1;2025-12-17;23;39
1;2025-12-18;0;5
1;2025-12-18;1;0
1;2025-12-18;2;0
1;2025-12-18;3;0
1;2025-12-18;4;9
1;2025-12-18;5;122
1;2025-12-18;6;491
1;2025-12-18;7;1498
1;2025-12-18;8;1867
1;2025-12-18;9;1498
1;2025-12-18;10;1381
1;2025-12-18;11;1425
1;2025-12-18;12;1454
1;2025-12-18;13;1417
1;2025-12-18;14;1358
1;2025-12-18;15;1437
1;2025-12-18;16;1413
1;2025-12-18;17;1784
1;2025-12-18;18;1735
1;2025-12-18;19;1370
1;2025-12-18;20;906
1;2025-12-18;21;483
1;2025-12-18;22;176
1;2025-12-18;23;38
1;2025-12-19;0;4
1;2025-12-19;1;0
1;2025-12-19;2;0
1;2025-12-19;3;0
1;2025-12-19;4;8
1;2025-12-19;5;121
1;2025-12-19;6;472
1;2025-12-19;7;1413
1;2025-12-19;8;1755
1;2025-12-19;9;1425
1;2025-12-19;10;1313
1;2025-12-19;11;1339
1;2025-12-19;12;1385
1;2025-12-19;13;1395
1;2025-12-19;14;1274
1;2025-12-19;15;1435
1;2025-12-19;16;1508
1;2025-12-19;17;1804
1;2025-12-19;18;1571
1;2025-12-19;19;1267
1;2025-12-19;20;863
1;2025-12-19;21;492
1;2025-12-19;22;193
1;2025-12-19;23;40
1;2025-12-20;0;4
1;2025-12-20;1;0
1;2025-12-20;2;0
1;2025-12-20;3;0
1;2025-12-20;4;1
1;2025-12-20;5;31
1;2025-12-20;6;164
1;2025-12-20;7;375
1;2025-12-20;8;516
1;2025-12-20;9;783
1;2025-12-20;10;921
1;2025-12-20;11;951
1;2025-12-20;12;1126
1;2025-12-20;13;1126
1;2025-12-20;14;1002
1;2025-12-20;15;880
1;2025-12-20;16;759
1;2025-12-20;17;741
1;2025-12-20;18;700
1;2025-12-20;19;632
1;2025-12-20;20;490
1;2025-12-20;21;301
1;2025-12-20;22;113
1;2025-12-20;23;24
1;2025-12-21;0;1
1;2025-12-21;1;0
1;2025-12-21;2;0
1;2025-12-21;3;0
1;2025-12-21;4;1
1;2025-12-21;5;19
1;2025-12-21;6;113
1;2025-12-21;7;259
1;2025-12-21;8;370
1;2025-12-21;9;592
1;2025-12-21;10;628
1;2025-12-21;11;657
1;2025-12-21;12;750
1;2025-12-21;13;747
1;2025-12-21;14;674
1;2025-12-21;15;663
1;2025-12-21;16;555
1;2025-12-21;17;524
1;2025-12-21;18;430
1;2025-12-21;19;409
1;2025-12-21;20;318
1;2025-12-21;21;244
1;2025-12-21;22;88
1;2025-12-21;23;22
1;2025-12-22;0;4
1;2025-12-22;1;0
1;2025-12-22;2;0
1;2025-12-22;3;0
1;2025-12-22;4;8
1;2025-12-22;5;122
1;2025-12-22;6;494
1;2025-12-22;7;1324
1;2025-12-22;8;1792
1;2025-12-22;9;1457
1;2025-12-22;10;1318
1;2025-12-22;11;1259
1;2025-12-22;12;1349
1;2025-12-22;13;1454
1;2025-12-22;14;1379
1;2025-12-22;15;1321
1;2025-12-22;16;1541
1;2025-12-22;17;1861
1;2025-12-22;18;1839
1;2025-12-22;19;1419
1;2025-12-22;20;880
1;2025-12-22;21;520
1;2025-12-22;22;195
1;2025-12-22;23;37
1;2025-12-23;0;5
1;2025-12-23;1;0
1;2025-12-23;2;0
1;2025-12-23;3;0
1;2025-12-23;4;10
1;2025-12-23;5;122
1;2025-12-23;6;547
1;2025-12-23;7;1642
1;2025-12-23;8;2089
1;2025-12-23;9;1559
1;2025-12-23;10;1377
1;2025-12-23;11;1380
1;2025-12-23;12;1405
1;2025-12-23;13;1423
1;2025-12-23;14;1336
1;2025-12-23;15;1428
1;2025-12-23;16;1520
1;2025-12-23;17;1864
1;2025-12-23;18;1981
1;2025-12-23;19;1477
1;2025-12-23;20;945
1;2025-12-23;21;505
1;2025-12-23;22;197
1;2025-12-23;23;39
1;2025-12-24;0;5
1;2025-12-24;1;1
1;2025-12-24;2;0
1;2025-12-24;3;0
1;2025-12-24;4;10
1;2025-12-24;5;126
1;2025-12-24;6;521
1;2025-12-24;7;1492
1;2025-12-24;8;1938
1;2025-12-24;9;1487
1;2025-12-24;10;1350
1;2025-12-24;11;1379
1;2025-12-24;12;1424
1;2025-12-24;13;1497
1;2025-12-24;14;1415
1;2025-12-24;15;1596
1;2025-12-24;16;1558
1;2025-12-24;17;1986
1;2025-12-24;18;2005
1;2025-12-24;19;1643
1;2025-12-24;20;951
1;2025-12-24;21;514
1;2025-12-24;22;202
1;2025-12-24;23;44
1;2025-12-25;0;5
1;2025-12-25;1;0
1;2025-12-25;2;0
1;2025-12-25;3;0
1;2025-12-25;4;9
1;2025-12-25;5;122
1;2025-12-25;6;490
1;2025-12-25;7;1533
1;2025-12-25;8;1927
1;2025-12-25;9;1504
1;2025-12-25;10;1368
1;2025-12-25;11;1361
1;2025-12-25;12;1447
1;2025-12-25;13;1436
1;2025-12-25;14;1397
1;2025-12-25;15;1541
1;2025-12-25;16;1529
1;2025-12-25;17;1912
1;2025-12-25;18;2066
1;2025-12-25;19;1467
1;2025-12-25;20;900
1;2025-12-25;21;493
1;2025-12-25;22;198
1;2025-12-25;23;36
1;2025-12-26;0;4
1;2025-12-26;1;0
1;2025-12-26;2;0
1;2025-12-26;3;0
1;2025-12-26;4;7
1;2025-12-26;5;126
1;2025-12-26;6;499
1;2025-12-26;7;1483
1;2025-12-26;8;2065
1;2025-12-26;9;1530
1;2025-12-26;10;1405
1;2025-12-26;11;1317
1;2025-12-26;12;1357
1;2025-12-26;13;1385
1;2025-12-26;14;1383
1;2025-12-26;15;1366
1;2025-12-26;16;1555
1;2025-12-26;17;1710
1;2025-12-26;18;1822
1;2025-12-26;19;1358
1;2025-12-26;20;869
1;2025-12-26;21;464
1;2025-12-26;22;192
1;2025-12-26;23;43
1;2025-12-27;0;5
1;2025-12-27;1;0
1;2025-12-27;2;0
1;2025-12-27;3;0
1;2025-12-27;4;1
1;2025-12-27;5;32
1;2025-12-27;6;177
1;2025-12-27;7;392
1;2025-12-27;8;520
1;2025-12-27;9;770
1;2025-12-27;10;935
1;2025-12-27;11;955
1;2025-12-27;12;1126
1;2025-12-27;13;1125
1;2025-12-27;14;1003
1;2025-12-27;15;887
1;2025-12-27;16;777
1;2025-12-27;17;744
1;2025-12-27;18;678
1;2025-12-27;19;614
1;2025-12-27;20;456
1;2025-12-27;21;294
1;2025-12-27;22;119
1;2025-12-27;23;24
1;2025-12-28;0;1
1;2025-12-28;1;0
1;2025-12-28;2;0
1;2025-12-28;3;0
1;2025-12-28;4;1
1;2025-12-28;5;21
1;2025-12-28;6;115
1;2025-12-28;7;267
1;2025-12-28;8;366
1;2025-12-28;9;632
1;2025-12-28;10;714
1;2025-12-28;11;710
1;2025-12-28;12;792
1;2025-12-28;13;803
1;2025-12-28;14;753
1;2025-12-28;15;708
1;2025-12-28;16;600
1;2025-12-28;17;549
1;2025-12-28;18;477
1;2025-12-28;19;435
1;2025-12-28;20;344
1;2025-12-28;21;273
1;2025-12-28;22;101
1;2025-12-28;23;23
1;2025-12-29;0;4
1;2025-12-29;1;0
1;2025-12-29;2;0
1;2025-12-29;3;0
1;2025-12-29;4;9
1;2025-12-29;5;127
1;2025-12-29;6;505
1;2025-12-29;7;1428
1;2025-12-29;8;1957
1;2025-12-29;9;1521
1;2025-12-29;10;1377
1;2025-12-29;11;1347
1;2025-12-29;12;1344
1;2025-12-29;13;1359
1;2025-12-29;14;1264
1;2025-12-29;15;1338
1;2025-12-29;16;1457
1;2025-12-29;17;1799
1;2025-12-29;18;1901
1;2025-12-29;19;1350
1;2025-12-29;20;893
1;2025-12-29;21;484
1;2025-12-29;22;192
1;2025-12-29;23;40
1;2025-12-30;0;5
1;2025-12-30;1;0
1;2025-12-30;2;0
1;2025-12-30;3;0
1;2025-12-30;4;9
1;2025-12-30;5;129
1;2025-12-30;6;524
1;2025-12-30;7;1550
1;2025-12-30;8;2075
1;2025-12-30;9;1695
1;2025-12-30;10;1537
1;2025-12-30;11;1518
1;2025-12-30;12;1522
1;2025-12-30;13;1560
1;2025-12-30;14;1466
1;2025-12-30;15;1576
1;2025-12-30;16;1637
1;2025-12-30;17;1975
1;2025-12-30;18;2082
1;2025-12-30;19;1514
1;2025-12-30;20;953
1;2025-12-30;21;504
1;2025-12-30;22;197
1;2025-12-30;23;42
1;2025-12-31;0;1
1;2025-12-31;1;0
1;2025-12-31;2;0
1;2025-12-31;3;0
1;2025-12-31;4;1
1;2025-12-31;5;22
1;2025-12-31;6;122
1;2025-12-31;7;297
1;2025-12-31;8;412
1;2025-12-31;9;682
1;2025-12-31;10;758
1;2025-12-31;11;767
1;2025-12-31;12;872
1;2025-12-31;13;890
1;2025-12-31;14;855
1;2025-12-31;15;747
1;2025-12-31;16;673
1;2025-12-31;17;631
1;2025-12-31;18;559
1;2025-12-31;19;497
1;2025-12-31;20;371
1;2025-12-31;21;290
1;2025-12-31;22;109
1;2025-12-31;23;29
5;2025-11-01;0;0
5;2025-11-01;1;0
5;2025-11-01;2;0
5;2025-11-01;3;0
5;2025-11-01;4;0
5;2025-11-01;5;0
5;2025-11-01;6;0
5;2025-11-01;7;0
5;2025-11-01;8;0
5;2025-11-01;9;0
5;2025-11-01;10;0
5;2025-11-01;11;0
5;2025-11-01;12;0
5;2025-11-01;13;0
5;2025-11-01;14;0
5;2025-11-01;15;0
5;2025-11-01;16;0
5;2025-11-01;17;0
5;2025-11-01;18;0
5;2025-11-01;19;0
5;2025-11-01;20;0
5;2025-11-01;21;0
5;2025-11-01;22;0
5;2025-11-01;23;0
5;2025-11-02;0;0
5;2025-11-02;1;0
5;2025-11-02;2;0
5;2025-11-02;3;0
5;2025-11-02;4;0
5;2025-11-02;5;0
5;2025-11-02;6;0
5;2025-11-02;7;0
5;2025-11-02;8;0
5;2025-11-02;9;0
5;2025-11-02;10;0
5;2025-11-02;11;0
5;2025-11-02;12;0
5;2025-11-02;13;0
5;2025-11-02;14;0
5;2025-11-02;15;0
5;2025-11-02;16;0
5;2025-11-02;17;0
5;2025-11-02;18;0
5;2025-11-02;19;0
5;2025-11-02;20;0
5;2025-11-02;21;0
5;2025-11-02;22;0
5;2025-11-02;23;0
5;2025-11-03;0;0
5;2025-11-03;1;0
5;2025-11-03;2;0
5;2025-11-03;3;0
5;2025-11-03;4;0
5;2025-11-03;5;0
5;2025-11-03;6;0
5;2025-11-03;7;0
5;2025-11-03;8;0
5;2025-11-03;9;0
5;2025-11-03;10;0
5;2025-11-03;11;0
5;2025-11-03;12;0
5;2025-11-03;13;0
5;2025-11-03;14;0
5;2025-11-03;15;0
5;2025-11-03;16;0
5;2025-11-03;17;0
5;2025-11-03;18;0
5;2025-11-03;19;0
5;2025-11-03;20;0
5;2025-11-03;21;0
5;2025-11-03;22;0
5;2025-11-03;23;0
5;2025-11-04;0;0
5;2025-11-04;1;0
5;2025-11-04;2;0
5;2025-11-04;3;0
5;2025-11-04;4;0
5;2025-11-04;5;0
5;2025-11-04;6;0
5;2025-11-04;7;0
5;2025-11-04;8;0
5;2025-11-04;9;0
5;2025-11-04;10;0
5;2025-11-04;11;0
5;2025-11-04;12;0
5;2025-11-04;13;0
5;2025-11-04;14;0
5;2025-11-04;15;0
5;2025-11-04;16;0
5;2025-11-04;17;0
5;2025-11-04;18;0
5;2025-11-04;19;0
5;2025-11-04;20;0
5;2025-11-04;21;0
5;2025-11-04;22;0
5;2025-11-04;23;0
5;2025-11-05;0;0
5;2025-11-05;1;0
5;2025-11-05;2;0
5;2025-11-05;3;0
5;2025-11-05;4;0
5;2025-11-05;5;0
5;2025-11-05;6;0
5;2025-11-05;7;0
5;2025-11-05;8;0
5;2025-11-05;9;0
5;2025-11-05;10;0
5;2025-11-05;11;0
5;2025-11-05;12;0
5;2025-11-05;13;0
5;2025-11-05;14;0
5;2025-11-05;15;0
5;2025-11-05;16;0
5;2025-11-05;17;0
5;2025-11-05;18;0
5;2025-11-05;19;0
5;2025-11-05;20;0
5;2025-11-05;21;0
5;2025-11-05;22;0
5;2025-11-05;23;0
5;2025-11-06;0;0
5;2025-11-06;1;0
5;2025-11-06;2;0
5;2025-11-06;3;0
5;2025-11-06;4;0
5;2025-11-06;5;0
5;2025-11-06;6;0
5;2025-11-06;7;0
5;2025-11-06;8;0
5;2025-11-06;9;0
5;2025-11-06;10;0
5;2025-11-06;11;0
5;2025-11-06;12;0
5;2025-11-06;13;0
5;2025-11-06;14;0
5;2025-11-06;15;0
5;2025-11-06;16;0
5;2025-11-06;17;0
5;2025-11-06;18;0
5;2025-11-06;19;0
5;2025-11-06;20;0
5;2025-11-06;21;0
5;2025-11-06;22;0
5;2025-11-06;23;0
5;2025-11-07;0;0
5;2025-11-07;1;0
5;2025-11-07;2;0
5;2025-11-07;3;0
5;2025-11-07;4;0
5;2025-11-07;5;0
5;2025-11-07;6;0
5;2025-11-07;7;0
5;2025-11-07;8;0
5;2025-11-07;9;0
5;2025-11-07;10;0
5;2025-11-07;11;0
5;2025-11-07;12;0
5;2025-11-07;13;0
5;2025-11-07;14;0
5;2025-11-07;15;0
5;2025-11-07;16;0
5;2025-11-07;17;0
5;2025-11-07;18;0
5;2025-11-07;19;0
5;2025-11-07;20;0
5;2025-11-07;21;0
5;2025-11-07;22;0
5;2025-11-07;23;0
5;2025-11-08;0;0
5;2025-11-08;1;0
5;2025-11-08;2;0
5;2025-11-08;3;0
5;2025-11-08;4;0
5;2025-11-08;5;0
5;2025-11-08;6;0
5;2025-11-08;7;0
5;2025-11-08;8;0
5;2025-11-08;9;0
5;2025-11-08;10;0
5;2025-11-08;11;0
5;2025-11-08;12;0
5;2025-11-08;13;0
5;2025-11-08;14;0
5;2025-11-08;15;0
5;2025-11-08;16;0
5;2025-11-08;17;0
5;2025-11-08;18;0
5;2025-11-08;19;0
5;2025-11-08;20;0
5;2025-11-08;21;0
5;2025-11-08;22;0
5;2025-11-08;23;0
5;2025-11-09;0;0
5;2025-11-09;1;0
5;2025-11-09;2;0
5;2025-11-09;3;0
5;2025-11-09;4;0
5;2025-11-09;5;0
5;2025-11-09;6;0
5;2025-11-09;7;0
5;2025-11-09;8;0
5;2025-11-09;9;0
5;2025-11-09;10;0
5;2025-11-09;11;0
5;2025-11-09;12;0
5;2025-11-09;13;0
5;2025-11-09;14;0
5;2025-11-09;15;0
5;2025-11-09;16;0
5;2025-11-09;17;0
5;2025-11-09;18;0
5;2025-11-09;19;0
5;2025-11-09;20;0
5;2025-11-09;21;0
5;2025-11-09;22;0
5;2025-11-09;23;0
5;2025-11-10;0;0
5;2025-11-10;1;0
5;2025-11-10;2;0
5;2025-11-10;3;0
5;2025-11-10;4;0
5;2025-11-10;5;0
5;2025-11-10;6;0
5;2025-11-10;7;0
5;2025-11-10;8;0
5;2025-11-10;9;0
5;2025-11-10;10;0
5;2025-11-10;11;0
5;2025-11-10;12;0
5;2025-11-10;13;0
5;2025-11-10;14;0
5;2025-11-10;15;0
5;2025-11-10;16;0
5;2025-11-10;17;0
5;2025-11-10;18;0
5;2025-11-10;19;0
5;2025-11-10;20;0
5;2025-11-10;21;0
5;2025-11-10;22;0
5;2025-11-10;23;0
5;2025-11-11;0;0
5;2025-11-11;1;0
5;2025-11-11;2;0
5;2025-11-11;3;0
5;2025-11-11;4;0
5;2025-11-11;5;0
5;2025-11-11;6;0
5;2025-11-11;7;0
5;2025-11-11;8;0
5;2025-11-11;9;0
5;2025-11-11;10;0
5;2025-11-11;11;0
5;2025-11-11;12;0
5;2025-11-11;13;0
5;2025-11-11;14;0
5;2025-11-11;15;0
5;2025-11-11;16;0
5;2025-11-11;17;0
5;2025-11-11;18;0
5;2025-11-11;19;0
5;2025-11-11;20;0
5;2025-11-11;21;0
5;2025-11-11;22;0
5;2025-11-11;23;0
5;2025-11-12;0;0
5;2025-11-12;1;0
5;2025-11-12;2;0
5;2025-11-12;3;0
5;2025-11-12;4;0
5;2025-11-12;5;0
5;2025-11-12;6;0
5;2025-11-12;7;0
5;2025-11-12;8;0
5;2025-11-12;9;0
5;2025-11-12;10;0
5;2025-11-12;11;0
5;2025-11-12;12;0
5;2025-11-12;13;0
5;2025-11-12;14;0
5;2025-11-12;15;0
5;2025-11-12;16;0
5;2025-11-12;17;0
5;2025-11-12;18;0
5;2025-11-12;19;0
5;2025-11-12;20;0
5;2025-11-12;21;0
5;2025-11-12;22;0
5;2025-11-12;23;0
5;2025-11-13;0;0
5;2025-11-13;1;0
5;2025-11-13;2;0
5;2025-11-13;3;0
5;2025-11-13;4;0
5;2025-11-13;5;0
5;2025-11-13;6;0
5;2025-11-13;7;0
5;2025-11-13;8;0
5;2025-11-13;9;0
5;2025-11-13;10;0
5;2025-11-13;11;0
5;2025-11-13;12;0
5;2025-11-13;13;0
5;2025-11-13;14;0
5;2025-11-13;15;0
5;2025-11-13;16;0
5;2025-11-13;17;0
5;2025-11-13;18;0
5;2025-11-13;19;0
5;2025-11-13;20;0
5;2025-11-13;21;0
5;2025-11-13;22;0
5;2025-11-13;23;0
5;2025-11-14;0;0
5;2025-11-14;1;0
5;2025-11-14;2;0
5;2025-11-14;3;0
5;2025-11-14;4;0
5;2025-11-14;5;0
5;2025-11-14;6;0
5;2025-11-14;7;0
5;2025-11-14;8;0
5;2025-11-14;9;0
5;2025-11-14;10;0
5;2025-11-14;11;0
5;2025-11-14;12;0
5;2025-11-14;13;0
5;2025-11-14;14;0
5;2025-11-14;15;0
5;2025-11-14;16;0
5;2025-11-14;17;0
5;2025-11-14;18;0
5;2025-11-14;19;0
5;2025-11-14;20;0
5;2025-11-14;21;0
5;2025-11-14;22;0
5;2025-11-14;23;0
5;2025-11-15;0;0
5;2025-11-15;1;0
5;2025-11-15;2;0
5;2025-11-15;3;0
5;2025-11-15;4;0
5;2025-11-15;5;0
5;2025-11-15;6;0
5;2025-11-15;7;0
5;2025-11-15;8;0
5;2025-11-15;9;0
5;2025-11-15;10;0
5;2025-11-15;11;0
5;2025-11-15;12;0
5;2025-11-15;13;0
5;2025-11-15;14;0
5;2025-11-15;15;0
5;2025-11-15;16;0
5;2025-11-15;17;0
5;2025-11-15;18;0
5;2025-11-15;19;0
5;2025-11-15;20;0
5;2025-11-15;21;0
5;2025-11-15;22;0
5;2025-11-15;23;0
5;2025-11-16;0;0
5;2025-11-16;1;0
5;2025-11-16;2;0
5;2025-11-16;3;0
5;2025-11-16;4;0
5;2025-11-16;5;0
5;2025-11-16;6;0
5;2025-11-16;7;0
5;2025-11-16;8;0
5;2025-11-16;9;0
5;2025-11-16;10;0
5;2025-11-16;11;0
5;2025-11-16;12;0
5;2025-11-16;13;0
5;2025-11-16;14;0
5;2025-11-16;15;0
5;2025-11-16;16;0
5;2025-11-16;17;0
5;2025-11-16;18;0
5;2025-11-16;19;0
5;2025-11-16;20;0
5;2025-11-16;21;0
5;2025-11-16;22;0
5;2025-11-16;23;0
5;2025-11-17;0;0
5;2025-11-17;1;0
5;2025-11-17;2;0
5;2025-11-17;3;0
5;2025-11-17;4;0
5;2025-11-17;5;0
5;2025-11-17;6;0
5;2025-11-17;7;0
5;2025-11-17;8;0
5;2025-11-17;9;0
5;2025-11-17;10;0
5;2025-11-17;11;0
5;2025-11-17;12;0
5;2025-11-17;13;0
5;2025-11-17;14;0
5;2025-11-17;15;0
5;2025-11-17;16;0
5;2025-11-17;17;0
5;2025-11-17;18;0
5;2025-11-17;19;0
5;2025-11-17;20;0
5;2025-11-17;21;0
5;2025-11-17;22;0
5;2025-11-17;23;0
5;2025-11-18;0;0
5;2025-11-18;1;0
5;2025-11-18;2;0
5;2025-11-18;3;0
5;2025-11-18;4;0
5;2025-11-18;5;0
5;2025-11-18;6;0
5;2025-11-18;7;0
5;2025-11-18;8;0
5;2025-11-18;9;0
5;2025-11-18;10;0
5;2025-11-18;11;0
5;2025-11-18;12;0
5;2025-11-18;13;0
5;2025-11-18;14;0
5;2025-11-18;15;0
5;2025-11-18;16;0
5;2025-11-18;17;0
5;2025-11-18;18;0
5;2025-11-18;19;0
5;2025-11-18;20;0
5;2025-11-18;21;0
5;2025-11-18;22;0
5;2025-11-18;23;0
5;2025-11-19;0;0
5;2025-11-19;1;0
5;2025-11-19;2;0
5;2025-11-19;3;0
5;2025-11-19;4;0
5;2025-11-19;5;0
5;2025-11-19;6;0
5;2025-11-19;7;0
5;2025-11-19;8;0
5;2025-11-19;9;0
5;2025-11-19;10;0
5;2025-11-19;11;0
5;2025-11-19;12;0
5;2025-11-19;13;0
5;2025-11-19;14;0
5;2025-11-19;15;0
5;2025-11-19;16;0
5;2025-11-19;17;0
5;2025-11-19;18;0
5;2025-11-19;19;0
5;2025-11-19;20;0
5;2025-11-19;21;0
5;2025-11-19;22;0
5;2025-11-19;23;0
5;2025-11-20;0;0
5;2025-11-20;1;0
5;2025-11-20;2;0
5;2025-11-20;3;0
5;2025-11-20;4;0
5;2025-11-20;5;0
5;2025-11-20;6;0
5;2025-11-20;7;0
5;2025-11-20;8;0
5;2025-11-20;9;0
5;2025-11-20;10;0
5;2025-11-20;11;0
5;2025-11-20;12;0
5;2025-11-20;13;0
5;2025-11-20;14;0
5;2025-11-20;15;0
5;2025-11-20;16;0
5;2025-11-20;17;0
5;2025-11-20;18;0
5;2025-11-20;19;0
5;2025-11-20;20;0
5;2025-11-20;21;0
5;2025-11-20;22;0
5;2025-11-20;23;0
5;2025-11-21;0;0
5;2025-11-21;1;0
5;2025-11-21;2;0
5;2025-11-21;3;0
5;2025-11-21;4;0
5;2025-11-21;5;0
5;2025-11-21;6;0
5;2025-11-21;7;0
5;2025-11-21;8;0
5;2025-11-21;9;0
5;2025-11-21;10;0
5;2025-11-21;11;0
5;2025-11-21;12;0
5;2025-11-21;13;0
5;2025-11-21;14;0
5;2025-11-21;15;0
5;2025-11-21;16;0
5;2025-11-21;17;0
5;2025-11-21;18;0
5;2025-11-21;19;0
5;2025-11-21;20;0
5;2025-11-21;21;0
5;2025-11-21;22;0
5;2025-11-21;23;0
5;2025-11-22;0;0
5;2025-11-22;1;0
5;2025-11-22;2;0
5;2025-11-22;3;0
5;2025-11-22;4;0
5;2025-11-22;5;0
5;2025-11-22;6;0
5;2025-11-22;7;0
5;2025-11-22;8;0
5;2025-11-22;9;0
5;2025-11-22;10;0
5;2025-11-22;11;0
5;2025-11-22;12;0
5;2025-11-22;13;0
5;2025-11-22;14;0
5;2025-11-22;15;0
5;2025-11-22;16;0
5;2025-11-22;17;0
5;2025-11-22;18;0
5;2025-11-22;19;0
5;2025-11-22;20;0
5;2025-11-22;21;0
5;2025-11-22;22;0
5;2025-11-22;23;0
5;2025-11-23;0;0
5;2025-11-23;1;0
5;2025-11-23;2;0
5;2025-11-23;3;0
5;2025-11-23;4;0
5;2025-11-23;5;0
5;2025-11-23;6;0
5;2025-11-23;7;0
5;2025-11-23;8;0
5;2025-11-23;9;0
5;2025-11-23;10;0
5;2025-11-23;11;0
5;2025-11-23;12;0
5;2025-11-23;13;0
5;2025-11-23;14;0
5;2025-11-23;15;0
5;2025-11-23;16;0
5;2025-11-23;17;0
5;2025-11-23;18;0
5;2025-11-23;19;0
5;2025-11-23;20;0
5;2025-11-23;21;0
5;2025-11-23;22;0
5;2025-11-23;23;0
5;2025-11-24;0;0
5;2025-11-24;1;0
5;2025-11-24;2;0
5;2025-11-24;3;0
5;2025-11-24;4;0
5;2025-11-24;5;0
5;2025-11-24;6;0
5;2025-11-24;7;0
5;2025-11-24;8;0
5;2025-11-24;9;0
5;2025-11-24;10;0
5;2025-11-24;11;0
5;2025-11-24;12;0
5;2025-11-24;13;0
5;2025-11-24;14;0
5;2025-11-24;15;0
5;2025-11-24;16;0
5;2025-11-24;17;0
5;2025-11-24;18;0
5;2025-11-24;19;0
5;2025-11-24;20;0
5;2025-11-24;21;0
5;2025-11-24;22;0
5;2025-11-24;23;0
5;2025-11-25;0;0
5;2025-11-25;1;0
5;2025-11-25;2;0
5;2025-11-25;3;0
5;2025-11-25;4;0
5;2025-11-25;5;0
5;2025-11-25;6;0
5;2025-11-25;7;0
5;2025-11-25;8;0
5;2025-11-25;9;0
5;2025-11-25;10;0
5;2025-11-25;11;0
5;2025-11-25;12;0
5;2025-11-25;13;0
5;2025-11-25;14;0
5;2025-11-25;15;0
5;2025-11-25;16;0
5;2025-11-25;17;0
5;2025-11-25;18;0
5;2025-11-25;19;0
5;2025-11-25;20;0
5;2025-11-25;21;0
5;2025-11-25;22;0
5;2025-11-25;23;0
5;2025-11-26;0;0
5;2025-11-26;1;0
5;2025-11-26;2;0
5;2025-11-26;3;0
5;2025-11-26;4;0
5;2025-11-26;5;0
5;2025-11-26;6;0
5;2025-11-26;7;0
5;2025-11-26;8;0
5;2025-11-26;9;0
5;2025-11-26;10;0
5;2025-11-26;11;0
5;2025-11-26;12;0
5;2025-11-26;13;0
5;2025-11-26;14;0
5;2025-11-26;15;0
5;2025-11-26;16;0
5;2025-11-26;17;0
5;2025-11-26;18;0
5;2025-11-26;19;0
5;2025-11-26;20;0
5;2025-11-26;21;0
5;2025-11-26;22;0
5;2025-11-26;23;0
5;2025-11-27;0;0
5;2025-11-27;1;0
5;2025-11-27;2;0
5;2025-11-27;3;0
5;2025-11-27;4;0
5;2025-11-27;5;0
5;2025-11-27;6;0
5;2025-11-27;7;0
5;2025-11-27;8;0
5;2025-11-27;9;0
5;2025-11-27;10;0
5;2025-11-27;11;0
5;2025-11-27;12;0
5;2025-11-27;13;0
5;2025-11-27;14;0
5;2025-11-27;15;0
5;2025-11-27;16;0
5;2025-11-27;17;0
5;2025-11-27;18;0
5;2025-11-27;19;0
5;2025-11-27;20;0
5;2025-11-27;21;0
5;2025-11-27;22;0
5;2025-11-27;23;0
5;2025-11-28;0;0
5;2025-11-28;1;0
5;2025-11-28;2;0
5;2025-11-28;3;0
5;2025-11-28;4;0
5;2025-11-28;5;0
5;2025-11-28;6;0
5;2025-11-28;7;0
5;2025-11-28;8;0
5;2025-11-28;9;0
5;2025-11-28;10;0
5;2025-11-28;11;0
5;2025-11-28;12;0
5;2025-11-28;13;0
5;2025-11-28;14;0
5;2025-11-28;15;0
5;2025-11-28;16;0
5;2025-11-28;17;0
5;2025-11-28;18;0
5;2025-11-28;19;0
5;2025-11-28;20;0
5;2025-11-28;21;0
5;2025-11-28;22;0
5;2025-11-28;23;0
5;2025-11-29;0;0
5;2025-11-29;1;0
5;2025-11-29;2;0
5;2025-11-29;3;0
5;2025-11-29;4;0
5;2025-11-29;5;0
5;2025-11-29;6;0
5;2025-11-29;7;0
5;2025-11-29;8;0
5;2025-11-29;9;0
5;2025-11-29;10;0
5;2025-11-29;11;0
5;2025-11-29;12;0
5;2025-11-29;13;0
5;2025-11-29;14;0
5;2025-11-29;15;0
5;2025-11-29;16;0
5;2025-11-29;17;0
5;2025-11-29;18;0
5;2025-11-29;19;0
5;2025-11-29;20;0
5;2025-11-29;21;0
5;2025-11-29;22;0
5;2025-11-29;23;0
5;2025-11-30;0;0
5;2025-11-30;1;0
5;2025-11-30;2;0
5;2025-11-30;3;0
5;2025-11-30;4;0
5;2025-11-30;5;0
5;2025-11-30;6;0
5;2025-11-30;7;0
5;2025-11-30;8;0
5;2025-11-30;9;0
5;2025-11-30;10;0
5;2025-11-30;11;0
5;2025-11-30;12;0
5;2025-11-30;13;0
5;2025-11-30;14;0
5;2025-11-30;15;0
5;2025-11-30;16;0
5;2025-11-30;17;0
5;2025-11-30;18;0
5;2025-11-30;19;0
5;2025-11-30;20;0
5;2025-11-30;21;0
5;2025-11-30;22;0
5;2025-11-30;23;0
5;2025-12-01;0;0
5;2025-12-01;1;0
5;2025-12-01;2;0
5;2025-12-01;3;0
5;2025-12-01;4;0
5;2025-12-01;5;0
5;2025-12-01;6;0
5;2025-12-01;7;0
5;2025-12-01;8;0
5;2025-12-01;9;0
5;2025-12-01;10;0
5;2025-12-01;11;0
5;2025-12-01;12;0
5;2025-12-01;13;0
5;2025-12-01;14;0
5;2025-12-01;15;0
5;2025-12-01;16;0
5;2025-12-01;17;0
5;2025-12-01;18;0
5;2025-12-01;19;0
5;2025-12-01;20;0
5;2025-12-01;21;0
5;2025-12-01;22;0
5;2025-12-01;23;0
5;2025-12-02;0;0
5;2025-12-02;1;0
5;2025-12-02;2;0
5;2025-12-02;3;0
5;2025-12-02;4;0
5;2025-12-02;5;0
5;2025-12-02;6;0
5;2025-12-02;7;0
5;2025-12-02;8;0
5;2025-12-02;9;0
5;2025-12-02;10;0
5;2025-12-02;11;0
5;2025-12-02;12;0
5;2025-12-02;13;0
5;2025-12-02;14;0
5;2025-12-02;15;0
5;2025-12-02;16;0
5;2025-12-02;17;0
5;2025-12-02;18;0
5;2025-12-02;19;0
5;2025-12-02;20;0
5;2025-12-02;21;0
5;2025-12-02;22;0
5;2025-12-02;23;0
5;2025-12-03;0;0
5;2025-12-03;1;0
5;2025-12-03;2;0
5;2025-12-03;3;0
5;2025-12-03;4;0
5;2025-12-03;5;0
5;2025-12-03;6;0
5;2025-12-03;7;0
5;2025-12-03;8;0
5;2025-12-03;9;0
5;2025-12-03;10;0
5;2025-12-03;11;0
5;2025-12-03;12;0
5;2025-12-03;13;0
5;2025-12-03;14;0
5;2025-12-03;15;0
5;2025-12-03;16;0
5;2025-12-03;17;0
5;2025-12-03;18;0
5;2025-12-03;19;0
5;2025-12-03;20;0
5;2025-12-03;21;0
5;2025-12-03;22;0
5;2025-12-03;23;0
5;2025-12-04;0;0
5;2025-12-04;1;0
5;2025-12-04;2;0
5;2025-12-04;3;0
5;2025-12-04;4;0
5;2025-12-04;5;0
5;2025-12-04;6;0
5;2025-12-04;7;0
5;2025-12-04;8;0
5;2025-12-04;9;0
5;2025-12-04;10;0
5;2025-12-04;11;0
5;2025-12-04;12;0
5;2025-12-04;13;0
5;2025-12-04;14;0
5;2025-12-04;15;0
5;2025-12-04;16;0
5;2025-12-04;17;0
5;2025-12-04;18;0
5;2025-12-04;19;0
5;2025-12-04;20;0
5;2025-12-04;21;0
5;2025-12-04;22;0
5;2025-12-04;23;0
5;2025-12-05;0;0
5;2025-12-05;1;0
5;2025-12-05;2;0
5;2025-12-05;3;0
5;2025-12-05;4;0
5;2025-12-05;5;0
5;2025-12-05;6;0
5;2025-12-05;7;0
5;2025-12-05;8;0
5;2025-12-05;9;0
5;2025-12-05;10;0
5;2025-12-05;11;0
5;2025-12-05;12;0
5;2025-12-05;13;0
5;2025-12-05;14;0
5;2025-12-05;15;0
5;2025-12-05;16;0
5;2025-12-05;17;0
5;2025-12-05;18;0
5;2025-12-05;19;0
5;2025-12-05;20;0
5;2025-12-05;21;0
5;2025-12-05;22;0
5;2025-12-05;23;0
5;2025-12-06;0;0
5;2025-12-06;1;0
5;2025-12-06;2;0
5;2025-12-06;3;0
5;2025-12-06;4;0
5;2025-12-06;5;0
5;2025-12-06;6;0
5;2025-12-06;7;0
5;2025-12-06;8;0
5;2025-12-06;9;0
5;2025-12-06;10;0
5;2025-12-06;11;0
5;2025-12-06;12;0
5;2025-12-06;13;0
5;2025-12-06;14;0
5;2025-12-06;15;0
5;2025-12-06;16;0
5;2025-12-06;17;0
5;2025-12-06;18;0
5;2025-12-06;19;0
5;2025-12-06;20;0
5;2025-12-06;21;0
5;2025-12-06;22;0
5;2025-12-06;23;0
5;2025-12-07;0;0
5;2025-12-07;1;0
5;2025-12-07;2;0
5;2025-12-07;3;0
5;2025-12-07;4;0
5;2025-12-07;5;0
5;2025-12-07;6;0
5;2025-12-07;7;0
5;2025-12-07;8;0
5;2025-12-07;9;0
5;2025-12-07;10;0
5;2025-12-07;11;0
5;2025-12-07;12;0
5;2025-12-07;13;0
5;2025-12-07;14;0
5;2025-12-07;15;0
5;2025-12-07;16;0
5;2025-12-07;17;0
5;2025-12-07;18;0
5;2025-12-07;19;0
5;2025-12-07;20;0
5;2025-12-07;21;0
5;2025-12-07;22;0
5;2025-12-07;23;0
5;2025-12-08;0;0
5;2025-12-08;1;0
5;2025-12-08;2;0
5;2025-12-08;3;0
5;2025-12-08;4;0
5;2025-12-08;5;0
5;2025-12-08;6;0
5;2025-12-08;7;0
5;2025-12-08;8;0
5;2025-12-08;9;0
5;2025-12-08;10;0
5;2025-12-08;11;0
5;2025-12-08;12;0
5;2025-12-08;13;0
5;2025-12-08;14;0
5;2025-12-08;15;0
5;2025-12-08;16;0
5;2025-12-08;17;0
5;2025-12-08;18;0
5;2025-12-08;19;0
5;2025-12-08;20;0
5;2025-12-08;21;0
5;2025-12-08;22;0
5;2025-12-08;23;0
5;2025-12-09;0;0
5;2025-12-09;1;0
5;2025-12-09;2;0
5;2025-12-09;3;0
5;2025-12-09;4;0
5;2025-12-09;5;0
5;2025-12-09;6;0
5;2025-12-09;7;0
5;2025-12-09;8;0
5;2025-12-09;9;0
5;2025-12-09;10;0
5;2025-12-09;11;0
5;2025-12-09;12;0
5;2025-12-09;13;0
5;2025-12-09;14;0
5;2025-12-09;15;0
5;2025-12-09;16;0
5;2025-12-09;17;0
5;2025-12-09;18;0
5;2025-12-09;19;0
5;2025-12-09;20;0
5;2025-12-09;21;0
5;2025-12-09;22;0
5;2025-12-09;23;0
5;2025-12-10;0;0
5;2025-12-10;1;0
5;2025-12-10;2;0
5;2025-12-10;3;0
5;2025-12-10;4;0
5;2025-12-10;5;0
5;2025-12-10;6;0
5;2025-12-10;7;0
5;2025-12-10;8;0
5;2025-12-10;9;0
5;2025-12-10;10;0
5;2025-12-10;11;0
5;2025-12-10;12;0
5;2025-12-10;13;0
5;2025-12-10;14;0
5;2025-12-10;15;0
5;2025-12-10;16;0
5;2025-12-10;17;0
5;2025-12-10;18;0
5;2025-12-10;19;0
5;2025-12-10;20;0
5;2025-12-10;21;0
5;2025-12-10;22;0
5;2025-12-10;23;0
5;2025-12-11;0;0
5;2025-12-11;1;0
5;2025-12-11;2;0
5;2025-12-11;3;0
5;2025-12-11;4;0
5;2025-12-11;5;0
5;2025-12-11;6;0
5;2025-12-11;7;0
5;2025-12-11;8;0
5;2025-12-11;9;0
5;2025-12-11;10;0
5;2025-12-11;11;0
5;2025-12-11;12;0
5;2025-12-11;13;0
5;2025-12-11;14;0
5;2025-12-11;15;0
5;2025-12-11;16;0
5;2025-12-11;17;0
5;2025-12-11;18;0
5;2025-12-11;19;0
5;2025-12-11;20;0
5;2025-12-11;21;0
5;2025-12-11;22;0
5;2025-12-11;23;0
5;2025-12-12;0;0
5;2025-12-12;1;0
5;2025-12-12;2;0
5;2025-12-12;3;0
5;2025-12-12;4;0
5;2025-12-12;5;0
5;2025-12-12;6;0
5;2025-12-12;7;0
5;2025-12-12;8;0
5;2025-12-12;9;0
5;2025-12-12;10;0
5;2025-12-12;11;0
5;2025-12-12;12;0
5;2025-12-12;13;0
5;2025-12-12;14;0
5;2025-12-12;15;0
5;2025-12-12;16;0
5;2025-12-12;17;0
5;2025-12-12;18;0
5;2025-12-12;19;0
5;2025-12-12;20;0
5;2025-12-12;21;0
5;2025-12-12;22;0
5;2025-12-12;23;0
5;2025-12-13;0;0
5;2025-12-13;1;0
5;2025-12-13;2;0
5;2025-12-13;3;0
5;2025-12-13;4;0
5;2025-12-13;5;0
5;2025-12-13;6;0
5;2025-12-13;7;0
5;2025-12-13;8;0
5;2025-12-13;9;0
5;2025-12-13;10;0
5;2025-12-13;11;0
5;2025-12-13;12;0
5;2025-12-13;13;0
5;2025-12-13;14;0
5;2025-12-13;15;0
5;2025-12-13;16;0
5;2025-12-13;17;0
5;2025-12-13;18;0
5;2025-12-13;19;0
5;2025-12-13;20;0
5;2025-12-13;21;0
5;2025-12-13;22;0
5;2025-12-13;23;0
5;2025-12-14;0;0
5;2025-12-14;1;0
5;2025-12-14;2;0
5;2025-12-14;3;0
5;2025-12-14;4;0
5;2025-12-14;5;0
5;2025-12-14;6;0
5;2025-12-14;7;0
5;2025-12-14;8;0
5;2025-12-14;9;0
5;2025-12-14;10;0
5;2025-12-14;11;0
5;2025-12-14;12;0
5;2025-12-14;13;0
5;2025-12-14;14;0
5;2025-12-14;15;0
5;2025-12-14;16;0
5;2025-12-14;17;0
5;2025-12-14;18;0
5;2025-12-14;19;0
5;2025-12-14;20;0
5;2025-12-14;21;0
5;2025-12-14;22;0
5;2025-12-14;23;0
5;2025-12-15;0;0
5;2025-12-15;1;0
5;2025-12-15;2;0
5;2025-12-15;3;0
5;2025-12-15;4;0
5;2025-12-15;5;0
5;2025-12-15;6;0
5;2025-12-15;7;0
5;2025-12-15;8;0
5;2025-12-15;9;0
5;2025-12-15;10;0
5;2025-12-15;11;0
5;2025-12-15;12;0
5;2025-12-15;13;0
5;2025-12-15;14;0
5;2025-12-15;15;0
5;2025-12-15;16;0
5;2025-12-15;17;0
5;2025-12-15;18;0
5;2025-12-15;19;0
5;2025-12-15;20;0
5;2025-12-15;21;0
5;2025-12-15;22;0
5;2025-12-15;23;0
5;2025-12-16;0;0
5;2025-12-16;1;0
5;2025-12-16;2;0
5;2025-12-16;3;0
5;2025-12-16;4;0
5;2025-12-16;5;0
5;2025-12-16;6;0
5;2025-12-16;7;0
5;2025-12-16;8;0
5;2025-12-16;9;0
5;2025-12-16;10;0
5;2025-12-16;11;0
5;2025-12-16;12;0
5;2025-12-16;13;0
5;2025-12-16;14;0
5;2025-12-16;15;0
5;2025-12-16;16;0
5;2025-12-16;17;0
5;2025-12-16;18;0
5;2025-12-16;19;0
5;2025-12-16;20;0
5;2025-12-16;21;0
5;2025-12-16;22;0
5;2025-12-16;23;0
5;2025-12-17;0;0
5;2025-12-17;1;0
5;2025-12-17;2;0
5;2025-12-17;3;0
5;2025-12-17;4;0
5;2025-12-17;5;0
5;2025-12-17;6;0
5;2025-12-17;7;0
5;2025-12-17;8;0
5;2025-12-17;9;0
5;2025-12-17;10;0
5;2025-12-17;11;0
5;2025-12-17;12;0
5;2025-12-17;13;0
5;2025-12-17;14;0
5;2025-12-17;15;0
5;2025-12-17;16;0
5;2025-12-17;17;0
5;2025-12-17;18;0
5;2025-12-17;19;0
5;2025-12-17;20;0
5;2025-12-17;21;0
5;2025-12-17;22;0
5;2025-12-17;23;0
5;2025-12-18;0;0
5;2025-12-18;1;0
5;2025-12-18;2;0
5;2025-12-18;3;0
5;2025-12-18;4;0
5;2025-12-18;5;0
5;2025-12-18;6;0
5;2025-12-18;7;0
5;2025-12-18;8;0
5;2025-12-18;9;0
5;2025-12-18;10;0
5;2025-12-18;11;0
5;2025-12-18;12;0
5;2025-12-18;13;0
5;2025-12-18;14;0
5;2025-12-18;15;0
5;2025-12-18;16;0
5;2025-12-18;17;0
5;2025-12-18;18;0
5;2025-12-18;19;0
5;2025-12-18;20;0
5;2025-12-18;21;0
5;2025-12-18;22;0
5;2025-12-18;23;0
5;2025-12-19;0;0
5;2025-12-19;1;0
5;2025-12-19;2;0
5;2025-12-19;3;0
5;2025-12-19;4;0
5;2025-12-19;5;0
5;2025-12-19;6;0
5;2025-12-19;7;0
5;2025-12-19;8;0
5;2025-12-19;9;0
5;2025-12-19;10;0
5;2025-12-19;11;0
5;2025-12-19;12;0
5;2025-12-19;13;0
5;2025-12-19;14;0
5;2025-12-19;15;0
5;2025-12-19;16;0
5;2025-12-19;17;0
5;2025-12-19;18;0
5;2025-12-19;19;0
5;2025-12-19;20;0
5;2025-12-19;21;0
5;2025-12-19;22;0
5;2025-12-19;23;0
5;2025-12-20;0;0
5;2025-12-20;1;0
5;2025-12-20;2;0
5;2025-12-20;3;0
5;2025-12-20;4;0
5;2025-12-20;5;0
5;2025-12-20;6;0
5;2025-12-20;7;0
5;2025-12-20;8;0
5;2025-12-20;9;0
5;2025-12-20;10;0
5;2025-12-20;11;0
5;2025-12-20;12;0
5;2025-12-20;13;0
5;2025-12-20;14;0
5;2025-12-20;15;0
5;2025-12-20;16;0
5;2025-12-20;17;0
5;2025-12-20;18;0
5;2025-12-20;19;0
5;2025-12-20;20;0
5;2025-12-20;21;0
5;2025-12-20;22;0
5;2025-12-20;23;0
5;2025-12-21;0;0
5;2025-12-21;1;0
5;2025-12-21;2;0
5;2025-12-21;3;0
5;2025-12-21;4;0
5;2025-12-21;5;0
5;2025-12-21;6;0
5;2025-12-21;7;0
5;2025-12-21;8;0
5;2025-12-21;9;0
5;2025-12-21;10;0
5;2025-12-21;11;0
5;2025-12-21;12;0
5;2025-12-21;13;0
5;2025-12-21;14;0
5;2025-12-21;15;0
5;2025-12-21;16;0
5;2025-12-21;17;0
5;2025-12-21;18;0
5;2025-12-21;19;0
5;2025-12-21;20;0
5;2025-12-21;21;0
5;2025-12-21;22;0
5;2025-12-21;23;0
5;2025-12-22;0;0
5;2025-12-22;1;0
5;2025-12-22;2;0
5;2025-12-22;3;0
5;2025-12-22;4;0
5;2025-12-22;5;0
5;2025-12-22;6;0
5;2025-12-22;7;0
5;2025-12-22;8;0
5;2025-12-22;9;0
5;2025-12-22;10;0
5;2025-12-22;11;0
5;2025-12-22;12;0
5;2025-12-22;13;0
5;2025-12-22;14;0
5;2025-12-22;15;0
5;2025-12-22;16;0
5;2025-12-22;17;0
5;2025-12-22;18;0
5;2025-12-22;19;0
5;2025-12-22;20;0
5;2025-12-22;21;0
5;2025-12-22;22;0
5;2025-12-22;23;0
5;2025-12-23;0;0
5;2025-12-23;1;0
5;2025-12-23;2;0
5;2025-12-23;3;0
5;2025-12-23;4;0
5;2025-12-23;5;0
5;2025-12-23;6;0
5;2025-12-23;7;0
5;2025-12-23;8;0
5;2025-12-23;9;0
5;2025-12-23;10;0
5;2025-12-23;11;0
5;2025-12-23;12;0
5;2025-12-23;13;0
5;2025-12-23;14;0
5;2025-12-23;15;0
5;2025-12-23;16;0
5;2025-12-23;17;0
5;2025-12-23;18;0
5;2025-12-23;19;0
5;2025-12-23;20;0
5;2025-12-23;21;0
5;2025-12-23;22;0
5;2025-12-23;23;0
5;2025-12-24;0;0
5;2025-12-24;1;0
5;2025-12-24;2;0
5;2025-12-24;3;0
5;2025-12-24;4;0
5;2025-12-24;5;0
5;2025-12-24;6;0
5;2025-12-24;7;0
5;2025-12-24;8;0
5;2025-12-24;9;0
5;2025-12-24;10;0
5;2025-12-24;11;0
5;2025-12-24;12;0
5;2025-12-24;13;0
5;2025-12-24;14;0
5;2025-12-24;15;0
5;2025-12-24;16;0
5;2025-12-24;17;0
5;2025-12-24;18;0
5;2025-12-24;19;0
5;2025-12-24;20;0
5;2025-12-24;21;0
5;2025-12-24;22;0
5;2025-12-24;23;0
5;2025-12-25;0;0
5;2025-12-25;1;0
5;2025-12-25;2;0
5;2025-12-25;3;0
5;2025-12-25;4;0
5;2025-12-25;5;0
5;2025-12-25;6;0
5;2025-12-25;7;0
5;2025-12-25;8;0
5;2025-12-25;9;0
5;2025-12-25;10;0
5;2025-12-25;11;0
5;2025-12-25;12;0
5;2025-12-25;13;0
5;2025-12-25;14;0
5;2025-12-25;15;0
5;2025-12-25;16;0
5;2025-12-25;17;0
5;2025-12-25;18;0
5;2025-12-25;19;0
5;2025-12-25;20;0
5;2025-12-25;21;0
5;2025-12-25;22;0
5;2025-12-25;23;0
5;2025-12-26;0;0
5;2025-12-26;1;0
5;2025-12-26;2;0
5;2025-12-26;3;0
5;2025-12-26;4;0
5;2025-12-26;5;0
5;2025-12-26;6;0
5;2025-12-26;7;0
5;2025-12-26;8;0
5;2025-12-26;9;0
5;2025-12-26;10;0
5;2025-12-26;11;0
5;2025-12-26;12;0
5;2025-12-26;13;0
5;2025-12-26;14;0
5;2025-12-26;15;0
5;2025-12-26;16;0
5;2025-12-26;17;0
5;2025-12-26;18;0
5;2025-12-26;19;0
5;2025-12-26;20;0
5;2025-12-26;21;0
5;2025-12-26;22;0
5;2025-12-26;23;0
5;2025-12-27;0;0
5;2025-12-27;1;0
5;2025-12-27;2;0
5;2025-12-27;3;0
5;2025-12-27;4;0
5;2025-12-27;5;0
5;2025-12-27;6;0
5;2025-12-27;7;0
5;2025-12-27;8;0
5;2025-12-27;9;0
5;2025-12-27;10;0
5;2025-12-27;11;0
5;2025-12-27;12;0
5;2025-12-27;13;0
5;2025-12-27;14;0
5;2025-12-27;15;0
5;2025-12-27;16;0
5;2025-12-27;17;0
5;2025-12-27;18;0
5;2025-12-27;19;0
5;2025-12-27;20;0
5;2025-12-27;21;0
5;2025-12-27;22;0
5;2025-12-27;23;0
5;2025-12-28;0;0
5;2025-12-28;1;0
5;2025-12-28;2;0
5;2025-12-28;3;0
5;2025-12-28;4;0
5;2025-12-28;5;0
5;2025-12-28;6;0
5;2025-12-28;7;0
5;2025-12-28;8;0
5;2025-12-28;9;0
5;2025-12-28;10;0
5;2025-12-28;11;0
5;2025-12-28;12;0
5;2025-12-28;13;0
5;2025-12-28;14;0
5;2025-12-28;15;0
5;2025-12-28;16;0
5;2025-12-28;17;0
5;2025-12-28;18;0
5;2025-12-28;19;0
5;2025-12-28;20;0
5;2025-12-28;21;0
5;2025-12-28;22;0
5;2025-12-28;23;0
5;2025-12-29;0;0
5;2025-12-29;1;0
5;2025-12-29;2;0
5;2025-12-29;3;0
5;2025-12-29;4;0
5;2025-12-29;5;0
5;2025-12-29;6;0
5;2025-12-29;7;0
5;2025-12-29;8;0
5;2025-12-29;9;0
5;2025-12-29;10;0
5;2025-12-29;11;0
5;2025-12-29;12;0
5;2025-12-29;13;0
5;2025-12-29;14;0
5;2025-12-29;15;0
5;2025-12-29;16;0
5;2025-12-29;17;0
5;2025-12-29;18;0
5;2025-12-29;19;0
5;2025-12-29;20;0
5;2025-12-29;21;0
5;2025-12-29;22;0
5;2025-12-29;23;0
5;2025-12-30;0;0
5;2025-12-30;1;0
5;2025-12-30;2;0
5;2025-12-30;3;0
5;2025-12-30;4;0
5;2025-12-30;5;0
5;2025-12-30;6;0
5;2025-12-30;7;0
5;2025-12-30;8;0
5;2025-12-30;9;0
5;2025-12-30;10;0
5;2025-12-30;11;0
5;2025-12-30;12;0
5;2025-12-30;13;0
5;2025-12-30;14;0
5;2025-12-30;15;0
5;2025-12-30;16;0
5;2025-12-30;17;0
5;2025-12-30;18;0
5;2025-12-30;19;0
5;2025-12-30;20;0
5;2025-12-30;21;0
5;2025-12-30;22;0
5;2025-12-30;23;0
5;2025-12-31;0;0
5;2025-12-31;1;0
5;2025-12-31;2;0
5;2025-12-31;3;0
5;2025-12-31;4;0
5;2025-12-31;5;0
5;2025-12-31;6;0
5;2025-12-31;7;0
5;2025-12-31;8;0
5;2025-12-31;9;0
5;2025-12-31;10;0
5;2025-12-31;11;0
5;2025-12-31;12;0
5;2025-12-31;13;0
5;2025-12-31;14;0
5;2025-12-31;15;0
5;2025-12-31;16;0
5;2025-12-31;17;0
5;2025-12-31;18;0
5;2025-12-31;19;0
5;2025-12-31;20;0
5;2025-12-31;21;0
5;2025-12-31;22;0
5;2025-12-31;23;0
7;2025-11-01;0;66
7;2025-11-01;1;13
7;2025-11-01;2;0
7;2025-11-01;3;0
7;2025-11-01;4;2
7;2025-11-01;5;185
7;2025-11-01;6;612
7;2025-11-01;7;1588
7;2025-11-01;8;2311
7;2025-11-01;9;1808
7;2025-11-01;10;1815
7;2025-11-01;11;1714
7;2025-11-01;12;1767
7;2025-11-01;13;1789
7;2025-11-01;14;1882
7;2025-11-01;15;2004
7;2025-11-01;16;1939
7;2025-11-01;17;2223
7;2025-11-01;18;2099
7;2025-11-01;19;1477
7;2025-11-01;20;1048
7;2025-11-01;21;654
7;2025-11-01;22;360
7;2025-11-01;23;253
7;2025-11-02;0;102
7;2025-11-02;1;21
7;2025-11-02;2;0
7;2025-11-02;3;0
7;2025-11-02;4;0
7;2025-11-02;5;28
7;2025-11-02;6;119
7;2025-11-02;7;169
7;2025-11-02;8;385
7;2025-11-02;9;486
7;2025-11-02;10;392
7;2025-11-02;11;577
7;2025-11-02;12;641
7;2025-11-02;13;637
7;2025-11-02;14;668
7;2025-11-02;15;707
7;2025-11-02;16;591
7;2025-11-02;17;612
7;2025-11-02;18;553
7;2025-11-02;19;410
7;2025-11-02;20;331
7;2025-11-02;21;242
7;2025-11-02;22;120
7;2025-11-02;23;108
7;2025-11-03;0;85
7;2025-11-03;1;18
7;2025-11-03;2;0
7;2025-11-03;3;0
7;2025-11-03;4;1
7;2025-11-03;5;31
7;2025-11-03;6;131
7;2025-11-03;7;205
7;2025-11-03;8;497
7;2025-11-03;9;589
7;2025-11-03;10;469
7;2025-11-03;11;602
7;2025-11-03;12;662
7;2025-11-03;13;675
7;2025-11-03;14;685
7;2025-11-03;15;718
7;2025-11-03;16;670
7;2025-11-03;17;754
7;2025-11-03;18;740
7;2025-11-03;19;573
7;2025-11-03;20;416
7;2025-11-03;21;284
7;2025-11-03;22;145
7;2025-11-03;23;123
7;2025-11-04;0;82
7;2025-11-04;1;20
7;2025-11-04;2;0
7;2025-11-04;3;0
7;2025-11-04;4;1
7;2025-11-04;5;31
7;2025-11-04;6;143
7;2025-11-04;7;215
7;2025-11-04;8;461
7;2025-11-04;9;540
7;2025-11-04;10;418
7;2025-11-04;11;531
7;2025-11-04;12;522
7;2025-11-04;13;570
7;2025-11-04;14;626
7;2025-11-04;15;722
7;2025-11-04;16;636
7;2025-11-04;17;718
7;2025-11-04;18;720
7;2025-11-04;19;603
7;2025-11-04;20;452
7;2025-11-04;21;301
7;2025-11-04;22;161
7;2025-11-04;23;125
7;2025-11-05;0;62
7;2025-11-05;1;12
7;2025-11-05;2;0
7;2025-11-05;3;0
7;2025-11-05;4;2
7;2025-11-05;5;177
7;2025-11-05;6;582
7;2025-11-05;7;1644
7;2025-11-05;8;2510
7;2025-11-05;9;1901
7;2025-11-05;10;1725
7;2025-11-05;11;1440
7;2025-11-05;12;1510
7;2025-11-05;13;1353
7;2025-11-05;14;1678
7;2025-11-05;15;1702
7;2025-11-05;16;1803
7;2025-11-05;17;2460
7;2025-11-05;18;2647
7;2025-11-05;19;1782
7;2025-11-05;20;1098
7;2025-11-05;21;685
7;2025-11-05;22;307
7;2025-11-05;23;187
7;2025-11-06;0;62
7;2025-11-06;1;11
7;2025-11-06;2;0
7;2025-11-06;3;0
7;2025-11-06;4;2
7;2025-11-06;5;169
7;2025-11-06;6;602
7;2025-11-06;7;1633
7;2025-11-06;8;2397
7;2025-11-06;9;1809
7;2025-11-06;10;1646
7;2025-11-06;11;1554
7;2025-11-06;12;1674
7;2025-11-06;13;1587
7;2025-11-06;14;1621
7;2025-11-06;15;1751
7;2025-11-06;16;1994
7;2025-11-06;17;2318
7;2025-11-06;18;2500
7;2025-11-06;19;1667
7;2025-11-06;20;1130
7;2025-11-06;21;641
7;2025-11-06;22;316
7;2025-11-06;23;204
7;2025-11-07;0;64
7;2025-11-07;1;11
7;2025-11-07;2;0
7;2025-11-07;3;0
7;2025-11-07;4;1
7;2025-11-07;5;172
7;2025-11-07;6;568
7;2025-11-07;7;1638
7;2025-11-07;8;2233
7;2025-11-07;9;1725
7;2025-11-07;10;1722
7;2025-11-07;11;1663
7;2025-11-07;12;1678
7;2025-11-07;13;1649
7;2025-11-07;14;1654
7;2025-11-07;15;1899
7;2025-11-07;16;2100
7;2025-11-07;17;2325
7;2025-11-07;18;1850
7;2025-11-07;19;1305
7;2025-11-07;20;893
7;2025-11-07;21;576
7;2025-11-07;22;264
7;2025-11-07;23;220
7;2025-11-08;0;110
7;2025-11-08;1;24
7;2025-11-08;2;0
7;2025-11-08;3;0
7;2025-11-08;4;1
7;2025-11-08;5;47
7;2025-11-08;6;234
7;2025-11-08;7;300
7;2025-11-08;8;759
7;2025-11-08;9;560
7;2025-11-08;10;604
7;2025-11-08;11;729
7;2025-11-08;12;1010
7;2025-11-08;13;876
7;2025-11-08;14;839
7;2025-11-08;15;824
7;2025-11-08;16;840
7;2025-11-08;17;830
7;2025-11-08;18;662
7;2025-11-08;19;551
7;2025-11-08;20;444
7;2025-11-08;21;341
7;2025-11-08;22;190
7;2025-11-08;23;160
7;2025-11-09;0;103
7;2025-11-09;1;19
7;2025-11-09;2;0
7;2025-11-09;3;0
7;2025-11-09;4;1
7;2025-11-09;5;28
7;2025-11-09;6;115
7;2025-11-09;7;165
7;2025-11-09;8;365
7;2025-11-09;9;464
7;2025-11-09;10;363
7;2025-11-09;11;536
7;2025-11-09;12;595
7;2025-11-09;13;615
7;2025-11-09;14;630
7;2025-11-09;15;642
7;2025-11-09;16;573
7;2025-11-09;17;586
7;2025-11-09;18;558
7;2025-11-09;19;393
7;2025-11-09;20;334
7;2025-11-09;21;240
7;2025-11-09;22;121
7;2025-11-09;23;104
7;2025-11-10;0;62
7;2025-11-10;1;11
7;2025-11-10;2;0
7;2025-11-10;3;0
7;2025-11-10;4;2
7;2025-11-10;5;178
7;2025-11-10;6;635
7;2025-11-10;7;1790
7;2025-11-10;8;2456
7;2025-11-10;9;1936
7;2025-11-10;10;1674
7;2025-11-10;11;1489
7;2025-11-10;12;1625
7;2025-11-10;13;1647
7;2025-11-10;14;1719
7;2025-11-10;15;1793
7;2025-11-10;16;1869
7;2025-11-10;17;2285
7;2025-11-10;18;2664
7;2025-11-10;19;1734
7;2025-11-10;20;1093
7;2025-11-10;21;670
7;2025-11-10;22;309
7;2025-11-10;23;195
7;2025-11-11;0;60
7;2025-11-11;1;12
7;2025-11-11;2;0
7;2025-11-11;3;0
7;2025-11-11;4;2
7;2025-11-11;5;184
7;2025-11-11;6;654
7;2025-11-11;7;1702
7;2025-11-11;8;2554
7;2025-11-11;9;1992
7;2025-11-11;10;1785
7;2025-11-11;11;1635
7;2025-11-11;12;1695
7;2025-11-11;13;1708
7;2025-11-11;14;1729
7;2025-11-11;15;1941
7;2025-11-11;16;1923
7;2025-11-11;17;2446
7;2025-11-11;18;2726
7;2025-11-11;19;1824
7;2025-11-11;20;1206
7;2025-11-11;21;693
7;2025-11-11;22;316
7;2025-11-11;23;195
7;2025-11-12;0;58
7;2025-11-12;1;12
7;2025-11-12;2;0
7;2025-11-12;3;0
7;2025-11-12;4;2
7;2025-11-12;5;179
7;2025-11-12;6;647
7;2025-11-12;7;1775
7;2025-11-12;8;2482
7;2025-11-12;9;1851
7;2025-11-12;10;1875
7;2025-11-12;11;1554
7;2025-11-12;12;1780
7;2025-11-12;13;1582
7;2025-11-12;14;1704
7;2025-11-12;15;1756
7;2025-11-12;16;1777
7;2025-11-12;17;2247
7;2025-11-12;18;2692
7;2025-11-12;19;1633
7;2025-11-12;20;978
7;2025-11-12;21;602
7;2025-11-12;22;293
7;2025-11-12;23;183
7;2025-11-13;0;66
7;2025-11-13;1;12
7;2025-11-13;2;0
7;2025-11-13;3;0
7;2025-11-13;4;2
7;2025-11-13;5;175
7;2025-11-13;6;612
7;2025-11-13;7;1624
7;2025-11-13;8;2429
7;2025-11-13;9;1961
7;2025-11-13;10;1703
7;2025-11-13;11;1548
7;2025-11-13;12;1664
7;2025-11-13;13;1544
7;2025-11-13;14;1601
7;2025-11-13;15;1730
7;2025-11-13;16;1840
7;2025-11-13;17;2332
7;2025-11-13;18;2536
7;2025-11-13;19;1688
7;2025-11-13;20;1042
7;2025-11-13;21;660
7;2025-11-13;22;319
7;2025-11-13;23;201
7;2025-11-14;0;61
7;2025-11-14;1;11
7;2025-11-14;2;0
7;2025-11-14;3;0
7;2025-11-14;4;2
7;2025-11-14;5;182
7;2025-11-14;6;643
7;2025-11-14;7;1808
7;2025-11-14;8;2488
7;2025-11-14;9;1792
7;2025-11-14;10;1620
7;2025-11-14;11;1538
7;2025-11-14;12;1599
7;2025-11-14;13;1478
7;2025-11-14;14;1496
7;2025-11-14;15;1778
7;2025-11-14;16;1936
7;2025-11-14;17;2187
7;2025-11-14;18;1946
7;2025-11-14;19;1387
7;2025-11-14;20;915
7;2025-11-14;21;583
7;2025-11-14;22;340
7;2025-11-14;23;238
7;2025-11-15;0;124
7;2025-11-15;1;19
7;2025-11-15;2;0
7;2025-11-15;3;0
7;2025-11-15;4;1
7;2025-11-15;5;52
7;2025-11-15;6;281
7;2025-11-15;7;313
7;2025-11-15;8;674
7;2025-11-15;9;559
7;2025-11-15;10;623
7;2025-11-15;11;662
7;2025-11-15;12;921
7;2025-11-15;13;950
7;2025-11-15;14;980
7;2025-11-15;15;999
7;2025-11-15;16;930
7;2025-11-15;17;908
7;2025-11-15;18;828
7;2025-11-15;19;729
7;2025-11-15;20;614
7;2025-11-15;21;394
7;2025-11-15;22;213
7;2025-11-15;23;163
7;2025-11-16;0;101
7;2025-11-16;1;18
7;2025-11-16;2;0
7;2025-11-16;3;0
7;2025-11-16;4;1
7;2025-11-16;5;30
7;2025-11-16;6;126
7;2025-11-16;7;191
7;2025-11-16;8;404
7;2025-11-16;9;557
7;2025-11-16;10;480
7;2025-11-16;11;662
7;2025-11-16;12;779
7;2025-11-16;13;735
7;2025-11-16;14;681
7;2025-11-16;15;693
7;2025-11-16;16;606
7;2025-11-16;17;598
7;2025-11-16;18;567
7;2025-11-16;19;445
7;2025-11-16;20;383
7;2025-11-16;21;295
7;2025-11-16;22;146
7;2025-11-16;23;106
7;2025-11-17;0;54
7;2025-11-17;1;11
7;2025-11-17;2;0
7;2025-11-17;3;0
7;2025-11-17;4;2
7;2025-11-17;5;174
7;2025-11-17;6;600
7;2025-11-17;7;1577
7;2025-11-17;8;2276
7;2025-11-17;9;1725
7;2025-11-17;10;1619
7;2025-11-17;11;1391
7;2025-11-17;12;1450
7;2025-11-17;13;1436
7;2025-11-17;14;1616
7;2025-11-17;15;1740
7;2025-11-17;16;1921
7;2025-11-17;17;2509
7;2025-11-17;18;2462
7;2025-11-17;19;1707
7;2025-11-17;20;1004
7;2025-11-17;21;615
7;2025-11-17;22;281
7;2025-11-17;23;181
7;2025-11-18;0;58
7;2025-11-18;1;10
7;2025-11-18;2;0
7;2025-11-18;3;0
7;2025-11-18;4;2
7;2025-11-18;5;181
7;2025-11-18;6;580
7;2025-11-18;7;1577
7;2025-11-18;8;2149
7;2025-11-18;9;1594
7;2025-11-18;10;1577
7;2025-11-18;11;1339
7;2025-11-18;12;1385
7;2025-11-18;13;1310
7;2025-11-18;14;1359
7;2025-11-18;15;1549
7;2025-11-18;16;1719
7;2025-11-18;17;2235
7;2025-11-18;18;2303
7;2025-11-18;19;1522
7;2025-11-18;20;931
7;2025-11-18;21;635
7;2025-11-18;22;303
7;2025-11-18;23;197
7;2025-11-19;0;52
7;2025-11-19;1;11
7;2025-11-19;2;0
7;2025-11-19;3;0
7;2025-11-19;4;2
7;2025-11-19;5;190
7;2025-11-19;6;669
7;2025-11-19;7;1804
7;2025-11-19;8;2558
7;2025-11-19;9;1946
7;2025-11-19;10;1717
7;2025-11-19;11;1516
7;2025-11-19;12;1668
7;2025-11-19;13;1646
7;2025-11-19;14;1686
7;2025-11-19;15;1918
7;2025-11-19;16;1952
7;2025-11-19;17;2409
7;2025-11-19;18;2559
7;2025-11-19;19;1782
7;2025-11-19;20;1115
7;2025-11-19;21;718
7;2025-11-19;22;321
7;2025-11-19;23;210
7;2025-11-20;0;64
7;2025-11-20;1;13
7;2025-11-20;2;0
7;2025-11-20;3;0
7;2025-11-20;4;2
7;2025-11-20;5;182
7;2025-11-20;6;649
7;2025-11-20;7;1703
7;2025-11-20;8;2524
7;2025-11-20;9;1938
7;2025-11-20;10;1720
7;2025-11-20;11;1585
7;2025-11-20;12;1731
7;2025-11-20;13;1618
7;2025-11-20;14;1653
7;2025-11-20;15;1754
7;2025-11-20;16;1801
7;2025-11-20;17;2280
7;2025-11-20;18;2605
7;2025-11-20;19;1753
7;2025-11-20;20;1099
7;2025-11-20;21;671
7;2025-11-20;22;326
7;2025-11-20;23;212
7;2025-11-21;0;65
7;2025-11-21;1;12
7;2025-11-21;2;0
7;2025-11-21;3;0
7;2025-11-21;4;2
7;2025-11-21;5;197
7;2025-11-21;6;643
7;2025-11-21;7;1662
7;2025-11-21;8;2444
7;2025-11-21;9;1902
7;2025-11-21;10;1746
7;2025-11-21;11;1666
7;2025-11-21;12;1774
7;2025-11-21;13;1716
7;2025-11-21;14;1788
7;2025-11-21;15;1956
7;2025-11-21;16;2000
7;2025-11-21;17;2335
7;2025-11-21;18;2248
7;2025-11-21;19;1523
7;2025-11-21;20;1096
7;2025-11-21;21;668
7;2025-11-21;22;357
7;2025-11-21;23;254
7;2025-11-22;0;122
7;2025-11-22;1;25
7;2025-11-22;2;0
7;2025-11-22;3;0
7;2025-11-22;4;1
7;2025-11-22;5;53
7;2025-11-22;6;261
7;2025-11-22;7;319
7;2025-11-22;8;701
7;2025-11-22;9;644
7;2025-11-22;10;753
7;2025-11-22;11;812
7;2025-11-22;12;1024
7;2025-11-22;13;962
7;2025-11-22;14;938
7;2025-11-22;15;967
7;2025-11-22;16;906
7;2025-11-22;17;911
7;2025-11-22;18;796
7;2025-11-22;19;636
7;2025-11-22;20;546
7;2025-11-22;21;384
7;2025-11-22;22;223
7;2025-11-22;23;191
7;2025-11-23;0;108
7;2025-11-23;1;20
7;2025-11-23;2;0
7;2025-11-23;3;0
7;2025-11-23;4;1
7;2025-11-23;5;30
7;2025-11-23;6;136
7;2025-11-23;7;186
7;2025-11-23;8;401
7;2025-11-23;9;534
7;2025-11-23;10;454
7;2025-11-23;11;697
7;2025-11-23;12;799
7;2025-11-23;13;821
7;2025-11-23;14;859
7;2025-11-23;15;881
7;2025-11-23;16;748
7;2025-11-23;17;721
7;2025-11-23;18;690
7;2025-11-23;19;499
7;2025-11-23;20;416
7;2025-11-23;21;286
7;2025-11-23;22;138
7;2025-11-23;23;110
7;2025-11-24;0;54
7;2025-11-24;1;11
7;2025-11-24;2;0
7;2025-11-24;3;0
7;2025-11-24;4;2
7;2025-11-24;5;175
7;2025-11-24;6;571
7;2025-11-24;7;1616
7;2025-11-24;8;2407
7;2025-11-24;9;1719
7;2025-11-24;10;1734
7;2025-11-24;11;1459
7;2025-11-24;12;1614
7;2025-11-24;13;1588
7;2025-11-24;14;1632
7;2025-11-24;15;1750
7;2025-11-24;16;1941
7;2025-11-24;17;2421
7;2025-11-24;18;2468
7;2025-11-24;19;1728
7;2025-11-24;20;1015
7;2025-11-24;21;583
7;2025-11-24;22;292
7;2025-11-24;23;175
7;2025-11-25;0;57
7;2025-11-25;1;10
7;2025-11-25;2;0
7;2025-11-25;3;0
7;2025-11-25;4;2
7;2025-11-25;5;189
7;2025-11-25;6;682
7;2025-11-25;7;1736
7;2025-11-25;8;2485
7;2025-11-25;9;1895
7;2025-11-25;10;1842
7;2025-11-25;11;1606
7;2025-11-25;12;1661
7;2025-11-25;13;1640
7;2025-11-25;14;1733
7;2025-11-25;15;1822
7;2025-11-25;16;1897
7;2025-11-25;17;2412
7;2025-11-25;18;2457
7;2025-11-25;19;1714
7;2025-11-25;20;1104
7;2025-11-25;21;653
7;2025-11-25;22;293
7;2025-11-25;23;190
7;2025-11-26;0;68
7;2025-11-26;1;13
7;2025-11-26;2;0
7;2025-11-26;3;0
7;2025-11-26;4;2
7;2025-11-26;5;192
7;2025-11-26;6;641
7;2025-11-26;7;1688
7;2025-11-26;8;2667
7;2025-11-26;9;1932
7;2025-11-26;10;1751
7;2025-11-26;11;1636
7;2025-11-26;12;1757
7;2025-11-26;13;1765
7;2025-11-26;14;1721
7;2025-11-26;15;1790
7;2025-11-26;16;1924
7;2025-11-26;17;2538
7;2025-11-26;18;2634
7;2025-11-26;19;1789
7;2025-11-26;20;1101
7;2025-11-26;21;607
7;2025-11-26;22;298
7;2025-11-26;23;190
7;2025-11-27;0;64
7;2025-11-27;1;13
7;2025-11-27;2;0
7;2025-11-27;3;0
7;2025-11-27;4;2
7;2025-11-27;5;171
7;2025-11-27;6;591
7;2025-11-27;7;1586
7;2025-11-27;8;2379
7;2025-11-27;9;1852
7;2025-11-27;10;1697
7;2025-11-27;11;1627
7;2025-11-27;12;1841
7;2025-11-27;13;1700
7;2025-11-27;14;1815
7;2025-11-27;15;1806
7;2025-11-27;16;1910
7;2025-11-27;17;2582
7;2025-11-27;18;2814
7;2025-11-27;19;1816
7;2025-11-27;20;1154
7;2025-11-27;21;663
7;2025-11-27;22;339
7;2025-11-27;23;213
7;2025-11-28;0;64
7;2025-11-28;1;11
7;2025-11-28;2;0
7;2025-11-28;3;0
7;2025-11-28;4;1
7;2025-11-28;5;172
7;2025-11-28;6;579
7;2025-11-28;7;1635
7;2025-11-28;8;2325
7;2025-11-28;9;1845
7;2025-11-28;10;1766
7;2025-11-28;11;1725
7;2025-11-28;12;1763
7;2025-11-28;13;1791
7;2025-11-28;14;1879
7;2025-11-28;15;2009
7;2025-11-28;16;2126
7;2025-11-28;17;2427
7;2025-11-28;18;2138
7;2025-11-28;19;1447
7;2025-11-28;20;1010
7;2025-11-28;21;640
7;2025-11-28;22;343
7;2025-11-28;23;237
7;2025-11-29;0;120
7;2025-11-29;1;24
7;2025-11-29;2;0
7;2025-11-29;3;0
7;2025-11-29;4;1
7;2025-11-29;5;50
7;2025-11-29;6;274
7;2025-11-29;7;342
7;2025-11-29;8;806
7;2025-11-29;9;699
7;2025-11-29;10;744
7;2025-11-29;11;793
7;2025-11-29;12;1011
7;2025-11-29;13;971
7;2025-11-29;14;926
7;2025-11-29;15;901
7;2025-11-29;16;895
7;2025-11-29;17;901
7;2025-11-29;18;797
7;2025-11-29;19;650
7;2025-11-29;20;543
7;2025-11-29;21;352
7;2025-11-29;22;202
7;2025-11-29;23;160
7;2025-11-30;0;95
7;2025-11-30;1;20
7;2025-11-30;2;0
7;2025-11-30;3;0
7;2025-11-30;4;1
7;2025-11-30;5;29
7;2025-11-30;6;123
7;2025-11-30;7;175
7;2025-11-30;8;378
7;2025-11-30;9;540
7;2025-11-30;10;450
7;2025-11-30;11;605
7;2025-11-30;12;659
7;2025-11-30;13;658
7;2025-11-30;14;648
7;2025-11-30;15;680
7;2025-11-30;16;592
7;2025-11-30;17;662
7;2025-11-30;18;601
7;2025-11-30;19;413
7;2025-11-30;20;340
7;2025-11-30;21;259
7;2025-11-30;22;129
7;2025-11-30;23;106
7;2025-12-01;0;67
7;2025-12-01;1;12
7;2025-12-01;2;0
7;2025-12-01;3;0
7;2025-12-01;4;2
7;2025-12-01;5;181
7;2025-12-01;6;616
7;2025-12-01;7;1645
7;2025-12-01;8;2333
7;2025-12-01;9;1896
7;2025-12-01;10;1687
7;2025-12-01;11;1461
7;2025-12-01;12;1628
7;2025-12-01;13;1604
7;2025-12-01;14;1636
7;2025-12-01;15;1776
7;2025-12-01;16;1825
7;2025-12-01;17;2293
7;2025-12-01;18;2588
7;2025-12-01;19;1768
7;2025-12-01;20;1042
7;2025-12-01;21;609
7;2025-12-01;22;291
7;2025-12-01;23;179
7;2025-12-02;0;56
7;2025-12-02;1;12
7;2025-12-02;2;0
7;2025-12-02;3;0
7;2025-12-02;4;2
7;2025-12-02;5;183
7;2025-12-02;6;669
7;2025-12-02;7;1709
7;2025-12-02;8;2551
7;2025-12-02;9;2001
7;2025-12-02;10;1803
7;2025-12-02;11;1645
7;2025-12-02;12;1687
7;2025-12-02;13;1681
7;2025-12-02;14;1715
7;2025-12-02;15;1874
7;2025-12-02;16;1873
7;2025-12-02;17;2424
7;2025-12-02;18;2625
7;2025-12-02;19;1799
7;2025-12-02;20;1132
7;2025-12-02;21;681
7;2025-12-02;22;322
7;2025-12-02;23;209
7;2025-12-03;0;64
7;2025-12-03;1;13
7;2025-12-03;2;0
7;2025-12-03;3;0
7;2025-12-03;4;2
7;2025-12-03;5;179
7;2025-12-03;6;608
7;2025-12-03;7;1657
7;2025-12-03;8;2578
7;2025-12-03;9;2052
7;2025-12-03;10;1810
7;2025-12-03;11;1706
7;2025-12-03;12;1764
7;2025-12-03;13;1710
7;2025-12-03;14;1793
7;2025-12-03;15;1930
7;2025-12-03;16;1943
7;2025-12-03;17;2460
7;2025-12-03;18;2555
7;2025-12-03;19;1711
7;2025-12-03;20;1079
7;2025-12-03;21;653
7;2025-12-03;22;305
7;2025-12-03;23;199
7;2025-12-04;0;66
7;2025-12-04;1;13
7;2025-12-04;2;0
7;2025-12-04;3;0
7;2025-12-04;4;2
7;2025-12-04;5;177
7;2025-12-04;6;596
7;2025-12-04;7;1594
7;2025-12-04;8;2433
7;2025-12-04;9;1959
7;2025-12-04;10;1718
7;2025-12-04;11;1534
7;2025-12-04;12;1652
7;2025-12-04;13;1585
7;2025-12-04;14;1672
7;2025-12-04;15;1768
7;2025-12-04;16;1776
7;2025-12-04;17;2303
7;2025-12-04;18;2628
7;2025-12-04;19;1733
7;2025-12-04;20;1068
7;2025-12-04;21;662
7;2025-12-04;22;325
7;2025-12-04;23;218
7;2025-12-05;0;71
7;2025-12-05;1;13
7;2025-12-05;2;0
7;2025-12-05;3;0
7;2025-12-05;4;2
7;2025-12-05;5;176
7;2025-12-05;6;574
7;2025-12-05;7;1648
7;2025-12-05;8;2403
7;2025-12-05;9;1865
7;2025-12-05;10;1756
7;2025-12-05;11;1655
7;2025-12-05;12;1759
7;2025-12-05;13;1717
7;2025-12-05;14;1788
7;2025-12-05;15;1979
7;2025-12-05;16;2064
7;2025-12-05;17;2374
7;2025-12-05;18;2176
7;2025-12-05;19;1479
7;2025-12-05;20;1045
7;2025-12-05;21;657
7;2025-12-05;22;345
7;2025-12-05;23;243
7;2025-12-06;0;121
7;2025-12-06;1;25
7;2025-12-06;2;0
7;2025-12-06;3;0
7;2025-12-06;4;1
7;2025-12-06;5;50
7;2025-12-06;6;256
7;2025-12-06;7;303
7;2025-12-06;8;794
7;2025-12-06;9;675
7;2025-12-06;10;699
7;2025-12-06;11;752
7;2025-12-06;12;1002
7;2025-12-06;13;877
7;2025-12-06;14;913
7;2025-12-06;15;941
7;2025-12-06;16;908
7;2025-12-06;17;892
7;2025-12-06;18;772
7;2025-12-06;19;602
7;2025-12-06;20;510
7;2025-12-06;21;316
7;2025-12-06;22;174
7;2025-12-06;23;159
7;2025-12-07;0;96
7;2025-12-07;1;20
7;2025-12-07;2;0
7;2025-12-07;3;0
7;2025-12-07;4;1
7;2025-12-07;5;29
7;2025-12-07;6;121
7;2025-12-07;7;176
7;2025-12-07;8;380
7;2025-12-07;9;520
7;2025-12-07;10;419
7;2025-12-07;11;593
7;2025-12-07;12;634
7;2025-12-07;13;630
7;2025-12-07;14;674
7;2025-12-07;15;724
7;2025-12-07;16;615
7;2025-12-07;17;654
7;2025-12-07;18;607
7;2025-12-07;19;444
7;2025-12-07;20;383
7;2025-12-07;21;279
7;2025-12-07;22;138
7;2025-12-07;23;112
7;2025-12-08;0;62
7;2025-12-08;1;11
7;2025-12-08;2;0
7;2025-12-08;3;0
7;2025-12-08;4;2
7;2025-12-08;5;182
7;2025-12-08;6;636
7;2025-12-08;7;1681
7;2025-12-08;8;2421
7;2025-12-08;9;1921
7;2025-12-08;10;1615
7;2025-12-08;11;1396
7;2025-12-08;12;1529
7;2025-12-08;13;1540
7;2025-12-08;14;1597
7;2025-12-08;15;1726
7;2025-12-08;16;1763
7;2025-12-08;17;2274
7;2025-12-08;18;2583
7;2025-12-08;19;1779
7;2025-12-08;20;1028
7;2025-12-08;21;605
7;2025-12-08;22;280
7;2025-12-08;23;172
7;2025-12-09;0;56
7;2025-12-09;1;12
7;2025-12-09;2;0
7;2025-12-09;3;0
7;2025-12-09;4;2
7;2025-12-09;5;185
7;2025-12-09;6;662
7;2025-12-09;7;1743
7;2025-12-09;8;2422
7;2025-12-09;9;1839
7;2025-12-09;10;1805
7;2025-12-09;11;1390
7;2025-12-09;12;1508
7;2025-12-09;13;1398
7;2025-12-09;14;1462
7;2025-12-09;15;1715
7;2025-12-09;16;1751
7;2025-12-09;17;2236
7;2025-12-09;18;2358
7;2025-12-09;19;1679
7;2025-12-09;20;1072
7;2025-12-09;21;674
7;2025-12-09;22;343
7;2025-12-09;23;222
7;2025-12-10;0;70
7;2025-12-10;1;13
7;2025-12-10;2;0
7;2025-12-10;3;0
7;2025-12-10;4;2
7;2025-12-10;5;198
7;2025-12-10;6;693
7;2025-12-10;7;1758
7;2025-12-10;8;2736
7;2025-12-10;9;2012
7;2025-12-10;10;1808
7;2025-12-10;11;1691
7;2025-12-10;12;1689
7;2025-12-10;13;1611
7;2025-12-10;14;1688
7;2025-12-10;15;1806
7;2025-12-10;16;1809
7;2025-12-10;17;2308
7;2025-12-10;18;2423
7;2025-12-10;19;1688
7;2025-12-10;20;1028
7;2025-12-10;21;632
7;2025-12-10;22;293
7;2025-12-10;23;183
7;2025-12-11;0;62
7;2025-12-11;1;13
7;2025-12-11;2;0
7;2025-12-11;3;0
7;2025-12-11;4;2
7;2025-12-11;5;173
7;2025-12-11;6;632
7;2025-12-11;7;1743
7;2025-12-11;8;2647
7;2025-12-11;9;1809
7;2025-12-11;10;1788
7;2025-12-11;11;1619
7;2025-12-11;12;1836
7;2025-12-11;13;1739
7;2025-12-11;14;1744
7;2025-12-11;15;1930
7;2025-12-11;16;2191
7;2025-12-11;17;2678
7;2025-12-11;18;2836
7;2025-12-11;19;1836
7;2025-12-11;20;1160
7;2025-12-11;21;674
7;2025-12-11;22;330
7;2025-12-11;23;196
7;2025-12-12;0;59
7;2025-12-12;1;11
7;2025-12-12;2;0
7;2025-12-12;3;0
7;2025-12-12;4;1
7;2025-12-12;5;176
7;2025-12-12;6;600
7;2025-12-12;7;1553
7;2025-12-12;8;2220
7;2025-12-12;9;1839
7;2025-12-12;10;1691
7;2025-12-12;11;1631
7;2025-12-12;12;1677
7;2025-12-12;13;1602
7;2025-12-12;14;1586
7;2025-12-12;15;1693
7;2025-12-12;16;2013
7;2025-12-12;17;2199
7;2025-12-12;18;2069
7;2025-12-12;19;1416
7;2025-12-12;20;994
7;2025-12-12;21;653
7;2025-12-12;22;331
7;2025-12-12;23;226
7;2025-12-13;0;120
7;2025-12-13;1;21
7;2025-12-13;2;0
7;2025-12-13;3;0
7;2025-12-13;4;2
7;2025-12-13;5;54
7;2025-12-13;6;325
7;2025-12-13;7;360
7;2025-12-13;8;814
7;2025-12-13;9;724
7;2025-12-13;10;784
7;2025-12-13;11;859
7;2025-12-13;12;1023
7;2025-12-13;13;1008
7;2025-12-13;14;962
7;2025-12-13;15;927
7;2025-12-13;16;937
7;2025-12-13;17;957
7;2025-12-13;18;896
7;2025-12-13;19;783
7;2025-12-13;20;576
7;2025-12-13;21;412
7;2025-12-13;22;243
7;2025-12-13;23;182
7;2025-12-14;0;98
7;2025-12-14;1;16
7;2025-12-14;2;0
7;2025-12-14;3;0
7;2025-12-14;4;1
7;2025-12-14;5;31
7;2025-12-14;6;135
7;2025-12-14;7;192
7;2025-12-14;8;443
7;2025-12-14;9;525
7;2025-12-14;10;434
7;2025-12-14;11;610
7;2025-12-14;12;636
7;2025-12-14;13;638
7;2025-12-14;14;669
7;2025-12-14;15;719
7;2025-12-14;16;636
7;2025-12-14;17;640
7;2025-12-14;18;708
7;2025-12-14;19;544
7;2025-12-14;20;446
7;2025-12-14;21;328
7;2025-12-14;22;164
7;2025-12-14;23;123
7;2025-12-15;0;58
7;2025-12-15;1;12
7;2025-12-15;2;0
7;2025-12-15;3;0
7;2025-12-15;4;2
7;2025-12-15;5;181
7;2025-12-15;6;605
7;2025-12-15;7;1550
7;2025-12-15;8;2411
7;2025-12-15;9;1835
7;2025-12-15;10;1614
7;2025-12-15;11;1509
7;2025-12-15;12;1563
7;2025-12-15;13;1518
7;2025-12-15;14;1619
7;2025-12-15;15;1723
7;2025-12-15;16;1812
7;2025-12-15;17;2347
7;2025-12-15;18;2620
7;2025-12-15;19;1744
7;2025-12-15;20;1077
7;2025-12-15;21;628
7;2025-12-15;22;306
7;2025-12-15;23;190
7;2025-12-16;0;59
7;2025-12-16;1;12
7;2025-12-16;2;0
7;2025-12-16;3;0
7;2025-12-16;4;2
7;2025-12-16;5;177
7;2025-12-16;6;638
7;2025-12-16;7;1621
7;2025-12-16;8;2499
7;2025-12-16;9;1925
7;2025-12-16;10;1835
7;2025-12-16;11;1698
7;2025-12-16;12;1794
7;2025-12-16;13;1550
7;2025-12-16;14;1556
7;2025-12-16;15;1591
7;2025-12-16;16;1666
7;2025-12-16;17;2230
7;2025-12-16;18;2205
7;2025-12-16;19;1560
7;2025-12-16;20;952
7;2025-12-16;21;616
7;2025-12-16;22;288
7;2025-12-16;23;180
7;2025-12-17;0;53
7;2025-12-17;1;12
7;2025-12-17;2;0
7;2025-12-17;3;0
7;2025-12-17;4;2
7;2025-12-17;5;178
7;2025-12-17;6;649
7;2025-12-17;7;1665
7;2025-12-17;8;2357
7;2025-12-17;9;1845
7;2025-12-17;10;1722
7;2025-12-17;11;1540
7;2025-12-17;12;1659
7;2025-12-17;13;1585
7;2025-12-17;14;1616
7;2025-12-17;15;1791
7;2025-12-17;16;1770
7;2025-12-17;17;2286
7;2025-12-17;18;2364
7;2025-12-17;19;1650
7;2025-12-17;20;980
7;2025-12-17;21;600
7;2025-12-17;22;286
7;2025-12-17;23;180
7;2025-12-18;0;63
7;2025-12-18;1;13
7;2025-12-18;2;0
7;2025-12-18;3;0
7;2025-12-18;4;2
7;2025-12-18;5;173
7;2025-12-18;6;610
7;2025-12-18;7;1712
7;2025-12-18;8;2484
7;2025-12-18;9;1877
7;2025-12-18;10;1825
7;2025-12-18;11;1667
7;2025-12-18;12;1734
7;2025-12-18;13;1576
7;2025-12-18;14;1684
7;2025-12-18;15;1771
7;2025-12-18;16;1813
7;2025-12-18;17;2354
7;2025-12-18;18;2509
7;2025-12-18;19;1720
7;2025-12-18;20;1056
7;2025-12-18;21;656
7;2025-12-18;22;315
7;2025-12-18;23;196
7;2025-12-19;0;62
7;2025-12-19;1;12
7;2025-12-19;2;0
7;2025-12-19;3;0
7;2025-12-19;4;2
7;2025-12-19;5;178
7;2025-12-19;6;591
7;2025-12-19;7;1632
7;2025-12-19;8;2345
7;2025-12-19;9;1866
7;2025-12-19;10;1758
7;2025-12-19;11;1625
7;2025-12-19;12;1738
7;2025-12-19;13;1637
7;2025-12-19;14;1651
7;2025-12-19;15;1851
7;2025-12-19;16;1943
7;2025-12-19;17;2347
7;2025-12-19;18;2185
7;2025-12-19;19;1509
7;2025-12-19;20;1051
7;2025-12-19;21;652
7;2025-12-19;22;340
7;2025-12-19;23;233
7;2025-12-20;0;120
7;2025-12-20;1;24
7;2025-12-20;2;0
7;2025-12-20;3;0
7;2025-12-20;4;1
7;2025-12-20;5;50
7;2025-12-20;6;275
7;2025-12-20;7;342
7;2025-12-20;8;781
7;2025-12-20;9;692
7;2025-12-20;10;743
7;2025-12-20;11;789
7;2025-12-20;12;1005
7;2025-12-20;13;972
7;2025-12-20;14;927
7;2025-12-20;15;905
7;2025-12-20;16;863
7;2025-12-20;17;883
7;2025-12-20;18;793
7;2025-12-20;19;642
7;2025-12-20;20;581
7;2025-12-20;21;360
7;2025-12-20;22;201
7;2025-12-20;23;151
7;2025-12-21;0;89
7;2025-12-21;1;19
7;2025-12-21;2;0
7;2025-12-21;3;0
7;2025-12-21;4;1
7;2025-12-21;5;28
7;2025-12-21;6;133
7;2025-12-21;7;195
7;2025-12-21;8;419
7;2025-12-21;9;481
7;2025-12-21;10;409
7;2025-12-21;11;588
7;2025-12-21;12;615
7;2025-12-21;13;616
7;2025-12-21;14;631
7;2025-12-21;15;694
7;2025-12-21;16;576
7;2025-12-21;17;603
7;2025-12-21;18;554
7;2025-12-21;19;410
7;2025-12-21;20;352
7;2025-12-21;21;253
7;2025-12-21;22;128
7;2025-12-21;23;105
7;2025-12-22;0;67
7;2025-12-22;1;12
7;2025-12-22;2;0
7;2025-12-22;3;0
7;2025-12-22;4;2
7;2025-12-22;5;177
7;2025-12-22;6;600
7;2025-12-22;7;1639
7;2025-12-22;8;2339
7;2025-12-22;9;1911
7;2025-12-22;10;1705
7;2025-12-22;11;1489
7;2025-12-22;12;1577
7;2025-12-22;13;1484
7;2025-12-22;14;1544
7;2025-12-22;15;1641
7;2025-12-22;16;1683
7;2025-12-22;17;2194
7;2025-12-22;18;2358
7;2025-12-22;19;1474
7;2025-12-22;20;918
7;2025-12-22;21;600
7;2025-12-22;22;321
7;2025-12-22;23;197
7;2025-12-23;0;61
7;2025-12-23;1;14
7;2025-12-23;2;0
7;2025-12-23;3;0
7;2025-12-23;4;2
7;2025-12-23;5;198
7;2025-12-23;6;709
7;2025-12-23;7;1800
7;2025-12-23;8;2553
7;2025-12-23;9;1883
7;2025-12-23;10;1696
7;2025-12-23;11;1481
7;2025-12-23;12;1557
7;2025-12-23;13;1450
7;2025-12-23;14;1394
7;2025-12-23;15;1536
7;2025-12-23;16;1694
7;2025-12-23;17;2142
7;2025-12-23;18;2526
7;2025-12-23;19;1733
7;2025-12-23;20;1145
7;2025-12-23;21;688
7;2025-12-23;22;341
7;2025-12-23;23;201
7;2025-12-24;0;64
7;2025-12-24;1;14
7;2025-12-24;2;0
7;2025-12-24;3;0
7;2025-12-24;4;2
7;2025-12-24;5;190
7;2025-12-24;6;654
7;2025-12-24;7;1709
7;2025-12-24;8;2624
7;2025-12-24;9;1944
7;2025-12-24;10;1763
7;2025-12-24;11;1573
7;2025-12-24;12;1792
7;2025-12-24;13;1814
7;2025-12-24;14;1613
7;2025-12-24;15;1959
7;2025-12-24;16;1815
7;2025-12-24;17;2333
7;2025-12-24;18;2676
7;2025-12-24;19;1838
7;2025-12-24;20;1141
7;2025-12-24;21;670
7;2025-12-24;22;339
7;2025-12-24;23;213
7;2025-12-25;0;61
7;2025-12-25;1;13
7;2025-12-25;2;0
7;2025-12-25;3;0
7;2025-12-25;4;2
7;2025-12-25;5;179
7;2025-12-25;6;676
7;2025-12-25;7;1766
7;2025-12-25;8;2436
7;2025-12-25;9;1877
7;2025-12-25;10;1800
7;2025-12-25;11;1568
7;2025-12-25;12;1670
7;2025-12-25;13;1565
7;2025-12-25;14;1724
7;2025-12-25;15;1829
7;2025-12-25;16;1911
7;2025-12-25;17;2305
7;2025-12-25;18;2644
7;2025-12-25;19;1619
7;2025-12-25;20;1138
7;2025-12-25;21;655
7;2025-12-25;22;362
7;2025-12-25;23;190
7;2025-12-26;0;63
7;2025-12-26;1;13
7;2025-12-26;2;0
7;2025-12-26;3;0
7;2025-12-26;4;2
7;2025-12-26;5;179
7;2025-12-26;6;752
7;2025-12-26;7;1712
7;2025-12-26;8;2705
7;2025-12-26;9;1913
7;2025-12-26;10;1774
7;2025-12-26;11;1497
7;2025-12-26;12;1712
7;2025-12-26;13;1434
7;2025-12-26;14;1646
7;2025-12-26;15;1719
7;2025-12-26;16;2010
7;2025-12-26;17;2200
7;2025-12-26;18;2160
7;2025-12-26;19;1549
7;2025-12-26;20;1025
7;2025-12-26;21;615
7;2025-12-26;22;326
7;2025-12-26;23;193
7;2025-12-27;0;112
7;2025-12-27;1;19
7;2025-12-27;2;0
7;2025-12-27;3;0
7;2025-12-27;4;1
7;2025-12-27;5;54
7;2025-12-27;6;308
7;2025-12-27;7;365
7;2025-12-27;8;808
7;2025-12-27;9;675
7;2025-12-27;10;738
7;2025-12-27;11;788
7;2025-12-27;12;1004
7;2025-12-27;13;976
7;2025-12-27;14;938
7;2025-12-27;15;906
7;2025-12-27;16;868
7;2025-12-27;17;898
7;2025-12-27;18;804
7;2025-12-27;19;658
7;2025-12-27;20;556
7;2025-12-27;21;406
7;2025-12-27;22;253
7;2025-12-27;23;198
7;2025-12-28;0;100
7;2025-12-28;1;17
7;2025-12-28;2;0
7;2025-12-28;3;0
7;2025-12-28;4;1
7;2025-12-28;5;32
7;2025-12-28;6;144
7;2025-12-28;7;208
7;2025-12-28;8;414
7;2025-12-28;9;617
7;2025-12-28;10;492
7;2025-12-28;11;672
7;2025-12-28;12;736
7;2025-12-28;13;709
7;2025-12-28;14;726
7;2025-12-28;15;822
7;2025-12-28;16;598
7;2025-12-28;17;618
7;2025-12-28;18;591
7;2025-12-28;19;448
7;2025-12-28;20;436
7;2025-12-28;21;326
7;2025-12-28;22;169
7;2025-12-28;23;111
7;2025-12-29;0;61
7;2025-12-29;1;12
7;2025-12-29;2;0
7;2025-12-29;3;0
7;2025-12-29;4;2
7;2025-12-29;5;195
7;2025-12-29;6;624
7;2025-12-29;7;1594
7;2025-12-29;8;2629
7;2025-12-29;9;1910
7;2025-12-29;10;1736
7;2025-12-29;11;1531
7;2025-12-29;12;1593
7;2025-12-29;13;1450
7;2025-12-29;14;1536
7;2025-12-29;15;1672
7;2025-12-29;16;1720
7;2025-12-29;17;2249
7;2025-12-29;18;2490
7;2025-12-29;19;1593
7;2025-12-29;20;1034
7;2025-12-29;21;609
7;2025-12-29;22;333
7;2025-12-29;23;210
7;2025-12-30;0;64
7;2025-12-30;1;13
7;2025-12-30;2;0
7;2025-12-30;3;0
7;2025-12-30;4;2
7;2025-12-30;5;195
7;2025-12-30;6;644
7;2025-12-30;7;1683
7;2025-12-30;8;2565
7;2025-12-30;9;1933
7;2025-12-30;10;1756
7;2025-12-30;11;1671
7;2025-12-30;12;1741
7;2025-12-30;13;1517
7;2025-12-30;14;1595
7;2025-12-30;15;1802
7;2025-12-30;16;1795
7;2025-12-30;17;2247
7;2025-12-30;18;2613
7;2025-12-30;19;1625
7;2025-12-30;20;1085
7;2025-12-30;21;638
7;2025-12-30;22;336
7;2025-12-30;23;206
7;2025-12-31;0;98
7;2025-12-31;1;15
7;2025-12-31;2;0
7;2025-12-31;3;0
7;2025-12-31;4;1
7;2025-12-31;5;34
7;2025-12-31;6;148
7;2025-12-31;7;225
7;2025-12-31;8;498
7;2025-12-31;9;614
7;2025-12-31;10;504
7;2025-12-31;11;711
7;2025-12-31;12;757
7;2025-12-31;13;828
7;2025-12-31;14;794
7;2025-12-31;15;836
7;2025-12-31;16;701
7;2025-12-31;17;773
7;2025-12-31;18;784
7;2025-12-31;19;602
7;2025-12-31;20;476
7;2025-12-31;21;333
7;2025-12-31;22;168
7;2025-12-31;23;128
11;2025-11-01;0;67
11;2025-11-01;1;3
11;2025-11-01;2;0
11;2025-11-01;3;0
11;2025-11-01;4;1
11;2025-11-01;5;260
11;2025-11-01;6;1377
11;2025-11-01;7;2333
11;2025-11-01;8;2955
11;2025-11-01;9;2452
11;2025-11-01;10;2081
11;2025-11-01;11;1960
11;2025-11-01;12;2086
11;2025-11-01;13;2128
11;2025-11-01;14;2199
11;2025-11-01;15;2285
11;2025-11-01;16;2411
11;2025-11-01;17;2700
11;2025-11-01;18;2572
11;2025-11-01;19;2035
11;2025-11-01;20;1464
11;2025-11-01;21;891
11;2025-11-01;22;449
11;2025-11-01;23;302
11;2025-11-02;0;108
11;2025-11-02;1;11
11;2025-11-02;2;0
11;2025-11-02;3;0
11;2025-11-02;4;1
11;2025-11-02;5;100
11;2025-11-02;6;433
11;2025-11-02;7;455
11;2025-11-02;8;660
11;2025-11-02;9;863
11;2025-11-02;10;858
11;2025-11-02;11;1222
11;2025-11-02;12;1354
11;2025-11-02;13;1547
11;2025-11-02;14;1638
11;2025-11-02;15;1583
11;2025-11-02;16;1322
11;2025-11-02;17;1427
11;2025-11-02;18;1035
11;2025-11-02;19;912
11;2025-11-02;20;751
11;2025-11-02;21;511
11;2025-11-02;22;302
11;2025-11-02;23;206
11;2025-11-03;0;90
11;2025-11-03;1;8
11;2025-11-03;2;0
11;2025-11-03;3;0
11;2025-11-03;4;0
11;2025-11-03;5;112
11;2025-11-03;6;573
11;2025-11-03;7;621
11;2025-11-03;8;816
11;2025-11-03;9;874
11;2025-11-03;10;839
11;2025-11-03;11;1092
11;2025-11-03;12;1105
11;2025-11-03;13;1152
11;2025-11-03;14;1163
11;2025-11-03;15;1133
11;2025-11-03;16;1182
11;2025-11-03;17;1184
11;2025-11-03;18;1195
11;2025-11-03;19;1063
11;2025-11-03;20;803
11;2025-11-03;21;615
11;2025-11-03;22;354
11;2025-11-03;23;191
11;2025-11-04;0;93
11;2025-11-04;1;8
11;2025-11-04;2;0
11;2025-11-04;3;0
11;2025-11-04;4;0
11;2025-11-04;5;112
11;2025-11-04;6;564
11;2025-11-04;7;546
11;2025-11-04;8;647
11;2025-11-04;9;782
11;2025-11-04;10;814
11;2025-11-04;11;1075
11;2025-11-04;12;1056
11;2025-11-04;13;1130
11;2025-11-04;14;1494
11;2025-11-04;15;1555
11;2025-11-04;16;1427
11;2025-11-04;17;1825
11;2025-11-04;18;1490
11;2025-11-04;19;1295
11;2025-11-04;20;994
11;2025-11-04;21;768
11;2025-11-04;22;438
11;2025-11-04;23;311
11;2025-11-05;0;50
11;2025-11-05;1;1
11;2025-11-05;2;0
11;2025-11-05;3;0
11;2025-11-05;4;1
11;2025-11-05;5;225
11;2025-11-05;6;1246
11;2025-11-05;7;2412
11;2025-11-05;8;3124
11;2025-11-05;9;2336
11;2025-11-05;10;1924
11;2025-11-05;11;1999
11;2025-11-05;12;2061
11;2025-11-05;13;2166
11;2025-11-05;14;2014
11;2025-11-05;15;2060
11;2025-11-05;16;2224
11;2025-11-05;17;2890
11;2025-11-05;18;3258
11;2025-11-05;19;2364
11;2025-11-05;20;1510
11;2025-11-05;21;836
11;2025-11-05;22;392
11;2025-11-05;23;241
11;2025-11-06;0;60
11;2025-11-06;1;1
11;2025-11-06;2;0
11;2025-11-06;3;0
11;2025-11-06;4;1
11;2025-11-06;5;235
11;2025-11-06;6;1322
11;2025-11-06;7;2361
11;2025-11-06;8;3087
11;2025-11-06;9;2425
11;2025-11-06;10;2003
11;2025-11-06;11;1809
11;2025-11-06;12;2153
11;2025-11-06;13;2172
11;2025-11-06;14;2163
11;2025-11-06;15;1919
11;2025-11-06;16;2316
11;2025-11-06;17;2808
11;2025-11-06;18;3088
11;2025-11-06;19;2203
11;2025-11-06;20;1529
11;2025-11-06;21;861
11;2025-11-06;22;407
11;2025-11-06;23;253
11;2025-11-07;0;60
11;2025-11-07;1;1
11;2025-11-07;2;0
11;2025-11-07;3;0
11;2025-11-07;4;1
11;2025-11-07;5;238
11;2025-11-07;6;1308
11;2025-11-07;7;2466
11;2025-11-07;8;3211
11;2025-11-07;9;2068
11;2025-11-07;10;1899
11;2025-11-07;11;1790
11;2025-11-07;12;1759
11;2025-11-07;13;1856
11;2025-11-07;14;1995
11;2025-11-07;15;2050
11;2025-11-07;16;2269
11;2025-11-07;17;2712
11;2025-11-07;18;2248
11;2025-11-07;19;1922
11;2025-11-07;20;1238
11;2025-11-07;21;746
11;2025-11-07;22;340
11;2025-11-07;23;290
11;2025-11-08;0;99
11;2025-11-08;1;1
11;2025-11-08;2;0
11;2025-11-08;3;0
11;2025-11-08;4;0
11;2025-11-08;5;168
11;2025-11-08;6;842
11;2025-11-08;7;808
11;2025-11-08;8;1028
11;2025-11-08;9;1209
11;2025-11-08;10;1330
11;2025-11-08;11;1627
11;2025-11-08;12;1844
11;2025-11-08;13;1843
11;2025-11-08;14;2043
11;2025-11-08;15;2082
11;2025-11-08;16;2004
11;2025-11-08;17;1993
11;2025-11-08;18;1566
11;2025-11-08;19;1428
11;2025-11-08;20;918
11;2025-11-08;21;670
11;2025-11-08;22;397
11;2025-11-08;23;268
11;2025-11-09;0;104
11;2025-11-09;1;12
11;2025-11-09;2;0
11;2025-11-09;3;0
11;2025-11-09;4;1
11;2025-11-09;5;99
11;2025-11-09;6;462
11;2025-11-09;7;451
11;2025-11-09;8;633
11;2025-11-09;9;850
11;2025-11-09;10;952
11;2025-11-09;11;1308
11;2025-11-09;12;1363
11;2025-11-09;13;1398
11;2025-11-09;14;1434
11;2025-11-09;15;1387
11;2025-11-09;16;1237
11;2025-11-09;17;1424
11;2025-11-09;18;1000
11;2025-11-09;19;840
11;2025-11-09;20;701
11;2025-11-09;21;498
11;2025-11-09;22;301
11;2025-11-09;23;203
11;2025-11-10;0;52
11;2025-11-10;1;2
11;2025-11-10;2;0
11;2025-11-10;3;0
11;2025-11-10;4;1
11;2025-11-10;5;230
11;2025-11-10;6;1306
11;2025-11-10;7;2394
11;2025-11-10;8;3191
11;2025-11-10;9;2340
11;2025-11-10;10;1865
11;2025-11-10;11;1731
11;2025-11-10;12;1736
11;2025-11-10;13;1876
11;2025-11-10;14;1755
11;2025-11-10;15;1891
11;2025-11-10;16;2075
11;2025-11-10;17;2661
11;2025-11-10;18;2978
11;2025-11-10;19;2135
11;2025-11-10;20;1337
11;2025-11-10;21;764
11;2025-11-10;22;319
11;2025-11-10;23;205
11;2025-11-11;0;52
11;2025-11-11;1;2
11;2025-11-11;2;0
11;2025-11-11;3;0
11;2025-11-11;4;1
11;2025-11-11;5;228
11;2025-11-11;6;1327
11;2025-11-11;7;2460
11;2025-11-11;8;3274
11;2025-11-11;9;2454
11;2025-11-11;10;2007
11;2025-11-11;11;1853
11;2025-11-11;12;1955
11;2025-11-11;13;2035
11;2025-11-11;14;2069
11;2025-11-11;15;2053
11;2025-11-11;16;2215
11;2025-11-11;17;2864
11;2025-11-11;18;3012
11;2025-11-11;19;2205
11;2025-11-11;20;1427
11;2025-11-11;21;787
11;2025-11-11;22;347
11;2025-11-11;23;232
11;2025-11-12;0;54
11;2025-11-12;1;1
11;2025-11-12;2;0
11;2025-11-12;3;0
11;2025-11-12;4;1
11;2025-11-12;5;228
11;2025-11-12;6;1251
11;2025-11-12;7;2456
11;2025-11-12;8;3186
11;2025-11-12;9;2421
11;2025-11-12;10;1902
11;2025-11-12;11;1863
11;2025-11-12;12;1923
11;2025-11-12;13;2014
11;2025-11-12;14;1935
11;2025-11-12;15;1952
11;2025-11-12;16;2260
11;2025-11-12;17;2886
11;2025-11-12;18;3104
11;2025-11-12;19;2265
11;2025-11-12;20;1427
11;2025-11-12;21;785
11;2025-11-12;22;342
11;2025-11-12;23;227
11;2025-11-13;0;61
11;2025-11-13;1;1
11;2025-11-13;2;0
11;2025-11-13;3;0
11;2025-11-13;4;1
11;2025-11-13;5;226
11;2025-11-13;6;1277
11;2025-11-13;7;2523
11;2025-11-13;8;3182
11;2025-11-13;9;2417
11;2025-11-13;10;1960
11;2025-11-13;11;1826
11;2025-11-13;12;1860
11;2025-11-13;13;1974
11;2025-11-13;14;1922
11;2025-11-13;15;2025
11;2025-11-13;16;2209
11;2025-11-13;17;2796
11;2025-11-13;18;3048
11;2025-11-13;19;2250
11;2025-11-13;20;1480
11;2025-11-13;21;876
11;2025-11-13;22;390
11;2025-11-13;23;247
11;2025-11-14;0;57
11;2025-11-14;1;1
11;2025-11-14;2;0
11;2025-11-14;3;0
11;2025-11-14;4;1
11;2025-11-14;5;251
11;2025-11-14;6;1219
11;2025-11-14;7;2135
11;2025-11-14;8;2975
11;2025-11-14;9;2243
11;2025-11-14;10;1762
11;2025-11-14;11;1899
11;2025-11-14;12;1810
11;2025-11-14;13;2069
11;2025-11-14;14;2021
11;2025-11-14;15;2026
11;2025-11-14;16;2175
11;2025-11-14;17;2617
11;2025-11-14;18;2283
11;2025-11-14;19;1818
11;2025-11-14;20;1314
11;2025-11-14;21;795
11;2025-11-14;22;399
11;2025-11-14;23;303
11;2025-11-15;0;98
11;2025-11-15;1;1
11;2025-11-15;2;0
11;2025-11-15;3;0
11;2025-11-15;4;1
11;2025-11-15;5;164
11;2025-11-15;6;784
11;2025-11-15;7;701
11;2025-11-15;8;944
11;2025-11-15;9;1076
11;2025-11-15;10;1282
11;2025-11-15;11;1343
11;2025-11-15;12;1490
11;2025-11-15;13;1442
11;2025-11-15;14;1987
11;2025-11-15;15;1945
11;2025-11-15;16;1800
11;2025-11-15;17;1906
11;2025-11-15;18;1521
11;2025-11-15;19;1576
11;2025-11-15;20;1151
11;2025-11-15;21;764
11;2025-11-15;22;429
11;2025-11-15;23;284
11;2025-11-16;0;105
11;2025-11-16;1;10
11;2025-11-16;2;0
11;2025-11-16;3;0
11;2025-11-16;4;1
11;2025-11-16;5;103
11;2025-11-16;6;498
11;2025-11-16;7;521
11;2025-11-16;8;719
11;2025-11-16;9;967
11;2025-11-16;10;1125
11;2025-11-16;11;1556
11;2025-11-16;12;1641
11;2025-11-16;13;1553
11;2025-11-16;14;1525
11;2025-11-16;15;1455
11;2025-11-16;16;1310
11;2025-11-16;17;1475
11;2025-11-16;18;1023
11;2025-11-16;19;901
11;2025-11-16;20;734
11;2025-11-16;21;550
11;2025-11-16;22;317
11;2025-11-16;23;210
11;2025-11-17;0;55
11;2025-11-17;1;3
11;2025-11-17;2;0
11;2025-11-17;3;0
11;2025-11-17;4;1
11;2025-11-17;5;247
11;2025-11-17;6;1346
11;2025-11-17;7;2448
11;2025-11-17;8;3144
11;2025-11-17;9;2449
11;2025-11-17;10;1831
11;2025-11-17;11;1823
11;2025-11-17;12;1675
11;2025-11-17;13;1830
11;2025-11-17;14;1966
11;2025-11-17;15;1869
11;2025-11-17;16;2290
11;2025-11-17;17;2847
11;2025-11-17;18;2938
11;2025-11-17;19;2023
11;2025-11-17;20;1272
11;2025-11-17;21;691
11;2025-11-17;22;319
11;2025-11-17;23;218
11;2025-11-18;0;51
11;2025-11-18;1;1
11;2025-11-18;2;0
11;2025-11-18;3;0
11;2025-11-18;4;1
11;2025-11-18;5;224
11;2025-11-18;6;1192
11;2025-11-18;7;2346
11;2025-11-18;8;2646
11;2025-11-18;9;2016
11;2025-11-18;10;1538
11;2025-11-18;11;1484
11;2025-11-18;12;1516
11;2025-11-18;13;1554
11;2025-11-18;14;1719
11;2025-11-18;15;1651
11;2025-11-18;16;2216
11;2025-11-18;17;2923
11;2025-11-18;18;3095
11;2025-11-18;19;2366
11;2025-11-18;20;1539
11;2025-11-18;21;890
11;2025-11-18;22;392
11;2025-11-18;23;247
11;2025-11-19;0;57
11;2025-11-19;1;2
11;2025-11-19;2;0
11;2025-11-19;3;0
11;2025-11-19;4;1
11;2025-11-19;5;247
11;2025-11-19;6;1339
11;2025-11-19;7;2499
11;2025-11-19;8;3227
11;2025-11-19;9;2378
11;2025-11-19;10;2019
11;2025-11-19;11;1946
11;2025-11-19;12;1906
11;2025-11-19;13;1978
11;2025-11-19;14;1880
11;2025-11-19;15;1990
11;2025-11-19;16;2164
11;2025-11-19;17;2800
11;2025-11-19;18;2946
11;2025-11-19;19;2178
11;2025-11-19;20;1470
11;2025-11-19;21;883
11;2025-11-19;22;398
11;2025-11-19;23;254
11;2025-11-20;0;60
11;2025-11-20;1;2
11;2025-11-20;2;0
11;2025-11-20;3;0
11;2025-11-20;4;1
11;2025-11-20;5;239
11;2025-11-20;6;1393
11;2025-11-20;7;2554
11;2025-11-20;8;3264
11;2025-11-20;9;2541
11;2025-11-20;10;2042
11;2025-11-20;11;1942
11;2025-11-20;12;1981
11;2025-11-20;13;1948
11;2025-11-20;14;1868
11;2025-11-20;15;1823
11;2025-11-20;16;2074
11;2025-11-20;17;2721
11;2025-11-20;18;3123
11;2025-11-20;19;2257
11;2025-11-20;20;1454
11;2025-11-20;21;859
11;2025-11-20;22;398
11;2025-11-20;23;256
11;2025-11-21;0;63
11;2025-11-21;1;2
11;2025-11-21;2;0
11;2025-11-21;3;0
11;2025-11-21;4;1
11;2025-11-21;5;239
11;2025-11-21;6;1250
11;2025-11-21;7;2381
11;2025-11-21;8;3258
11;2025-11-21;9;2509
11;2025-11-21;10;2068
11;2025-11-21;11;1975
11;2025-11-21;12;1937
11;2025-11-21;13;1958
11;2025-11-21;14;2014
11;2025-11-21;15;2117
11;2025-11-21;16;2397
11;2025-11-21;17;2965
11;2025-11-21;18;2633
11;2025-11-21;19;2135
11;2025-11-21;20;1371
11;2025-11-21;21;879
11;2025-11-21;22;414
11;2025-11-21;23;300
11;2025-11-22;0;106
11;2025-11-22;1;2
11;2025-11-22;2;0
11;2025-11-22;3;0
11;2025-11-22;4;1
11;2025-11-22;5;165
11;2025-11-22;6;837
11;2025-11-22;7;728
11;2025-11-22;8;1055
11;2025-11-22;9;1088
11;2025-11-22;10;1458
11;2025-11-22;11;1775
11;2025-11-22;12;1878
11;2025-11-22;13;1856
11;2025-11-22;14;1790
11;2025-11-22;15;1741
11;2025-11-22;16;1600
11;2025-11-22;17;1747
11;2025-11-22;18;1342
11;2025-11-22;19;1376
11;2025-11-22;20;964
11;2025-11-22;21;669
11;2025-11-22;22;388
11;2025-11-22;23;280
11;2025-11-23;0;112
11;2025-11-23;1;10
11;2025-11-23;2;0
11;2025-11-23;3;0
11;2025-11-23;4;0
11;2025-11-23;5;101
11;2025-11-23;6;476
11;2025-11-23;7;491
11;2025-11-23;8;694
11;2025-11-23;9;959
11;2025-11-23;10;1000
11;2025-11-23;11;1565
11;2025-11-23;12;1681
11;2025-11-23;13;1624
11;2025-11-23;14;1750
11;2025-11-23;15;1769
11;2025-11-23;16;1542
11;2025-11-23;17;1724
11;2025-11-23;18;1321
11;2025-11-23;19;1023
11;2025-11-23;20;782
11;2025-11-23;21;540
11;2025-11-23;22;310
11;2025-11-23;23;211
11;2025-11-24;0;56
11;2025-11-24;1;2
11;2025-11-24;2;0
11;2025-11-24;3;0
11;2025-11-24;4;1
11;2025-11-24;5;251
11;2025-11-24;6;1359
11;2025-11-24;7;2315
11;2025-11-24;8;2896
11;2025-11-24;9;2225
11;2025-11-24;10;1914
11;2025-11-24;11;1780
11;2025-11-24;12;1673
11;2025-11-24;13;1810
11;2025-11-24;14;1824
11;2025-11-24;15;1728
11;2025-11-24;16;2348
11;2025-11-24;17;2935
11;2025-11-24;18;2996
11;2025-11-24;19;2208
11;2025-11-24;20;1439
11;2025-11-24;21;864
11;2025-11-24;22;378
11;2025-11-24;23;233
11;2025-11-25;0;56
11;2025-11-25;1;2
11;2025-11-25;2;0
11;2025-11-25;3;0
11;2025-11-25;4;1
11;2025-11-25;5;244
11;2025-11-25;6;1408
11;2025-11-25;7;2487
11;2025-11-25;8;3184
11;2025-11-25;9;2487
11;2025-11-25;10;2005
11;2025-11-25;11;2007
11;2025-11-25;12;1983
11;2025-11-25;13;2056
11;2025-11-25;14;1968
11;2025-11-25;15;1981
11;2025-11-25;16;2237
11;2025-11-25;17;2926
11;2025-11-25;18;3041
11;2025-11-25;19;2273
11;2025-11-25;20;1445
11;2025-11-25;21;809
11;2025-11-25;22;364
11;2025-11-25;23;228
11;2025-11-26;0;59
11;2025-11-26;1;3
11;2025-11-26;2;0
11;2025-11-26;3;0
11;2025-11-26;4;1
11;2025-11-26;5;251
11;2025-11-26;6;1365
11;2025-11-26;7;2432
11;2025-11-26;8;3109
11;2025-11-26;9;2423
11;2025-11-26;10;1979
11;2025-11-26;11;1878
11;2025-11-26;12;1951
11;2025-11-26;13;2041
11;2025-11-26;14;1899
11;2025-11-26;15;1851
11;2025-11-26;16;2016
11;2025-11-26;17;2518
11;2025-11-26;18;2969
11;2025-11-26;19;2217
11;2025-11-26;20;1418
11;2025-11-26;21;829
11;2025-11-26;22;392
11;2025-11-26;23;246
11;2025-11-27;0;57
11;2025-11-27;1;2
11;2025-11-27;2;0
11;2025-11-27;3;0
11;2025-11-27;4;1
11;2025-11-27;5;228
11;2025-11-27;6;1303
11;2025-11-27;7;2378
11;2025-11-27;8;3135
11;2025-11-27;9;2405
11;2025-11-27;10;2028
11;2025-11-27;11;1945
11;2025-11-27;12;1951
11;2025-11-27;13;2134
11;2025-11-27;14;2139
11;2025-11-27;15;2066
11;2025-11-27;16;2296
11;2025-11-27;17;2950
11;2025-11-27;18;2999
11;2025-11-27;19;2237
11;2025-11-27;20;1479
11;2025-11-27;21;798
11;2025-11-27;22;347
11;2025-11-27;23;266
11;2025-11-28;0;59
11;2025-11-28;1;1
11;2025-11-28;2;0
11;2025-11-28;3;0
11;2025-11-28;4;1
11;2025-11-28;5;237
11;2025-11-28;6;1327
11;2025-11-28;7;2512
11;2025-11-28;8;3294
11;2025-11-28;9;2317
11;2025-11-28;10;2107
11;2025-11-28;11;2060
11;2025-11-28;12;2000
11;2025-11-28;13;1990
11;2025-11-28;14;2004
11;2025-11-28;15;2148
11;2025-11-28;16;2416
11;2025-11-28;17;2927
11;2025-11-28;18;2529
11;2025-11-28;19;2009
11;2025-11-28;20;1333
11;2025-11-28;21;855
11;2025-11-28;22;414
11;2025-11-28;23;286
11;2025-11-29;0;106
11;2025-11-29;1;1
11;2025-11-29;2;0
11;2025-11-29;3;0
11;2025-11-29;4;1
11;2025-11-29;5;168
11;2025-11-29;6;809
11;2025-11-29;7;817
11;2025-11-29;8;1126
11;2025-11-29;9;1303
11;2025-11-29;10;1474
11;2025-11-29;11;1746
11;2025-11-29;12;1872
11;2025-11-29;13;1807
11;2025-11-29;14;1827
11;2025-11-29;15;1716
11;2025-11-29;16;1645
11;2025-11-29;17;1782
11;2025-11-29;18;1382
11;2025-11-29;19;1388
11;2025-11-29;20;994
11;2025-11-29;21;692
11;2025-11-29;22;402
11;2025-11-29;23;268
11;2025-11-30;0;103
11;2025-11-30;1;11
11;2025-11-30;2;0
11;2025-11-30;3;0
11;2025-11-30;4;1
11;2025-11-30;5;100
11;2025-11-30;6;446
11;2025-11-30;7;472
11;2025-11-30;8;628
11;2025-11-30;9;980
11;2025-11-30;10;1036
11;2025-11-30;11;1295
11;2025-11-30;12;1437
11;2025-11-30;13;1423
11;2025-11-30;14;1392
11;2025-11-30;15;1264
11;2025-11-30;16;1166
11;2025-11-30;17;1358
11;2025-11-30;18;1076
11;2025-11-30;19;825
11;2025-11-30;20;673
11;2025-11-30;21;508
11;2025-11-30;22;307
11;2025-11-30;23;210
11;2025-12-01;0;54
11;2025-12-01;1;2
11;2025-12-01;2;0
11;2025-12-01;3;0
11;2025-12-01;4;1
11;2025-12-01;5;231
11;2025-12-01;6;1308
11;2025-12-01;7;2367
11;2025-12-01;8;3074
11;2025-12-01;9;2389
11;2025-12-01;10;1925
11;2025-12-01;11;1751
11;2025-12-01;12;1718
11;2025-12-01;13;1868
11;2025-12-01;14;1672
11;2025-12-01;15;1867
11;2025-12-01;16;2070
11;2025-12-01;17;2713
11;2025-12-01;18;2998
11;2025-12-01;19;2139
11;2025-12-01;20;1349
11;2025-12-01;21;793
11;2025-12-01;22;356
11;2025-12-01;23;217
11;2025-12-02;0;52
11;2025-12-02;1;2
11;2025-12-02;2;0
11;2025-12-02;3;0
11;2025-12-02;4;1
11;2025-12-02;5;233
11;2025-12-02;6;1328
11;2025-12-02;7;2454
11;2025-12-02;8;3239
11;2025-12-02;9;2482
11;2025-12-02;10;2034
11;2025-12-02;11;1908
11;2025-12-02;12;1972
11;2025-12-02;13;2060
11;2025-12-02;14;1944
11;2025-12-02;15;1955
11;2025-12-02;16;2210
11;2025-12-02;17;2857
11;2025-12-02;18;3049
11;2025-12-02;19;2265
11;2025-12-02;20;1415
11;2025-12-02;21;800
11;2025-12-02;22;367
11;2025-12-02;23;237
11;2025-12-03;0;55
11;2025-12-03;1;2
11;2025-12-03;2;0
11;2025-12-03;3;0
11;2025-12-03;4;1
11;2025-12-03;5;233
11;2025-12-03;6;1364
11;2025-12-03;7;2490
11;2025-12-03;8;3129
11;2025-12-03;9;2400
11;2025-12-03;10;1946
11;2025-12-03;11;1869
11;2025-12-03;12;1905
11;2025-12-03;13;1975
11;2025-12-03;14;1876
11;2025-12-03;15;1913
11;2025-12-03;16;2117
11;2025-12-03;17;2696
11;2025-12-03;18;2868
11;2025-12-03;19;2194
11;2025-12-03;20;1379
11;2025-12-03;21;828
11;2025-12-03;22;395
11;2025-12-03;23;251
11;2025-12-04;0;60
11;2025-12-04;1;2
11;2025-12-04;2;0
11;2025-12-04;3;0
11;2025-12-04;4;1
11;2025-12-04;5;227
11;2025-12-04;6;1283
11;2025-12-04;7;2507
11;2025-12-04;8;3030
11;2025-12-04;9;2417
11;2025-12-04;10;1928
11;2025-12-04;11;1800
11;2025-12-04;12;1881
11;2025-12-04;13;1951
11;2025-12-04;14;1840
11;2025-12-04;15;1820
11;2025-12-04;16;2070
11;2025-12-04;17;2669
11;2025-12-04;18;3007
11;2025-12-04;19;2212
11;2025-12-04;20;1403
11;2025-12-04;21;864
11;2025-12-04;22;423
11;2025-12-04;23;263
11;2025-12-05;0;60
11;2025-12-05;1;2
11;2025-12-05;2;0
11;2025-12-05;3;0
11;2025-12-05;4;1
11;2025-12-05;5;241
11;2025-12-05;6;1354
11;2025-12-05;7;2539
11;2025-12-05;8;3140
11;2025-12-05;9;2515
11;2025-12-05;10;2067
11;2025-12-05;11;1974
11;2025-12-05;12;1963
11;2025-12-05;13;1981
11;2025-12-05;14;2011
11;2025-12-05;15;2111
11;2025-12-05;16;2393
11;2025-12-05;17;2941
11;2025-12-05;18;2579
11;2025-12-05;19;2079
11;2025-12-05;20;1431
11;2025-12-05;21;871
11;2025-12-05;22;404
11;2025-12-05;23;293
11;2025-12-06;0;103
11;2025-12-06;1;1
11;2025-12-06;2;0
11;2025-12-06;3;0
11;2025-12-06;4;1
11;2025-12-06;5;158
11;2025-12-06;6;814
11;2025-12-06;7;769
11;2025-12-06;8;1119
11;2025-12-06;9;1324
11;2025-12-06;10;1452
11;2025-12-06;11;1732
11;2025-12-06;12;1856
11;2025-12-06;13;1828
11;2025-12-06;14;1812
11;2025-12-06;15;1754
11;2025-12-06;16;1626
11;2025-12-06;17;1774
11;2025-12-06;18;1362
11;2025-12-06;19;1399
11;2025-12-06;20;975
11;2025-12-06;21;687
11;2025-12-06;22;399
11;2025-12-06;23;268
11;2025-12-07;0;106
11;2025-12-07;1;10
11;2025-12-07;2;0
11;2025-12-07;3;0
11;2025-12-07;4;1
11;2025-12-07;5;101
11;2025-12-07;6;438
11;2025-12-07;7;472
11;2025-12-07;8;643
11;2025-12-07;9;918
11;2025-12-07;10;912
11;2025-12-07;11;1322
11;2025-12-07;12;1424
11;2025-12-07;13;1426
11;2025-12-07;14;1497
11;2025-12-07;15;1436
11;2025-12-07;16;1280
11;2025-12-07;17;1490
11;2025-12-07;18;1069
11;2025-12-07;19;904
11;2025-12-07;20;702
11;2025-12-07;21;532
11;2025-12-07;22;312
11;2025-12-07;23;213
11;2025-12-08;0;53
11;2025-12-08;1;2
11;2025-12-08;2;0
11;2025-12-08;3;0
11;2025-12-08;4;1
11;2025-12-08;5;236
11;2025-12-08;6;1348
11;2025-12-08;7;2455
11;2025-12-08;8;3193
11;2025-12-08;9;2407
11;2025-12-08;10;1878
11;2025-12-08;11;1780
11;2025-12-08;12;1739
11;2025-12-08;13;1891
11;2025-12-08;14;1711
11;2025-12-08;15;1865
11;2025-12-08;16;2092
11;2025-12-08;17;2743
11;2025-12-08;18;3027
11;2025-12-08;19;2160
11;2025-12-08;20;1361
11;2025-12-08;21;793
11;2025-12-08;22;357
11;2025-12-08;23;224
11;2025-12-09;0;52
11;2025-12-09;1;2
11;2025-12-09;2;0
11;2025-12-09;3;0
11;2025-12-09;4;1
11;2025-12-09;5;241
11;2025-12-09;6;1371
11;2025-12-09;7;2541
11;2025-12-09;8;3192
11;2025-12-09;9;2526
11;2025-12-09;10;2040
11;2025-12-09;11;2097
11;2025-12-09;12;2097
11;2025-12-09;13;2179
11;2025-12-09;14;2188
11;2025-12-09;15;2129
11;2025-12-09;16;2368
11;2025-12-09;17;2954
11;2025-12-09;18;3105
11;2025-12-09;19;2316
11;2025-12-09;20;1525
11;2025-12-09;21;865
11;2025-12-09;22;380
11;2025-12-09;23;243
11;2025-12-10;0;60
11;2025-12-10;1;3
11;2025-12-10;2;0
11;2025-12-10;3;0
11;2025-12-10;4;1
11;2025-12-10;5;251
11;2025-12-10;6;1352
11;2025-12-10;7;2394
11;2025-12-10;8;3135
11;2025-12-10;9;2480
11;2025-12-10;10;2059
11;2025-12-10;11;1947
11;2025-12-10;12;1898
11;2025-12-10;13;1964
11;2025-12-10;14;1857
11;2025-12-10;15;1895
11;2025-12-10;16;2033
11;2025-12-10;17;2726
11;2025-12-10;18;2909
11;2025-12-10;19;2200
11;2025-12-10;20;1412
11;2025-12-10;21;824
11;2025-12-10;22;379
11;2025-12-10;23;238
11;2025-12-11;0;60
11;2025-12-11;1;2
11;2025-12-11;2;0
11;2025-12-11;3;0
11;2025-12-11;4;1
11;2025-12-11;5;254
11;2025-12-11;6;1379
11;2025-12-11;7;2564
11;2025-12-11;8;3413
11;2025-12-11;9;2672
11;2025-12-11;10;2129
11;2025-12-11;11;2132
11;2025-12-11;12;2103
11;2025-12-11;13;2246
11;2025-12-11;14;2284
11;2025-12-11;15;2112
11;2025-12-11;16;2496
11;2025-12-11;17;3042
11;2025-12-11;18;3008
11;2025-12-11;19;2296
11;2025-12-11;20;1535
11;2025-12-11;21;846
11;2025-12-11;22;332
11;2025-12-11;23;256
11;2025-12-12;0;57
11;2025-12-12;1;2
11;2025-12-12;2;0
11;2025-12-12;3;0
11;2025-12-12;4;1
11;2025-12-12;5;239
11;2025-12-12;6;1236
11;2025-12-12;7;2329
11;2025-12-12;8;3086
11;2025-12-12;9;2281
11;2025-12-12;10;1905
11;2025-12-12;11;1836
11;2025-12-12;12;1842
11;2025-12-12;13;1703
11;2025-12-12;14;1844
11;2025-12-12;15;1816
11;2025-12-12;16;1965
11;2025-12-12;17;2569
11;2025-12-12;18;2416
11;2025-12-12;19;2074
11;2025-12-12;20;1349
11;2025-12-12;21;851
11;2025-12-12;22;388
11;2025-12-12;23;270
11;2025-12-13;0;112
11;2025-12-13;1;1
11;2025-12-13;2;0
11;2025-12-13;3;0
11;2025-12-13;4;0
11;2025-12-13;5;152
11;2025-12-13;6;962
11;2025-12-13;7;848
11;2025-12-13;8;1231
11;2025-12-13;9;1390
11;2025-12-13;10;1496
11;2025-12-13;11;1882
11;2025-12-13;12;2019
11;2025-12-13;13;1986
11;2025-12-13;14;2075
11;2025-12-13;15;1920
11;2025-12-13;16;1836
11;2025-12-13;17;1946
11;2025-12-13;18;1625
11;2025-12-13;19;1648
11;2025-12-13;20;1097
11;2025-12-13;21;551
11;2025-12-13;22;459
11;2025-12-13;23;222
11;2025-12-14;0;87
11;2025-12-14;1;5
11;2025-12-14;2;0
11;2025-12-14;3;0
11;2025-12-14;4;1
11;2025-12-14;5;112
11;2025-12-14;6;529
11;2025-12-14;7;516
11;2025-12-14;8;718
11;2025-12-14;9;946
11;2025-12-14;10;1065
11;2025-12-14;11;1495
11;2025-12-14;12;1559
11;2025-12-14;13;1479
11;2025-12-14;14;1535
11;2025-12-14;15;1521
11;2025-12-14;16;1447
11;2025-12-14;17;1607
11;2025-12-14;18;1240
11;2025-12-14;19;1002
11;2025-12-14;20;784
11;2025-12-14;21;591
11;2025-12-14;22;355
11;2025-12-14;23;218
11;2025-12-15;0;57
11;2025-12-15;1;3
11;2025-12-15;2;0
11;2025-12-15;3;0
11;2025-12-15;4;1
11;2025-12-15;5;250
11;2025-12-15;6;1349
11;2025-12-15;7;2325
11;2025-12-15;8;3200
11;2025-12-15;9;2540
11;2025-12-15;10;1948
11;2025-12-15;11;1816
11;2025-12-15;12;1798
11;2025-12-15;13;1902
11;2025-12-15;14;1756
11;2025-12-15;15;1861
11;2025-12-15;16;2086
11;2025-12-15;17;2746
11;2025-12-15;18;3182
11;2025-12-15;19;2268
11;2025-12-15;20;1434
11;2025-12-15;21;836
11;2025-12-15;22;380
11;2025-12-15;23;232
11;2025-12-16;0;55
11;2025-12-16;1;3
11;2025-12-16;2;0
11;2025-12-16;3;0
11;2025-12-16;4;1
11;2025-12-16;5;242
11;2025-12-16;6;1338
11;2025-12-16;7;2484
11;2025-12-16;8;3236
11;2025-12-16;9;2557
11;2025-12-16;10;2005
11;2025-12-16;11;1940
11;2025-12-16;12;1827
11;2025-12-16;13;1926
11;2025-12-16;14;1906
11;2025-12-16;15;2054
11;2025-12-16;16;2312
11;2025-12-16;17;2926
11;2025-12-16;18;2976
11;2025-12-16;19;2236
11;2025-12-16;20;1436
11;2025-12-16;21;813
11;2025-12-16;22;353
11;2025-12-16;23;231
11;2025-12-17;0;52
11;2025-12-17;1;2
11;2025-12-17;2;0
11;2025-12-17;3;0
11;2025-12-17;4;1
11;2025-12-17;5;235
11;2025-12-17;6;1278
11;2025-12-17;7;2413
11;2025-12-17;8;3118
11;2025-12-17;9;2370
11;2025-12-17;10;1947
11;2025-12-17;11;1865
11;2025-12-17;12;1862
11;2025-12-17;13;1927
11;2025-12-17;14;1870
11;2025-12-17;15;1801
11;2025-12-17;16;1979
11;2025-12-17;17;2646
11;2025-12-17;18;2911
11;2025-12-17;19;2189
11;2025-12-17;20;1390
11;2025-12-17;21;796
11;2025-12-17;22;378
11;2025-12-17;23;235
11;2025-12-18;0;60
11;2025-12-18;1;2
11;2025-12-18;2;0
11;2025-12-18;3;0
11;2025-12-18;4;1
11;2025-12-18;5;246
11;2025-12-18;6;1349
11;2025-12-18;7;2492
11;2025-12-18;8;3291
11;2025-12-18;9;2488
11;2025-12-18;10;2106
11;2025-12-18;11;2117
11;2025-12-18;12;2078
11;2025-12-18;13;2066
11;2025-12-18;14;2049
11;2025-12-18;15;2002
11;2025-12-18;16;2205
11;2025-12-18;17;2816
11;2025-12-18;18;3087
11;2025-12-18;19;2270
11;2025-12-18;20;1492
11;2025-12-18;21;841
11;2025-12-18;22;387
11;2025-12-18;23;252
11;2025-12-19;0;57
11;2025-12-19;1;2
11;2025-12-19;2;0
11;2025-12-19;3;0
11;2025-12-19;4;1
11;2025-12-19;5;241
11;2025-12-19;6;1327
11;2025-12-19;7;2499
11;2025-12-19;8;3161
11;2025-12-19;9;2503
11;2025-12-19;10;2050
11;2025-12-19;11;1953
11;2025-12-19;12;1980
11;2025-12-19;13;1967
11;2025-12-19;14;1941
11;2025-12-19;15;1963
11;2025-12-19;16;2343
11;2025-12-19;17;2803
11;2025-12-19;18;2629
11;2025-12-19;19;2054
11;2025-12-19;20;1340
11;2025-12-19;21;875
11;2025-12-19;22;423
11;2025-12-19;23;283
11;2025-12-20;0;107
11;2025-12-20;1;1
11;2025-12-20;2;0
11;2025-12-20;3;0
11;2025-12-20;4;1
11;2025-12-20;5;169
11;2025-12-20;6;885
11;2025-12-20;7;852
11;2025-12-20;8;1132
11;2025-12-20;9;1277
11;2025-12-20;10;1447
11;2025-12-20;11;1728
11;2025-12-20;12;1850
11;2025-12-20;13;1781
11;2025-12-20;14;1821
11;2025-12-20;15;1678
11;2025-12-20;16;1645
11;2025-12-20;17;1803
11;2025-12-20;18;1415
11;2025-12-20;19;1443
11;2025-12-20;20;1083
11;2025-12-20;21;734
11;2025-12-20;22;415
11;2025-12-20;23;263
11;2025-12-21;0;102
11;2025-12-21;1;11
11;2025-12-21;2;0
11;2025-12-21;3;0
11;2025-12-21;4;0
11;2025-12-21;5;96
11;2025-12-21;6;481
11;2025-12-21;7;508
11;2025-12-21;8;676
11;2025-12-21;9;832
11;2025-12-21;10;874
11;2025-12-21;11;1214
11;2025-12-21;12;1330
11;2025-12-21;13;1299
11;2025-12-21;14;1308
11;2025-12-21;15;1322
11;2025-12-21;16;1209
11;2025-12-21;17;1394
11;2025-12-21;18;983
11;2025-12-21;19;833
11;2025-12-21;20;681
11;2025-12-21;21;492
11;2025-12-21;22;297
11;2025-12-21;23;204
11;2025-12-22;0;63
11;2025-12-22;1;3
11;2025-12-22;2;0
11;2025-12-22;3;0
11;2025-12-22;4;1
11;2025-12-22;5;233
11;2025-12-22;6;1327
11;2025-12-22;7;2386
11;2025-12-22;8;3078
11;2025-12-22;9;2465
11;2025-12-22;10;1996
11;2025-12-22;11;1781
11;2025-12-22;12;1726
11;2025-12-22;13;2131
11;2025-12-22;14;2093
11;2025-12-22;15;2040
11;2025-12-22;16;2370
11;2025-12-22;17;2955
11;2025-12-22;18;3113
11;2025-12-22;19;2391
11;2025-12-22;20;1560
11;2025-12-22;21;934
11;2025-12-22;22;415
11;2025-12-22;23;265
11;2025-12-23;0;61
11;2025-12-23;1;3
11;2025-12-23;2;0
11;2025-12-23;3;0
11;2025-12-23;4;1
11;2025-12-23;5;264
11;2025-12-23;6;1482
11;2025-12-23;7;2654
11;2025-12-23;8;3342
11;2025-12-23;9;2663
11;2025-12-23;10;2131
11;2025-12-23;11;2032
11;2025-12-23;12;2012
11;2025-12-23;13;2094
11;2025-12-23;14;2016
11;2025-12-23;15;2065
11;2025-12-23;16;2301
11;2025-12-23;17;3073
11;2025-12-23;18;3249
11;2025-12-23;19;2359
11;2025-12-23;20;1520
11;2025-12-23;21;902
11;2025-12-23;22;415
11;2025-12-23;23;263
11;2025-12-24;0;63
11;2025-12-24;1;4
11;2025-12-24;2;0
11;2025-12-24;3;0
11;2025-12-24;4;1
11;2025-12-24;5;263
11;2025-12-24;6;1430
11;2025-12-24;7;2498
11;2025-12-24;8;3205
11;2025-12-24;9;2510
11;2025-12-24;10;2087
11;2025-12-24;11;1959
11;2025-12-24;12;1948
11;2025-12-24;13;2056
11;2025-12-24;14;1956
11;2025-12-24;15;2090
11;2025-12-24;16;2252
11;2025-12-24;17;2932
11;2025-12-24;18;3148
11;2025-12-24;19;2446
11;2025-12-24;20;1616
11;2025-12-24;21;899
11;2025-12-24;22;422
11;2025-12-24;23;276
11;2025-12-25;0;60
11;2025-12-25;1;2
11;2025-12-25;2;0
11;2025-12-25;3;0
11;2025-12-25;4;1
11;2025-12-25;5;248
11;2025-12-25;6;1279
11;2025-12-25;7;2538
11;2025-12-25;8;3301
11;2025-12-25;9;2554
11;2025-12-25;10;2097
11;2025-12-25;11;2036
11;2025-12-25;12;2059
11;2025-12-25;13;2103
11;2025-12-25;14;2166
11;2025-12-25;15;2171
11;2025-12-25;16;2361
11;2025-12-25;17;2740
11;2025-12-25;18;2975
11;2025-12-25;19;2433
11;2025-12-25;20;1512
11;2025-12-25;21;877
11;2025-12-25;22;398
11;2025-12-25;23;218
11;2025-12-26;0;53
11;2025-12-26;1;3
11;2025-12-26;2;0
11;2025-12-26;3;0
11;2025-12-26;4;1
11;2025-12-26;5;267
11;2025-12-26;6;1246
11;2025-12-26;7;2260
11;2025-12-26;8;3080
11;2025-12-26;9;2305
11;2025-12-26;10;1927
11;2025-12-26;11;1579
11;2025-12-26;12;1790
11;2025-12-26;13;2055
11;2025-12-26;14;2077
11;2025-12-26;15;2025
11;2025-12-26;16;2194
11;2025-12-26;17;2552
11;2025-12-26;18;2620
11;2025-12-26;19;2035
11;2025-12-26;20;1359
11;2025-12-26;21;786
11;2025-12-26;22;383
11;2025-12-26;23;270
11;2025-12-27;0;115
11;2025-12-27;1;1
11;2025-12-27;2;0
11;2025-12-27;3;0
11;2025-12-27;4;1
11;2025-12-27;5;195
11;2025-12-27;6;945
11;2025-12-27;7;709
11;2025-12-27;8;1129
11;2025-12-27;9;1118
11;2025-12-27;10;1467
11;2025-12-27;11;1732
11;2025-12-27;12;1849
11;2025-12-27;13;1772
11;2025-12-27;14;1782
11;2025-12-27;15;1693
11;2025-12-27;16;1650
11;2025-12-27;17;1761
11;2025-12-27;18;1413
11;2025-12-27;19;1454
11;2025-12-27;20;1013
11;2025-12-27;21;711
11;2025-12-27;22;411
11;2025-12-27;23;283
11;2025-12-28;0;96
11;2025-12-28;1;7
11;2025-12-28;2;0
11;2025-12-28;3;0
11;2025-12-28;4;0
11;2025-12-28;5;104
11;2025-12-28;6;492
11;2025-12-28;7;488
11;2025-12-28;8;649
11;2025-12-28;9;923
11;2025-12-28;10;1062
11;2025-12-28;11;1370
11;2025-12-28;12;1428
11;2025-12-28;13;1384
11;2025-12-28;14;1296
11;2025-12-28;15;1373
11;2025-12-28;16;1274
11;2025-12-28;17;1485
11;2025-12-28;18;1062
11;2025-12-28;19;906
11;2025-12-28;20;851
11;2025-12-28;21;589
11;2025-12-28;22;348
11;2025-12-28;23;214
11;2025-12-29;0;55
11;2025-12-29;1;3
11;2025-12-29;2;0
11;2025-12-29;3;0
11;2025-12-29;4;1
11;2025-12-29;5;249
11;2025-12-29;6;1314
11;2025-12-29;7;2339
11;2025-12-29;8;2931
11;2025-12-29;9;2356
11;2025-12-29;10;1932
11;2025-12-29;11;1865
11;2025-12-29;12;1903
11;2025-12-29;13;1944
11;2025-12-29;14;1952
11;2025-12-29;15;1911
11;2025-12-29;16;2110
11;2025-12-29;17;2611
11;2025-12-29;18;2897
11;2025-12-29;19;2243
11;2025-12-29;20;1540
11;2025-12-29;21;851
11;2025-12-29;22;399
11;2025-12-29;23;257
11;2025-12-30;0;59
11;2025-12-30;1;2
11;2025-12-30;2;0
11;2025-12-30;3;0
11;2025-12-30;4;1
11;2025-12-30;5;240
11;2025-12-30;6;1265
11;2025-12-30;7;2188
11;2025-12-30;8;2952
11;2025-12-30;9;2402
11;2025-12-30;10;1968
11;2025-12-30;11;1840
11;2025-12-30;12;1776
11;2025-12-30;13;1939
11;2025-12-30;14;1890
11;2025-12-30;15;1916
11;2025-12-30;16;2049
11;2025-12-30;17;2581
11;2025-12-30;18;3071
11;2025-12-30;19;2203
11;2025-12-30;20;1441
11;2025-12-30;21;813
11;2025-12-30;22;384
11;2025-12-30;23;250
11;2025-12-31;0;99
11;2025-12-31;1;5
11;2025-12-31;2;0
11;2025-12-31;3;0
11;2025-12-31;4;0
11;2025-12-31;5;112
11;2025-12-31;6;560
11;2025-12-31;7;590
11;2025-12-31;8;823
11;2025-12-31;9;1063
11;2025-12-31;10;1164
11;2025-12-31;11;1620
11;2025-12-31;12;1506
11;2025-12-31;13;1612
11;2025-12-31;14;1636
11;2025-12-31;15;1544
11;2025-12-31;16;1379
11;2025-12-31;17;1575
11;2025-12-31;18;1449
11;2025-12-31;19;1228
11;2025-12-31;20;892
11;2025-12-31;21;635
11;2025-12-31;22;380
11;2025-12-31;23;257
12;2025-11-01;0;57
12;2025-11-01;1;2
12;2025-11-01;2;0
12;2025-11-01;3;0
12;2025-11-01;4;6
12;2025-11-01;5;339
12;2025-11-01;6;1462
12;2025-11-01;7;2522
12;2025-11-01;8;3125
12;2025-11-01;9;2550
12;2025-11-01;10;2206
12;2025-11-01;11;2147
12;2025-11-01;12;2163
12;2025-11-01;13;2337
12;2025-11-01;14;2247
12;2025-11-01;15;2500
12;2025-11-01;16;2798
12;2025-11-01;17;2807
12;2025-11-01;18;2613
12;2025-11-01;19;2116
12;2025-11-01;20;1489
12;2025-11-01;21;983
12;2025-11-01;22;541
12;2025-11-01;23;301
12;2025-11-02;0;82
12;2025-11-02;1;4
12;2025-11-02;2;0
12;2025-11-02;3;0
12;2025-11-02;4;2
12;2025-11-02;5;116
12;2025-11-02;6;502
12;2025-11-02;7;686
12;2025-11-02;8;724
12;2025-11-02;9;1011
12;2025-11-02;10;1156
12;2025-11-02;11;1284
12;2025-11-02;12;1467
12;2025-11-02;13;1479
12;2025-11-02;14;1389
12;2025-11-02;15;1365
12;2025-11-02;16;1369
12;2025-11-02;17;1350
12;2025-11-02;18;1224
12;2025-11-02;19;954
12;2025-11-02;20;731
12;2025-11-02;21;522
12;2025-11-02;22;336
12;2025-11-02;23;178
12;2025-11-03;0;70
12;2025-11-03;1;2
12;2025-11-03;2;0
12;2025-11-03;3;0
12;2025-11-03;4;2
12;2025-11-03;5;140
12;2025-11-03;6;627
12;2025-11-03;7;806
12;2025-11-03;8;858
12;2025-11-03;9;1018
12;2025-11-03;10;1080
12;2025-11-03;11;970
12;2025-11-03;12;945
12;2025-11-03;13;1078
12;2025-11-03;14;1108
12;2025-11-03;15;1174
12;2025-11-03;16;1365
12;2025-11-03;17;1315
12;2025-11-03;18;1355
12;2025-11-03;19;1164
12;2025-11-03;20;892
12;2025-11-03;21;626
12;2025-11-03;22;374
12;2025-11-03;23;186
12;2025-11-04;0;69
12;2025-11-04;1;3
12;2025-11-04;2;0
12;2025-11-04;3;0
12;2025-11-04;4;2
12;2025-11-04;5;149
12;2025-11-04;6;622
12;2025-11-04;7;814
12;2025-11-04;8;701
12;2025-11-04;9;757
12;2025-11-04;10;883
12;2025-11-04;11;794
12;2025-11-04;12;845
12;2025-11-04;13;972
12;2025-11-04;14;1305
12;2025-11-04;15;1422
12;2025-11-04;16;1399
12;2025-11-04;17;1588
12;2025-11-04;18;1491
12;2025-11-04;19;1177
12;2025-11-04;20;908
12;2025-11-04;21;689
12;2025-11-04;22;453
12;2025-11-04;23;239
12;2025-11-05;0;55
12;2025-11-05;1;2
12;2025-11-05;2;0
12;2025-11-05;3;0
12;2025-11-05;4;6
12;2025-11-05;5;317
12;2025-11-05;6;1364
12;2025-11-05;7;2746
12;2025-11-05;8;3153
12;2025-11-05;9;2539
12;2025-11-05;10;2267
12;2025-11-05;11;2047
12;2025-11-05;12;2063
12;2025-11-05;13;1970
12;2025-11-05;14;2013
12;2025-11-05;15;2236
12;2025-11-05;16;2809
12;2025-11-05;17;3089
12;2025-11-05;18;3298
12;2025-11-05;19;2476
12;2025-11-05;20;1559
12;2025-11-05;21;964
12;2025-11-05;22;501
12;2025-11-05;23;262
12;2025-11-06;0;54
12;2025-11-06;1;1
12;2025-11-06;2;0
12;2025-11-06;3;0
12;2025-11-06;4;6
12;2025-11-06;5;292
12;2025-11-06;6;1370
12;2025-11-06;7;2682
12;2025-11-06;8;3447
12;2025-11-06;9;2542
12;2025-11-06;10;2239
12;2025-11-06;11;2044
12;2025-11-06;12;2220
12;2025-11-06;13;2168
12;2025-11-06;14;2106
12;2025-11-06;15;2319
12;2025-11-06;16;2871
12;2025-11-06;17;3011
12;2025-11-06;18;3114
12;2025-11-06;19;2440
12;2025-11-06;20;1511
12;2025-11-06;21;927
12;2025-11-06;22;492
12;2025-11-06;23;244
12;2025-11-07;0;54
12;2025-11-07;1;2
12;2025-11-07;2;0
12;2025-11-07;3;0
12;2025-11-07;4;5
12;2025-11-07;5;315
12;2025-11-07;6;1348
12;2025-11-07;7;2666
12;2025-11-07;8;3686
12;2025-11-07;9;2509
12;2025-11-07;10;1884
12;2025-11-07;11;1869
12;2025-11-07;12;2015
12;2025-11-07;13;2206
12;2025-11-07;14;2040
12;2025-11-07;15;2340
12;2025-11-07;16;2853
12;2025-11-07;17;2924
12;2025-11-07;18;2463
12;2025-11-07;19;1990
12;2025-11-07;20;1356
12;2025-11-07;21;941
12;2025-11-07;22;467
12;2025-11-07;23;298
12;2025-11-08;0;65
12;2025-11-08;1;2
12;2025-11-08;2;0
12;2025-11-08;3;0
12;2025-11-08;4;1
12;2025-11-08;5;202
12;2025-11-08;6;812
12;2025-11-08;7;841
12;2025-11-08;8;1090
12;2025-11-08;9;1199
12;2025-11-08;10;1532
12;2025-11-08;11;1517
12;2025-11-08;12;1512
12;2025-11-08;13;1674
12;2025-11-08;14;1618
12;2025-11-08;15;1621
12;2025-11-08;16;1833
12;2025-11-08;17;1730
12;2025-11-08;18;1602
12;2025-11-08;19;1270
12;2025-11-08;20;878
12;2025-11-08;21;761
12;2025-11-08;22;386
12;2025-11-08;23;287
12;2025-11-09;0;80
12;2025-11-09;1;4
12;2025-11-09;2;0
12;2025-11-09;3;0
12;2025-11-09;4;2
12;2025-11-09;5;119
12;2025-11-09;6;498
12;2025-11-09;7;666
12;2025-11-09;8;669
12;2025-11-09;9;934
12;2025-11-09;10;1112
12;2025-11-09;11;1139
12;2025-11-09;12;1146
12;2025-11-09;13;1261
12;2025-11-09;14;1303
12;2025-11-09;15;1426
12;2025-11-09;16;1314
12;2025-11-09;17;1310
12;2025-11-09;18;1136
12;2025-11-09;19;897
12;2025-11-09;20;695
12;2025-11-09;21;506
12;2025-11-09;22;330
12;2025-11-09;23;175
12;2025-11-10;0;53
12;2025-11-10;1;2
12;2025-11-10;2;0
12;2025-11-10;3;0
12;2025-11-10;4;5
12;2025-11-10;5;293
12;2025-11-10;6;1324
12;2025-11-10;7;2608
12;2025-11-10;8;3624
12;2025-11-10;9;2516
12;2025-11-10;10;2005
12;2025-11-10;11;1870
12;2025-11-10;12;1889
12;2025-11-10;13;1997
12;2025-11-10;14;1887
12;2025-11-10;15;2060
12;2025-11-10;16;2594
12;2025-11-10;17;2844
12;2025-11-10;18;3151
12;2025-11-10;19;2307
12;2025-11-10;20;1539
12;2025-11-10;21;904
12;2025-11-10;22;452
12;2025-11-10;23;238
12;2025-11-11;0;49
12;2025-11-11;1;2
12;2025-11-11;2;0
12;2025-11-11;3;0
12;2025-11-11;4;5
12;2025-11-11;5;309
12;2025-11-11;6;1375
12;2025-11-11;7;2760
12;2025-11-11;8;3708
12;2025-11-11;9;2659
12;2025-11-11;10;2095
12;2025-11-11;11;2034
12;2025-11-11;12;2075
12;2025-11-11;13;2158
12;2025-11-11;14;2011
12;2025-11-11;15;2197
12;2025-11-11;16;2766
12;2025-11-11;17;3063
12;2025-11-11;18;3181
12;2025-11-11;19;2337
12;2025-11-11;20;1534
12;2025-11-11;21;928
12;2025-11-11;22;468
12;2025-11-11;23;254
12;2025-11-12;0;53
12;2025-11-12;1;2
12;2025-11-12;2;0
12;2025-11-12;3;0
12;2025-11-12;4;6
12;2025-11-12;5;323
12;2025-11-12;6;1406
12;2025-11-12;7;2609
12;2025-11-12;8;3164
12;2025-11-12;9;2512
12;2025-11-12;10;2331
12;2025-11-12;11;2077
12;2025-11-12;12;2193
12;2025-11-12;13;2179
12;2025-11-12;14;1944
12;2025-11-12;15;2241
12;2025-11-12;16;2760
12;2025-11-12;17;2862
12;2025-11-12;18;3272
12;2025-11-12;19;2366
12;2025-11-12;20;1522
12;2025-11-12;21;975
12;2025-11-12;22;493
12;2025-11-12;23;275
12;2025-11-13;0;52
12;2025-11-13;1;2
12;2025-11-13;2;0
12;2025-11-13;3;0
12;2025-11-13;4;5
12;2025-11-13;5;257
12;2025-11-13;6;1472
12;2025-11-13;7;2773
12;2025-11-13;8;3779
12;2025-11-13;9;2769
12;2025-11-13;10;2229
12;2025-11-13;11;2204
12;2025-11-13;12;2085
12;2025-11-13;13;2109
12;2025-11-13;14;1987
12;2025-11-13;15;2248
12;2025-11-13;16;2752
12;2025-11-13;17;2879
12;2025-11-13;18;3020
12;2025-11-13;19;2385
12;2025-11-13;20;1570
12;2025-11-13;21;977
12;2025-11-13;22;497
12;2025-11-13;23;261
12;2025-11-14;0;55
12;2025-11-14;1;1
12;2025-11-14;2;0
12;2025-11-14;3;0
12;2025-11-14;4;6
12;2025-11-14;5;330
12;2025-11-14;6;1365
12;2025-11-14;7;2500
12;2025-11-14;8;3267
12;2025-11-14;9;2457
12;2025-11-14;10;2068
12;2025-11-14;11;1971
12;2025-11-14;12;2064
12;2025-11-14;13;2143
12;2025-11-14;14;2007
12;2025-11-14;15;2241
12;2025-11-14;16;2803
12;2025-11-14;17;2862
12;2025-11-14;18;2660
12;2025-11-14;19;2087
12;2025-11-14;20;1363
12;2025-11-14;21;887
12;2025-11-14;22;526
12;2025-11-14;23;306
12;2025-11-15;0;65
12;2025-11-15;1;2
12;2025-11-15;2;0
12;2025-11-15;3;0
12;2025-11-15;4;2
12;2025-11-15;5;212
12;2025-11-15;6;786
12;2025-11-15;7;865
12;2025-11-15;8;1040
12;2025-11-15;9;1213
12;2025-11-15;10;1395
12;2025-11-15;11;1411
12;2025-11-15;12;1452
12;2025-11-15;13;1526
12;2025-11-15;14;1537
12;2025-11-15;15;1463
12;2025-11-15;16;1580
12;2025-11-15;17;1546
12;2025-11-15;18;1550
12;2025-11-15;19;1436
12;2025-11-15;20;1062
12;2025-11-15;21;760
12;2025-11-15;22;390
12;2025-11-15;23;268
12;2025-11-16;0;82
12;2025-11-16;1;3
12;2025-11-16;2;0
12;2025-11-16;3;0
12;2025-11-16;4;2
12;2025-11-16;5;134
12;2025-11-16;6;535
12;2025-11-16;7;765
12;2025-11-16;8;801
12;2025-11-16;9;1002
12;2025-11-16;10;1240
12;2025-11-16;11;1319
12;2025-11-16;12;1404
12;2025-11-16;13;1508
12;2025-11-16;14;1459
12;2025-11-16;15;1287
12;2025-11-16;16;1363
12;2025-11-16;17;1312
12;2025-11-16;18;1184
12;2025-11-16;19;931
12;2025-11-16;20;707
12;2025-11-16;21;544
12;2025-11-16;22;361
12;2025-11-16;23;176
12;2025-11-17;0;49
12;2025-11-17;1;2
12;2025-11-17;2;0
12;2025-11-17;3;0
12;2025-11-17;4;6
12;2025-11-17;5;318
12;2025-11-17;6;1364
12;2025-11-17;7;2513
12;2025-11-17;8;3241
12;2025-11-17;9;2463
12;2025-11-17;10;1965
12;2025-11-17;11;1792
12;2025-11-17;12;1879
12;2025-11-17;13;1860
12;2025-11-17;14;1882
12;2025-11-17;15;2189
12;2025-11-17;16;2733
12;2025-11-17;17;2937
12;2025-11-17;18;3041
12;2025-11-17;19;2368
12;2025-11-17;20;1538
12;2025-11-17;21;904
12;2025-11-17;22;456
12;2025-11-17;23;242
12;2025-11-18;0;49
12;2025-11-18;1;2
12;2025-11-18;2;0
12;2025-11-18;3;0
12;2025-11-18;4;6
12;2025-11-18;5;298
12;2025-11-18;6;1322
12;2025-11-18;7;2737
12;2025-11-18;8;3450
12;2025-11-18;9;2413
12;2025-11-18;10;2048
12;2025-11-18;11;1892
12;2025-11-18;12;1816
12;2025-11-18;13;1792
12;2025-11-18;14;1956
12;2025-11-18;15;2330
12;2025-11-18;16;2860
12;2025-11-18;17;3045
12;2025-11-18;18;3220
12;2025-11-18;19;2504
12;2025-11-18;20;1465
12;2025-11-18;21;992
12;2025-11-18;22;498
12;2025-11-18;23;254
12;2025-11-19;0;51
12;2025-11-19;1;2
12;2025-11-19;2;0
12;2025-11-19;3;0
12;2025-11-19;4;7
12;2025-11-19;5;353
12;2025-11-19;6;1546
12;2025-11-19;7;2940
12;2025-11-19;8;3688
12;2025-11-19;9;2626
12;2025-11-19;10;2167
12;2025-11-19;11;2019
12;2025-11-19;12;2020
12;2025-11-19;13;2132
12;2025-11-19;14;1923
12;2025-11-19;15;2241
12;2025-11-19;16;2716
12;2025-11-19;17;2930
12;2025-11-19;18;3077
12;2025-11-19;19;2439
12;2025-11-19;20;1583
12;2025-11-19;21;1027
12;2025-11-19;22;546
12;2025-11-19;23;282
12;2025-11-20;0;53
12;2025-11-20;1;2
12;2025-11-20;2;0
12;2025-11-20;3;0
12;2025-11-20;4;7
12;2025-11-20;5;321
12;2025-11-20;6;1501
12;2025-11-20;7;2794
12;2025-11-20;8;3744
12;2025-11-20;9;2565
12;2025-11-20;10;2092
12;2025-11-20;11;2017
12;2025-11-20;12;2017
12;2025-11-20;13;2021
12;2025-11-20;14;1894
12;2025-11-20;15;2039
12;2025-11-20;16;2513
12;2025-11-20;17;2792
12;2025-11-20;18;2986
12;2025-11-20;19;2303
12;2025-11-20;20;1525
12;2025-11-20;21;957
12;2025-11-20;22;495
12;2025-11-20;23;263
12;2025-11-21;0;56
12;2025-11-21;1;2
12;2025-11-21;2;0
12;2025-11-21;3;0
12;2025-11-21;4;7
12;2025-11-21;5;332
12;2025-11-21;6;1481
12;2025-11-21;7;2725
12;2025-11-21;8;3549
12;2025-11-21;9;2505
12;2025-11-21;10;1931
12;2025-11-21;11;2010
12;2025-11-21;12;2034
12;2025-11-21;13;2116
12;2025-11-21;14;2015
12;2025-11-21;15;2235
12;2025-11-21;16;2827
12;2025-11-21;17;3017
12;2025-11-21;18;2797
12;2025-11-21;19;2160
12;2025-11-21;20;1556
12;2025-11-21;21;1001
12;2025-11-21;22;563
12;2025-11-21;23;323
12;2025-11-22;0;71
12;2025-11-22;1;3
12;2025-11-22;2;0
12;2025-11-22;3;0
12;2025-11-22;4;2
12;2025-11-22;5;210
12;2025-11-22;6;752
12;2025-11-22;7;872
12;2025-11-22;8;1045
12;2025-11-22;9;1260
12;2025-11-22;10;1431
12;2025-11-22;11;1499
12;2025-11-22;12;1560
12;2025-11-22;13;1682
12;2025-11-22;14;1553
12;2025-11-22;15;1536
12;2025-11-22;16;1611
12;2025-11-22;17;1517
12;2025-11-22;18;1465
12;2025-11-22;19;1314
12;2025-11-22;20;902
12;2025-11-22;21;715
12;2025-11-22;22;366
12;2025-11-22;23;287
12;2025-11-23;0;87
12;2025-11-23;1;4
12;2025-11-23;2;0
12;2025-11-23;3;0
12;2025-11-23;4;2
12;2025-11-23;5;123
12;2025-11-23;6;522
12;2025-11-23;7;688
12;2025-11-23;8;757
12;2025-11-23;9;1044
12;2025-11-23;10;1228
12;2025-11-23;11;1362
12;2025-11-23;12;1448
12;2025-11-23;13;1624
12;2025-11-23;14;1560
12;2025-11-23;15;1491
12;2025-11-23;16;1511
12;2025-11-23;17;1513
12;2025-11-23;18;1371
12;2025-11-23;19;1068
12;2025-11-23;20;786
12;2025-11-23;21;557
12;2025-11-23;22;358
12;2025-11-23;23;183
12;2025-11-24;0;50
12;2025-11-24;1;2
12;2025-11-24;2;0
12;2025-11-24;3;0
12;2025-11-24;4;6
12;2025-11-24;5;302
12;2025-11-24;6;1303
12;2025-11-24;7;2840
12;2025-11-24;8;3654
12;2025-11-24;9;2254
12;2025-11-24;10;2097
12;2025-11-24;11;1725
12;2025-11-24;12;1842
12;2025-11-24;13;2015
12;2025-11-24;14;1940
12;2025-11-24;15;2169
12;2025-11-24;16;2923
12;2025-11-24;17;3164
12;2025-11-24;18;3125
12;2025-11-24;19;2500
12;2025-11-24;20;1593
12;2025-11-24;21;990
12;2025-11-24;22;481
12;2025-11-24;23;235
12;2025-11-25;0;49
12;2025-11-25;1;1
12;2025-11-25;2;0
12;2025-11-25;3;0
12;2025-11-25;4;6
12;2025-11-25;5;352
12;2025-11-25;6;1576
12;2025-11-25;7;2837
12;2025-11-25;8;3567
12;2025-11-25;9;2699
12;2025-11-25;10;2186
12;2025-11-25;11;2070
12;2025-11-25;12;2053
12;2025-11-25;13;2141
12;2025-11-25;14;1963
12;2025-11-25;15;2221
12;2025-11-25;16;2739
12;2025-11-25;17;2992
12;2025-11-25;18;3164
12;2025-11-25;19;2348
12;2025-11-25;20;1530
12;2025-11-25;21;901
12;2025-11-25;22;472
12;2025-11-25;23;253
12;2025-11-26;0;54
12;2025-11-26;1;2
12;2025-11-26;2;0
12;2025-11-26;3;0
12;2025-11-26;4;7
12;2025-11-26;5;342
12;2025-11-26;6;1590
12;2025-11-26;7;2821
12;2025-11-26;8;3649
12;2025-11-26;9;2702
12;2025-11-26;10;2162
12;2025-11-26;11;2060
12;2025-11-26;12;2190
12;2025-11-26;13;2172
12;2025-11-26;14;2004
12;2025-11-26;15;2317
12;2025-11-26;16;2625
12;2025-11-26;17;3035
12;2025-11-26;18;3095
12;2025-11-26;19;2427
12;2025-11-26;20;1601
12;2025-11-26;21;958
12;2025-11-26;22;481
12;2025-11-26;23;268
12;2025-11-27;0;52
12;2025-11-27;1;2
12;2025-11-27;2;0
12;2025-11-27;3;0
12;2025-11-27;4;6
12;2025-11-27;5;277
12;2025-11-27;6;1335
12;2025-11-27;7;2628
12;2025-11-27;8;3426
12;2025-11-27;9;2540
12;2025-11-27;10;2180
12;2025-11-27;11;2066
12;2025-11-27;12;2098
12;2025-11-27;13;2112
12;2025-11-27;14;2052
12;2025-11-27;15;2262
12;2025-11-27;16;2792
12;2025-11-27;17;3088
12;2025-11-27;18;3293
12;2025-11-27;19;2438
12;2025-11-27;20;1545
12;2025-11-27;21;944
12;2025-11-27;22;461
12;2025-11-27;23;274
12;2025-11-28;0;52
12;2025-11-28;1;2
12;2025-11-28;2;0
12;2025-11-28;3;0
12;2025-11-28;4;5
12;2025-11-28;5;288
12;2025-11-28;6;1367
12;2025-11-28;7;2766
12;2025-11-28;8;3510
12;2025-11-28;9;2368
12;2025-11-28;10;1907
12;2025-11-28;11;2048
12;2025-11-28;12;1982
12;2025-11-28;13;2150
12;2025-11-28;14;1974
12;2025-11-28;15;2303
12;2025-11-28;16;2846
12;2025-11-28;17;3002
12;2025-11-28;18;2760
12;2025-11-28;19;2134
12;2025-11-28;20;1500
12;2025-11-28;21;987
12;2025-11-28;22;563
12;2025-11-28;23;315
12;2025-11-29;0;70
12;2025-11-29;1;2
12;2025-11-29;2;0
12;2025-11-29;3;0
12;2025-11-29;4;1
12;2025-11-29;5;217
12;2025-11-29;6;753
12;2025-11-29;7;881
12;2025-11-29;8;1094
12;2025-11-29;9;1243
12;2025-11-29;10;1376
12;2025-11-29;11;1445
12;2025-11-29;12;1478
12;2025-11-29;13;1615
12;2025-11-29;14;1460
12;2025-11-29;15;1428
12;2025-11-29;16;1564
12;2025-11-29;17;1526
12;2025-11-29;18;1421
12;2025-11-29;19;1315
12;2025-11-29;20;900
12;2025-11-29;21;701
12;2025-11-29;22;382
12;2025-11-29;23;272
12;2025-11-30;0;78
12;2025-11-30;1;4
12;2025-11-30;2;0
12;2025-11-30;3;0
12;2025-11-30;4;2
12;2025-11-30;5;107
12;2025-11-30;6;481
12;2025-11-30;7;670
12;2025-11-30;8;735
12;2025-11-30;9;1066
12;2025-11-30;10;1270
12;2025-11-30;11;1342
12;2025-11-30;12;1406
12;2025-11-30;13;1477
12;2025-11-30;14;1353
12;2025-11-30;15;1283
12;2025-11-30;16;1270
12;2025-11-30;17;1310
12;2025-11-30;18;1229
12;2025-11-30;19;926
12;2025-11-30;20;648
12;2025-11-30;21;519
12;2025-11-30;22;331
12;2025-11-30;23;180
12;2025-12-01;0;52
12;2025-12-01;1;2
12;2025-12-01;2;0
12;2025-12-01;3;0
12;2025-12-01;4;5
12;2025-12-01;5;288
12;2025-12-01;6;1355
12;2025-12-01;7;2533
12;2025-12-01;8;3410
12;2025-12-01;9;2384
12;2025-12-01;10;1970
12;2025-12-01;11;1807
12;2025-12-01;12;1853
12;2025-12-01;13;1913
12;2025-12-01;14;1785
12;2025-12-01;15;2026
12;2025-12-01;16;2562
12;2025-12-01;17;2859
12;2025-12-01;18;3107
12;2025-12-01;19;2376
12;2025-12-01;20;1554
12;2025-12-01;21;926
12;2025-12-01;22;458
12;2025-12-01;23;242
12;2025-12-02;0;48
12;2025-12-02;1;2
12;2025-12-02;2;0
12;2025-12-02;3;0
12;2025-12-02;4;5
12;2025-12-02;5;321
12;2025-12-02;6;1412
12;2025-12-02;7;2756
12;2025-12-02;8;3583
12;2025-12-02;9;2655
12;2025-12-02;10;2127
12;2025-12-02;11;2034
12;2025-12-02;12;2017
12;2025-12-02;13;2114
12;2025-12-02;14;1973
12;2025-12-02;15;2183
12;2025-12-02;16;2678
12;2025-12-02;17;2970
12;2025-12-02;18;3184
12;2025-12-02;19;2311
12;2025-12-02;20;1539
12;2025-12-02;21;924
12;2025-12-02;22;484
12;2025-12-02;23;258
12;2025-12-03;0;54
12;2025-12-03;1;2
12;2025-12-03;2;0
12;2025-12-03;3;0
12;2025-12-03;4;5
12;2025-12-03;5;324
12;2025-12-03;6;1429
12;2025-12-03;7;2765
12;2025-12-03;8;3786
12;2025-12-03;9;2729
12;2025-12-03;10;2216
12;2025-12-03;11;2066
12;2025-12-03;12;2071
12;2025-12-03;13;2194
12;2025-12-03;14;1990
12;2025-12-03;15;2149
12;2025-12-03;16;2648
12;2025-12-03;17;2980
12;2025-12-03;18;3122
12;2025-12-03;19;2426
12;2025-12-03;20;1598
12;2025-12-03;21;1037
12;2025-12-03;22;532
12;2025-12-03;23;292
12;2025-12-04;0;52
12;2025-12-04;1;2
12;2025-12-04;2;0
12;2025-12-04;3;0
12;2025-12-04;4;5
12;2025-12-04;5;292
12;2025-12-04;6;1386
12;2025-12-04;7;2705
12;2025-12-04;8;3553
12;2025-12-04;9;2497
12;2025-12-04;10;2081
12;2025-12-04;11;1999
12;2025-12-04;12;1940
12;2025-12-04;13;2011
12;2025-12-04;14;1862
12;2025-12-04;15;2020
12;2025-12-04;16;2486
12;2025-12-04;17;2764
12;2025-12-04;18;3043
12;2025-12-04;19;2271
12;2025-12-04;20;1523
12;2025-12-04;21;899
12;2025-12-04;22;489
12;2025-12-04;23;266
12;2025-12-05;0;55
12;2025-12-05;1;2
12;2025-12-05;2;0
12;2025-12-05;3;0
12;2025-12-05;4;5
12;2025-12-05;5;328
12;2025-12-05;6;1416
12;2025-12-05;7;2775
12;2025-12-05;8;3516
12;2025-12-05;9;2441
12;2025-12-05;10;1954
12;2025-12-05;11;2054
12;2025-12-05;12;2036
12;2025-12-05;13;2160
12;2025-12-05;14;2042
12;2025-12-05;15;2231
12;2025-12-05;16;2832
12;2025-12-05;17;3026
12;2025-12-05;18;2792
12;2025-12-05;19;2141
12;2025-12-05;20;1585
12;2025-12-05;21;978
12;2025-12-05;22;563
12;2025-12-05;23;319
12;2025-12-06;0;70
12;2025-12-06;1;2
12;2025-12-06;2;0
12;2025-12-06;3;0
12;2025-12-06;4;1
12;2025-12-06;5;178
12;2025-12-06;6;736
12;2025-12-06;7;849
12;2025-12-06;8;1089
12;2025-12-06;9;1264
12;2025-12-06;10;1438
12;2025-12-06;11;1483
12;2025-12-06;12;1531
12;2025-12-06;13;1646
12;2025-12-06;14;1545
12;2025-12-06;15;1552
12;2025-12-06;16;1628
12;2025-12-06;17;1534
12;2025-12-06;18;1465
12;2025-12-06;19;1300
12;2025-12-06;20;907
12;2025-12-06;21;696
12;2025-12-06;22;373
12;2025-12-06;23;272
12;2025-12-07;0;79
12;2025-12-07;1;4
12;2025-12-07;2;0
12;2025-12-07;3;0
12;2025-12-07;4;2
12;2025-12-07;5;108
12;2025-12-07;6;469
12;2025-12-07;7;672
12;2025-12-07;8;757
12;2025-12-07;9;1027
12;2025-12-07;10;1109
12;2025-12-07;11;1187
12;2025-12-07;12;1270
12;2025-12-07;13;1387
12;2025-12-07;14;1373
12;2025-12-07;15;1342
12;2025-12-07;16;1316
12;2025-12-07;17;1361
12;2025-12-07;18;1273
12;2025-12-07;19;1019
12;2025-12-07;20;719
12;2025-12-07;21;549
12;2025-12-07;22;345
12;2025-12-07;23;181
12;2025-12-08;0;51
12;2025-12-08;1;2
12;2025-12-08;2;0
12;2025-12-08;3;0
12;2025-12-08;4;5
12;2025-12-08;5;322
12;2025-12-08;6;1380
12;2025-12-08;7;2611
12;2025-12-08;8;3527
12;2025-12-08;9;2496
12;2025-12-08;10;1962
12;2025-12-08;11;1775
12;2025-12-08;12;1810
12;2025-12-08;13;1886
12;2025-12-08;14;1770
12;2025-12-08;15;2010
12;2025-12-08;16;2574
12;2025-12-08;17;2862
12;2025-12-08;18;3123
12;2025-12-08;19;2379
12;2025-12-08;20;1558
12;2025-12-08;21;929
12;2025-12-08;22;466
12;2025-12-08;23;234
12;2025-12-09;0;49
12;2025-12-09;1;2
12;2025-12-09;2;0
12;2025-12-09;3;0
12;2025-12-09;4;6
12;2025-12-09;5;340
12;2025-12-09;6;1499
12;2025-12-09;7;2754
12;2025-12-09;8;3573
12;2025-12-09;9;2703
12;2025-12-09;10;2259
12;2025-12-09;11;2045
12;2025-12-09;12;2046
12;2025-12-09;13;1952
12;2025-12-09;14;1922
12;2025-12-09;15;2276
12;2025-12-09;16;2743
12;2025-12-09;17;3016
12;2025-12-09;18;3132
12;2025-12-09;19;2439
12;2025-12-09;20;1552
12;2025-12-09;21;950
12;2025-12-09;22;461
12;2025-12-09;23;252
12;2025-12-10;0;54
12;2025-12-10;1;2
12;2025-12-10;2;0
12;2025-12-10;3;0
12;2025-12-10;4;7
12;2025-12-10;5;354
12;2025-12-10;6;1566
12;2025-12-10;7;2833
12;2025-12-10;8;3585
12;2025-12-10;9;2702
12;2025-12-10;10;2221
12;2025-12-10;11;2141
12;2025-12-10;12;2001
12;2025-12-10;13;2068
12;2025-12-10;14;1881
12;2025-12-10;15;2122
12;2025-12-10;16;2563
12;2025-12-10;17;2813
12;2025-12-10;18;2934
12;2025-12-10;19;2331
12;2025-12-10;20;1569
12;2025-12-10;21;1012
12;2025-12-10;22;518
12;2025-12-10;23;267
12;2025-12-11;0;52
12;2025-12-11;1;2
12;2025-12-11;2;0
12;2025-12-11;3;0
12;2025-12-11;4;6
12;2025-12-11;5;320
12;2025-12-11;6;1478
12;2025-12-11;7;2735
12;2025-12-11;8;3781
12;2025-12-11;9;2585
12;2025-12-11;10;2204
12;2025-12-11;11;2171
12;2025-12-11;12;2263
12;2025-12-11;13;2210
12;2025-12-11;14;2165
12;2025-12-11;15;2334
12;2025-12-11;16;2937
12;2025-12-11;17;3135
12;2025-12-11;18;3244
12;2025-12-11;19;2489
12;2025-12-11;20;1592
12;2025-12-11;21;968
12;2025-12-11;22;508
12;2025-12-11;23;270
12;2025-12-12;0;53
12;2025-12-12;1;2
12;2025-12-12;2;0
12;2025-12-12;3;0
12;2025-12-12;4;5
12;2025-12-12;5;319
12;2025-12-12;6;1330
12;2025-12-12;7;2627
12;2025-12-12;8;3576
12;2025-12-12;9;2377
12;2025-12-12;10;2035
12;2025-12-12;11;1909
12;2025-12-12;12;2056
12;2025-12-12;13;2116
12;2025-12-12;14;2025
12;2025-12-12;15;2119
12;2025-12-12;16;2307
12;2025-12-12;17;2671
12;2025-12-12;18;2749
12;2025-12-12;19;2230
12;2025-12-12;20;1441
12;2025-12-12;21;982
12;2025-12-12;22;484
12;2025-12-12;23;290
12;2025-12-13;0;70
12;2025-12-13;1;2
12;2025-12-13;2;0
12;2025-12-13;3;0
12;2025-12-13;4;2
12;2025-12-13;5;203
12;2025-12-13;6;938
12;2025-12-13;7;884
12;2025-12-13;8;1120
12;2025-12-13;9;1367
12;2025-12-13;10;1589
12;2025-12-13;11;1611
12;2025-12-13;12;1579
12;2025-12-13;13;1741
12;2025-12-13;14;1563
12;2025-12-13;15;1518
12;2025-12-13;16;1588
12;2025-12-13;17;1584
12;2025-12-13;18;1651
12;2025-12-13;19;1460
12;2025-12-13;20;939
12;2025-12-13;21;695
12;2025-12-13;22;432
12;2025-12-13;23;239
12;2025-12-14;0;70
12;2025-12-14;1;3
12;2025-12-14;2;0
12;2025-12-14;3;0
12;2025-12-14;4;3
12;2025-12-14;5;160
12;2025-12-14;6;584
12;2025-12-14;7;773
12;2025-12-14;8;764
12;2025-12-14;9;968
12;2025-12-14;10;1185
12;2025-12-14;11;1216
12;2025-12-14;12;1263
12;2025-12-14;13;1423
12;2025-12-14;14;1400
12;2025-12-14;15;1388
12;2025-12-14;16;1440
12;2025-12-14;17;1475
12;2025-12-14;18;1355
12;2025-12-14;19;1047
12;2025-12-14;20;790
12;2025-12-14;21;599
12;2025-12-14;22;386
12;2025-12-14;23;183
12;2025-12-15;0;49
12;2025-12-15;1;2
12;2025-12-15;2;0
12;2025-12-15;3;0
12;2025-12-15;4;6
12;2025-12-15;5;318
12;2025-12-15;6;1357
12;2025-12-15;7;2415
12;2025-12-15;8;3251
12;2025-12-15;9;2337
12;2025-12-15;10;1843
12;2025-12-15;11;1913
12;2025-12-15;12;1785
12;2025-12-15;13;1822
12;2025-12-15;14;1735
12;2025-12-15;15;1917
12;2025-12-15;16;2423
12;2025-12-15;17;2749
12;2025-12-15;18;3084
12;2025-12-15;19;2388
12;2025-12-15;20;1542
12;2025-12-15;21;921
12;2025-12-15;22;474
12;2025-12-15;23;238
12;2025-12-16;0;48
12;2025-12-16;1;2
12;2025-12-16;2;0
12;2025-12-16;3;0
12;2025-12-16;4;6
12;2025-12-16;5;320
12;2025-12-16;6;1445
12;2025-12-16;7;2687
12;2025-12-16;8;3483
12;2025-12-16;9;2669
12;2025-12-16;10;2242
12;2025-12-16;11;2109
12;2025-12-16;12;2212
12;2025-12-16;13;2051
12;2025-12-16;14;1963
12;2025-12-16;15;2219
12;2025-12-16;16;2742
12;2025-12-16;17;3013
12;2025-12-16;18;2985
12;2025-12-16;19;2444
12;2025-12-16;20;1540
12;2025-12-16;21;929
12;2025-12-16;22;488
12;2025-12-16;23;254
12;2025-12-17;0;48
12;2025-12-17;1;2
12;2025-12-17;2;0
12;2025-12-17;3;0
12;2025-12-17;4;6
12;2025-12-17;5;331
12;2025-12-17;6;1413
12;2025-12-17;7;2580
12;2025-12-17;8;3270
12;2025-12-17;9;2428
12;2025-12-17;10;2153
12;2025-12-17;11;1971
12;2025-12-17;12;1994
12;2025-12-17;13;2058
12;2025-12-17;14;1824
12;2025-12-17;15;2063
12;2025-12-17;16;2503
12;2025-12-17;17;2767
12;2025-12-17;18;2844
12;2025-12-17;19;2246
12;2025-12-17;20;1517
12;2025-12-17;21;986
12;2025-12-17;22;506
12;2025-12-17;23;264
12;2025-12-18;0;53
12;2025-12-18;1;2
12;2025-12-18;2;0
12;2025-12-18;3;0
12;2025-12-18;4;6
12;2025-12-18;5;313
12;2025-12-18;6;1377
12;2025-12-18;7;2671
12;2025-12-18;8;3486
12;2025-12-18;9;2508
12;2025-12-18;10;2205
12;2025-12-18;11;2172
12;2025-12-18;12;2088
12;2025-12-18;13;2008
12;2025-12-18;14;1944
12;2025-12-18;15;2123
12;2025-12-18;16;2585
12;2025-12-18;17;2858
12;2025-12-18;18;3031
12;2025-12-18;19;2381
12;2025-12-18;20;1561
12;2025-12-18;21;969
12;2025-12-18;22;493
12;2025-12-18;23;269
12;2025-12-19;0;54
12;2025-12-19;1;2
12;2025-12-19;2;0
12;2025-12-19;3;0
12;2025-12-19;4;5
12;2025-12-19;5;327
12;2025-12-19;6;1405
12;2025-12-19;7;2742
12;2025-12-19;8;3435
12;2025-12-19;9;2428
12;2025-12-19;10;1960
12;2025-12-19;11;2021
12;2025-12-19;12;1997
12;2025-12-19;13;2068
12;2025-12-19;14;1877
12;2025-12-19;15;2192
12;2025-12-19;16;2827
12;2025-12-19;17;2957
12;2025-12-19;18;2794
12;2025-12-19;19;2153
12;2025-12-19;20;1513
12;2025-12-19;21;984
12;2025-12-19;22;556
12;2025-12-19;23;308
12;2025-12-20;0;70
12;2025-12-20;1;2
12;2025-12-20;2;0
12;2025-12-20;3;0
12;2025-12-20;4;1
12;2025-12-20;5;216
12;2025-12-20;6;814
12;2025-12-20;7;924
12;2025-12-20;8;1080
12;2025-12-20;9;1195
12;2025-12-20;10;1367
12;2025-12-20;11;1404
12;2025-12-20;12;1444
12;2025-12-20;13;1623
12;2025-12-20;14;1432
12;2025-12-20;15;1414
12;2025-12-20;16;1518
12;2025-12-20;17;1484
12;2025-12-20;18;1404
12;2025-12-20;19;1235
12;2025-12-20;20;980
12;2025-12-20;21;676
12;2025-12-20;22;360
12;2025-12-20;23;258
12;2025-12-21;0;76
12;2025-12-21;1;3
12;2025-12-21;2;0
12;2025-12-21;3;0
12;2025-12-21;4;2
12;2025-12-21;5;122
12;2025-12-21;6;505
12;2025-12-21;7;691
12;2025-12-21;8;735
12;2025-12-21;9;957
12;2025-12-21;10;1059
12;2025-12-21;11;1125
12;2025-12-21;12;1191
12;2025-12-21;13;1286
12;2025-12-21;14;1190
12;2025-12-21;15;1269
12;2025-12-21;16;1228
12;2025-12-21;17;1244
12;2025-12-21;18;1114
12;2025-12-21;19;904
12;2025-12-21;20;667
12;2025-12-21;21;502
12;2025-12-21;22;309
12;2025-12-21;23;172
12;2025-12-22;0;55
12;2025-12-22;1;2
12;2025-12-22;2;0
12;2025-12-22;3;0
12;2025-12-22;4;5
12;2025-12-22;5;298
12;2025-12-22;6;1356
12;2025-12-22;7;2548
12;2025-12-22;8;3457
12;2025-12-22;9;2499
12;2025-12-22;10;2189
12;2025-12-22;11;1769
12;2025-12-22;12;1926
12;2025-12-22;13;2118
12;2025-12-22;14;2066
12;2025-12-22;15;2058
12;2025-12-22;16;2699
12;2025-12-22;17;2828
12;2025-12-22;18;2875
12;2025-12-22;19;2404
12;2025-12-22;20;1482
12;2025-12-22;21;920
12;2025-12-22;22;476
12;2025-12-22;23;251
12;2025-12-23;0;51
12;2025-12-23;1;2
12;2025-12-23;2;0
12;2025-12-23;3;0
12;2025-12-23;4;7
12;2025-12-23;5;363
12;2025-12-23;6;1685
12;2025-12-23;7;2995
12;2025-12-23;8;3674
12;2025-12-23;9;2530
12;2025-12-23;10;2060
12;2025-12-23;11;1878
12;2025-12-23;12;1901
12;2025-12-23;13;1935
12;2025-12-23;14;1745
12;2025-12-23;15;2076
12;2025-12-23;16;2444
12;2025-12-23;17;2757
12;2025-12-23;18;2910
12;2025-12-23;19;2310
12;2025-12-23;20;1542
12;2025-12-23;21;983
12;2025-12-23;22;510
12;2025-12-23;23;253
12;2025-12-24;0;53
12;2025-12-24;1;2
12;2025-12-24;2;0
12;2025-12-24;3;0
12;2025-12-24;4;7
12;2025-12-24;5;330
12;2025-12-24;6;1500
12;2025-12-24;7;2730
12;2025-12-24;8;3371
12;2025-12-24;9;2471
12;2025-12-24;10;2028
12;2025-12-24;11;1921
12;2025-12-24;12;2061
12;2025-12-24;13;2137
12;2025-12-24;14;1823
12;2025-12-24;15;2200
12;2025-12-24;16;2368
12;2025-12-24;17;2754
12;2025-12-24;18;3096
12;2025-12-24;19;2440
12;2025-12-24;20;1559
12;2025-12-24;21;989
12;2025-12-24;22;493
12;2025-12-24;23;283
12;2025-12-25;0;54
12;2025-12-25;1;2
12;2025-12-25;2;0
12;2025-12-25;3;0
12;2025-12-25;4;7
12;2025-12-25;5;316
12;2025-12-25;6;1483
12;2025-12-25;7;2622
12;2025-12-25;8;3393
12;2025-12-25;9;2484
12;2025-12-25;10;2148
12;2025-12-25;11;2065
12;2025-12-25;12;2053
12;2025-12-25;13;2018
12;2025-12-25;14;2063
12;2025-12-25;15;2287
12;2025-12-25;16;2725
12;2025-12-25;17;2732
12;2025-12-25;18;2814
12;2025-12-25;19;2430
12;2025-12-25;20;1522
12;2025-12-25;21;1026
12;2025-12-25;22;482
12;2025-12-25;23;249
12;2025-12-26;0;53
12;2025-12-26;1;2
12;2025-12-26;2;0
12;2025-12-26;3;0
12;2025-12-26;4;6
12;2025-12-26;5;346
12;2025-12-26;6;1559
12;2025-12-26;7;2659
12;2025-12-26;8;3357
12;2025-12-26;9;2469
12;2025-12-26;10;2009
12;2025-12-26;11;1876
12;2025-12-26;12;1825
12;2025-12-26;13;1977
12;2025-12-26;14;1849
12;2025-12-26;15;2098
12;2025-12-26;16;2291
12;2025-12-26;17;2693
12;2025-12-26;18;2522
12;2025-12-26;19;2099
12;2025-12-26;20;1503
12;2025-12-26;21;926
12;2025-12-26;22;483
12;2025-12-26;23;289
12;2025-12-27;0;70
12;2025-12-27;1;2
12;2025-12-27;2;0
12;2025-12-27;3;0
12;2025-12-27;4;2
12;2025-12-27;5;253
12;2025-12-27;6;889
12;2025-12-27;7;991
12;2025-12-27;8;1118
12;2025-12-27;9;1302
12;2025-12-27;10;1373
12;2025-12-27;11;1403
12;2025-12-27;12;1440
12;2025-12-27;13;1612
12;2025-12-27;14;1430
12;2025-12-27;15;1407
12;2025-12-27;16;1543
12;2025-12-27;17;1519
12;2025-12-27;18;1442
12;2025-12-27;19;1304
12;2025-12-27;20;899
12;2025-12-27;21;717
12;2025-12-27;22;385
12;2025-12-27;23;280
12;2025-12-28;0;82
12;2025-12-28;1;4
12;2025-12-28;2;0
12;2025-12-28;3;0
12;2025-12-28;4;2
12;2025-12-28;5;139
12;2025-12-28;6;512
12;2025-12-28;7;677
12;2025-12-28;8;736
12;2025-12-28;9;921
12;2025-12-28;10;1124
12;2025-12-28;11;1239
12;2025-12-28;12;1320
12;2025-12-28;13;1476
12;2025-12-28;14;1357
12;2025-12-28;15;1393
12;2025-12-28;16;1318
12;2025-12-28;17;1336
12;2025-12-28;18;1220
12;2025-12-28;19;986
12;2025-12-28;20;780
12;2025-12-28;21;556
12;2025-12-28;22;380
12;2025-12-28;23;181
12;2025-12-29;0;50
12;2025-12-29;1;2
12;2025-12-29;2;0
12;2025-12-29;3;0
12;2025-12-29;4;6
12;2025-12-29;5;332
12;2025-12-29;6;1340
12;2025-12-29;7;2492
12;2025-12-29;8;3555
12;2025-12-29;9;2638
12;2025-12-29;10;2070
12;2025-12-29;11;2011
12;2025-12-29;12;2082
12;2025-12-29;13;2078
12;2025-12-29;14;1945
12;2025-12-29;15;2234
12;2025-12-29;16;2633
12;2025-12-29;17;2979
12;2025-12-29;18;3143
12;2025-12-29;19;2395
12;2025-12-29;20;1588
12;2025-12-29;21;975
12;2025-12-29;22;483
12;2025-12-29;23;267
12;2025-12-30;0;54
12;2025-12-30;1;2
12;2025-12-30;2;0
12;2025-12-30;3;0
12;2025-12-30;4;7
12;2025-12-30;5;333
12;2025-12-30;6;1517
12;2025-12-30;7;2814
12;2025-12-30;8;3638
12;2025-12-30;9;2788
12;2025-12-30;10;2210
12;2025-12-30;11;1986
12;2025-12-30;12;2171
12;2025-12-30;13;2040
12;2025-12-30;14;1951
12;2025-12-30;15;2245
12;2025-12-30;16;2433
12;2025-12-30;17;2882
12;2025-12-30;18;3091
12;2025-12-30;19;2313
12;2025-12-30;20;1554
12;2025-12-30;21;935
12;2025-12-30;22;463
12;2025-12-30;23;264
12;2025-12-31;0;82
12;2025-12-31;1;3
12;2025-12-31;2;0
12;2025-12-31;3;0
12;2025-12-31;4;2
12;2025-12-31;5;145
12;2025-12-31;6;562
12;2025-12-31;7;820
12;2025-12-31;8;824
12;2025-12-31;9;1001
12;2025-12-31;10;1180
12;2025-12-31;11;1311
12;2025-12-31;12;1372
12;2025-12-31;13;1503
12;2025-12-31;14;1442
12;2025-12-31;15;1513
12;2025-12-31;16;1363
12;2025-12-31;17;1492
12;2025-12-31;18;1434
12;2025-12-31;19;1150
12;2025-12-31;20;878
12;2025-12-31;21;667
12;2025-12-31;22;389
12;2025-12-31;23;195
17;2025-11-01;0;143
17;2025-11-01;1;16
17;2025-11-01;2;0
17;2025-11-01;3;0
17;2025-11-01;4;25
17;2025-11-01;5;334
17;2025-11-01;6;1521
17;2025-11-01;7;3718
17;2025-11-01;8;4721
17;2025-11-01;9;3724
17;2025-11-01;10;3126
17;2025-11-01;11;3099
17;2025-11-01;12;3207
17;2025-11-01;13;3276
17;2025-11-01;14;3506
17;2025-11-01;15;3646
17;2025-11-01;16;3870
17;2025-11-01;17;4267
17;2025-11-01;18;4051
17;2025-11-01;19;3037
17;2025-11-01;20;2318
17;2025-11-01;21;1579
17;2025-11-01;22;860
17;2025-11-01;23;449
17;2025-11-02;0;180
17;2025-11-02;1;23
17;2025-11-02;2;0
17;2025-11-02;3;0
17;2025-11-02;4;3
17;2025-11-02;5;106
17;2025-11-02;6;415
17;2025-11-02;7;774
17;2025-11-02;8;1207
17;2025-11-02;9;1666
17;2025-11-02;10;1970
17;2025-11-02;11;2314
17;2025-11-02;12;2666
17;2025-11-02;13;3025
17;2025-11-02;14;3322
17;2025-11-02;15;3160
17;2025-11-02;16;3098
17;2025-11-02;17;2904
17;2025-11-02;18;2503
17;2025-11-02;19;1970
17;2025-11-02;20;1400
17;2025-11-02;21;1002
17;2025-11-02;22;623
17;2025-11-02;23;285
17;2025-11-03;0;157
17;2025-11-03;1;21
17;2025-11-03;2;0
17;2025-11-03;3;0
17;2025-11-03;4;3
17;2025-11-03;5;110
17;2025-11-03;6;472
17;2025-11-03;7;1069
17;2025-11-03;8;1472
17;2025-11-03;9;1743
17;2025-11-03;10;1902
17;2025-11-03;11;2063
17;2025-11-03;12;2260
17;2025-11-03;13;2693
17;2025-11-03;14;2693
17;2025-11-03;15;2674
17;2025-11-03;16;2852
17;2025-11-03;17;2863
17;2025-11-03;18;2700
17;2025-11-03;19;2051
17;2025-11-03;20;1430
17;2025-11-03;21;1101
17;2025-11-03;22;685
17;2025-11-03;23;285
17;2025-11-04;0;195
17;2025-11-04;1;24
17;2025-11-04;2;0
17;2025-11-04;3;0
17;2025-11-04;4;3
17;2025-11-04;5;113
17;2025-11-04;6;547
17;2025-11-04;7;1074
17;2025-11-04;8;1163
17;2025-11-04;9;1450
17;2025-11-04;10;1431
17;2025-11-04;11;1655
17;2025-11-04;12;1838
17;2025-11-04;13;1978
17;2025-11-04;14;2870
17;2025-11-04;15;3113
17;2025-11-04;16;2828
17;2025-11-04;17;3107
17;2025-11-04;18;2871
17;2025-11-04;19;2386
17;2025-11-04;20;1815
17;2025-11-04;21;1424
17;2025-11-04;22;968
17;2025-11-04;23;505
17;2025-11-05;0;121
17;2025-11-05;1;11
17;2025-11-05;2;0
17;2025-11-05;3;0
17;2025-11-05;4;25
17;2025-11-05;5;314
17;2025-11-05;6;1557
17;2025-11-05;7;4068
17;2025-11-05;8;5140
17;2025-11-05;9;3914
17;2025-11-05;10;3239
17;2025-11-05;11;3022
17;2025-11-05;12;3032
17;2025-11-05;13;2865
17;2025-11-05;14;3099
17;2025-11-05;15;3106
17;2025-11-05;16;3512
17;2025-11-05;17;4443
17;2025-11-05;18;4695
17;2025-11-05;19;3187
17;2025-11-05;20;2303
17;2025-11-05;21;1510
17;2025-11-05;22;755
17;2025-11-05;23;358
17;2025-11-06;0;122
17;2025-11-06;1;11
17;2025-11-06;2;0
17;2025-11-06;3;0
17;2025-11-06;4;23
17;2025-11-06;5;315
17;2025-11-06;6;1539
17;2025-11-06;7;3876
17;2025-11-06;8;5138
17;2025-11-06;9;3920
17;2025-11-06;10;3108
17;2025-11-06;11;3025
17;2025-11-06;12;3275
17;2025-11-06;13;3345
17;2025-11-06;14;3345
17;2025-11-06;15;3226
17;2025-11-06;16;3735
17;2025-11-06;17;4480
17;2025-11-06;18;4580
17;2025-11-06;19;3254
17;2025-11-06;20;2340
17;2025-11-06;21;1466
17;2025-11-06;22;727
17;2025-11-06;23;377
17;2025-11-07;0;135
17;2025-11-07;1;13
17;2025-11-07;2;0
17;2025-11-07;3;0
17;2025-11-07;4;22
17;2025-11-07;5;310
17;2025-11-07;6;1528
17;2025-11-07;7;4035
17;2025-11-07;8;5373
17;2025-11-07;9;3797
17;2025-11-07;10;3149
17;2025-11-07;11;3203
17;2025-11-07;12;3165
17;2025-11-07;13;3309
17;2025-11-07;14;3452
17;2025-11-07;15;3651
17;2025-11-07;16;4078
17;2025-11-07;17;4700
17;2025-11-07;18;4355
17;2025-11-07;19;3128
17;2025-11-07;20;2342
17;2025-11-07;21;1542
17;2025-11-07;22;725
17;2025-11-07;23;448
17;2025-11-08;0;201
17;2025-11-08;1;30
17;2025-11-08;2;0
17;2025-11-08;3;0
17;2025-11-08;4;4
17;2025-11-08;5;137
17;2025-11-08;6;569
17;2025-11-08;7;1252
17;2025-11-08;8;1810
17;2025-11-08;9;2313
17;2025-11-08;10;2462
17;2025-11-08;11;2954
17;2025-11-08;12;2979
17;2025-11-08;13;2962
17;2025-11-08;14;3613
17;2025-11-08;15;3909
17;2025-11-08;16;4066
17;2025-11-08;17;4042
17;2025-11-08;18;3218
17;2025-11-08;19;2226
17;2025-11-08;20;1760
17;2025-11-08;21;1277
17;2025-11-08;22;789
17;2025-11-08;23;440
17;2025-11-09;0;178
17;2025-11-09;1;23
17;2025-11-09;2;0
17;2025-11-09;3;0
17;2025-11-09;4;3
17;2025-11-09;5;106
17;2025-11-09;6;414
17;2025-11-09;7;805
17;2025-11-09;8;1211
17;2025-11-09;9;1699
17;2025-11-09;10;2020
17;2025-11-09;11;2608
17;2025-11-09;12;2828
17;2025-11-09;13;3190
17;2025-11-09;14;3397
17;2025-11-09;15;3174
17;2025-11-09;16;2949
17;2025-11-09;17;2786
17;2025-11-09;18;2365
17;2025-11-09;19;1854
17;2025-11-09;20;1318
17;2025-11-09;21;982
17;2025-11-09;22;616
17;2025-11-09;23;282
17;2025-11-10;0;115
17;2025-11-10;1;13
17;2025-11-10;2;0
17;2025-11-10;3;0
17;2025-11-10;4;23
17;2025-11-10;5;287
17;2025-11-10;6;1482
17;2025-11-10;7;4041
17;2025-11-10;8;5451
17;2025-11-10;9;3776
17;2025-11-10;10;2928
17;2025-11-10;11;2905
17;2025-11-10;12;2885
17;2025-11-10;13;2957
17;2025-11-10;14;2939
17;2025-11-10;15;2987
17;2025-11-10;16;3579
17;2025-11-10;17;4423
17;2025-11-10;18;4667
17;2025-11-10;19;3070
17;2025-11-10;20;2200
17;2025-11-10;21;1338
17;2025-11-10;22;559
17;2025-11-10;23;307
17;2025-11-11;0;115
17;2025-11-11;1;12
17;2025-11-11;2;0
17;2025-11-11;3;0
17;2025-11-11;4;24
17;2025-11-11;5;305
17;2025-11-11;6;1549
17;2025-11-11;7;4192
17;2025-11-11;8;5327
17;2025-11-11;9;3921
17;2025-11-11;10;3074
17;2025-11-11;11;2997
17;2025-11-11;12;3035
17;2025-11-11;13;3067
17;2025-11-11;14;3208
17;2025-11-11;15;3265
17;2025-11-11;16;3691
17;2025-11-11;17;4634
17;2025-11-11;18;4827
17;2025-11-11;19;3242
17;2025-11-11;20;2337
17;2025-11-11;21;1465
17;2025-11-11;22;697
17;2025-11-11;23;356
17;2025-11-12;0;118
17;2025-11-12;1;11
17;2025-11-12;2;0
17;2025-11-12;3;0
17;2025-11-12;4;25
17;2025-11-12;5;302
17;2025-11-12;6;1390
17;2025-11-12;7;3647
17;2025-11-12;8;5089
17;2025-11-12;9;3713
17;2025-11-12;10;3234
17;2025-11-12;11;3100
17;2025-11-12;12;3264
17;2025-11-12;13;3164
17;2025-11-12;14;3249
17;2025-11-12;15;3228
17;2025-11-12;16;3501
17;2025-11-12;17;4400
17;2025-11-12;18;4832
17;2025-11-12;19;3234
17;2025-11-12;20;2275
17;2025-11-12;21;1455
17;2025-11-12;22;679
17;2025-11-12;23;361
17;2025-11-13;0;128
17;2025-11-13;1;11
17;2025-11-13;2;0
17;2025-11-13;3;0
17;2025-11-13;4;24
17;2025-11-13;5;317
17;2025-11-13;6;1585
17;2025-11-13;7;4204
17;2025-11-13;8;5446
17;2025-11-13;9;4037
17;2025-11-13;10;3066
17;2025-11-13;11;3095
17;2025-11-13;12;2980
17;2025-11-13;13;3060
17;2025-11-13;14;3095
17;2025-11-13;15;3193
17;2025-11-13;16;3864
17;2025-11-13;17;4515
17;2025-11-13;18;4534
17;2025-11-13;19;3244
17;2025-11-13;20;2381
17;2025-11-13;21;1503
17;2025-11-13;22;668
17;2025-11-13;23;373
17;2025-11-14;0;133
17;2025-11-14;1;12
17;2025-11-14;2;0
17;2025-11-14;3;0
17;2025-11-14;4;21
17;2025-11-14;5;311
17;2025-11-14;6;1472
17;2025-11-14;7;3612
17;2025-11-14;8;4778
17;2025-11-14;9;3681
17;2025-11-14;10;2903
17;2025-11-14;11;3230
17;2025-11-14;12;3194
17;2025-11-14;13;3110
17;2025-11-14;14;3210
17;2025-11-14;15;3366
17;2025-11-14;16;3929
17;2025-11-14;17;4409
17;2025-11-14;18;4285
17;2025-11-14;19;3067
17;2025-11-14;20;2394
17;2025-11-14;21;1535
17;2025-11-14;22;843
17;2025-11-14;23;481
17;2025-11-15;0;199
17;2025-11-15;1;26
17;2025-11-15;2;0
17;2025-11-15;3;0
17;2025-11-15;4;5
17;2025-11-15;5;121
17;2025-11-15;6;560
17;2025-11-15;7;1139
17;2025-11-15;8;1663
17;2025-11-15;9;2199
17;2025-11-15;10;2562
17;2025-11-15;11;2780
17;2025-11-15;12;2828
17;2025-11-15;13;2656
17;2025-11-15;14;3184
17;2025-11-15;15;3063
17;2025-11-15;16;3222
17;2025-11-15;17;3380
17;2025-11-15;18;2503
17;2025-11-15;19;1688
17;2025-11-15;20;1997
17;2025-11-15;21;1374
17;2025-11-15;22;704
17;2025-11-15;23;416
17;2025-11-16;0;176
17;2025-11-16;1;19
17;2025-11-16;2;0
17;2025-11-16;3;0
17;2025-11-16;4;3
17;2025-11-16;5;105
17;2025-11-16;6;441
17;2025-11-16;7;885
17;2025-11-16;8;1261
17;2025-11-16;9;1729
17;2025-11-16;10;2108
17;2025-11-16;11;2622
17;2025-11-16;12;2848
17;2025-11-16;13;2924
17;2025-11-16;14;2922
17;2025-11-16;15;2939
17;2025-11-16;16;2834
17;2025-11-16;17;2733
17;2025-11-16;18;2331
17;2025-11-16;19;1920
17;2025-11-16;20;1458
17;2025-11-16;21;1051
17;2025-11-16;22;650
17;2025-11-16;23;290
17;2025-11-17;0;110
17;2025-11-17;1;11
17;2025-11-17;2;0
17;2025-11-17;3;0
17;2025-11-17;4;25
17;2025-11-17;5;299
17;2025-11-17;6;1533
17;2025-11-17;7;3958
17;2025-11-17;8;5121
17;2025-11-17;9;3787
17;2025-11-17;10;2861
17;2025-11-17;11;2744
17;2025-11-17;12;2755
17;2025-11-17;13;2834
17;2025-11-17;14;2911
17;2025-11-17;15;2994
17;2025-11-17;16;3641
17;2025-11-17;17;4446
17;2025-11-17;18;4509
17;2025-11-17;19;3072
17;2025-11-17;20;2217
17;2025-11-17;21;1205
17;2025-11-17;22;612
17;2025-11-17;23;319
17;2025-11-18;0;109
17;2025-11-18;1;11
17;2025-11-18;2;0
17;2025-11-18;3;0
17;2025-11-18;4;30
17;2025-11-18;5;289
17;2025-11-18;6;1318
17;2025-11-18;7;3988
17;2025-11-18;8;4870
17;2025-11-18;9;3446
17;2025-11-18;10;2510
17;2025-11-18;11;2565
17;2025-11-18;12;2448
17;2025-11-18;13;2583
17;2025-11-18;14;2841
17;2025-11-18;15;2959
17;2025-11-18;16;3673
17;2025-11-18;17;4561
17;2025-11-18;18;4703
17;2025-11-18;19;3224
17;2025-11-18;20;2275
17;2025-11-18;21;1504
17;2025-11-18;22;645
17;2025-11-18;23;359
17;2025-11-19;0;114
17;2025-11-19;1;11
17;2025-11-19;2;0
17;2025-11-19;3;0
17;2025-11-19;4;25
17;2025-11-19;5;313
17;2025-11-19;6;1530
17;2025-11-19;7;3989
17;2025-11-19;8;5206
17;2025-11-19;9;3770
17;2025-11-19;10;3050
17;2025-11-19;11;3006
17;2025-11-19;12;3079
17;2025-11-19;13;3072
17;2025-11-19;14;3113
17;2025-11-19;15;3128
17;2025-11-19;16;3583
17;2025-11-19;17;4444
17;2025-11-19;18;4788
17;2025-11-19;19;3226
17;2025-11-19;20;2313
17;2025-11-19;21;1491
17;2025-11-19;22;735
17;2025-11-19;23;375
17;2025-11-20;0;124
17;2025-11-20;1;10
17;2025-11-20;2;0
17;2025-11-20;3;0
17;2025-11-20;4;24
17;2025-11-20;5;309
17;2025-11-20;6;1561
17;2025-11-20;7;4039
17;2025-11-20;8;5328
17;2025-11-20;9;3877
17;2025-11-20;10;3135
17;2025-11-20;11;3050
17;2025-11-20;12;3063
17;2025-11-20;13;3097
17;2025-11-20;14;3042
17;2025-11-20;15;3026
17;2025-11-20;16;3582
17;2025-11-20;17;4375
17;2025-11-20;18;4709
17;2025-11-20;19;3299
17;2025-11-20;20;2359
17;2025-11-20;21;1476
17;2025-11-20;22;726
17;2025-11-20;23;376
17;2025-11-21;0;134
17;2025-11-21;1;10
17;2025-11-21;2;0
17;2025-11-21;3;0
17;2025-11-21;4;21
17;2025-11-21;5;311
17;2025-11-21;6;1607
17;2025-11-21;7;3913
17;2025-11-21;8;5049
17;2025-11-21;9;3754
17;2025-11-21;10;3188
17;2025-11-21;11;3242
17;2025-11-21;12;3032
17;2025-11-21;13;3155
17;2025-11-21;14;3220
17;2025-11-21;15;3186
17;2025-11-21;16;3776
17;2025-11-21;17;4527
17;2025-11-21;18;4356
17;2025-11-21;19;3073
17;2025-11-21;20;2289
17;2025-11-21;21;1574
17;2025-11-21;22;847
17;2025-11-21;23;465
17;2025-11-22;0;211
17;2025-11-22;1;29
17;2025-11-22;2;0
17;2025-11-22;3;0
17;2025-11-22;4;5
17;2025-11-22;5;123
17;2025-11-22;6;584
17;2025-11-22;7;1282
17;2025-11-22;8;1776
17;2025-11-22;9;2339
17;2025-11-22;10;2688
17;2025-11-22;11;3178
17;2025-11-22;12;3290
17;2025-11-22;13;3608
17;2025-11-22;14;3497
17;2025-11-22;15;3427
17;2025-11-22;16;3385
17;2025-11-22;17;3312
17;2025-11-22;18;2808
17;2025-11-22;19;2206
17;2025-11-22;20;1787
17;2025-11-22;21;1228
17;2025-11-22;22;721
17;2025-11-22;23;415
17;2025-11-23;0;172
17;2025-11-23;1;24
17;2025-11-23;2;0
17;2025-11-23;3;0
17;2025-11-23;4;3
17;2025-11-23;5;103
17;2025-11-23;6;315
17;2025-11-23;7;432
17;2025-11-23;8;1075
17;2025-11-23;9;1115
17;2025-11-23;10;1270
17;2025-11-23;11;1358
17;2025-11-23;12;2581
17;2025-11-23;13;2521
17;2025-11-23;14;1882
17;2025-11-23;15;1896
17;2025-11-23;16;2797
17;2025-11-23;17;2832
17;2025-11-23;18;2577
17;2025-11-23;19;2146
17;2025-11-23;20;1543
17;2025-11-23;21;1019
17;2025-11-23;22;636
17;2025-11-23;23;291
17;2025-11-24;0;111
17;2025-11-24;1;7
17;2025-11-24;2;0
17;2025-11-24;3;0
17;2025-11-24;4;23
17;2025-11-24;5;288
17;2025-11-24;6;1319
17;2025-11-24;7;4065
17;2025-11-24;8;5113
17;2025-11-24;9;3582
17;2025-11-24;10;2964
17;2025-11-24;11;2652
17;2025-11-24;12;2769
17;2025-11-24;13;2854
17;2025-11-24;14;2823
17;2025-11-24;15;2826
17;2025-11-24;16;3697
17;2025-11-24;17;4425
17;2025-11-24;18;4589
17;2025-11-24;19;3281
17;2025-11-24;20;2332
17;2025-11-24;21;1486
17;2025-11-24;22;647
17;2025-11-24;23;332
17;2025-11-25;0;113
17;2025-11-25;1;9
17;2025-11-25;2;0
17;2025-11-25;3;0
17;2025-11-25;4;22
17;2025-11-25;5;308
17;2025-11-25;6;1566
17;2025-11-25;7;4073
17;2025-11-25;8;5298
17;2025-11-25;9;3868
17;2025-11-25;10;3148
17;2025-11-25;11;3097
17;2025-11-25;12;3057
17;2025-11-25;13;3045
17;2025-11-25;14;3117
17;2025-11-25;15;3174
17;2025-11-25;16;3712
17;2025-11-25;17;4604
17;2025-11-25;18;4833
17;2025-11-25;19;3275
17;2025-11-25;20;2292
17;2025-11-25;21;1471
17;2025-11-25;22;698
17;2025-11-25;23;354
17;2025-11-26;0;123
17;2025-11-26;1;10
17;2025-11-26;2;0
17;2025-11-26;3;0
17;2025-11-26;4;26
17;2025-11-26;5;318
17;2025-11-26;6;1509
17;2025-11-26;7;3963
17;2025-11-26;8;5180
17;2025-11-26;9;3904
17;2025-11-26;10;2955
17;2025-11-26;11;2896
17;2025-11-26;12;2978
17;2025-11-26;13;3104
17;2025-11-26;14;3041
17;2025-11-26;15;3247
17;2025-11-26;16;3610
17;2025-11-26;17;4486
17;2025-11-26;18;4702
17;2025-11-26;19;3203
17;2025-11-26;20;2290
17;2025-11-26;21;1437
17;2025-11-26;22;693
17;2025-11-26;23;382
17;2025-11-27;0;121
17;2025-11-27;1;12
17;2025-11-27;2;0
17;2025-11-27;3;0
17;2025-11-27;4;24
17;2025-11-27;5;317
17;2025-11-27;6;1549
17;2025-11-27;7;3973
17;2025-11-27;8;5151
17;2025-11-27;9;3970
17;2025-11-27;10;3148
17;2025-11-27;11;3096
17;2025-11-27;12;3148
17;2025-11-27;13;3216
17;2025-11-27;14;3284
17;2025-11-27;15;3201
17;2025-11-27;16;3769
17;2025-11-27;17;4515
17;2025-11-27;18;4614
17;2025-11-27;19;3329
17;2025-11-27;20;2403
17;2025-11-27;21;1384
17;2025-11-27;22;622
17;2025-11-27;23;365
17;2025-11-28;0;127
17;2025-11-28;1;13
17;2025-11-28;2;0
17;2025-11-28;3;0
17;2025-11-28;4;22
17;2025-11-28;5;312
17;2025-11-28;6;1555
17;2025-11-28;7;4043
17;2025-11-28;8;5155
17;2025-11-28;9;3829
17;2025-11-28;10;3128
17;2025-11-28;11;3176
17;2025-11-28;12;3273
17;2025-11-28;13;3197
17;2025-11-28;14;3256
17;2025-11-28;15;3281
17;2025-11-28;16;3856
17;2025-11-28;17;4498
17;2025-11-28;18;4390
17;2025-11-28;19;3181
17;2025-11-28;20;2314
17;2025-11-28;21;1556
17;2025-11-28;22;812
17;2025-11-28;23;457
17;2025-11-29;0;208
17;2025-11-29;1;22
17;2025-11-29;2;0
17;2025-11-29;3;0
17;2025-11-29;4;5
17;2025-11-29;5;138
17;2025-11-29;6;504
17;2025-11-29;7;947
17;2025-11-29;8;1593
17;2025-11-29;9;1799
17;2025-11-29;10;2023
17;2025-11-29;11;2364
17;2025-11-29;12;3245
17;2025-11-29;13;3550
17;2025-11-29;14;3367
17;2025-11-29;15;3468
17;2025-11-29;16;3418
17;2025-11-29;17;3336
17;2025-11-29;18;2851
17;2025-11-29;19;2310
17;2025-11-29;20;1748
17;2025-11-29;21;1341
17;2025-11-29;22;802
17;2025-11-29;23;452
17;2025-11-30;0;173
17;2025-11-30;1;24
17;2025-11-30;2;0
17;2025-11-30;3;0
17;2025-11-30;4;3
17;2025-11-30;5;104
17;2025-11-30;6;403
17;2025-11-30;7;699
17;2025-11-30;8;1187
17;2025-11-30;9;879
17;2025-11-30;10;1514
17;2025-11-30;11;1891
17;2025-11-30;12;2702
17;2025-11-30;13;3009
17;2025-11-30;14;2981
17;2025-11-30;15;2847
17;2025-11-30;16;2783
17;2025-11-30;17;2735
17;2025-11-30;18;2423
17;2025-11-30;19;1880
17;2025-11-30;20;1261
17;2025-11-30;21;969
17;2025-11-30;22;601
17;2025-11-30;23;285
17;2025-12-01;0;119
17;2025-12-01;1;15
17;2025-12-01;2;0
17;2025-12-01;3;0
17;2025-12-01;4;22
17;2025-12-01;5;290
17;2025-12-01;6;1529
17;2025-12-01;7;3993
17;2025-12-01;8;5205
17;2025-12-01;9;3788
17;2025-12-01;10;2984
17;2025-12-01;11;2884
17;2025-12-01;12;2942
17;2025-12-01;13;2962
17;2025-12-01;14;2968
17;2025-12-01;15;3013
17;2025-12-01;16;3567
17;2025-12-01;17;4476
17;2025-12-01;18;4683
17;2025-12-01;19;3167
17;2025-12-01;20;2274
17;2025-12-01;21;1421
17;2025-12-01;22;635
17;2025-12-01;23;320
17;2025-12-02;0;112
17;2025-12-02;1;11
17;2025-12-02;2;0
17;2025-12-02;3;0
17;2025-12-02;4;24
17;2025-12-02;5;309
17;2025-12-02;6;1517
17;2025-12-02;7;4094
17;2025-12-02;8;5308
17;2025-12-02;9;3903
17;2025-12-02;10;3091
17;2025-12-02;11;3032
17;2025-12-02;12;3029
17;2025-12-02;13;3079
17;2025-12-02;14;3150
17;2025-12-02;15;3223
17;2025-12-02;16;3732
17;2025-12-02;17;4642
17;2025-12-02;18;4832
17;2025-12-02;19;3296
17;2025-12-02;20;2336
17;2025-12-02;21;1483
17;2025-12-02;22;745
17;2025-12-02;23;364
17;2025-12-03;0;124
17;2025-12-03;1;15
17;2025-12-03;2;0
17;2025-12-03;3;0
17;2025-12-03;4;25
17;2025-12-03;5;308
17;2025-12-03;6;1548
17;2025-12-03;7;4067
17;2025-12-03;8;5314
17;2025-12-03;9;3846
17;2025-12-03;10;3018
17;2025-12-03;11;3000
17;2025-12-03;12;2987
17;2025-12-03;13;3024
17;2025-12-03;14;3074
17;2025-12-03;15;3098
17;2025-12-03;16;3573
17;2025-12-03;17;4474
17;2025-12-03;18;4673
17;2025-12-03;19;3170
17;2025-12-03;20;2292
17;2025-12-03;21;1483
17;2025-12-03;22;751
17;2025-12-03;23;396
17;2025-12-04;0;127
17;2025-12-04;1;11
17;2025-12-04;2;0
17;2025-12-04;3;0
17;2025-12-04;4;23
17;2025-12-04;5;311
17;2025-12-04;6;1560
17;2025-12-04;7;4024
17;2025-12-04;8;5230
17;2025-12-04;9;3840
17;2025-12-04;10;3046
17;2025-12-04;11;3000
17;2025-12-04;12;3053
17;2025-12-04;13;3097
17;2025-12-04;14;3041
17;2025-12-04;15;3063
17;2025-12-04;16;3621
17;2025-12-04;17;4361
17;2025-12-04;18;4620
17;2025-12-04;19;3278
17;2025-12-04;20;2325
17;2025-12-04;21;1481
17;2025-12-04;22;737
17;2025-12-04;23;392
17;2025-12-05;0;133
17;2025-12-05;1;14
17;2025-12-05;2;0
17;2025-12-05;3;0
17;2025-12-05;4;20
17;2025-12-05;5;310
17;2025-12-05;6;1533
17;2025-12-05;7;4002
17;2025-12-05;8;5221
17;2025-12-05;9;3790
17;2025-12-05;10;3161
17;2025-12-05;11;3204
17;2025-12-05;12;3177
17;2025-12-05;13;3156
17;2025-12-05;14;3237
17;2025-12-05;15;3207
17;2025-12-05;16;3821
17;2025-12-05;17;4527
17;2025-12-05;18;4355
17;2025-12-05;19;3120
17;2025-12-05;20;2312
17;2025-12-05;21;1563
17;2025-12-05;22;810
17;2025-12-05;23;458
17;2025-12-06;0;209
17;2025-12-06;1;29
17;2025-12-06;2;0
17;2025-12-06;3;0
17;2025-12-06;4;5
17;2025-12-06;5;133
17;2025-12-06;6;566
17;2025-12-06;7;1153
17;2025-12-06;8;1947
17;2025-12-06;9;2383
17;2025-12-06;10;2678
17;2025-12-06;11;3104
17;2025-12-06;12;3250
17;2025-12-06;13;3555
17;2025-12-06;14;3520
17;2025-12-06;15;3497
17;2025-12-06;16;3423
17;2025-12-06;17;3354
17;2025-12-06;18;2887
17;2025-12-06;19;2221
17;2025-12-06;20;1659
17;2025-12-06;21;1292
17;2025-12-06;22;778
17;2025-12-06;23;444
17;2025-12-07;0;172
17;2025-12-07;1;21
17;2025-12-07;2;0
17;2025-12-07;3;0
17;2025-12-07;4;3
17;2025-12-07;5;105
17;2025-12-07;6;408
17;2025-12-07;7;660
17;2025-12-07;8;1167
17;2025-12-07;9;1511
17;2025-12-07;10;1882
17;2025-12-07;11;2385
17;2025-12-07;12;2698
17;2025-12-07;13;2900
17;2025-12-07;14;3002
17;2025-12-07;15;2886
17;2025-12-07;16;2714
17;2025-12-07;17;2640
17;2025-12-07;18;2345
17;2025-12-07;19;1961
17;2025-12-07;20;1412
17;2025-12-07;21;1001
17;2025-12-07;22;601
17;2025-12-07;23;285
17;2025-12-08;0;113
17;2025-12-08;1;13
17;2025-12-08;2;0
17;2025-12-08;3;0
17;2025-12-08;4;22
17;2025-12-08;5;299
17;2025-12-08;6;1508
17;2025-12-08;7;4116
17;2025-12-08;8;5401
17;2025-12-08;9;3815
17;2025-12-08;10;2945
17;2025-12-08;11;2891
17;2025-12-08;12;2972
17;2025-12-08;13;2959
17;2025-12-08;14;2979
17;2025-12-08;15;3011
17;2025-12-08;16;3548
17;2025-12-08;17;4480
17;2025-12-08;18;4708
17;2025-12-08;19;3201
17;2025-12-08;20;2286
17;2025-12-08;21;1427
17;2025-12-08;22;652
17;2025-12-08;23;324
17;2025-12-09;0;111
17;2025-12-09;1;10
17;2025-12-09;2;0
17;2025-12-09;3;0
17;2025-12-09;4;23
17;2025-12-09;5;306
17;2025-12-09;6;1550
17;2025-12-09;7;4000
17;2025-12-09;8;5164
17;2025-12-09;9;3824
17;2025-12-09;10;3186
17;2025-12-09;11;3088
17;2025-12-09;12;3085
17;2025-12-09;13;3018
17;2025-12-09;14;3032
17;2025-12-09;15;3154
17;2025-12-09;16;3700
17;2025-12-09;17;4528
17;2025-12-09;18;4775
17;2025-12-09;19;3273
17;2025-12-09;20;2298
17;2025-12-09;21;1486
17;2025-12-09;22;660
17;2025-12-09;23;353
17;2025-12-10;0;120
17;2025-12-10;1;8
17;2025-12-10;2;0
17;2025-12-10;3;0
17;2025-12-10;4;23
17;2025-12-10;5;327
17;2025-12-10;6;1644
17;2025-12-10;7;3963
17;2025-12-10;8;5158
17;2025-12-10;9;4127
17;2025-12-10;10;3326
17;2025-12-10;11;3231
17;2025-12-10;12;3047
17;2025-12-10;13;3045
17;2025-12-10;14;3058
17;2025-12-10;15;3054
17;2025-12-10;16;3490
17;2025-12-10;17;4405
17;2025-12-10;18;4671
17;2025-12-10;19;3227
17;2025-12-10;20;2317
17;2025-12-10;21;1481
17;2025-12-10;22;712
17;2025-12-10;23;365
17;2025-12-11;0;125
17;2025-12-11;1;11
17;2025-12-11;2;0
17;2025-12-11;3;0
17;2025-12-11;4;23
17;2025-12-11;5;317
17;2025-12-11;6;1590
17;2025-12-11;7;3985
17;2025-12-11;8;5205
17;2025-12-11;9;3853
17;2025-12-11;10;3104
17;2025-12-11;11;3140
17;2025-12-11;12;3232
17;2025-12-11;13;3277
17;2025-12-11;14;3292
17;2025-12-11;15;3383
17;2025-12-11;16;3910
17;2025-12-11;17;4550
17;2025-12-11;18;4694
17;2025-12-11;19;3364
17;2025-12-11;20;2429
17;2025-12-11;21;1414
17;2025-12-11;22;632
17;2025-12-11;23;380
17;2025-12-12;0;133
17;2025-12-12;1;14
17;2025-12-12;2;0
17;2025-12-12;3;0
17;2025-12-12;4;23
17;2025-12-12;5;309
17;2025-12-12;6;1566
17;2025-12-12;7;3811
17;2025-12-12;8;5239
17;2025-12-12;9;3869
17;2025-12-12;10;3059
17;2025-12-12;11;3299
17;2025-12-12;12;3006
17;2025-12-12;13;2884
17;2025-12-12;14;2959
17;2025-12-12;15;3108
17;2025-12-12;16;3426
17;2025-12-12;17;3953
17;2025-12-12;18;4259
17;2025-12-12;19;3088
17;2025-12-12;20;2261
17;2025-12-12;21;1475
17;2025-12-12;22;645
17;2025-12-12;23;389
17;2025-12-13;0;164
17;2025-12-13;1;7
17;2025-12-13;2;0
17;2025-12-13;3;0
17;2025-12-13;4;1
17;2025-12-13;5;60
17;2025-12-13;6;220
17;2025-12-13;7;482
17;2025-12-13;8;688
17;2025-12-13;9;323
17;2025-12-13;10;579
17;2025-12-13;11;854
17;2025-12-13;12;1433
17;2025-12-13;13;1288
17;2025-12-13;14;1635
17;2025-12-13;15;1964
17;2025-12-13;16;2280
17;2025-12-13;17;2577
17;2025-12-13;18;1869
17;2025-12-13;19;1456
17;2025-12-13;20;505
17;2025-12-13;21;313
17;2025-12-13;22;378
17;2025-12-13;23;18
17;2025-12-14;0;47
17;2025-12-14;1;4
17;2025-12-14;2;0
17;2025-12-14;3;0
17;2025-12-14;4;3
17;2025-12-14;5;105
17;2025-12-14;6;429
17;2025-12-14;7;903
17;2025-12-14;8;787
17;2025-12-14;9;1760
17;2025-12-14;10;2082
17;2025-12-14;11;2583
17;2025-12-14;12;2912
17;2025-12-14;13;3039
17;2025-12-14;14;3094
17;2025-12-14;15;3004
17;2025-12-14;16;2969
17;2025-12-14;17;2815
17;2025-12-14;18;2564
17;2025-12-14;19;2153
17;2025-12-14;20;1563
17;2025-12-14;21;1136
17;2025-12-14;22;701
17;2025-12-14;23;300
17;2025-12-15;0;112
17;2025-12-15;1;12
17;2025-12-15;2;0
17;2025-12-15;3;0
17;2025-12-15;4;25
17;2025-12-15;5;311
17;2025-12-15;6;1559
17;2025-12-15;7;4047
17;2025-12-15;8;5385
17;2025-12-15;9;3935
17;2025-12-15;10;3002
17;2025-12-15;11;2967
17;2025-12-15;12;3009
17;2025-12-15;13;3072
17;2025-12-15;14;3057
17;2025-12-15;15;3083
17;2025-12-15;16;3616
17;2025-12-15;17;4585
17;2025-12-15;18;4891
17;2025-12-15;19;3286
17;2025-12-15;20;2301
17;2025-12-15;21;1444
17;2025-12-15;22;702
17;2025-12-15;23;340
17;2025-12-16;0;118
17;2025-12-16;1;15
17;2025-12-16;2;0
17;2025-12-16;3;0
17;2025-12-16;4;26
17;2025-12-16;5;310
17;2025-12-16;6;1542
17;2025-12-16;7;4079
17;2025-12-16;8;5318
17;2025-12-16;9;3954
17;2025-12-16;10;3230
17;2025-12-16;11;3059
17;2025-12-16;12;2890
17;2025-12-16;13;2849
17;2025-12-16;14;2844
17;2025-12-16;15;3216
17;2025-12-16;16;3679
17;2025-12-16;17;4538
17;2025-12-16;18;4715
17;2025-12-16;19;3269
17;2025-12-16;20;2325
17;2025-12-16;21;1506
17;2025-12-16;22;675
17;2025-12-16;23;350
17;2025-12-17;0;117
17;2025-12-17;1;11
17;2025-12-17;2;0
17;2025-12-17;3;0
17;2025-12-17;4;25
17;2025-12-17;5;301
17;2025-12-17;6;1434
17;2025-12-17;7;3786
17;2025-12-17;8;5163
17;2025-12-17;9;3757
17;2025-12-17;10;3138
17;2025-12-17;11;3030
17;2025-12-17;12;3000
17;2025-12-17;13;2991
17;2025-12-17;14;2984
17;2025-12-17;15;3010
17;2025-12-17;16;3478
17;2025-12-17;17;4401
17;2025-12-17;18;4590
17;2025-12-17;19;3194
17;2025-12-17;20;2306
17;2025-12-17;21;1472
17;2025-12-17;22;700
17;2025-12-17;23;363
17;2025-12-18;0;126
17;2025-12-18;1;11
17;2025-12-18;2;0
17;2025-12-18;3;0
17;2025-12-18;4;23
17;2025-12-18;5;314
17;2025-12-18;6;1558
17;2025-12-18;7;3967
17;2025-12-18;8;5096
17;2025-12-18;9;3786
17;2025-12-18;10;3224
17;2025-12-18;11;3251
17;2025-12-18;12;3254
17;2025-12-18;13;3205
17;2025-12-18;14;3202
17;2025-12-18;15;3198
17;2025-12-18;16;3699
17;2025-12-18;17;4449
17;2025-12-18;18;4600
17;2025-12-18;19;3307
17;2025-12-18;20;2400
17;2025-12-18;21;1465
17;2025-12-18;22;689
17;2025-12-18;23;376
17;2025-12-19;0;130
17;2025-12-19;1;13
17;2025-12-19;2;0
17;2025-12-19;3;0
17;2025-12-19;4;21
17;2025-12-19;5;311
17;2025-12-19;6;1528
17;2025-12-19;7;3943
17;2025-12-19;8;5096
17;2025-12-19;9;3760
17;2025-12-19;10;3226
17;2025-12-19;11;3271
17;2025-12-19;12;3255
17;2025-12-19;13;3206
17;2025-12-19;14;3217
17;2025-12-19;15;3193
17;2025-12-19;16;3810
17;2025-12-19;17;4325
17;2025-12-19;18;4292
17;2025-12-19;19;3116
17;2025-12-19;20;2279
17;2025-12-19;21;1545
17;2025-12-19;22;798
17;2025-12-19;23;444
17;2025-12-20;0;210
17;2025-12-20;1;24
17;2025-12-20;2;0
17;2025-12-20;3;0
17;2025-12-20;4;5
17;2025-12-20;5;139
17;2025-12-20;6;308
17;2025-12-20;7;596
17;2025-12-20;8;1266
17;2025-12-20;9;1467
17;2025-12-20;10;2182
17;2025-12-20;11;2166
17;2025-12-20;12;2954
17;2025-12-20;13;3537
17;2025-12-20;14;3409
17;2025-12-20;15;3346
17;2025-12-20;16;3307
17;2025-12-20;17;3221
17;2025-12-20;18;2612
17;2025-12-20;19;2171
17;2025-12-20;20;1718
17;2025-12-20;21;1323
17;2025-12-20;22;784
17;2025-12-20;23;420
17;2025-12-21;0;169
17;2025-12-21;1;18
17;2025-12-21;2;0
17;2025-12-21;3;0
17;2025-12-21;4;2
17;2025-12-21;5;101
17;2025-12-21;6;387
17;2025-12-21;7;785
17;2025-12-21;8;1078
17;2025-12-21;9;1540
17;2025-12-21;10;1827
17;2025-12-21;11;2376
17;2025-12-21;12;2699
17;2025-12-21;13;2875
17;2025-12-21;14;2940
17;2025-12-21;15;2812
17;2025-12-21;16;2665
17;2025-12-21;17;2547
17;2025-12-21;18;2232
17;2025-12-21;19;1825
17;2025-12-21;20;1304
17;2025-12-21;21;963
17;2025-12-21;22;603
17;2025-12-21;23;271
17;2025-12-22;0;117
17;2025-12-22;1;10
17;2025-12-22;2;0
17;2025-12-22;3;0
17;2025-12-22;4;23
17;2025-12-22;5;291
17;2025-12-22;6;1511
17;2025-12-22;7;4006
17;2025-12-22;8;5286
17;2025-12-22;9;3697
17;2025-12-22;10;3085
17;2025-12-22;11;2707
17;2025-12-22;12;2774
17;2025-12-22;13;3087
17;2025-12-22;14;3074
17;2025-12-22;15;2760
17;2025-12-22;16;3504
17;2025-12-22;17;4355
17;2025-12-22;18;4696
17;2025-12-22;19;3269
17;2025-12-22;20;2264
17;2025-12-22;21;1441
17;2025-12-22;22;676
17;2025-12-22;23;347
17;2025-12-23;0;117
17;2025-12-23;1;9
17;2025-12-23;2;0
17;2025-12-23;3;0
17;2025-12-23;4;26
17;2025-12-23;5;316
17;2025-12-23;6;1595
17;2025-12-23;7;4172
17;2025-12-23;8;5208
17;2025-12-23;9;3955
17;2025-12-23;10;3138
17;2025-12-23;11;3080
17;2025-12-23;12;3052
17;2025-12-23;13;3054
17;2025-12-23;14;3103
17;2025-12-23;15;3188
17;2025-12-23;16;3554
17;2025-12-23;17;4450
17;2025-12-23;18;4770
17;2025-12-23;19;3327
17;2025-12-23;20;2348
17;2025-12-23;21;1505
17;2025-12-23;22;732
17;2025-12-23;23;358
17;2025-12-24;0;126
17;2025-12-24;1;14
17;2025-12-24;2;0
17;2025-12-24;3;0
17;2025-12-24;4;27
17;2025-12-24;5;319
17;2025-12-24;6;1578
17;2025-12-24;7;4038
17;2025-12-24;8;5203
17;2025-12-24;9;3828
17;2025-12-24;10;3068
17;2025-12-24;11;3038
17;2025-12-24;12;2970
17;2025-12-24;13;2971
17;2025-12-24;14;3006
17;2025-12-24;15;3057
17;2025-12-24;16;3425
17;2025-12-24;17;4468
17;2025-12-24;18;4826
17;2025-12-24;19;3336
17;2025-12-24;20;2253
17;2025-12-24;21;1509
17;2025-12-24;22;726
17;2025-12-24;23;388
17;2025-12-25;0;126
17;2025-12-25;1;9
17;2025-12-25;2;0
17;2025-12-25;3;0
17;2025-12-25;4;24
17;2025-12-25;5;316
17;2025-12-25;6;1647
17;2025-12-25;7;3936
17;2025-12-25;8;5105
17;2025-12-25;9;3820
17;2025-12-25;10;3197
17;2025-12-25;11;3245
17;2025-12-25;12;3276
17;2025-12-25;13;3230
17;2025-12-25;14;3247
17;2025-12-25;15;3293
17;2025-12-25;16;3770
17;2025-12-25;17;4179
17;2025-12-25;18;4551
17;2025-12-25;19;3249
17;2025-12-25;20;2250
17;2025-12-25;21;1514
17;2025-12-25;22;678
17;2025-12-25;23;325
17;2025-12-26;0;112
17;2025-12-26;1;8
17;2025-12-26;2;0
17;2025-12-26;3;0
17;2025-12-26;4;18
17;2025-12-26;5;320
17;2025-12-26;6;1554
17;2025-12-26;7;3818
17;2025-12-26;8;4762
17;2025-12-26;9;3772
17;2025-12-26;10;2985
17;2025-12-26;11;2793
17;2025-12-26;12;2897
17;2025-12-26;13;2895
17;2025-12-26;14;2833
17;2025-12-26;15;2980
17;2025-12-26;16;3207
17;2025-12-26;17;3984
17;2025-12-26;18;4149
17;2025-12-26;19;3072
17;2025-12-26;20;2101
17;2025-12-26;21;1359
17;2025-12-26;22;629
17;2025-12-26;23;401
17;2025-12-27;0;196
17;2025-12-27;1;13
17;2025-12-27;2;0
17;2025-12-27;3;0
17;2025-12-27;4;4
17;2025-12-27;5;97
17;2025-12-27;6;148
17;2025-12-27;7;81
17;2025-12-27;8;336
17;2025-12-27;9;2078
17;2025-12-27;10;1346
17;2025-12-27;11;1741
17;2025-12-27;12;2878
17;2025-12-27;13;3531
17;2025-12-27;14;3366
17;2025-12-27;15;3319
17;2025-12-27;16;3349
17;2025-12-27;17;3307
17;2025-12-27;18;2810
17;2025-12-27;19;2328
17;2025-12-27;20;1853
17;2025-12-27;21;895
17;2025-12-27;22;350
17;2025-12-27;23;231
17;2025-12-28;0;142
17;2025-12-28;1;12
17;2025-12-28;2;0
17;2025-12-28;3;0
17;2025-12-28;4;2
17;2025-12-28;5;100
17;2025-12-28;6;399
17;2025-12-28;7;571
17;2025-12-28;8;885
17;2025-12-28;9;1201
17;2025-12-28;10;1691
17;2025-12-28;11;2050
17;2025-12-28;12;2363
17;2025-12-28;13;2861
17;2025-12-28;14;2343
17;2025-12-28;15;2388
17;2025-12-28;16;2787
17;2025-12-28;17;2677
17;2025-12-28;18;2365
17;2025-12-28;19;1971
17;2025-12-28;20;1417
17;2025-12-28;21;1048
17;2025-12-28;22;607
17;2025-12-28;23;293
17;2025-12-29;0;112
17;2025-12-29;1;13
17;2025-12-29;2;0
17;2025-12-29;3;0
17;2025-12-29;4;25
17;2025-12-29;5;317
17;2025-12-29;6;1544
17;2025-12-29;7;4058
17;2025-12-29;8;5273
17;2025-12-29;9;3971
17;2025-12-29;10;3109
17;2025-12-29;11;2995
17;2025-12-29;12;2990
17;2025-12-29;13;2936
17;2025-12-29;14;2952
17;2025-12-29;15;3047
17;2025-12-29;16;3481
17;2025-12-29;17;4586
17;2025-12-29;18;4884
17;2025-12-29;19;3254
17;2025-12-29;20;2299
17;2025-12-29;21;1475
17;2025-12-29;22;696
17;2025-12-29;23;365
17;2025-12-30;0;126
17;2025-12-30;1;10
17;2025-12-30;2;0
17;2025-12-30;3;0
17;2025-12-30;4;24
17;2025-12-30;5;316
17;2025-12-30;6;1615
17;2025-12-30;7;4022
17;2025-12-30;8;5176
17;2025-12-30;9;3894
17;2025-12-30;10;3039
17;2025-12-30;11;2922
17;2025-12-30;12;2931
17;2025-12-30;13;2832
17;2025-12-30;14;2942
17;2025-12-30;15;2938
17;2025-12-30;16;3374
17;2025-12-30;17;4152
17;2025-12-30;18;4872
17;2025-12-30;19;3179
17;2025-12-30;20;2253
17;2025-12-30;21;1480
17;2025-12-30;22;696
17;2025-12-30;23;365
17;2025-12-31;0;144
17;2025-12-31;1;12
17;2025-12-31;2;0
17;2025-12-31;3;0
17;2025-12-31;4;2
17;2025-12-31;5;106
17;2025-12-31;6;476
17;2025-12-31;7;960
17;2025-12-31;8;1366
17;2025-12-31;9;1799
17;2025-12-31;10;2103
17;2025-12-31;11;2523
17;2025-12-31;12;2757
17;2025-12-31;13;2855
17;2025-12-31;14;2677
17;2025-12-31;15;2877
17;2025-12-31;16;2774
17;2025-12-31;17;2792
17;2025-12-31;18;2606
17;2025-12-31;19;2199
17;2025-12-31;20;1574
17;2025-12-31;21;1225
17;2025-12-31;22;677
17;2025-12-31;23;324
25;2025-11-01;0;3
25;2025-11-01;1;0
25;2025-11-01;2;0
25;2025-11-01;3;0
25;2025-11-01;4;0
25;2025-11-01;5;20
25;2025-11-01;6;267
25;2025-11-01;7;521
25;2025-11-01;8;882
25;2025-11-01;9;497
25;2025-11-01;10;425
25;2025-11-01;11;478
25;2025-11-01;12;477
25;2025-11-01;13;611
25;2025-11-01;14;542
25;2025-11-01;15;664
25;2025-11-01;16;735
25;2025-11-01;17;786
25;2025-11-01;18;697
25;2025-11-01;19;568
25;2025-11-01;20;325
25;2025-11-01;21;223
25;2025-11-01;22;90
25;2025-11-01;23;9
25;2025-11-02;0;10
25;2025-11-02;1;0
25;2025-11-02;2;0
25;2025-11-02;3;0
25;2025-11-02;4;0
25;2025-11-02;5;7
25;2025-11-02;6;99
25;2025-11-02;7;109
25;2025-11-02;8;206
25;2025-11-02;9;254
25;2025-11-02;10;255
25;2025-11-02;11;364
25;2025-11-02;12;442
25;2025-11-02;13;496
25;2025-11-02;14;630
25;2025-11-02;15;682
25;2025-11-02;16;573
25;2025-11-02;17;596
25;2025-11-02;18;395
25;2025-11-02;19;239
25;2025-11-02;20;183
25;2025-11-02;21;122
25;2025-11-02;22;77
25;2025-11-02;23;27
25;2025-11-03;0;8
25;2025-11-03;1;0
25;2025-11-03;2;0
25;2025-11-03;3;0
25;2025-11-03;4;0
25;2025-11-03;5;8
25;2025-11-03;6;89
25;2025-11-03;7;100
25;2025-11-03;8;178
25;2025-11-03;9;184
25;2025-11-03;10;166
25;2025-11-03;11;228
25;2025-11-03;12;274
25;2025-11-03;13;331
25;2025-11-03;14;409
25;2025-11-03;15;519
25;2025-11-03;16;445
25;2025-11-03;17;524
25;2025-11-03;18;430
25;2025-11-03;19;273
25;2025-11-03;20;181
25;2025-11-03;21;131
25;2025-11-03;22;77
25;2025-11-03;23;25
25;2025-11-04;0;9
25;2025-11-04;1;0
25;2025-11-04;2;0
25;2025-11-04;3;0
25;2025-11-04;4;0
25;2025-11-04;5;8
25;2025-11-04;6;101
25;2025-11-04;7;99
25;2025-11-04;8;123
25;2025-11-04;9;135
25;2025-11-04;10;135
25;2025-11-04;11;163
25;2025-11-04;12;204
25;2025-11-04;13;253
25;2025-11-04;14;477
25;2025-11-04;15;583
25;2025-11-04;16;491
25;2025-11-04;17;497
25;2025-11-04;18;413
25;2025-11-04;19;317
25;2025-11-04;20;246
25;2025-11-04;21;185
25;2025-11-04;22;126
25;2025-11-04;23;39
25;2025-11-05;0;1
25;2025-11-05;1;0
25;2025-11-05;2;0
25;2025-11-05;3;0
25;2025-11-05;4;0
25;2025-11-05;5;19
25;2025-11-05;6;254
25;2025-11-05;7;533
25;2025-11-05;8;899
25;2025-11-05;9;497
25;2025-11-05;10;416
25;2025-11-05;11;419
25;2025-11-05;12;398
25;2025-11-05;13;592
25;2025-11-05;14;422
25;2025-11-05;15;564
25;2025-11-05;16;552
25;2025-11-05;17;749
25;2025-11-05;18;774
25;2025-11-05;19;614
25;2025-11-05;20;338
25;2025-11-05;21;243
25;2025-11-05;22;90
25;2025-11-05;23;8
25;2025-11-06;0;3
25;2025-11-06;1;0
25;2025-11-06;2;0
25;2025-11-06;3;0
25;2025-11-06;4;0
25;2025-11-06;5;20
25;2025-11-06;6;248
25;2025-11-06;7;501
25;2025-11-06;8;838
25;2025-11-06;9;456
25;2025-11-06;10;385
25;2025-11-06;11;398
25;2025-11-06;12;464
25;2025-11-06;13;550
25;2025-11-06;14;469
25;2025-11-06;15;458
25;2025-11-06;16;647
25;2025-11-06;17;780
25;2025-11-06;18;791
25;2025-11-06;19;642
25;2025-11-06;20;329
25;2025-11-06;21;244
25;2025-11-06;22;88
25;2025-11-06;23;9
25;2025-11-07;0;3
25;2025-11-07;1;0
25;2025-11-07;2;0
25;2025-11-07;3;0
25;2025-11-07;4;0
25;2025-11-07;5;20
25;2025-11-07;6;253
25;2025-11-07;7;538
25;2025-11-07;8;947
25;2025-11-07;9;461
25;2025-11-07;10;422
25;2025-11-07;11;475
25;2025-11-07;12;472
25;2025-11-07;13;582
25;2025-11-07;14;512
25;2025-11-07;15;713
25;2025-11-07;16;838
25;2025-11-07;17;846
25;2025-11-07;18;676
25;2025-11-07;19;602
25;2025-11-07;20;308
25;2025-11-07;21;229
25;2025-11-07;22;82
25;2025-11-07;23;8
25;2025-11-08;0;5
25;2025-11-08;1;0
25;2025-11-08;2;0
25;2025-11-08;3;0
25;2025-11-08;4;0
25;2025-11-08;5;14
25;2025-11-08;6;115
25;2025-11-08;7;136
25;2025-11-08;8;289
25;2025-11-08;9;291
25;2025-11-08;10;294
25;2025-11-08;11;446
25;2025-11-08;12;429
25;2025-11-08;13;652
25;2025-11-08;14;734
25;2025-11-08;15;1029
25;2025-11-08;16;961
25;2025-11-08;17;770
25;2025-11-08;18;516
25;2025-11-08;19;409
25;2025-11-08;20;242
25;2025-11-08;21;192
25;2025-11-08;22;104
25;2025-11-08;23;37
25;2025-11-09;0;10
25;2025-11-09;1;0
25;2025-11-09;2;0
25;2025-11-09;3;0
25;2025-11-09;4;0
25;2025-11-09;5;7
25;2025-11-09;6;90
25;2025-11-09;7;103
25;2025-11-09;8;176
25;2025-11-09;9;241
25;2025-11-09;10;223
25;2025-11-09;11;329
25;2025-11-09;12;386
25;2025-11-09;13;509
25;2025-11-09;14;574
25;2025-11-09;15;674
25;2025-11-09;16;514
25;2025-11-09;17;547
25;2025-11-09;18;362
25;2025-11-09;19;240
25;2025-11-09;20;185
25;2025-11-09;21;120
25;2025-11-09;22;76
25;2025-11-09;23;27
25;2025-11-10;0;2
25;2025-11-10;1;0
25;2025-11-10;2;0
25;2025-11-10;3;0
25;2025-11-10;4;0
25;2025-11-10;5;18
25;2025-11-10;6;248
25;2025-11-10;7;506
25;2025-11-10;8;909
25;2025-11-10;9;490
25;2025-11-10;10;372
25;2025-11-10;11;388
25;2025-11-10;12;391
25;2025-11-10;13;509
25;2025-11-10;14;407
25;2025-11-10;15;511
25;2025-11-10;16;643
25;2025-11-10;17;739
25;2025-11-10;18;745
25;2025-11-10;19;636
25;2025-11-10;20;301
25;2025-11-10;21;209
25;2025-11-10;22;66
25;2025-11-10;23;6
25;2025-11-11;0;2
25;2025-11-11;1;0
25;2025-11-11;2;0
25;2025-11-11;3;0
25;2025-11-11;4;0
25;2025-11-11;5;19
25;2025-11-11;6;246
25;2025-11-11;7;505
25;2025-11-11;8;873
25;2025-11-11;9;487
25;2025-11-11;10;400
25;2025-11-11;11;436
25;2025-11-11;12;439
25;2025-11-11;13;540
25;2025-11-11;14;479
25;2025-11-11;15;564
25;2025-11-11;16;684
25;2025-11-11;17;802
25;2025-11-11;18;767
25;2025-11-11;19;622
25;2025-11-11;20;307
25;2025-11-11;21;212
25;2025-11-11;22;78
25;2025-11-11;23;7
25;2025-11-12;0;2
25;2025-11-12;1;0
25;2025-11-12;2;0
25;2025-11-12;3;0
25;2025-11-12;4;0
25;2025-11-12;5;19
25;2025-11-12;6;235
25;2025-11-12;7;503
25;2025-11-12;8;891
25;2025-11-12;9;477
25;2025-11-12;10;423
25;2025-11-12;11;487
25;2025-11-12;12;480
25;2025-11-12;13;557
25;2025-11-12;14;485
25;2025-11-12;15;588
25;2025-11-12;16;679
25;2025-11-12;17;793
25;2025-11-12;18;841
25;2025-11-12;19;654
25;2025-11-12;20;346
25;2025-11-12;21;241
25;2025-11-12;22;87
25;2025-11-12;23;8
25;2025-11-13;0;3
25;2025-11-13;1;0
25;2025-11-13;2;0
25;2025-11-13;3;0
25;2025-11-13;4;0
25;2025-11-13;5;20
25;2025-11-13;6;268
25;2025-11-13;7;528
25;2025-11-13;8;971
25;2025-11-13;9;514
25;2025-11-13;10;413
25;2025-11-13;11;497
25;2025-11-13;12;474
25;2025-11-13;13;574
25;2025-11-13;14;495
25;2025-11-13;15;611
25;2025-11-13;16;696
25;2025-11-13;17;795
25;2025-11-13;18;800
25;2025-11-13;19;642
25;2025-11-13;20;343
25;2025-11-13;21;238
25;2025-11-13;22;87
25;2025-11-13;23;9
25;2025-11-14;0;3
25;2025-11-14;1;0
25;2025-11-14;2;0
25;2025-11-14;3;0
25;2025-11-14;4;0
25;2025-11-14;5;18
25;2025-11-14;6;223
25;2025-11-14;7;496
25;2025-11-14;8;936
25;2025-11-14;9;536
25;2025-11-14;10;391
25;2025-11-14;11;483
25;2025-11-14;12;479
25;2025-11-14;13;569
25;2025-11-14;14;503
25;2025-11-14;15;626
25;2025-11-14;16;771
25;2025-11-14;17;783
25;2025-11-14;18;639
25;2025-11-14;19;547
25;2025-11-14;20;308
25;2025-11-14;21;237
25;2025-11-14;22;91
25;2025-11-14;23;9
25;2025-11-15;0;4
25;2025-11-15;1;0
25;2025-11-15;2;0
25;2025-11-15;3;0
25;2025-11-15;4;0
25;2025-11-15;5;19
25;2025-11-15;6;129
25;2025-11-15;7;128
25;2025-11-15;8;275
25;2025-11-15;9;257
25;2025-11-15;10;255
25;2025-11-15;11;279
25;2025-11-15;12;336
25;2025-11-15;13;554
25;2025-11-15;14;659
25;2025-11-15;15;758
25;2025-11-15;16;692
25;2025-11-15;17;562
25;2025-11-15;18;480
25;2025-11-15;19;478
25;2025-11-15;20;282
25;2025-11-15;21;197
25;2025-11-15;22;106
25;2025-11-15;23;39
25;2025-11-16;0;13
25;2025-11-16;1;0
25;2025-11-16;2;0
25;2025-11-16;3;0
25;2025-11-16;4;0
25;2025-11-16;5;10
25;2025-11-16;6;98
25;2025-11-16;7;108
25;2025-11-16;8;204
25;2025-11-16;9;246
25;2025-11-16;10;248
25;2025-11-16;11;349
25;2025-11-16;12;423
25;2025-11-16;13;507
25;2025-11-16;14;545
25;2025-11-16;15;602
25;2025-11-16;16;482
25;2025-11-16;17;490
25;2025-11-16;18;358
25;2025-11-16;19;261
25;2025-11-16;20;206
25;2025-11-16;21;134
25;2025-11-16;22;82
25;2025-11-16;23;30
25;2025-11-17;0;3
25;2025-11-17;1;0
25;2025-11-17;2;0
25;2025-11-17;3;0
25;2025-11-17;4;0
25;2025-11-17;5;19
25;2025-11-17;6;242
25;2025-11-17;7;498
25;2025-11-17;8;821
25;2025-11-17;9;469
25;2025-11-17;10;333
25;2025-11-17;11;364
25;2025-11-17;12;355
25;2025-11-17;13;393
25;2025-11-17;14;381
25;2025-11-17;15;507
25;2025-11-17;16;665
25;2025-11-17;17;866
25;2025-11-17;18;777
25;2025-11-17;19;665
25;2025-11-17;20;333
25;2025-11-17;21;216
25;2025-11-17;22;68
25;2025-11-17;23;7
25;2025-11-18;0;2
25;2025-11-18;1;0
25;2025-11-18;2;0
25;2025-11-18;3;0
25;2025-11-18;4;0
25;2025-11-18;5;17
25;2025-11-18;6;216
25;2025-11-18;7;436
25;2025-11-18;8;659
25;2025-11-18;9;340
25;2025-11-18;10;264
25;2025-11-18;11;295
25;2025-11-18;12;267
25;2025-11-18;13;358
25;2025-11-18;14;323
25;2025-11-18;15;426
25;2025-11-18;16;592
25;2025-11-18;17;706
25;2025-11-18;18;700
25;2025-11-18;19;549
25;2025-11-18;20;293
25;2025-11-18;21;228
25;2025-11-18;22;87
25;2025-11-18;23;8
25;2025-11-19;0;3
25;2025-11-19;1;0
25;2025-11-19;2;0
25;2025-11-19;3;0
25;2025-11-19;4;0
25;2025-11-19;5;19
25;2025-11-19;6;246
25;2025-11-19;7;538
25;2025-11-19;8;911
25;2025-11-19;9;482
25;2025-11-19;10;413
25;2025-11-19;11;457
25;2025-11-19;12;449
25;2025-11-19;13;548
25;2025-11-19;14;463
25;2025-11-19;15;572
25;2025-11-19;16;677
25;2025-11-19;17;774
25;2025-11-19;18;799
25;2025-11-19;19;647
25;2025-11-19;20;352
25;2025-11-19;21;248
25;2025-11-19;22;96
25;2025-11-19;23;9
25;2025-11-20;0;3
25;2025-11-20;1;0
25;2025-11-20;2;0
25;2025-11-20;3;0
25;2025-11-20;4;0
25;2025-11-20;5;20
25;2025-11-20;6;261
25;2025-11-20;7;548
25;2025-11-20;8;914
25;2025-11-20;9;491
25;2025-11-20;10;397
25;2025-11-20;11;442
25;2025-11-20;12;458
25;2025-11-20;13;548
25;2025-11-20;14;466
25;2025-11-20;15;555
25;2025-11-20;16;662
25;2025-11-20;17;757
25;2025-11-20;18;812
25;2025-11-20;19;659
25;2025-11-20;20;338
25;2025-11-20;21;239
25;2025-11-20;22;92
25;2025-11-20;23;10
25;2025-11-21;0;3
25;2025-11-21;1;0
25;2025-11-21;2;0
25;2025-11-21;3;0
25;2025-11-21;4;0
25;2025-11-21;5;19
25;2025-11-21;6;244
25;2025-11-21;7;489
25;2025-11-21;8;837
25;2025-11-21;9;460
25;2025-11-21;10;384
25;2025-11-21;11;432
25;2025-11-21;12;435
25;2025-11-21;13;540
25;2025-11-21;14;462
25;2025-11-21;15;584
25;2025-11-21;16;735
25;2025-11-21;17;792
25;2025-11-21;18;680
25;2025-11-21;19;573
25;2025-11-21;20;303
25;2025-11-21;21;222
25;2025-11-21;22;88
25;2025-11-21;23;8
25;2025-11-22;0;5
25;2025-11-22;1;0
25;2025-11-22;2;0
25;2025-11-22;3;0
25;2025-11-22;4;0
25;2025-11-22;5;20
25;2025-11-22;6;119
25;2025-11-22;7;142
25;2025-11-22;8;280
25;2025-11-22;9;275
25;2025-11-22;10;312
25;2025-11-22;11;408
25;2025-11-22;12;428
25;2025-11-22;13;628
25;2025-11-22;14;604
25;2025-11-22;15;734
25;2025-11-22;16;673
25;2025-11-22;17;565
25;2025-11-22;18;489
25;2025-11-22;19;408
25;2025-11-22;20;234
25;2025-11-22;21;180
25;2025-11-22;22;106
25;2025-11-22;23;39
25;2025-11-23;0;13
25;2025-11-23;1;0
25;2025-11-23;2;0
25;2025-11-23;3;0
25;2025-11-23;4;0
25;2025-11-23;5;9
25;2025-11-23;6;97
25;2025-11-23;7;105
25;2025-11-23;8;201
25;2025-11-23;9;262
25;2025-11-23;10;251
25;2025-11-23;11;358
25;2025-11-23;12;406
25;2025-11-23;13;514
25;2025-11-23;14;585
25;2025-11-23;15;675
25;2025-11-23;16;558
25;2025-11-23;17;507
25;2025-11-23;18;410
25;2025-11-23;19;305
25;2025-11-23;20;238
25;2025-11-23;21;140
25;2025-11-23;22;80
25;2025-11-23;23;29
25;2025-11-24;0;3
25;2025-11-24;1;0
25;2025-11-24;2;0
25;2025-11-24;3;0
25;2025-11-24;4;0
25;2025-11-24;5;17
25;2025-11-24;6;208
25;2025-11-24;7;444
25;2025-11-24;8;800
25;2025-11-24;9;427
25;2025-11-24;10;385
25;2025-11-24;11;357
25;2025-11-24;12;382
25;2025-11-24;13;471
25;2025-11-24;14;399
25;2025-11-24;15;493
25;2025-11-24;16;695
25;2025-11-24;17;826
25;2025-11-24;18;788
25;2025-11-24;19;638
25;2025-11-24;20;322
25;2025-11-24;21;219
25;2025-11-24;22;78
25;2025-11-24;23;8
25;2025-11-25;0;2
25;2025-11-25;1;0
25;2025-11-25;2;0
25;2025-11-25;3;0
25;2025-11-25;4;0
25;2025-11-25;5;19
25;2025-11-25;6;236
25;2025-11-25;7;519
25;2025-11-25;8;870
25;2025-11-25;9;481
25;2025-11-25;10;398
25;2025-11-25;11;433
25;2025-11-25;12;430
25;2025-11-25;13;526
25;2025-11-25;14;457
25;2025-11-25;15;522
25;2025-11-25;16;652
25;2025-11-25;17;746
25;2025-11-25;18;738
25;2025-11-25;19;624
25;2025-11-25;20;321
25;2025-11-25;21;222
25;2025-11-25;22;81
25;2025-11-25;23;8
25;2025-11-26;0;3
25;2025-11-26;1;0
25;2025-11-26;2;0
25;2025-11-26;3;0
25;2025-11-26;4;1
25;2025-11-26;5;20
25;2025-11-26;6;263
25;2025-11-26;7;515
25;2025-11-26;8;883
25;2025-11-26;9;492
25;2025-11-26;10;396
25;2025-11-26;11;453
25;2025-11-26;12;440
25;2025-11-26;13;599
25;2025-11-26;14;497
25;2025-11-26;15;549
25;2025-11-26;16;628
25;2025-11-26;17;823
25;2025-11-26;18;896
25;2025-11-26;19;712
25;2025-11-26;20;340
25;2025-11-26;21;241
25;2025-11-26;22;97
25;2025-11-26;23;8
25;2025-11-27;0;3
25;2025-11-27;1;0
25;2025-11-27;2;0
25;2025-11-27;3;0
25;2025-11-27;4;0
25;2025-11-27;5;19
25;2025-11-27;6;253
25;2025-11-27;7;505
25;2025-11-27;8;864
25;2025-11-27;9;481
25;2025-11-27;10;408
25;2025-11-27;11;450
25;2025-11-27;12;442
25;2025-11-27;13;550
25;2025-11-27;14;489
25;2025-11-27;15;619
25;2025-11-27;16;688
25;2025-11-27;17;791
25;2025-11-27;18;782
25;2025-11-27;19;655
25;2025-11-27;20;348
25;2025-11-27;21;238
25;2025-11-27;22;87
25;2025-11-27;23;8
25;2025-11-28;0;2
25;2025-11-28;1;0
25;2025-11-28;2;0
25;2025-11-28;3;0
25;2025-11-28;4;0
25;2025-11-28;5;18
25;2025-11-28;6;263
25;2025-11-28;7;525
25;2025-11-28;8;894
25;2025-11-28;9;474
25;2025-11-28;10;389
25;2025-11-28;11;441
25;2025-11-28;12;438
25;2025-11-28;13;534
25;2025-11-28;14;451
25;2025-11-28;15;583
25;2025-11-28;16;730
25;2025-11-28;17;786
25;2025-11-28;18;648
25;2025-11-28;19;541
25;2025-11-28;20;294
25;2025-11-28;21;222
25;2025-11-28;22;90
25;2025-11-28;23;8
25;2025-11-29;0;4
25;2025-11-29;1;0
25;2025-11-29;2;0
25;2025-11-29;3;0
25;2025-11-29;4;0
25;2025-11-29;5;17
25;2025-11-29;6;113
25;2025-11-29;7;154
25;2025-11-29;8;320
25;2025-11-29;9;316
25;2025-11-29;10;304
25;2025-11-29;11;391
25;2025-11-29;12;417
25;2025-11-29;13;591
25;2025-11-29;14;583
25;2025-11-29;15;652
25;2025-11-29;16;637
25;2025-11-29;17;541
25;2025-11-29;18;476
25;2025-11-29;19;399
25;2025-11-29;20;220
25;2025-11-29;21;167
25;2025-11-29;22;89
25;2025-11-29;23;33
25;2025-11-30;0;11
25;2025-11-30;1;0
25;2025-11-30;2;0
25;2025-11-30;3;0
25;2025-11-30;4;0
25;2025-11-30;5;8
25;2025-11-30;6;100
25;2025-11-30;7;104
25;2025-11-30;8;191
25;2025-11-30;9;273
25;2025-11-30;10;263
25;2025-11-30;11;354
25;2025-11-30;12;407
25;2025-11-30;13;505
25;2025-11-30;14;525
25;2025-11-30;15;601
25;2025-11-30;16;482
25;2025-11-30;17;574
25;2025-11-30;18;421
25;2025-11-30;19;251
25;2025-11-30;20;180
25;2025-11-30;21;120
25;2025-11-30;22;75
25;2025-11-30;23;28
25;2025-12-01;0;2
25;2025-12-01;1;0
25;2025-12-01;2;0
25;2025-12-01;3;0
25;2025-12-01;4;0
25;2025-12-01;5;17
25;2025-12-01;6;245
25;2025-12-01;7;517
25;2025-12-01;8;897
25;2025-12-01;9;511
25;2025-12-01;10;411
25;2025-12-01;11;413
25;2025-12-01;12;417
25;2025-12-01;13;516
25;2025-12-01;14;407
25;2025-12-01;15;519
25;2025-12-01;16;662
25;2025-12-01;17;777
25;2025-12-01;18;764
25;2025-12-01;19;645
25;2025-12-01;20;331
25;2025-12-01;21;212
25;2025-12-01;22;70
25;2025-12-01;23;7
25;2025-12-02;0;2
25;2025-12-02;1;0
25;2025-12-02;2;0
25;2025-12-02;3;0
25;2025-12-02;4;0
25;2025-12-02;5;20
25;2025-12-02;6;238
25;2025-12-02;7;502
25;2025-12-02;8;887
25;2025-12-02;9;486
25;2025-12-02;10;396
25;2025-12-02;11;433
25;2025-12-02;12;435
25;2025-12-02;13;536
25;2025-12-02;14;444
25;2025-12-02;15;536
25;2025-12-02;16;657
25;2025-12-02;17;775
25;2025-12-02;18;783
25;2025-12-02;19;664
25;2025-12-02;20;320
25;2025-12-02;21;215
25;2025-12-02;22;83
25;2025-12-02;23;8
25;2025-12-03;0;2
25;2025-12-03;1;0
25;2025-12-03;2;0
25;2025-12-03;3;0
25;2025-12-03;4;0
25;2025-12-03;5;20
25;2025-12-03;6;247
25;2025-12-03;7;528
25;2025-12-03;8;869
25;2025-12-03;9;497
25;2025-12-03;10;399
25;2025-12-03;11;454
25;2025-12-03;12;454
25;2025-12-03;13;553
25;2025-12-03;14;475
25;2025-12-03;15;572
25;2025-12-03;16;692
25;2025-12-03;17;792
25;2025-12-03;18;801
25;2025-12-03;19;669
25;2025-12-03;20;350
25;2025-12-03;21;240
25;2025-12-03;22;93
25;2025-12-03;23;9
25;2025-12-04;0;2
25;2025-12-04;1;0
25;2025-12-04;2;0
25;2025-12-04;3;0
25;2025-12-04;4;0
25;2025-12-04;5;20
25;2025-12-04;6;248
25;2025-12-04;7;512
25;2025-12-04;8;873
25;2025-12-04;9;491
25;2025-12-04;10;410
25;2025-12-04;11;476
25;2025-12-04;12;466
25;2025-12-04;13;558
25;2025-12-04;14;480
25;2025-12-04;15;582
25;2025-12-04;16;671
25;2025-12-04;17;767
25;2025-12-04;18;801
25;2025-12-04;19;668
25;2025-12-04;20;332
25;2025-12-04;21;236
25;2025-12-04;22;90
25;2025-12-04;23;7
25;2025-12-05;0;2
25;2025-12-05;1;0
25;2025-12-05;2;0
25;2025-12-05;3;0
25;2025-12-05;4;0
25;2025-12-05;5;19
25;2025-12-05;6;250
25;2025-12-05;7;501
25;2025-12-05;8;823
25;2025-12-05;9;466
25;2025-12-05;10;399
25;2025-12-05;11;453
25;2025-12-05;12;451
25;2025-12-05;13;560
25;2025-12-05;14;477
25;2025-12-05;15;598
25;2025-12-05;16;744
25;2025-12-05;17;797
25;2025-12-05;18;664
25;2025-12-05;19;568
25;2025-12-05;20;324
25;2025-12-05;21;224
25;2025-12-05;22;88
25;2025-12-05;23;8
25;2025-12-06;0;4
25;2025-12-06;1;0
25;2025-12-06;2;0
25;2025-12-06;3;0
25;2025-12-06;4;0
25;2025-12-06;5;15
25;2025-12-06;6;106
25;2025-12-06;7;142
25;2025-12-06;8;327
25;2025-12-06;9;317
25;2025-12-06;10;312
25;2025-12-06;11;403
25;2025-12-06;12;427
25;2025-12-06;13;614
25;2025-12-06;14;628
25;2025-12-06;15;774
25;2025-12-06;16;674
25;2025-12-06;17;575
25;2025-12-06;18;484
25;2025-12-06;19;409
25;2025-12-06;20;220
25;2025-12-06;21;168
25;2025-12-06;22;89
25;2025-12-06;23;33
25;2025-12-07;0;11
25;2025-12-07;1;0
25;2025-12-07;2;0
25;2025-12-07;3;0
25;2025-12-07;4;0
25;2025-12-07;5;8
25;2025-12-07;6;101
25;2025-12-07;7;104
25;2025-12-07;8;192
25;2025-12-07;9;256
25;2025-12-07;10;225
25;2025-12-07;11;310
25;2025-12-07;12;360
25;2025-12-07;13;418
25;2025-12-07;14;472
25;2025-12-07;15;562
25;2025-12-07;16;462
25;2025-12-07;17;500
25;2025-12-07;18;376
25;2025-12-07;19;264
25;2025-12-07;20;207
25;2025-12-07;21;132
25;2025-12-07;22;79
25;2025-12-07;23;27
25;2025-12-08;0;2
25;2025-12-08;1;0
25;2025-12-08;2;0
25;2025-12-08;3;0
25;2025-12-08;4;0
25;2025-12-08;5;19
25;2025-12-08;6;238
25;2025-12-08;7;502
25;2025-12-08;8;843
25;2025-12-08;9;483
25;2025-12-08;10;364
25;2025-12-08;11;395
25;2025-12-08;12;404
25;2025-12-08;13;510
25;2025-12-08;14;411
25;2025-12-08;15;508
25;2025-12-08;16;656
25;2025-12-08;17;753
25;2025-12-08;18;753
25;2025-12-08;19;633
25;2025-12-08;20;332
25;2025-12-08;21;211
25;2025-12-08;22;73
25;2025-12-08;23;8
25;2025-12-09;0;2
25;2025-12-09;1;0
25;2025-12-09;2;0
25;2025-12-09;3;0
25;2025-12-09;4;0
25;2025-12-09;5;19
25;2025-12-09;6;237
25;2025-12-09;7;500
25;2025-12-09;8;852
25;2025-12-09;9;485
25;2025-12-09;10;404
25;2025-12-09;11;420
25;2025-12-09;12;425
25;2025-12-09;13;493
25;2025-12-09;14;422
25;2025-12-09;15;521
25;2025-12-09;16;635
25;2025-12-09;17;716
25;2025-12-09;18;730
25;2025-12-09;19;617
25;2025-12-09;20;324
25;2025-12-09;21;231
25;2025-12-09;22;89
25;2025-12-09;23;9
25;2025-12-10;0;3
25;2025-12-10;1;0
25;2025-12-10;2;0
25;2025-12-10;3;0
25;2025-12-10;4;0
25;2025-12-10;5;21
25;2025-12-10;6;258
25;2025-12-10;7;549
25;2025-12-10;8;937
25;2025-12-10;9;573
25;2025-12-10;10;446
25;2025-12-10;11;461
25;2025-12-10;12;449
25;2025-12-10;13;545
25;2025-12-10;14;452
25;2025-12-10;15;557
25;2025-12-10;16;665
25;2025-12-10;17;762
25;2025-12-10;18;778
25;2025-12-10;19;660
25;2025-12-10;20;349
25;2025-12-10;21;235
25;2025-12-10;22;91
25;2025-12-10;23;9
25;2025-12-11;0;3
25;2025-12-11;1;0
25;2025-12-11;2;0
25;2025-12-11;3;0
25;2025-12-11;4;0
25;2025-12-11;5;20
25;2025-12-11;6;268
25;2025-12-11;7;529
25;2025-12-11;8;906
25;2025-12-11;9;454
25;2025-12-11;10;386
25;2025-12-11;11;411
25;2025-12-11;12;430
25;2025-12-11;13;547
25;2025-12-11;14;521
25;2025-12-11;15;602
25;2025-12-11;16;728
25;2025-12-11;17;812
25;2025-12-11;18;806
25;2025-12-11;19;672
25;2025-12-11;20;349
25;2025-12-11;21;239
25;2025-12-11;22;85
25;2025-12-11;23;9
25;2025-12-12;0;3
25;2025-12-12;1;0
25;2025-12-12;2;0
25;2025-12-12;3;0
25;2025-12-12;4;0
25;2025-12-12;5;19
25;2025-12-12;6;264
25;2025-12-12;7;508
25;2025-12-12;8;928
25;2025-12-12;9;477
25;2025-12-12;10;430
25;2025-12-12;11;457
25;2025-12-12;12;441
25;2025-12-12;13;507
25;2025-12-12;14;442
25;2025-12-12;15;391
25;2025-12-12;16;515
25;2025-12-12;17;633
25;2025-12-12;18;651
25;2025-12-12;19;569
25;2025-12-12;20;318
25;2025-12-12;21;233
25;2025-12-12;22;90
25;2025-12-12;23;10
25;2025-12-13;0;5
25;2025-12-13;1;0
25;2025-12-13;2;0
25;2025-12-13;3;0
25;2025-12-13;4;0
25;2025-12-13;5;17
25;2025-12-13;6;167
25;2025-12-13;7;152
25;2025-12-13;8;357
25;2025-12-13;9;349
25;2025-12-13;10;364
25;2025-12-13;11;443
25;2025-12-13;12;462
25;2025-12-13;13;658
25;2025-12-13;14;670
25;2025-12-13;15;740
25;2025-12-13;16;668
25;2025-12-13;17;547
25;2025-12-13;18;507
25;2025-12-13;19;501
25;2025-12-13;20;239
25;2025-12-13;21;148
25;2025-12-13;22;113
25;2025-12-13;23;27
25;2025-12-14;0;9
25;2025-12-14;1;0
25;2025-12-14;2;0
25;2025-12-14;3;0
25;2025-12-14;4;0
25;2025-12-14;5;10
25;2025-12-14;6;105
25;2025-12-14;7;110
25;2025-12-14;8;221
25;2025-12-14;9;235
25;2025-12-14;10;233
25;2025-12-14;11;311
25;2025-12-14;12;363
25;2025-12-14;13;449
25;2025-12-14;14;533
25;2025-12-14;15;592
25;2025-12-14;16;500
25;2025-12-14;17;505
25;2025-12-14;18;412
25;2025-12-14;19;297
25;2025-12-14;20;233
25;2025-12-14;21;154
25;2025-12-14;22;94
25;2025-12-14;23;33
25;2025-12-15;0;3
25;2025-12-15;1;0
25;2025-12-15;2;0
25;2025-12-15;3;0
25;2025-12-15;4;0
25;2025-12-15;5;20
25;2025-12-15;6;256
25;2025-12-15;7;505
25;2025-12-15;8;867
25;2025-12-15;9;476
25;2025-12-15;10;377
25;2025-12-15;11;418
25;2025-12-15;12;420
25;2025-12-15;13;518
25;2025-12-15;14;430
25;2025-12-15;15;521
25;2025-12-15;16;654
25;2025-12-15;17;738
25;2025-12-15;18;756
25;2025-12-15;19;616
25;2025-12-15;20;319
25;2025-12-15;21;218
25;2025-12-15;22;88
25;2025-12-15;23;8
25;2025-12-16;0;3
25;2025-12-16;1;0
25;2025-12-16;2;0
25;2025-12-16;3;0
25;2025-12-16;4;0
25;2025-12-16;5;20
25;2025-12-16;6;253
25;2025-12-16;7;521
25;2025-12-16;8;896
25;2025-12-16;9;490
25;2025-12-16;10;402
25;2025-12-16;11;405
25;2025-12-16;12;392
25;2025-12-16;13;399
25;2025-12-16;14;342
25;2025-12-16;15;511
25;2025-12-16;16;607
25;2025-12-16;17;720
25;2025-12-16;18;711
25;2025-12-16;19;599
25;2025-12-16;20;321
25;2025-12-16;21;214
25;2025-12-16;22;82
25;2025-12-16;23;8
25;2025-12-17;0;2
25;2025-12-17;1;0
25;2025-12-17;2;0
25;2025-12-17;3;0
25;2025-12-17;4;0
25;2025-12-17;5;19
25;2025-12-17;6;242
25;2025-12-17;7;509
25;2025-12-17;8;863
25;2025-12-17;9;489
25;2025-12-17;10;416
25;2025-12-17;11;453
25;2025-12-17;12;448
25;2025-12-17;13;552
25;2025-12-17;14;441
25;2025-12-17;15;564
25;2025-12-17;16;668
25;2025-12-17;17;779
25;2025-12-17;18;783
25;2025-12-17;19;691
25;2025-12-17;20;353
25;2025-12-17;21;230
25;2025-12-17;22;88
25;2025-12-17;23;9
25;2025-12-18;0;3
25;2025-12-18;1;0
25;2025-12-18;2;0
25;2025-12-18;3;0
25;2025-12-18;4;0
25;2025-12-18;5;20
25;2025-12-18;6;265
25;2025-12-18;7;523
25;2025-12-18;8;894
25;2025-12-18;9;504
25;2025-12-18;10;428
25;2025-12-18;11;484
25;2025-12-18;12;471
25;2025-12-18;13;556
25;2025-12-18;14;475
25;2025-12-18;15;568
25;2025-12-18;16;662
25;2025-12-18;17;769
25;2025-12-18;18;804
25;2025-12-18;19;668
25;2025-12-18;20;340
25;2025-12-18;21;238
25;2025-12-18;22;89
25;2025-12-18;23;9
25;2025-12-19;0;3
25;2025-12-19;1;0
25;2025-12-19;2;0
25;2025-12-19;3;0
25;2025-12-19;4;0
25;2025-12-19;5;20
25;2025-12-19;6;252
25;2025-12-19;7;501
25;2025-12-19;8;828
25;2025-12-19;9;457
25;2025-12-19;10;392
25;2025-12-19;11;434
25;2025-12-19;12;431
25;2025-12-19;13;528
25;2025-12-19;14;439
25;2025-12-19;15;561
25;2025-12-19;16;691
25;2025-12-19;17;774
25;2025-12-19;18;693
25;2025-12-19;19;546
25;2025-12-19;20;290
25;2025-12-19;21;217
25;2025-12-19;22;89
25;2025-12-19;23;9
25;2025-12-20;0;4
25;2025-12-20;1;0
25;2025-12-20;2;0
25;2025-12-20;3;0
25;2025-12-20;4;0
25;2025-12-20;5;18
25;2025-12-20;6;125
25;2025-12-20;7;154
25;2025-12-20;8;316
25;2025-12-20;9;311
25;2025-12-20;10;299
25;2025-12-20;11;386
25;2025-12-20;12;410
25;2025-12-20;13;599
25;2025-12-20;14;584
25;2025-12-20;15;663
25;2025-12-20;16;617
25;2025-12-20;17;557
25;2025-12-20;18;485
25;2025-12-20;19;436
25;2025-12-20;20;256
25;2025-12-20;21;169
25;2025-12-20;22;89
25;2025-12-20;23;35
25;2025-12-21;0;12
25;2025-12-21;1;0
25;2025-12-21;2;0
25;2025-12-21;3;0
25;2025-12-21;4;0
25;2025-12-21;5;8
25;2025-12-21;6;94
25;2025-12-21;7;102
25;2025-12-21;8;189
25;2025-12-21;9;231
25;2025-12-21;10;211
25;2025-12-21;11;290
25;2025-12-21;12;341
25;2025-12-21;13;414
25;2025-12-21;14;480
25;2025-12-21;15;553
25;2025-12-21;16;446
25;2025-12-21;17;487
25;2025-12-21;18;350
25;2025-12-21;19;239
25;2025-12-21;20;190
25;2025-12-21;21;120
25;2025-12-21;22;77
25;2025-12-21;23;26
25;2025-12-22;0;3
25;2025-12-22;1;0
25;2025-12-22;2;0
25;2025-12-22;3;0
25;2025-12-22;4;0
25;2025-12-22;5;17
25;2025-12-22;6;239
25;2025-12-22;7;485
25;2025-12-22;8;891
25;2025-12-22;9;539
25;2025-12-22;10;377
25;2025-12-22;11;425
25;2025-12-22;12;383
25;2025-12-22;13;535
25;2025-12-22;14;435
25;2025-12-22;15;491
25;2025-12-22;16;666
25;2025-12-22;17;751
25;2025-12-22;18;713
25;2025-12-22;19;593
25;2025-12-22;20;304
25;2025-12-22;21;230
25;2025-12-22;22;92
25;2025-12-22;23;9
25;2025-12-23;0;3
25;2025-12-23;1;0
25;2025-12-23;2;0
25;2025-12-23;3;0
25;2025-12-23;4;1
25;2025-12-23;5;20
25;2025-12-23;6;259
25;2025-12-23;7;555
25;2025-12-23;8;947
25;2025-12-23;9;511
25;2025-12-23;10;406
25;2025-12-23;11;441
25;2025-12-23;12;443
25;2025-12-23;13;528
25;2025-12-23;14;448
25;2025-12-23;15;544
25;2025-12-23;16;678
25;2025-12-23;17;765
25;2025-12-23;18;821
25;2025-12-23;19;652
25;2025-12-23;20;334
25;2025-12-23;21;236
25;2025-12-23;22;96
25;2025-12-23;23;9
25;2025-12-24;0;3
25;2025-12-24;1;1
25;2025-12-24;2;0
25;2025-12-24;3;0
25;2025-12-24;4;1
25;2025-12-24;5;21
25;2025-12-24;6;272
25;2025-12-24;7;547
25;2025-12-24;8;936
25;2025-12-24;9;506
25;2025-12-24;10;420
25;2025-12-24;11;456
25;2025-12-24;12;474
25;2025-12-24;13;567
25;2025-12-24;14;452
25;2025-12-24;15;624
25;2025-12-24;16;669
25;2025-12-24;17;799
25;2025-12-24;18;821
25;2025-12-24;19;663
25;2025-12-24;20;331
25;2025-12-24;21;249
25;2025-12-24;22;99
25;2025-12-24;23;10
25;2025-12-25;0;3
25;2025-12-25;1;0
25;2025-12-25;2;0
25;2025-12-25;3;0
25;2025-12-25;4;0
25;2025-12-25;5;20
25;2025-12-25;6;251
25;2025-12-25;7;532
25;2025-12-25;8;900
25;2025-12-25;9;505
25;2025-12-25;10;412
25;2025-12-25;11;469
25;2025-12-25;12;465
25;2025-12-25;13;559
25;2025-12-25;14;481
25;2025-12-25;15;576
25;2025-12-25;16;678
25;2025-12-25;17;709
25;2025-12-25;18;600
25;2025-12-25;19;577
25;2025-12-25;20;264
25;2025-12-25;21;232
25;2025-12-25;22;81
25;2025-12-25;23;7
25;2025-12-26;0;3
25;2025-12-26;1;0
25;2025-12-26;2;0
25;2025-12-26;3;0
25;2025-12-26;4;0
25;2025-12-26;5;21
25;2025-12-26;6;283
25;2025-12-26;7;541
25;2025-12-26;8;873
25;2025-12-26;9;500
25;2025-12-26;10;393
25;2025-12-26;11;384
25;2025-12-26;12;387
25;2025-12-26;13;415
25;2025-12-26;14;441
25;2025-12-26;15;504
25;2025-12-26;16;640
25;2025-12-26;17;639
25;2025-12-26;18;587
25;2025-12-26;19;483
25;2025-12-26;20;272
25;2025-12-26;21;194
25;2025-12-26;22;87
25;2025-12-26;23;9
25;2025-12-27;0;5
25;2025-12-27;1;0
25;2025-12-27;2;0
25;2025-12-27;3;0
25;2025-12-27;4;0
25;2025-12-27;5;19
25;2025-12-27;6;146
25;2025-12-27;7;157
25;2025-12-27;8;302
25;2025-12-27;9;286
25;2025-12-27;10;301
25;2025-12-27;11;391
25;2025-12-27;12;409
25;2025-12-27;13;588
25;2025-12-27;14;575
25;2025-12-27;15;663
25;2025-12-27;16;625
25;2025-12-27;17;535
25;2025-12-27;18;491
25;2025-12-27;19;418
25;2025-12-27;20;233
25;2025-12-27;21;180
25;2025-12-27;22;105
25;2025-12-27;23;40
25;2025-12-28;0;10
25;2025-12-28;1;0
25;2025-12-28;2;0
25;2025-12-28;3;0
25;2025-12-28;4;0
25;2025-12-28;5;11
25;2025-12-28;6;96
25;2025-12-28;7;103
25;2025-12-28;8;186
25;2025-12-28;9;232
25;2025-12-28;10;226
25;2025-12-28;11;296
25;2025-12-28;12;366
25;2025-12-28;13;444
25;2025-12-28;14;494
25;2025-12-28;15;578
25;2025-12-28;16;476
25;2025-12-28;17;494
25;2025-12-28;18;380
25;2025-12-28;19;265
25;2025-12-28;20;223
25;2025-12-28;21;151
25;2025-12-28;22;95
25;2025-12-28;23;30
25;2025-12-29;0;3
25;2025-12-29;1;0
25;2025-12-29;2;0
25;2025-12-29;3;0
25;2025-12-29;4;0
25;2025-12-29;5;21
25;2025-12-29;6;244
25;2025-12-29;7;507
25;2025-12-29;8;913
25;2025-12-29;9;508
25;2025-12-29;10;398
25;2025-12-29;11;409
25;2025-12-29;12;408
25;2025-12-29;13;475
25;2025-12-29;14;402
25;2025-12-29;15;505
25;2025-12-29;16;585
25;2025-12-29;17;669
25;2025-12-29;18;736
25;2025-12-29;19;594
25;2025-12-29;20;308
25;2025-12-29;21;226
25;2025-12-29;22;91
25;2025-12-29;23;9
25;2025-12-30;0;3
25;2025-12-30;1;0
25;2025-12-30;2;0
25;2025-12-30;3;0
25;2025-12-30;4;0
25;2025-12-30;5;20
25;2025-12-30;6;241
25;2025-12-30;7;516
25;2025-12-30;8;903
25;2025-12-30;9;497
25;2025-12-30;10;395
25;2025-12-30;11;393
25;2025-12-30;12;414
25;2025-12-30;13;394
25;2025-12-30;14;388
25;2025-12-30;15;547
25;2025-12-30;16;580
25;2025-12-30;17;685
25;2025-12-30;18;715
25;2025-12-30;19;560
25;2025-12-30;20;281
25;2025-12-30;21;221
25;2025-12-30;22;92
25;2025-12-30;23;9
25;2025-12-31;0;11
25;2025-12-31;1;0
25;2025-12-31;2;0
25;2025-12-31;3;0
25;2025-12-31;4;0
25;2025-12-31;5;12
25;2025-12-31;6;94
25;2025-12-31;7;108
25;2025-12-31;8;207
25;2025-12-31;9;242
25;2025-12-31;10;231
25;2025-12-31;11;314
25;2025-12-31;12;390
25;2025-12-31;13;441
25;2025-12-31;14;522
25;2025-12-31;15;610
25;2025-12-31;16;529
25;2025-12-31;17;559
25;2025-12-31;18;422
25;2025-12-31;19;316
25;2025-12-31;20;242
25;2025-12-31;21;153
25;2025-12-31;22;102
25;2025-12-31;23;36
26;2025-11-01;0;33
26;2025-11-01;1;2
26;2025-11-01;2;0
26;2025-11-01;3;0
26;2025-11-01;4;2
26;2025-11-01;5;98
26;2025-11-01;6;479
26;2025-11-01;7;1037
26;2025-11-01;8;1983
26;2025-11-01;9;1403
26;2025-11-01;10;1321
26;2025-11-01;11;1202
26;2025-11-01;12;1221
26;2025-11-01;13;1279
26;2025-11-01;14;1435
26;2025-11-01;15;1516
26;2025-11-01;16;1554
26;2025-11-01;17;1711
26;2025-11-01;18;1611
26;2025-11-01;19;1142
26;2025-11-01;20;737
26;2025-11-01;21;496
26;2025-11-01;22;224
26;2025-11-01;23;145
26;2025-11-02;0;44
26;2025-11-02;1;3
26;2025-11-02;2;0
26;2025-11-02;3;0
26;2025-11-02;4;1
26;2025-11-02;5;18
26;2025-11-02;6;151
26;2025-11-02;7;245
26;2025-11-02;8;376
26;2025-11-02;9;539
26;2025-11-02;10;592
26;2025-11-02;11;811
26;2025-11-02;12;815
26;2025-11-02;13;850
26;2025-11-02;14;877
26;2025-11-02;15;797
26;2025-11-02;16;751
26;2025-11-02;17;733
26;2025-11-02;18;649
26;2025-11-02;19;481
26;2025-11-02;20;366
26;2025-11-02;21;244
26;2025-11-02;22;133
26;2025-11-02;23;87
26;2025-11-03;0;37
26;2025-11-03;1;2
26;2025-11-03;2;0
26;2025-11-03;3;0
26;2025-11-03;4;1
26;2025-11-03;5;21
26;2025-11-03;6;149
26;2025-11-03;7;239
26;2025-11-03;8;409
26;2025-11-03;9;507
26;2025-11-03;10;546
26;2025-11-03;11;600
26;2025-11-03;12;626
26;2025-11-03;13;633
26;2025-11-03;14;632
26;2025-11-03;15;575
26;2025-11-03;16;724
26;2025-11-03;17;725
26;2025-11-03;18;704
26;2025-11-03;19;524
26;2025-11-03;20;379
26;2025-11-03;21;245
26;2025-11-03;22;139
26;2025-11-03;23;83
26;2025-11-04;0;40
26;2025-11-04;1;3
26;2025-11-04;2;0
26;2025-11-04;3;0
26;2025-11-04;4;1
26;2025-11-04;5;21
26;2025-11-04;6;178
26;2025-11-04;7;267
26;2025-11-04;8;325
26;2025-11-04;9;408
26;2025-11-04;10;408
26;2025-11-04;11;477
26;2025-11-04;12;490
26;2025-11-04;13;500
26;2025-11-04;14;651
26;2025-11-04;15;686
26;2025-11-04;16;681
26;2025-11-04;17;757
26;2025-11-04;18;701
26;2025-11-04;19;575
26;2025-11-04;20;414
26;2025-11-04;21;302
26;2025-11-04;22;177
26;2025-11-04;23;120
26;2025-11-05;0;30
26;2025-11-05;1;1
26;2025-11-05;2;0
26;2025-11-05;3;0
26;2025-11-05;4;2
26;2025-11-05;5;90
26;2025-11-05;6;454
26;2025-11-05;7;1051
26;2025-11-05;8;2346
26;2025-11-05;9;1478
26;2025-11-05;10;1273
26;2025-11-05;11;1148
26;2025-11-05;12;1188
26;2025-11-05;13;1281
26;2025-11-05;14;1282
26;2025-11-05;15;1367
26;2025-11-05;16;1465
26;2025-11-05;17;1728
26;2025-11-05;18;1928
26;2025-11-05;19;1232
26;2025-11-05;20;723
26;2025-11-05;21;472
26;2025-11-05;22;186
26;2025-11-05;23;121
26;2025-11-06;0;32
26;2025-11-06;1;1
26;2025-11-06;2;0
26;2025-11-06;3;0
26;2025-11-06;4;2
26;2025-11-06;5;92
26;2025-11-06;6;451
26;2025-11-06;7;1038
26;2025-11-06;8;2294
26;2025-11-06;9;1489
26;2025-11-06;10;1310
26;2025-11-06;11;1090
26;2025-11-06;12;1272
26;2025-11-06;13;1248
26;2025-11-06;14;1380
26;2025-11-06;15;1207
26;2025-11-06;16;1492
26;2025-11-06;17;1713
26;2025-11-06;18;1906
26;2025-11-06;19;1200
26;2025-11-06;20;746
26;2025-11-06;21;481
26;2025-11-06;22;192
26;2025-11-06;23;128
26;2025-11-07;0;31
26;2025-11-07;1;1
26;2025-11-07;2;0
26;2025-11-07;3;0
26;2025-11-07;4;1
26;2025-11-07;5;94
26;2025-11-07;6;440
26;2025-11-07;7;1047
26;2025-11-07;8;2253
26;2025-11-07;9;1316
26;2025-11-07;10;1298
26;2025-11-07;11;1153
26;2025-11-07;12;1180
26;2025-11-07;13;1227
26;2025-11-07;14;1335
26;2025-11-07;15;1411
26;2025-11-07;16;1622
26;2025-11-07;17;1880
26;2025-11-07;18;1417
26;2025-11-07;19;1055
26;2025-11-07;20;618
26;2025-11-07;21;420
26;2025-11-07;22;173
26;2025-11-07;23;140
26;2025-11-08;0;47
26;2025-11-08;1;2
26;2025-11-08;2;0
26;2025-11-08;3;0
26;2025-11-08;4;1
26;2025-11-08;5;47
26;2025-11-08;6;231
26;2025-11-08;7;334
26;2025-11-08;8;575
26;2025-11-08;9;671
26;2025-11-08;10;853
26;2025-11-08;11;1017
26;2025-11-08;12;1059
26;2025-11-08;13;1101
26;2025-11-08;14;1108
26;2025-11-08;15;1019
26;2025-11-08;16;1090
26;2025-11-08;17;986
26;2025-11-08;18;879
26;2025-11-08;19;723
26;2025-11-08;20;484
26;2025-11-08;21;350
26;2025-11-08;22;175
26;2025-11-08;23;142
26;2025-11-09;0;42
26;2025-11-09;1;3
26;2025-11-09;2;0
26;2025-11-09;3;0
26;2025-11-09;4;1
26;2025-11-09;5;18
26;2025-11-09;6;148
26;2025-11-09;7;234
26;2025-11-09;8;337
26;2025-11-09;9;526
26;2025-11-09;10;579
26;2025-11-09;11;789
26;2025-11-09;12;735
26;2025-11-09;13;775
26;2025-11-09;14;810
26;2025-11-09;15;719
26;2025-11-09;16;694
26;2025-11-09;17;705
26;2025-11-09;18;621
26;2025-11-09;19;456
26;2025-11-09;20;353
26;2025-11-09;21;240
26;2025-11-09;22;131
26;2025-11-09;23;84
26;2025-11-10;0;29
26;2025-11-10;1;1
26;2025-11-10;2;0
26;2025-11-10;3;0
26;2025-11-10;4;2
26;2025-11-10;5;93
26;2025-11-10;6;472
26;2025-11-10;7;1109
26;2025-11-10;8;2236
26;2025-11-10;9;1502
26;2025-11-10;10;1266
26;2025-11-10;11;1071
26;2025-11-10;12;1125
26;2025-11-10;13;1201
26;2025-11-10;14;1300
26;2025-11-10;15;1313
26;2025-11-10;16;1450
26;2025-11-10;17;1673
26;2025-11-10;18;1835
26;2025-11-10;19;1248
26;2025-11-10;20;713
26;2025-11-10;21;463
26;2025-11-10;22;176
26;2025-11-10;23;103
26;2025-11-11;0;29
26;2025-11-11;1;1
26;2025-11-11;2;0
26;2025-11-11;3;0
26;2025-11-11;4;2
26;2025-11-11;5;93
26;2025-11-11;6;479
26;2025-11-11;7;1076
26;2025-11-11;8;2207
26;2025-11-11;9;1484
26;2025-11-11;10;1268
26;2025-11-11;11;1103
26;2025-11-11;12;1147
26;2025-11-11;13;1193
26;2025-11-11;14;1358
26;2025-11-11;15;1377
26;2025-11-11;16;1511
26;2025-11-11;17;1764
26;2025-11-11;18;1914
26;2025-11-11;19;1268
26;2025-11-11;20;709
26;2025-11-11;21;472
26;2025-11-11;22;191
26;2025-11-11;23;120
26;2025-11-12;0;30
26;2025-11-12;1;1
26;2025-11-12;2;0
26;2025-11-12;3;0
26;2025-11-12;4;2
26;2025-11-12;5;92
26;2025-11-12;6;457
26;2025-11-12;7;1106
26;2025-11-12;8;2284
26;2025-11-12;9;1494
26;2025-11-12;10;1309
26;2025-11-12;11;1183
26;2025-11-12;12;1281
26;2025-11-12;13;1207
26;2025-11-12;14;1323
26;2025-11-12;15;1343
26;2025-11-12;16;1490
26;2025-11-12;17;1669
26;2025-11-12;18;1943
26;2025-11-12;19;1243
26;2025-11-12;20;740
26;2025-11-12;21;496
26;2025-11-12;22;188
26;2025-11-12;23;124
26;2025-11-13;0;33
26;2025-11-13;1;1
26;2025-11-13;2;0
26;2025-11-13;3;0
26;2025-11-13;4;2
26;2025-11-13;5;92
26;2025-11-13;6;471
26;2025-11-13;7;1088
26;2025-11-13;8;2180
26;2025-11-13;9;1537
26;2025-11-13;10;1240
26;2025-11-13;11;1127
26;2025-11-13;12;1158
26;2025-11-13;13;1206
26;2025-11-13;14;1352
26;2025-11-13;15;1396
26;2025-11-13;16;1464
26;2025-11-13;17;1705
26;2025-11-13;18;1866
26;2025-11-13;19;1213
26;2025-11-13;20;734
26;2025-11-13;21;494
26;2025-11-13;22;195
26;2025-11-13;23;127
26;2025-11-14;0;31
26;2025-11-14;1;1
26;2025-11-14;2;0
26;2025-11-14;3;0
26;2025-11-14;4;2
26;2025-11-14;5;95
26;2025-11-14;6;488
26;2025-11-14;7;991
26;2025-11-14;8;2168
26;2025-11-14;9;1444
26;2025-11-14;10;1173
26;2025-11-14;11;1171
26;2025-11-14;12;1206
26;2025-11-14;13;1235
26;2025-11-14;14;1314
26;2025-11-14;15;1333
26;2025-11-14;16;1571
26;2025-11-14;17;1737
26;2025-11-14;18;1380
26;2025-11-14;19;1000
26;2025-11-14;20;645
26;2025-11-14;21;456
26;2025-11-14;22;217
26;2025-11-14;23;147
26;2025-11-15;0;61
26;2025-11-15;1;2
26;2025-11-15;2;0
26;2025-11-15;3;0
26;2025-11-15;4;2
26;2025-11-15;5;48
26;2025-11-15;6;226
26;2025-11-15;7;352
26;2025-11-15;8;567
26;2025-11-15;9;612
26;2025-11-15;10;727
26;2025-11-15;11;788
26;2025-11-15;12;1006
26;2025-11-15;13;998
26;2025-11-15;14;1060
26;2025-11-15;15;934
26;2025-11-15;16;954
26;2025-11-15;17;896
26;2025-11-15;18;896
26;2025-11-15;19;783
26;2025-11-15;20;577
26;2025-11-15;21;354
26;2025-11-15;22;194
26;2025-11-15;23;154
26;2025-11-16;0;49
26;2025-11-16;1;2
26;2025-11-16;2;0
26;2025-11-16;3;0
26;2025-11-16;4;1
26;2025-11-16;5;20
26;2025-11-16;6;155
26;2025-11-16;7;270
26;2025-11-16;8;399
26;2025-11-16;9;543
26;2025-11-16;10;633
26;2025-11-16;11;872
26;2025-11-16;12;874
26;2025-11-16;13;875
26;2025-11-16;14;761
26;2025-11-16;15;701
26;2025-11-16;16;682
26;2025-11-16;17;667
26;2025-11-16;18;622
26;2025-11-16;19;467
26;2025-11-16;20;374
26;2025-11-16;21;262
26;2025-11-16;22;143
26;2025-11-16;23;94
26;2025-11-17;0;30
26;2025-11-17;1;1
26;2025-11-17;2;0
26;2025-11-17;3;0
26;2025-11-17;4;2
26;2025-11-17;5;94
26;2025-11-17;6;480
26;2025-11-17;7;1098
26;2025-11-17;8;2210
26;2025-11-17;9;1507
26;2025-11-17;10;1171
26;2025-11-17;11;976
26;2025-11-17;12;1044
26;2025-11-17;13;1048
26;2025-11-17;14;1211
26;2025-11-17;15;1290
26;2025-11-17;16;1517
26;2025-11-17;17;1783
26;2025-11-17;18;1850
26;2025-11-17;19;1250
26;2025-11-17;20;717
26;2025-11-17;21;456
26;2025-11-17;22;172
26;2025-11-17;23;113
26;2025-11-18;0;28
26;2025-11-18;1;1
26;2025-11-18;2;0
26;2025-11-18;3;0
26;2025-11-18;4;2
26;2025-11-18;5;99
26;2025-11-18;6;450
26;2025-11-18;7;967
26;2025-11-18;8;1687
26;2025-11-18;9;1207
26;2025-11-18;10;951
26;2025-11-18;11;873
26;2025-11-18;12;856
26;2025-11-18;13;876
26;2025-11-18;14;1060
26;2025-11-18;15;1117
26;2025-11-18;16;1436
26;2025-11-18;17;1683
26;2025-11-18;18;1805
26;2025-11-18;19;1181
26;2025-11-18;20;742
26;2025-11-18;21;514
26;2025-11-18;22;213
26;2025-11-18;23;131
26;2025-11-19;0;32
26;2025-11-19;1;1
26;2025-11-19;2;0
26;2025-11-19;3;0
26;2025-11-19;4;2
26;2025-11-19;5;98
26;2025-11-19;6;499
26;2025-11-19;7;1140
26;2025-11-19;8;2331
26;2025-11-19;9;1486
26;2025-11-19;10;1298
26;2025-11-19;11;1165
26;2025-11-19;12;1180
26;2025-11-19;13;1186
26;2025-11-19;14;1307
26;2025-11-19;15;1375
26;2025-11-19;16;1480
26;2025-11-19;17;1697
26;2025-11-19;18;1862
26;2025-11-19;19;1263
26;2025-11-19;20;772
26;2025-11-19;21;529
26;2025-11-19;22;211
26;2025-11-19;23;132
26;2025-11-20;0;34
26;2025-11-20;1;1
26;2025-11-20;2;0
26;2025-11-20;3;0
26;2025-11-20;4;2
26;2025-11-20;5;94
26;2025-11-20;6;485
26;2025-11-20;7;1142
26;2025-11-20;8;2271
26;2025-11-20;9;1482
26;2025-11-20;10;1277
26;2025-11-20;11;1145
26;2025-11-20;12;1183
26;2025-11-20;13;1172
26;2025-11-20;14;1312
26;2025-11-20;15;1294
26;2025-11-20;16;1390
26;2025-11-20;17;1601
26;2025-11-20;18;1849
26;2025-11-20;19;1251
26;2025-11-20;20;758
26;2025-11-20;21;508
26;2025-11-20;22;209
26;2025-11-20;23;133
26;2025-11-21;0;33
26;2025-11-21;1;1
26;2025-11-21;2;0
26;2025-11-21;3;0
26;2025-11-21;4;2
26;2025-11-21;5;99
26;2025-11-21;6;485
26;2025-11-21;7;1061
26;2025-11-21;8;2238
26;2025-11-21;9;1523
26;2025-11-21;10;1280
26;2025-11-21;11;1158
26;2025-11-21;12;1189
26;2025-11-21;13;1187
26;2025-11-21;14;1334
26;2025-11-21;15;1365
26;2025-11-21;16;1558
26;2025-11-21;17;1762
26;2025-11-21;18;1620
26;2025-11-21;19;1129
26;2025-11-21;20;699
26;2025-11-21;21;508
26;2025-11-21;22;231
26;2025-11-21;23;157
26;2025-11-22;0;51
26;2025-11-22;1;2
26;2025-11-22;2;0
26;2025-11-22;3;0
26;2025-11-22;4;2
26;2025-11-22;5;48
26;2025-11-22;6;229
26;2025-11-22;7;384
26;2025-11-22;8;583
26;2025-11-22;9;723
26;2025-11-22;10;839
26;2025-11-22;11;973
26;2025-11-22;12;1049
26;2025-11-22;13;1028
26;2025-11-22;14;1023
26;2025-11-22;15;948
26;2025-11-22;16;970
26;2025-11-22;17;869
26;2025-11-22;18;872
26;2025-11-22;19;750
26;2025-11-22;20;518
26;2025-11-22;21;322
26;2025-11-22;22;191
26;2025-11-22;23;148
26;2025-11-23;0;51
26;2025-11-23;1;3
26;2025-11-23;2;0
26;2025-11-23;3;0
26;2025-11-23;4;1
26;2025-11-23;5;20
26;2025-11-23;6;160
26;2025-11-23;7;269
26;2025-11-23;8;408
26;2025-11-23;9;612
26;2025-11-23;10;637
26;2025-11-23;11;955
26;2025-11-23;12;901
26;2025-11-23;13;955
26;2025-11-23;14;928
26;2025-11-23;15;844
26;2025-11-23;16;773
26;2025-11-23;17;776
26;2025-11-23;18;758
26;2025-11-23;19;555
26;2025-11-23;20;405
26;2025-11-23;21;267
26;2025-11-23;22;136
26;2025-11-23;23;94
26;2025-11-24;0;31
26;2025-11-24;1;1
26;2025-11-24;2;0
26;2025-11-24;3;0
26;2025-11-24;4;2
26;2025-11-24;5;91
26;2025-11-24;6;421
26;2025-11-24;7;984
26;2025-11-24;8;1946
26;2025-11-24;9;1311
26;2025-11-24;10;1341
26;2025-11-24;11;905
26;2025-11-24;12;1065
26;2025-11-24;13;1145
26;2025-11-24;14;1190
26;2025-11-24;15;1258
26;2025-11-24;16;1523
26;2025-11-24;17;1776
26;2025-11-24;18;1882
26;2025-11-24;19;1267
26;2025-11-24;20;740
26;2025-11-24;21;455
26;2025-11-24;22;193
26;2025-11-24;23;117
26;2025-11-25;0;30
26;2025-11-25;1;1
26;2025-11-25;2;0
26;2025-11-25;3;0
26;2025-11-25;4;2
26;2025-11-25;5;98
26;2025-11-25;6;517
26;2025-11-25;7;1157
26;2025-11-25;8;2395
26;2025-11-25;9;1534
26;2025-11-25;10;1330
26;2025-11-25;11;1156
26;2025-11-25;12;1170
26;2025-11-25;13;1189
26;2025-11-25;14;1298
26;2025-11-25;15;1335
26;2025-11-25;16;1519
26;2025-11-25;17;1688
26;2025-11-25;18;1839
26;2025-11-25;19;1259
26;2025-11-25;20;741
26;2025-11-25;21;467
26;2025-11-25;22;198
26;2025-11-25;23;120
26;2025-11-26;0;34
26;2025-11-26;1;1
26;2025-11-26;2;0
26;2025-11-26;3;0
26;2025-11-26;4;2
26;2025-11-26;5;97
26;2025-11-26;6;492
26;2025-11-26;7;1148
26;2025-11-26;8;2238
26;2025-11-26;9;1537
26;2025-11-26;10;1277
26;2025-11-26;11;1157
26;2025-11-26;12;1244
26;2025-11-26;13;1253
26;2025-11-26;14;1329
26;2025-11-26;15;1413
26;2025-11-26;16;1524
26;2025-11-26;17;1904
26;2025-11-26;18;1922
26;2025-11-26;19;1285
26;2025-11-26;20;776
26;2025-11-26;21;518
26;2025-11-26;22;212
26;2025-11-26;23;132
26;2025-11-27;0;32
26;2025-11-27;1;1
26;2025-11-27;2;0
26;2025-11-27;3;0
26;2025-11-27;4;2
26;2025-11-27;5;92
26;2025-11-27;6;449
26;2025-11-27;7;1047
26;2025-11-27;8;2295
26;2025-11-27;9;1504
26;2025-11-27;10;1286
26;2025-11-27;11;1150
26;2025-11-27;12;1207
26;2025-11-27;13;1237
26;2025-11-27;14;1369
26;2025-11-27;15;1411
26;2025-11-27;16;1529
26;2025-11-27;17;1776
26;2025-11-27;18;1895
26;2025-11-27;19;1247
26;2025-11-27;20;756
26;2025-11-27;21;507
26;2025-11-27;22;214
26;2025-11-27;23;135
26;2025-11-28;0;30
26;2025-11-28;1;1
26;2025-11-28;2;0
26;2025-11-28;3;0
26;2025-11-28;4;2
26;2025-11-28;5;92
26;2025-11-28;6;449
26;2025-11-28;7;1056
26;2025-11-28;8;2170
26;2025-11-28;9;1495
26;2025-11-28;10;1285
26;2025-11-28;11;1154
26;2025-11-28;12;1165
26;2025-11-28;13;1171
26;2025-11-28;14;1316
26;2025-11-28;15;1368
26;2025-11-28;16;1575
26;2025-11-28;17;1765
26;2025-11-28;18;1513
26;2025-11-28;19;1108
26;2025-11-28;20;695
26;2025-11-28;21;473
26;2025-11-28;22;221
26;2025-11-28;23;147
26;2025-11-29;0;52
26;2025-11-29;1;2
26;2025-11-29;2;0
26;2025-11-29;3;0
26;2025-11-29;4;1
26;2025-11-29;5;49
26;2025-11-29;6;240
26;2025-11-29;7;380
26;2025-11-29;8;655
26;2025-11-29;9;703
26;2025-11-29;10;840
26;2025-11-29;11;989
26;2025-11-29;12;1064
26;2025-11-29;13;1017
26;2025-11-29;14;1001
26;2025-11-29;15;889
26;2025-11-29;16;944
26;2025-11-29;17;876
26;2025-11-29;18;871
26;2025-11-29;19;745
26;2025-11-29;20;530
26;2025-11-29;21;339
26;2025-11-29;22;186
26;2025-11-29;23;142
26;2025-11-30;0;45
26;2025-11-30;1;2
26;2025-11-30;2;0
26;2025-11-30;3;0
26;2025-11-30;4;1
26;2025-11-30;5;19
26;2025-11-30;6;146
26;2025-11-30;7;239
26;2025-11-30;8;374
26;2025-11-30;9;621
26;2025-11-30;10;664
26;2025-11-30;11;848
26;2025-11-30;12;873
26;2025-11-30;13;903
26;2025-11-30;14;858
26;2025-11-30;15;718
26;2025-11-30;16;685
26;2025-11-30;17;730
26;2025-11-30;18;703
26;2025-11-30;19;474
26;2025-11-30;20;340
26;2025-11-30;21;239
26;2025-11-30;22;128
26;2025-11-30;23;86
26;2025-12-01;0;30
26;2025-12-01;1;1
26;2025-12-01;2;0
26;2025-12-01;3;0
26;2025-12-01;4;1
26;2025-12-01;5;93
26;2025-12-01;6;460
26;2025-12-01;7;1061
26;2025-12-01;8;2183
26;2025-12-01;9;1508
26;2025-12-01;10;1306
26;2025-12-01;11;1099
26;2025-12-01;12;1154
26;2025-12-01;13;1184
26;2025-12-01;14;1277
26;2025-12-01;15;1318
26;2025-12-01;16;1417
26;2025-12-01;17;1671
26;2025-12-01;18;1874
26;2025-12-01;19;1260
26;2025-12-01;20;734
26;2025-12-01;21;464
26;2025-12-01;22;187
26;2025-12-01;23;107
26;2025-12-02;0;29
26;2025-12-02;1;1
26;2025-12-02;2;0
26;2025-12-02;3;0
26;2025-12-02;4;2
26;2025-12-02;5;93
26;2025-12-02;6;480
26;2025-12-02;7;1098
26;2025-12-02;8;2270
26;2025-12-02;9;1493
26;2025-12-02;10;1274
26;2025-12-02;11;1118
26;2025-12-02;12;1143
26;2025-12-02;13;1191
26;2025-12-02;14;1338
26;2025-12-02;15;1365
26;2025-12-02;16;1526
26;2025-12-02;17;1745
26;2025-12-02;18;1914
26;2025-12-02;19;1294
26;2025-12-02;20;722
26;2025-12-02;21;472
26;2025-12-02;22;203
26;2025-12-02;23;128
26;2025-12-03;0;31
26;2025-12-03;1;1
26;2025-12-03;2;0
26;2025-12-03;3;0
26;2025-12-03;4;2
26;2025-12-03;5;93
26;2025-12-03;6;481
26;2025-12-03;7;1107
26;2025-12-03;8;2278
26;2025-12-03;9;1497
26;2025-12-03;10;1270
26;2025-12-03;11;1157
26;2025-12-03;12;1196
26;2025-12-03;13;1215
26;2025-12-03;14;1343
26;2025-12-03;15;1365
26;2025-12-03;16;1452
26;2025-12-03;17;1714
26;2025-12-03;18;1869
26;2025-12-03;19;1250
26;2025-12-03;20;757
26;2025-12-03;21;516
26;2025-12-03;22;209
26;2025-12-03;23;130
26;2025-12-04;0;33
26;2025-12-04;1;1
26;2025-12-04;2;0
26;2025-12-04;3;0
26;2025-12-04;4;2
26;2025-12-04;5;93
26;2025-12-04;6;471
26;2025-12-04;7;1052
26;2025-12-04;8;2147
26;2025-12-04;9;1489
26;2025-12-04;10;1250
26;2025-12-04;11;1099
26;2025-12-04;12;1137
26;2025-12-04;13;1169
26;2025-12-04;14;1325
26;2025-12-04;15;1308
26;2025-12-04;16;1397
26;2025-12-04;17;1620
26;2025-12-04;18;1812
26;2025-12-04;19;1225
26;2025-12-04;20;737
26;2025-12-04;21;497
26;2025-12-04;22;212
26;2025-12-04;23;134
26;2025-12-05;0;32
26;2025-12-05;1;1
26;2025-12-05;2;0
26;2025-12-05;3;0
26;2025-12-05;4;2
26;2025-12-05;5;92
26;2025-12-05;6;462
26;2025-12-05;7;1072
26;2025-12-05;8;2191
26;2025-12-05;9;1498
26;2025-12-05;10;1295
26;2025-12-05;11;1158
26;2025-12-05;12;1188
26;2025-12-05;13;1230
26;2025-12-05;14;1356
26;2025-12-05;15;1382
26;2025-12-05;16;1571
26;2025-12-05;17;1783
26;2025-12-05;18;1568
26;2025-12-05;19;1096
26;2025-12-05;20;701
26;2025-12-05;21;486
26;2025-12-05;22;219
26;2025-12-05;23;151
26;2025-12-06;0;51
26;2025-12-06;1;2
26;2025-12-06;2;0
26;2025-12-06;3;0
26;2025-12-06;4;1
26;2025-12-06;5;47
26;2025-12-06;6;234
26;2025-12-06;7;378
26;2025-12-06;8;664
26;2025-12-06;9;713
26;2025-12-06;10;832
26;2025-12-06;11;970
26;2025-12-06;12;1046
26;2025-12-06;13;1018
26;2025-12-06;14;1019
26;2025-12-06;15;946
26;2025-12-06;16;953
26;2025-12-06;17;881
26;2025-12-06;18;857
26;2025-12-06;19;743
26;2025-12-06;20;514
26;2025-12-06;21;337
26;2025-12-06;22;184
26;2025-12-06;23;141
26;2025-12-07;0;47
26;2025-12-07;1;2
26;2025-12-07;2;0
26;2025-12-07;3;0
26;2025-12-07;4;1
26;2025-12-07;5;19
26;2025-12-07;6;144
26;2025-12-07;7;241
26;2025-12-07;8;387
26;2025-12-07;9;590
26;2025-12-07;10;580
26;2025-12-07;11;839
26;2025-12-07;12;795
26;2025-12-07;13;819
26;2025-12-07;14;842
26;2025-12-07;15;755
26;2025-12-07;16;694
26;2025-12-07;17;724
26;2025-12-07;18;674
26;2025-12-07;19;499
26;2025-12-07;20;367
26;2025-12-07;21;257
26;2025-12-07;22;132
26;2025-12-07;23;90
26;2025-12-08;0;29
26;2025-12-08;1;1
26;2025-12-08;2;0
26;2025-12-08;3;0
26;2025-12-08;4;2
26;2025-12-08;5;93
26;2025-12-08;6;491
26;2025-12-08;7;1097
26;2025-12-08;8;2260
26;2025-12-08;9;1493
26;2025-12-08;10;1263
26;2025-12-08;11;1066
26;2025-12-08;12;1137
26;2025-12-08;13;1169
26;2025-12-08;14;1272
26;2025-12-08;15;1304
26;2025-12-08;16;1404
26;2025-12-08;17;1682
26;2025-12-08;18;1864
26;2025-12-08;19;1256
26;2025-12-08;20;737
26;2025-12-08;21;466
26;2025-12-08;22;191
26;2025-12-08;23;112
26;2025-12-09;0;29
26;2025-12-09;1;1
26;2025-12-09;2;0
26;2025-12-09;3;0
26;2025-12-09;4;2
26;2025-12-09;5;95
26;2025-12-09;6;512
26;2025-12-09;7;1148
26;2025-12-09;8;2351
26;2025-12-09;9;1561
26;2025-12-09;10;1366
26;2025-12-09;11;1171
26;2025-12-09;12;1225
26;2025-12-09;13;1210
26;2025-12-09;14;1316
26;2025-12-09;15;1360
26;2025-12-09;16;1506
26;2025-12-09;17;1694
26;2025-12-09;18;1893
26;2025-12-09;19;1265
26;2025-12-09;20;770
26;2025-12-09;21;507
26;2025-12-09;22;221
26;2025-12-09;23;135
26;2025-12-10;0;32
26;2025-12-10;1;1
26;2025-12-10;2;0
26;2025-12-10;3;0
26;2025-12-10;4;3
26;2025-12-10;5;101
26;2025-12-10;6;519
26;2025-12-10;7;1228
26;2025-12-10;8;2337
26;2025-12-10;9;1708
26;2025-12-10;10;1410
26;2025-12-10;11;1209
26;2025-12-10;12;1184
26;2025-12-10;13;1169
26;2025-12-10;14;1290
26;2025-12-10;15;1333
26;2025-12-10;16;1426
26;2025-12-10;17;1652
26;2025-12-10;18;1828
26;2025-12-10;19;1244
26;2025-12-10;20;760
26;2025-12-10;21;503
26;2025-12-10;22;201
26;2025-12-10;23;127
26;2025-12-11;0;33
26;2025-12-11;1;1
26;2025-12-11;2;0
26;2025-12-11;3;0
26;2025-12-11;4;2
26;2025-12-11;5;92
26;2025-12-11;6;490
26;2025-12-11;7;1142
26;2025-12-11;8;2356
26;2025-12-11;9;1445
26;2025-12-11;10;1262
26;2025-12-11;11;1178
26;2025-12-11;12;1282
26;2025-12-11;13;1263
26;2025-12-11;14;1443
26;2025-12-11;15;1472
26;2025-12-11;16;1618
26;2025-12-11;17;1829
26;2025-12-11;18;1892
26;2025-12-11;19;1274
26;2025-12-11;20;779
26;2025-12-11;21;512
26;2025-12-11;22;206
26;2025-12-11;23;127
26;2025-12-12;0;31
26;2025-12-12;1;1
26;2025-12-12;2;0
26;2025-12-12;3;0
26;2025-12-12;4;1
26;2025-12-12;5;91
26;2025-12-12;6;457
26;2025-12-12;7;972
26;2025-12-12;8;2063
26;2025-12-12;9;1494
26;2025-12-12;10;1258
26;2025-12-12;11;1184
26;2025-12-12;12;1142
26;2025-12-12;13;1081
26;2025-12-12;14;1257
26;2025-12-12;15;1353
26;2025-12-12;16;1592
26;2025-12-12;17;1644
26;2025-12-12;18;1489
26;2025-12-12;19;1124
26;2025-12-12;20;738
26;2025-12-12;21;491
26;2025-12-12;22;223
26;2025-12-12;23;145
26;2025-12-13;0;51
26;2025-12-13;1;2
26;2025-12-13;2;0
26;2025-12-13;3;0
26;2025-12-13;4;2
26;2025-12-13;5;54
26;2025-12-13;6;277
26;2025-12-13;7;426
26;2025-12-13;8;736
26;2025-12-13;9;701
26;2025-12-13;10;852
26;2025-12-13;11;984
26;2025-12-13;12;1076
26;2025-12-13;13;1063
26;2025-12-13;14;1056
26;2025-12-13;15;925
26;2025-12-13;16;948
26;2025-12-13;17;902
26;2025-12-13;18;927
26;2025-12-13;19;833
26;2025-12-13;20;546
26;2025-12-13;21;366
26;2025-12-13;22;226
26;2025-12-13;23;163
26;2025-12-14;0;50
26;2025-12-14;1;2
26;2025-12-14;2;0
26;2025-12-14;3;0
26;2025-12-14;4;1
26;2025-12-14;5;23
26;2025-12-14;6;163
26;2025-12-14;7;268
26;2025-12-14;8;414
26;2025-12-14;9;537
26;2025-12-14;10;594
26;2025-12-14;11;790
26;2025-12-14;12;745
26;2025-12-14;13;773
26;2025-12-14;14;754
26;2025-12-14;15;691
26;2025-12-14;16;708
26;2025-12-14;17;731
26;2025-12-14;18;693
26;2025-12-14;19;525
26;2025-12-14;20;406
26;2025-12-14;21;286
26;2025-12-14;22;166
26;2025-12-14;23;103
26;2025-12-15;0;31
26;2025-12-15;1;1
26;2025-12-15;2;0
26;2025-12-15;3;0
26;2025-12-15;4;2
26;2025-12-15;5;96
26;2025-12-15;6;492
26;2025-12-15;7;1084
26;2025-12-15;8;2289
26;2025-12-15;9;1506
26;2025-12-15;10;1250
26;2025-12-15;11;1159
26;2025-12-15;12;1167
26;2025-12-15;13;1187
26;2025-12-15;14;1306
26;2025-12-15;15;1307
26;2025-12-15;16;1476
26;2025-12-15;17;1699
26;2025-12-15;18;1934
26;2025-12-15;19;1289
26;2025-12-15;20;738
26;2025-12-15;21;480
26;2025-12-15;22;201
26;2025-12-15;23;118
26;2025-12-16;0;30
26;2025-12-16;1;1
26;2025-12-16;2;0
26;2025-12-16;3;0
26;2025-12-16;4;2
26;2025-12-16;5;94
26;2025-12-16;6;493
26;2025-12-16;7;1144
26;2025-12-16;8;2439
26;2025-12-16;9;1525
26;2025-12-16;10;1387
26;2025-12-16;11;1211
26;2025-12-16;12;1215
26;2025-12-16;13;1104
26;2025-12-16;14;1289
26;2025-12-16;15;1307
26;2025-12-16;16;1447
26;2025-12-16;17;1692
26;2025-12-16;18;1792
26;2025-12-16;19;1234
26;2025-12-16;20;739
26;2025-12-16;21;467
26;2025-12-16;22;192
26;2025-12-16;23;120
26;2025-12-17;0;29
26;2025-12-17;1;1
26;2025-12-17;2;0
26;2025-12-17;3;0
26;2025-12-17;4;2
26;2025-12-17;5;92
26;2025-12-17;6;455
26;2025-12-17;7;1100
26;2025-12-17;8;2253
26;2025-12-17;9;1484
26;2025-12-17;10;1312
26;2025-12-17;11;1118
26;2025-12-17;12;1159
26;2025-12-17;13;1165
26;2025-12-17;14;1272
26;2025-12-17;15;1326
26;2025-12-17;16;1396
26;2025-12-17;17;1647
26;2025-12-17;18;1807
26;2025-12-17;19;1235
26;2025-12-17;20;761
26;2025-12-17;21;506
26;2025-12-17;22;201
26;2025-12-17;23;127
26;2025-12-18;0;33
26;2025-12-18;1;1
26;2025-12-18;2;0
26;2025-12-18;3;0
26;2025-12-18;4;2
26;2025-12-18;5;92
26;2025-12-18;6;466
26;2025-12-18;7;1120
26;2025-12-18;8;2276
26;2025-12-18;9;1493
26;2025-12-18;10;1340
26;2025-12-18;11;1239
26;2025-12-18;12;1232
26;2025-12-18;13;1195
26;2025-12-18;14;1355
26;2025-12-18;15;1345
26;2025-12-18;16;1434
26;2025-12-18;17;1694
26;2025-12-18;18;1866
26;2025-12-18;19;1266
26;2025-12-18;20;752
26;2025-12-18;21;499
26;2025-12-18;22;202
26;2025-12-18;23;130
26;2025-12-19;0;32
26;2025-12-19;1;1
26;2025-12-19;2;0
26;2025-12-19;3;0
26;2025-12-19;4;2
26;2025-12-19;5;92
26;2025-12-19;6;462
26;2025-12-19;7;1095
26;2025-12-19;8;2169
26;2025-12-19;9;1498
26;2025-12-19;10;1292
26;2025-12-19;11;1160
26;2025-12-19;12;1170
26;2025-12-19;13;1166
26;2025-12-19;14;1267
26;2025-12-19;15;1340
26;2025-12-19;16;1597
26;2025-12-19;17;1769
26;2025-12-19;18;1506
26;2025-12-19;19;1114
26;2025-12-19;20;696
26;2025-12-19;21;486
26;2025-12-19;22;218
26;2025-12-19;23;144
26;2025-12-20;0;52
26;2025-12-20;1;2
26;2025-12-20;2;0
26;2025-12-20;3;0
26;2025-12-20;4;1
26;2025-12-20;5;49
26;2025-12-20;6;248
26;2025-12-20;7;384
26;2025-12-20;8;624
26;2025-12-20;9;707
26;2025-12-20;10;830
26;2025-12-20;11;992
26;2025-12-20;12;1067
26;2025-12-20;13;1013
26;2025-12-20;14;1004
26;2025-12-20;15;886
26;2025-12-20;16;923
26;2025-12-20;17;862
26;2025-12-20;18;841
26;2025-12-20;19;744
26;2025-12-20;20;566
26;2025-12-20;21;333
26;2025-12-20;22;185
26;2025-12-20;23;142
26;2025-12-21;0;45
26;2025-12-21;1;2
26;2025-12-21;2;0
26;2025-12-21;3;0
26;2025-12-21;4;1
26;2025-12-21;5;19
26;2025-12-21;6;161
26;2025-12-21;7;264
26;2025-12-21;8;387
26;2025-12-21;9;545
26;2025-12-21;10;546
26;2025-12-21;11;764
26;2025-12-21;12;739
26;2025-12-21;13;769
26;2025-12-21;14;725
26;2025-12-21;15;709
26;2025-12-21;16;644
26;2025-12-21;17;659
26;2025-12-21;18;615
26;2025-12-21;19;462
26;2025-12-21;20;350
26;2025-12-21;21;240
26;2025-12-21;22;132
26;2025-12-21;23;86
26;2025-12-22;0;35
26;2025-12-22;1;2
26;2025-12-22;2;0
26;2025-12-22;3;0
26;2025-12-22;4;2
26;2025-12-22;5;93
26;2025-12-22;6;451
26;2025-12-22;7;1037
26;2025-12-22;8;2181
26;2025-12-22;9;1455
26;2025-12-22;10;1308
26;2025-12-22;11;1053
26;2025-12-22;12;1132
26;2025-12-22;13;1209
26;2025-12-22;14;1314
26;2025-12-22;15;1358
26;2025-12-22;16;1480
26;2025-12-22;17;1706
26;2025-12-22;18;1907
26;2025-12-22;19;1296
26;2025-12-22;20;754
26;2025-12-22;21;520
26;2025-12-22;22;221
26;2025-12-22;23;129
26;2025-12-23;0;32
26;2025-12-23;1;1
26;2025-12-23;2;0
26;2025-12-23;3;0
26;2025-12-23;4;3
26;2025-12-23;5;100
26;2025-12-23;6;554
26;2025-12-23;7;1235
26;2025-12-23;8;2492
26;2025-12-23;9;1624
26;2025-12-23;10;1398
26;2025-12-23;11;1230
26;2025-12-23;12;1262
26;2025-12-23;13;1300
26;2025-12-23;14;1388
26;2025-12-23;15;1450
26;2025-12-23;16;1607
26;2025-12-23;17;1844
26;2025-12-23;18;2029
26;2025-12-23;19;1365
26;2025-12-23;20;836
26;2025-12-23;21;539
26;2025-12-23;22;227
26;2025-12-23;23;131
26;2025-12-24;0;33
26;2025-12-24;1;2
26;2025-12-24;2;0
26;2025-12-24;3;0
26;2025-12-24;4;3
26;2025-12-24;5;99
26;2025-12-24;6;512
26;2025-12-24;7;1191
26;2025-12-24;8;2403
26;2025-12-24;9;1538
26;2025-12-24;10;1351
26;2025-12-24;11;1220
26;2025-12-24;12;1264
26;2025-12-24;13;1295
26;2025-12-24;14;1322
26;2025-12-24;15;1495
26;2025-12-24;16;1520
26;2025-12-24;17;1770
26;2025-12-24;18;2042
26;2025-12-24;19;1298
26;2025-12-24;20;796
26;2025-12-24;21;527
26;2025-12-24;22;230
26;2025-12-24;23;143
26;2025-12-25;0;33
26;2025-12-25;1;1
26;2025-12-25;2;0
26;2025-12-25;3;0
26;2025-12-25;4;2
26;2025-12-25;5;93
26;2025-12-25;6;539
26;2025-12-25;7;1149
26;2025-12-25;8;2262
26;2025-12-25;9;1498
26;2025-12-25;10;1290
26;2025-12-25;11;1161
26;2025-12-25;12;1194
26;2025-12-25;13;1198
26;2025-12-25;14;1393
26;2025-12-25;15;1394
26;2025-12-25;16;1527
26;2025-12-25;17;1801
26;2025-12-25;18;1850
26;2025-12-25;19;1286
26;2025-12-25;20;774
26;2025-12-25;21;562
26;2025-12-25;22;228
26;2025-12-25;23;117
26;2025-12-26;0;31
26;2025-12-26;1;2
26;2025-12-26;2;0
26;2025-12-26;3;0
26;2025-12-26;4;2
26;2025-12-26;5;97
26;2025-12-26;6;652
26;2025-12-26;7;1268
26;2025-12-26;8;2318
26;2025-12-26;9;1520
26;2025-12-26;10;1331
26;2025-12-26;11;1132
26;2025-12-26;12;1184
26;2025-12-26;13;1146
26;2025-12-26;14;1278
26;2025-12-26;15;1325
26;2025-12-26;16;1562
26;2025-12-26;17;1645
26;2025-12-26;18;1560
26;2025-12-26;19;1233
26;2025-12-26;20;747
26;2025-12-26;21;502
26;2025-12-26;22;223
26;2025-12-26;23;134
26;2025-12-27;0;50
26;2025-12-27;1;2
26;2025-12-27;2;0
26;2025-12-27;3;0
26;2025-12-27;4;1
26;2025-12-27;5;53
26;2025-12-27;6;267
26;2025-12-27;7;380
26;2025-12-27;8;593
26;2025-12-27;9;732
26;2025-12-27;10;829
26;2025-12-27;11;1004
26;2025-12-27;12;1068
26;2025-12-27;13;1005
26;2025-12-27;14;982
26;2025-12-27;15;900
26;2025-12-27;16;921
26;2025-12-27;17;869
26;2025-12-27;18;875
26;2025-12-27;19;734
26;2025-12-27;20;542
26;2025-12-27;21;352
26;2025-12-27;22;200
26;2025-12-27;23;147
26;2025-12-28;0;50
26;2025-12-28;1;3
26;2025-12-28;2;0
26;2025-12-28;3;0
26;2025-12-28;4;1
26;2025-12-28;5;22
26;2025-12-28;6;166
26;2025-12-28;7;291
26;2025-12-28;8;396
26;2025-12-28;9;571
26;2025-12-28;10;632
26;2025-12-28;11;818
26;2025-12-28;12;898
26;2025-12-28;13;872
26;2025-12-28;14;858
26;2025-12-28;15;814
26;2025-12-28;16;665
26;2025-12-28;17;687
26;2025-12-28;18;654
26;2025-12-28;19;484
26;2025-12-28;20;399
26;2025-12-28;21;276
26;2025-12-28;22;161
26;2025-12-28;23;93
26;2025-12-29;0;31
26;2025-12-29;1;1
26;2025-12-29;2;0
26;2025-12-29;3;0
26;2025-12-29;4;2
26;2025-12-29;5;101
26;2025-12-29;6;484
26;2025-12-29;7;1071
26;2025-12-29;8;2353
26;2025-12-29;9;1599
26;2025-12-29;10;1335
26;2025-12-29;11;1179
26;2025-12-29;12;1200
26;2025-12-29;13;1156
26;2025-12-29;14;1318
26;2025-12-29;15;1380
26;2025-12-29;16;1557
26;2025-12-29;17;1753
26;2025-12-29;18;1979
26;2025-12-29;19;1331
26;2025-12-29;20;777
26;2025-12-29;21;517
26;2025-12-29;22;222
26;2025-12-29;23;135
26;2025-12-30;0;33
26;2025-12-30;1;2
26;2025-12-30;2;0
26;2025-12-30;3;0
26;2025-12-30;4;2
26;2025-12-30;5;100
26;2025-12-30;6;515
26;2025-12-30;7;1160
26;2025-12-30;8;2230
26;2025-12-30;9;1601
26;2025-12-30;10;1375
26;2025-12-30;11;1185
26;2025-12-30;12;1229
26;2025-12-30;13;1192
26;2025-12-30;14;1328
26;2025-12-30;15;1392
26;2025-12-30;16;1595
26;2025-12-30;17;1780
26;2025-12-30;18;1966
26;2025-12-30;19;1317
26;2025-12-30;20;762
26;2025-12-30;21;506
26;2025-12-30;22;220
26;2025-12-30;23;134
26;2025-12-31;0;48
26;2025-12-31;1;2
26;2025-12-31;2;0
26;2025-12-31;3;0
26;2025-12-31;4;1
26;2025-12-31;5;22
26;2025-12-31;6;167
26;2025-12-31;7;282
26;2025-12-31;8;436
26;2025-12-31;9;562
26;2025-12-31;10;622
26;2025-12-31;11;819
26;2025-12-31;12;817
26;2025-12-31;13;855
26;2025-12-31;14;844
26;2025-12-31;15;772
26;2025-12-31;16;738
26;2025-12-31;17;782
26;2025-12-31;18;697
26;2025-12-31;19;584
26;2025-12-31;20;433
26;2025-12-31;21;294
26;2025-12-31;22;170
26;2025-12-31;23;111
28;2025-11-01;0;2
28;2025-11-01;1;1
28;2025-11-01;2;0
28;2025-11-01;3;0
28;2025-11-01;4;1
28;2025-11-01;5;77
28;2025-11-01;6;255
28;2025-11-01;7;675
28;2025-11-01;8;1041
28;2025-11-01;9;714
28;2025-11-01;10;632
28;2025-11-01;11;613
28;2025-11-01;12;741
28;2025-11-01;13;739
28;2025-11-01;14;712
28;2025-11-01;15;752
28;2025-11-01;16;839
28;2025-11-01;17;910
28;2025-11-01;18;806
28;2025-11-01;19;643
28;2025-11-01;20;464
28;2025-11-01;21;312
28;2025-11-01;22;122
28;2025-11-01;23;14
28;2025-11-02;0;2
28;2025-11-02;1;0
28;2025-11-02;2;0
28;2025-11-02;3;0
28;2025-11-02;4;0
28;2025-11-02;5;27
28;2025-11-02;6;66
28;2025-11-02;7;154
28;2025-11-02;8;228
28;2025-11-02;9;331
28;2025-11-02;10;357
28;2025-11-02;11;409
28;2025-11-02;12;467
28;2025-11-02;13;476
28;2025-11-02;14;483
28;2025-11-02;15;466
28;2025-11-02;16;419
28;2025-11-02;17;460
28;2025-11-02;18;387
28;2025-11-02;19;334
28;2025-11-02;20;273
28;2025-11-02;21;218
28;2025-11-02;22;109
28;2025-11-02;23;11
28;2025-11-03;0;2
28;2025-11-03;1;0
28;2025-11-03;2;0
28;2025-11-03;3;0
28;2025-11-03;4;0
28;2025-11-03;5;29
28;2025-11-03;6;71
28;2025-11-03;7;145
28;2025-11-03;8;221
28;2025-11-03;9;287
28;2025-11-03;10;347
28;2025-11-03;11;351
28;2025-11-03;12;373
28;2025-11-03;13;410
28;2025-11-03;14;423
28;2025-11-03;15;434
28;2025-11-03;16;419
28;2025-11-03;17;492
28;2025-11-03;18;450
28;2025-11-03;19;391
28;2025-11-03;20;284
28;2025-11-03;21;225
28;2025-11-03;22;97
28;2025-11-03;23;10
28;2025-11-04;0;2
28;2025-11-04;1;0
28;2025-11-04;2;0
28;2025-11-04;3;0
28;2025-11-04;4;1
28;2025-11-04;5;27
28;2025-11-04;6;71
28;2025-11-04;7;156
28;2025-11-04;8;218
28;2025-11-04;9;274
28;2025-11-04;10;280
28;2025-11-04;11;293
28;2025-11-04;12;295
28;2025-11-04;13;326
28;2025-11-04;14;389
28;2025-11-04;15;452
28;2025-11-04;16;402
28;2025-11-04;17;444
28;2025-11-04;18;394
28;2025-11-04;19;348
28;2025-11-04;20;264
28;2025-11-04;21;219
28;2025-11-04;22;110
28;2025-11-04;23;14
28;2025-11-05;0;2
28;2025-11-05;1;0
28;2025-11-05;2;0
28;2025-11-05;3;0
28;2025-11-05;4;1
28;2025-11-05;5;78
28;2025-11-05;6;258
28;2025-11-05;7;769
28;2025-11-05;8;1332
28;2025-11-05;9;852
28;2025-11-05;10;668
28;2025-11-05;11;501
28;2025-11-05;12;583
28;2025-11-05;13;660
28;2025-11-05;14;605
28;2025-11-05;15;748
28;2025-11-05;16;817
28;2025-11-05;17;1007
28;2025-11-05;18;941
28;2025-11-05;19;687
28;2025-11-05;20;477
28;2025-11-05;21;315
28;2025-11-05;22;115
28;2025-11-05;23;13
28;2025-11-06;0;3
28;2025-11-06;1;0
28;2025-11-06;2;0
28;2025-11-06;3;0
28;2025-11-06;4;1
28;2025-11-06;5;78
28;2025-11-06;6;268
28;2025-11-06;7;726
28;2025-11-06;8;1248
28;2025-11-06;9;797
28;2025-11-06;10;598
28;2025-11-06;11;505
28;2025-11-06;12;710
28;2025-11-06;13;683
28;2025-11-06;14;643
28;2025-11-06;15;626
28;2025-11-06;16;833
28;2025-11-06;17;980
28;2025-11-06;18;949
28;2025-11-06;19;725
28;2025-11-06;20;503
28;2025-11-06;21;346
28;2025-11-06;22;119
28;2025-11-06;23;14
28;2025-11-07;0;3
28;2025-11-07;1;0
28;2025-11-07;2;0
28;2025-11-07;3;0
28;2025-11-07;4;1
28;2025-11-07;5;79
28;2025-11-07;6;258
28;2025-11-07;7;755
28;2025-11-07;8;1360
28;2025-11-07;9;796
28;2025-11-07;10;641
28;2025-11-07;11;622
28;2025-11-07;12;774
28;2025-11-07;13;732
28;2025-11-07;14;700
28;2025-11-07;15;736
28;2025-11-07;16;971
28;2025-11-07;17;1062
28;2025-11-07;18;784
28;2025-11-07;19;618
28;2025-11-07;20;428
28;2025-11-07;21;307
28;2025-11-07;22;115
28;2025-11-07;23;12
28;2025-11-08;0;2
28;2025-11-08;1;0
28;2025-11-08;2;0
28;2025-11-08;3;0
28;2025-11-08;4;0
28;2025-11-08;5;36
28;2025-11-08;6;106
28;2025-11-08;7;221
28;2025-11-08;8;338
28;2025-11-08;9;454
28;2025-11-08;10;500
28;2025-11-08;11;531
28;2025-11-08;12;622
28;2025-11-08;13;665
28;2025-11-08;14;613
28;2025-11-08;15;675
28;2025-11-08;16;646
28;2025-11-08;17;623
28;2025-11-08;18;504
28;2025-11-08;19;385
28;2025-11-08;20;270
28;2025-11-08;21;242
28;2025-11-08;22;95
28;2025-11-08;23;10
28;2025-11-09;0;2
28;2025-11-09;1;0
28;2025-11-09;2;0
28;2025-11-09;3;0
28;2025-11-09;4;0
28;2025-11-09;5;27
28;2025-11-09;6;67
28;2025-11-09;7;158
28;2025-11-09;8;236
28;2025-11-09;9;315
28;2025-11-09;10;390
28;2025-11-09;11;426
28;2025-11-09;12;446
28;2025-11-09;13;527
28;2025-11-09;14;503
28;2025-11-09;15;521
28;2025-11-09;16;416
28;2025-11-09;17;466
28;2025-11-09;18;406
28;2025-11-09;19;337
28;2025-11-09;20;268
28;2025-11-09;21;215
28;2025-11-09;22;104
28;2025-11-09;23;11
28;2025-11-10;0;2
28;2025-11-10;1;0
28;2025-11-10;2;0
28;2025-11-10;3;0
28;2025-11-10;4;1
28;2025-11-10;5;75
28;2025-11-10;6;263
28;2025-11-10;7;741
28;2025-11-10;8;1231
28;2025-11-10;9;755
28;2025-11-10;10;574
28;2025-11-10;11;485
28;2025-11-10;12;640
28;2025-11-10;13;650
28;2025-11-10;14;605
28;2025-11-10;15;643
28;2025-11-10;16;817
28;2025-11-10;17;974
28;2025-11-10;18;970
28;2025-11-10;19;713
28;2025-11-10;20;453
28;2025-11-10;21;297
28;2025-11-10;22;91
28;2025-11-10;23;10
28;2025-11-11;0;2
28;2025-11-11;1;0
28;2025-11-11;2;0
28;2025-11-11;3;0
28;2025-11-11;4;1
28;2025-11-11;5;76
28;2025-11-11;6;276
28;2025-11-11;7;780
28;2025-11-11;8;1245
28;2025-11-11;9;859
28;2025-11-11;10;673
28;2025-11-11;11;584
28;2025-11-11;12;699
28;2025-11-11;13;693
28;2025-11-11;14;670
28;2025-11-11;15;652
28;2025-11-11;16;821
28;2025-11-11;17;984
28;2025-11-11;18;975
28;2025-11-11;19;714
28;2025-11-11;20;489
28;2025-11-11;21;318
28;2025-11-11;22;108
28;2025-11-11;23;11
28;2025-11-12;0;3
28;2025-11-12;1;0
28;2025-11-12;2;0
28;2025-11-12;3;0
28;2025-11-12;4;1
28;2025-11-12;5;76
28;2025-11-12;6;263
28;2025-11-12;7;742
28;2025-11-12;8;1191
28;2025-11-12;9;816
28;2025-11-12;10;640
28;2025-11-12;11;546
28;2025-11-12;12;761
28;2025-11-12;13;711
28;2025-11-12;14;681
28;2025-11-12;15;684
28;2025-11-12;16;817
28;2025-11-12;17;1021
28;2025-11-12;18;1024
28;2025-11-12;19;699
28;2025-11-12;20;481
28;2025-11-12;21;306
28;2025-11-12;22;110
28;2025-11-12;23;12
28;2025-11-13;0;3
28;2025-11-13;1;0
28;2025-11-13;2;0
28;2025-11-13;3;0
28;2025-11-13;4;1
28;2025-11-13;5;75
28;2025-11-13;6;273
28;2025-11-13;7;801
28;2025-11-13;8;1245
28;2025-11-13;9;926
28;2025-11-13;10;682
28;2025-11-13;11;593
28;2025-11-13;12;771
28;2025-11-13;13;706
28;2025-11-13;14;675
28;2025-11-13;15;699
28;2025-11-13;16;823
28;2025-11-13;17;1070
28;2025-11-13;18;954
28;2025-11-13;19;717
28;2025-11-13;20;510
28;2025-11-13;21;339
28;2025-11-13;22;120
28;2025-11-13;23;14
28;2025-11-14;0;3
28;2025-11-14;1;0
28;2025-11-14;2;0
28;2025-11-14;3;0
28;2025-11-14;4;1
28;2025-11-14;5;76
28;2025-11-14;6;269
28;2025-11-14;7;694
28;2025-11-14;8;1222
28;2025-11-14;9;784
28;2025-11-14;10;620
28;2025-11-14;11;634
28;2025-11-14;12;761
28;2025-11-14;13;666
28;2025-11-14;14;660
28;2025-11-14;15;689
28;2025-11-14;16;952
28;2025-11-14;17;1074
28;2025-11-14;18;788
28;2025-11-14;19;607
28;2025-11-14;20;446
28;2025-11-14;21;336
28;2025-11-14;22;128
28;2025-11-14;23;14
28;2025-11-15;0;2
28;2025-11-15;1;0
28;2025-11-15;2;0
28;2025-11-15;3;0
28;2025-11-15;4;1
28;2025-11-15;5;37
28;2025-11-15;6;107
28;2025-11-15;7;225
28;2025-11-15;8;363
28;2025-11-15;9;416
28;2025-11-15;10;433
28;2025-11-15;11;372
28;2025-11-15;12;538
28;2025-11-15;13;489
28;2025-11-15;14;571
28;2025-11-15;15;622
28;2025-11-15;16;569
28;2025-11-15;17;575
28;2025-11-15;18;519
28;2025-11-15;19;413
28;2025-11-15;20;307
28;2025-11-15;21;268
28;2025-11-15;22;110
28;2025-11-15;23;12
28;2025-11-16;0;2
28;2025-11-16;1;0
28;2025-11-16;2;0
28;2025-11-16;3;0
28;2025-11-16;4;1
28;2025-11-16;5;29
28;2025-11-16;6;71
28;2025-11-16;7;166
28;2025-11-16;8;253
28;2025-11-16;9;368
28;2025-11-16;10;421
28;2025-11-16;11;463
28;2025-11-16;12;512
28;2025-11-16;13;567
28;2025-11-16;14;502
28;2025-11-16;15;448
28;2025-11-16;16;405
28;2025-11-16;17;434
28;2025-11-16;18;385
28;2025-11-16;19;337
28;2025-11-16;20;265
28;2025-11-16;21;221
28;2025-11-16;22;106
28;2025-11-16;23;12
28;2025-11-17;0;3
28;2025-11-17;1;0
28;2025-11-17;2;0
28;2025-11-17;3;0
28;2025-11-17;4;1
28;2025-11-17;5;72
28;2025-11-17;6;249
28;2025-11-17;7;718
28;2025-11-17;8;1161
28;2025-11-17;9;781
28;2025-11-17;10;544
28;2025-11-17;11;478
28;2025-11-17;12;614
28;2025-11-17;13;655
28;2025-11-17;14;607
28;2025-11-17;15;655
28;2025-11-17;16;862
28;2025-11-17;17;1130
28;2025-11-17;18;1002
28;2025-11-17;19;737
28;2025-11-17;20;457
28;2025-11-17;21;318
28;2025-11-17;22;102
28;2025-11-17;23;11
28;2025-11-18;0;3
28;2025-11-18;1;0
28;2025-11-18;2;0
28;2025-11-18;3;0
28;2025-11-18;4;1
28;2025-11-18;5;77
28;2025-11-18;6;252
28;2025-11-18;7;726
28;2025-11-18;8;1147
28;2025-11-18;9;725
28;2025-11-18;10;588
28;2025-11-18;11;517
28;2025-11-18;12;615
28;2025-11-18;13;602
28;2025-11-18;14;574
28;2025-11-18;15;595
28;2025-11-18;16;817
28;2025-11-18;17;996
28;2025-11-18;18;939
28;2025-11-18;19;684
28;2025-11-18;20;475
28;2025-11-18;21;323
28;2025-11-18;22;120
28;2025-11-18;23;12
28;2025-11-19;0;3
28;2025-11-19;1;0
28;2025-11-19;2;0
28;2025-11-19;3;0
28;2025-11-19;4;1
28;2025-11-19;5;79
28;2025-11-19;6;278
28;2025-11-19;7;793
28;2025-11-19;8;1316
28;2025-11-19;9;846
28;2025-11-19;10;622
28;2025-11-19;11;583
28;2025-11-19;12;743
28;2025-11-19;13;758
28;2025-11-19;14;681
28;2025-11-19;15;647
28;2025-11-19;16;840
28;2025-11-19;17;1012
28;2025-11-19;18;981
28;2025-11-19;19;741
28;2025-11-19;20;488
28;2025-11-19;21;317
28;2025-11-19;22;117
28;2025-11-19;23;13
28;2025-11-20;0;3
28;2025-11-20;1;0
28;2025-11-20;2;0
28;2025-11-20;3;0
28;2025-11-20;4;1
28;2025-11-20;5;75
28;2025-11-20;6;281
28;2025-11-20;7;789
28;2025-11-20;8;1230
28;2025-11-20;9;841
28;2025-11-20;10;656
28;2025-11-20;11;571
28;2025-11-20;12;757
28;2025-11-20;13;741
28;2025-11-20;14;698
28;2025-11-20;15;678
28;2025-11-20;16;793
28;2025-11-20;17;1008
28;2025-11-20;18;996
28;2025-11-20;19;760
28;2025-11-20;20;508
28;2025-11-20;21;328
28;2025-11-20;22;120
28;2025-11-20;23;14
28;2025-11-21;0;3
28;2025-11-21;1;0
28;2025-11-21;2;0
28;2025-11-21;3;0
28;2025-11-21;4;1
28;2025-11-21;5;75
28;2025-11-21;6;260
28;2025-11-21;7;713
28;2025-11-21;8;1183
28;2025-11-21;9;818
28;2025-11-21;10;640
28;2025-11-21;11;585
28;2025-11-21;12;759
28;2025-11-21;13;701
28;2025-11-21;14;653
28;2025-11-21;15;667
28;2025-11-21;16;848
28;2025-11-21;17;977
28;2025-11-21;18;849
28;2025-11-21;19;613
28;2025-11-21;20;449
28;2025-11-21;21;298
28;2025-11-21;22;115
28;2025-11-21;23;13
28;2025-11-22;0;2
28;2025-11-22;1;0
28;2025-11-22;2;0
28;2025-11-22;3;0
28;2025-11-22;4;1
28;2025-11-22;5;38
28;2025-11-22;6;96
28;2025-11-22;7;227
28;2025-11-22;8;333
28;2025-11-22;9;451
28;2025-11-22;10;474
28;2025-11-22;11;490
28;2025-11-22;12;591
28;2025-11-22;13;573
28;2025-11-22;14;547
28;2025-11-22;15;561
28;2025-11-22;16;521
28;2025-11-22;17;518
28;2025-11-22;18;461
28;2025-11-22;19;372
28;2025-11-22;20;279
28;2025-11-22;21;243
28;2025-11-22;22;104
28;2025-11-22;23;13
28;2025-11-23;0;2
28;2025-11-23;1;0
28;2025-11-23;2;0
28;2025-11-23;3;0
28;2025-11-23;4;0
28;2025-11-23;5;28
28;2025-11-23;6;68
28;2025-11-23;7;156
28;2025-11-23;8;230
28;2025-11-23;9;349
28;2025-11-23;10;378
28;2025-11-23;11;461
28;2025-11-23;12;488
28;2025-11-23;13;556
28;2025-11-23;14;506
28;2025-11-23;15;497
28;2025-11-23;16;449
28;2025-11-23;17;442
28;2025-11-23;18;379
28;2025-11-23;19;366
28;2025-11-23;20;283
28;2025-11-23;21;224
28;2025-11-23;22;107
28;2025-11-23;23;12
28;2025-11-24;0;3
28;2025-11-24;1;0
28;2025-11-24;2;0
28;2025-11-24;3;0
28;2025-11-24;4;1
28;2025-11-24;5;75
28;2025-11-24;6;246
28;2025-11-24;7;724
28;2025-11-24;8;1187
28;2025-11-24;9;749
28;2025-11-24;10;636
28;2025-11-24;11;493
28;2025-11-24;12;675
28;2025-11-24;13;676
28;2025-11-24;14;649
28;2025-11-24;15;676
28;2025-11-24;16;869
28;2025-11-24;17;1092
28;2025-11-24;18;1023
28;2025-11-24;19;742
28;2025-11-24;20;479
28;2025-11-24;21;305
28;2025-11-24;22;112
28;2025-11-24;23;12
28;2025-11-25;0;3
28;2025-11-25;1;0
28;2025-11-25;2;0
28;2025-11-25;3;0
28;2025-11-25;4;1
28;2025-11-25;5;76
28;2025-11-25;6;286
28;2025-11-25;7;784
28;2025-11-25;8;1101
28;2025-11-25;9;875
28;2025-11-25;10;691
28;2025-11-25;11;581
28;2025-11-25;12;709
28;2025-11-25;13;673
28;2025-11-25;14;625
28;2025-11-25;15;621
28;2025-11-25;16;777
28;2025-11-25;17;914
28;2025-11-25;18;910
28;2025-11-25;19;687
28;2025-11-25;20;480
28;2025-11-25;21;308
28;2025-11-25;22;113
28;2025-11-25;23;12
28;2025-11-26;0;3
28;2025-11-26;1;0
28;2025-11-26;2;0
28;2025-11-26;3;0
28;2025-11-26;4;1
28;2025-11-26;5;79
28;2025-11-26;6;265
28;2025-11-26;7;758
28;2025-11-26;8;1288
28;2025-11-26;9;854
28;2025-11-26;10;625
28;2025-11-26;11;568
28;2025-11-26;12;746
28;2025-11-26;13;724
28;2025-11-26;14;683
28;2025-11-26;15;804
28;2025-11-26;16;927
28;2025-11-26;17;1161
28;2025-11-26;18;1057
28;2025-11-26;19;830
28;2025-11-26;20;517
28;2025-11-26;21;328
28;2025-11-26;22;122
28;2025-11-26;23;14
28;2025-11-27;0;3
28;2025-11-27;1;0
28;2025-11-27;2;0
28;2025-11-27;3;0
28;2025-11-27;4;1
28;2025-11-27;5;77
28;2025-11-27;6;256
28;2025-11-27;7;736
28;2025-11-27;8;1205
28;2025-11-27;9;840
28;2025-11-27;10;647
28;2025-11-27;11;563
28;2025-11-27;12;717
28;2025-11-27;13;719
28;2025-11-27;14;670
28;2025-11-27;15;702
28;2025-11-27;16;819
28;2025-11-27;17;1067
28;2025-11-27;18;1037
28;2025-11-27;19;775
28;2025-11-27;20;516
28;2025-11-27;21;332
28;2025-11-27;22;116
28;2025-11-27;23;12
28;2025-11-28;0;2
28;2025-11-28;1;0
28;2025-11-28;2;0
28;2025-11-28;3;0
28;2025-11-28;4;1
28;2025-11-28;5;77
28;2025-11-28;6;260
28;2025-11-28;7;774
28;2025-11-28;8;1246
28;2025-11-28;9;820
28;2025-11-28;10;642
28;2025-11-28;11;590
28;2025-11-28;12;753
28;2025-11-28;13;720
28;2025-11-28;14;677
28;2025-11-28;15;683
28;2025-11-28;16;890
28;2025-11-28;17;1008
28;2025-11-28;18;833
28;2025-11-28;19;646
28;2025-11-28;20;450
28;2025-11-28;21;303
28;2025-11-28;22;116
28;2025-11-28;23;14
28;2025-11-29;0;2
28;2025-11-29;1;0
28;2025-11-29;2;0
28;2025-11-29;3;0
28;2025-11-29;4;1
28;2025-11-29;5;38
28;2025-11-29;6;101
28;2025-11-29;7;233
28;2025-11-29;8;367
28;2025-11-29;9;434
28;2025-11-29;10;477
28;2025-11-29;11;492
28;2025-11-29;12;593
28;2025-11-29;13;578
28;2025-11-29;14;532
28;2025-11-29;15;533
28;2025-11-29;16;519
28;2025-11-29;17;529
28;2025-11-29;18;465
28;2025-11-29;19;377
28;2025-11-29;20;288
28;2025-11-29;21;244
28;2025-11-29;22;96
28;2025-11-29;23;11
28;2025-11-30;0;2
28;2025-11-30;1;0
28;2025-11-30;2;0
28;2025-11-30;3;0
28;2025-11-30;4;0
28;2025-11-30;5;28
28;2025-11-30;6;69
28;2025-11-30;7;157
28;2025-11-30;8;225
28;2025-11-30;9;349
28;2025-11-30;10;367
28;2025-11-30;11;403
28;2025-11-30;12;432
28;2025-11-30;13;489
28;2025-11-30;14;437
28;2025-11-30;15;449
28;2025-11-30;16;384
28;2025-11-30;17;441
28;2025-11-30;18;410
28;2025-11-30;19;326
28;2025-11-30;20;258
28;2025-11-30;21;214
28;2025-11-30;22;101
28;2025-11-30;23;11
28;2025-12-01;0;2
28;2025-12-01;1;0
28;2025-12-01;2;0
28;2025-12-01;3;0
28;2025-12-01;4;1
28;2025-12-01;5;74
28;2025-12-01;6;254
28;2025-12-01;7;676
28;2025-12-01;8;1129
28;2025-12-01;9;739
28;2025-12-01;10;614
28;2025-12-01;11;494
28;2025-12-01;12;650
28;2025-12-01;13;622
28;2025-12-01;14;583
28;2025-12-01;15;622
28;2025-12-01;16;808
28;2025-12-01;17;992
28;2025-12-01;18;985
28;2025-12-01;19;729
28;2025-12-01;20;451
28;2025-12-01;21;282
28;2025-12-01;22;97
28;2025-12-01;23;11
28;2025-12-02;0;3
28;2025-12-02;1;0
28;2025-12-02;2;0
28;2025-12-02;3;0
28;2025-12-02;4;1
28;2025-12-02;5;75
28;2025-12-02;6;269
28;2025-12-02;7;734
28;2025-12-02;8;1148
28;2025-12-02;9;844
28;2025-12-02;10;649
28;2025-12-02;11;575
28;2025-12-02;12;684
28;2025-12-02;13;669
28;2025-12-02;14;619
28;2025-12-02;15;639
28;2025-12-02;16;764
28;2025-12-02;17;910
28;2025-12-02;18;945
28;2025-12-02;19;723
28;2025-12-02;20;476
28;2025-12-02;21;308
28;2025-12-02;22;115
28;2025-12-02;23;12
28;2025-12-03;0;3
28;2025-12-03;1;0
28;2025-12-03;2;0
28;2025-12-03;3;0
28;2025-12-03;4;1
28;2025-12-03;5;74
28;2025-12-03;6;255
28;2025-12-03;7;692
28;2025-12-03;8;1105
28;2025-12-03;9;794
28;2025-12-03;10;629
28;2025-12-03;11;587
28;2025-12-03;12;733
28;2025-12-03;13;712
28;2025-12-03;14;663
28;2025-12-03;15;648
28;2025-12-03;16;818
28;2025-12-03;17;988
28;2025-12-03;18;974
28;2025-12-03;19;738
28;2025-12-03;20;492
28;2025-12-03;21;313
28;2025-12-03;22;114
28;2025-12-03;23;13
28;2025-12-04;0;3
28;2025-12-04;1;0
28;2025-12-04;2;0
28;2025-12-04;3;0
28;2025-12-04;4;1
28;2025-12-04;5;75
28;2025-12-04;6;258
28;2025-12-04;7;784
28;2025-12-04;8;1192
28;2025-12-04;9;867
28;2025-12-04;10;676
28;2025-12-04;11;598
28;2025-12-04;12;761
28;2025-12-04;13;695
28;2025-12-04;14;673
28;2025-12-04;15;685
28;2025-12-04;16;780
28;2025-12-04;17;1030
28;2025-12-04;18;969
28;2025-12-04;19;725
28;2025-12-04;20;505
28;2025-12-04;21;329
28;2025-12-04;22;121
28;2025-12-04;23;14
28;2025-12-05;0;3
28;2025-12-05;1;0
28;2025-12-05;2;0
28;2025-12-05;3;0
28;2025-12-05;4;1
28;2025-12-05;5;74
28;2025-12-05;6;253
28;2025-12-05;7;728
28;2025-12-05;8;1049
28;2025-12-05;9;779
28;2025-12-05;10;635
28;2025-12-05;11;583
28;2025-12-05;12;728
28;2025-12-05;13;706
28;2025-12-05;14;662
28;2025-12-05;15;673
28;2025-12-05;16;866
28;2025-12-05;17;994
28;2025-12-05;18;858
28;2025-12-05;19;629
28;2025-12-05;20;476
28;2025-12-05;21;300
28;2025-12-05;22;115
28;2025-12-05;23;13
28;2025-12-06;0;2
28;2025-12-06;1;0
28;2025-12-06;2;0
28;2025-12-06;3;0
28;2025-12-06;4;1
28;2025-12-06;5;37
28;2025-12-06;6;92
28;2025-12-06;7;229
28;2025-12-06;8;375
28;2025-12-06;9;452
28;2025-12-06;10;473
28;2025-12-06;11;497
28;2025-12-06;12;601
28;2025-12-06;13;571
28;2025-12-06;14;566
28;2025-12-06;15;556
28;2025-12-06;16;520
28;2025-12-06;17;539
28;2025-12-06;18;468
28;2025-12-06;19;382
28;2025-12-06;20;288
28;2025-12-06;21;242
28;2025-12-06;22;95
28;2025-12-06;23;11
28;2025-12-07;0;2
28;2025-12-07;1;0
28;2025-12-07;2;0
28;2025-12-07;3;0
28;2025-12-07;4;0
28;2025-12-07;5;28
28;2025-12-07;6;70
28;2025-12-07;7;156
28;2025-12-07;8;228
28;2025-12-07;9;345
28;2025-12-07;10;370
28;2025-12-07;11;397
28;2025-12-07;12;426
28;2025-12-07;13;467
28;2025-12-07;14;444
28;2025-12-07;15;428
28;2025-12-07;16;392
28;2025-12-07;17;425
28;2025-12-07;18;381
28;2025-12-07;19;339
28;2025-12-07;20;264
28;2025-12-07;21;218
28;2025-12-07;22;104
28;2025-12-07;23;12
28;2025-12-08;0;2
28;2025-12-08;1;0
28;2025-12-08;2;0
28;2025-12-08;3;0
28;2025-12-08;4;1
28;2025-12-08;5;73
28;2025-12-08;6;265
28;2025-12-08;7;694
28;2025-12-08;8;1099
28;2025-12-08;9;749
28;2025-12-08;10;563
28;2025-12-08;11;496
28;2025-12-08;12;646
28;2025-12-08;13;622
28;2025-12-08;14;577
28;2025-12-08;15;613
28;2025-12-08;16;798
28;2025-12-08;17;991
28;2025-12-08;18;976
28;2025-12-08;19;720
28;2025-12-08;20;451
28;2025-12-08;21;283
28;2025-12-08;22;103
28;2025-12-08;23;11
28;2025-12-09;0;3
28;2025-12-09;1;0
28;2025-12-09;2;0
28;2025-12-09;3;0
28;2025-12-09;4;1
28;2025-12-09;5;76
28;2025-12-09;6;277
28;2025-12-09;7;760
28;2025-12-09;8;1164
28;2025-12-09;9;871
28;2025-12-09;10;705
28;2025-12-09;11;553
28;2025-12-09;12;703
28;2025-12-09;13;660
28;2025-12-09;14;608
28;2025-12-09;15;625
28;2025-12-09;16;756
28;2025-12-09;17;949
28;2025-12-09;18;944
28;2025-12-09;19;705
28;2025-12-09;20;492
28;2025-12-09;21;315
28;2025-12-09;22;120
28;2025-12-09;23;12
28;2025-12-10;0;3
28;2025-12-10;1;0
28;2025-12-10;2;0
28;2025-12-10;3;0
28;2025-12-10;4;1
28;2025-12-10;5;79
28;2025-12-10;6;273
28;2025-12-10;7;774
28;2025-12-10;8;1247
28;2025-12-10;9;986
28;2025-12-10;10;720
28;2025-12-10;11;667
28;2025-12-10;12;740
28;2025-12-10;13;712
28;2025-12-10;14;638
28;2025-12-10;15;634
28;2025-12-10;16;793
28;2025-12-10;17;969
28;2025-12-10;18;950
28;2025-12-10;19;754
28;2025-12-10;20;487
28;2025-12-10;21;311
28;2025-12-10;22;114
28;2025-12-10;23;13
28;2025-12-11;0;3
28;2025-12-11;1;0
28;2025-12-11;2;0
28;2025-12-11;3;0
28;2025-12-11;4;1
28;2025-12-11;5;77
28;2025-12-11;6;269
28;2025-12-11;7;753
28;2025-12-11;8;1271
28;2025-12-11;9;732
28;2025-12-11;10;595
28;2025-12-11;11;536
28;2025-12-11;12;701
28;2025-12-11;13;692
28;2025-12-11;14;717
28;2025-12-11;15;736
28;2025-12-11;16;899
28;2025-12-11;17;1042
28;2025-12-11;18;1020
28;2025-12-11;19;779
28;2025-12-11;20;515
28;2025-12-11;21;337
28;2025-12-11;22;121
28;2025-12-11;23;14
28;2025-12-12;0;3
28;2025-12-12;1;0
28;2025-12-12;2;0
28;2025-12-12;3;0
28;2025-12-12;4;1
28;2025-12-12;5;76
28;2025-12-12;6;272
28;2025-12-12;7;772
28;2025-12-12;8;1309
28;2025-12-12;9;826
28;2025-12-12;10;651
28;2025-12-12;11;612
28;2025-12-12;12;733
28;2025-12-12;13;708
28;2025-12-12;14;662
28;2025-12-12;15;620
28;2025-12-12;16;830
28;2025-12-12;17;1047
28;2025-12-12;18;816
28;2025-12-12;19;632
28;2025-12-12;20;463
28;2025-12-12;21;306
28;2025-12-12;22;120
28;2025-12-12;23;15
28;2025-12-13;0;2
28;2025-12-13;1;0
28;2025-12-13;2;0
28;2025-12-13;3;0
28;2025-12-13;4;1
28;2025-12-13;5;41
28;2025-12-13;6;121
28;2025-12-13;7;251
28;2025-12-13;8;436
28;2025-12-13;9;484
28;2025-12-13;10;526
28;2025-12-13;11;535
28;2025-12-13;12;613
28;2025-12-13;13;631
28;2025-12-13;14;593
28;2025-12-13;15;613
28;2025-12-13;16;612
28;2025-12-13;17;578
28;2025-12-13;18;506
28;2025-12-13;19;396
28;2025-12-13;20;291
28;2025-12-13;21;259
28;2025-12-13;22;103
28;2025-12-13;23;14
28;2025-12-14;0;2
28;2025-12-14;1;0
28;2025-12-14;2;0
28;2025-12-14;3;0
28;2025-12-14;4;1
28;2025-12-14;5;29
28;2025-12-14;6;75
28;2025-12-14;7;167
28;2025-12-14;8;246
28;2025-12-14;9;360
28;2025-12-14;10;406
28;2025-12-14;11;420
28;2025-12-14;12;449
28;2025-12-14;13;517
28;2025-12-14;14;507
28;2025-12-14;15;486
28;2025-12-14;16;440
28;2025-12-14;17;473
28;2025-12-14;18;427
28;2025-12-14;19;380
28;2025-12-14;20;290
28;2025-12-14;21;238
28;2025-12-14;22;114
28;2025-12-14;23;13
28;2025-12-15;0;3
28;2025-12-15;1;1
28;2025-12-15;2;0
28;2025-12-15;3;0
28;2025-12-15;4;2
28;2025-12-15;5;73
28;2025-12-15;6;251
28;2025-12-15;7;711
28;2025-12-15;8;1126
28;2025-12-15;9;757
28;2025-12-15;10;572
28;2025-12-15;11;563
28;2025-12-15;12;666
28;2025-12-15;13;635
28;2025-12-15;14;605
28;2025-12-15;15;609
28;2025-12-15;16;782
28;2025-12-15;17;920
28;2025-12-15;18;964
28;2025-12-15;19;685
28;2025-12-15;20;453
28;2025-12-15;21;299
28;2025-12-15;22;112
28;2025-12-15;23;12
28;2025-12-16;0;3
28;2025-12-16;1;1
28;2025-12-16;2;0
28;2025-12-16;3;0
28;2025-12-16;4;2
28;2025-12-16;5;74
28;2025-12-16;6;261
28;2025-12-16;7;740
28;2025-12-16;8;1115
28;2025-12-16;9;832
28;2025-12-16;10;721
28;2025-12-16;11;683
28;2025-12-16;12;803
28;2025-12-16;13;615
28;2025-12-16;14;690
28;2025-12-16;15;581
28;2025-12-16;16;723
28;2025-12-16;17;933
28;2025-12-16;18;870
28;2025-12-16;19;675
28;2025-12-16;20;476
28;2025-12-16;21;310
28;2025-12-16;22;114
28;2025-12-16;23;11
28;2025-12-17;0;3
28;2025-12-17;1;0
28;2025-12-17;2;0
28;2025-12-17;3;0
28;2025-12-17;4;1
28;2025-12-17;5;77
28;2025-12-17;6;264
28;2025-12-17;7;716
28;2025-12-17;8;1182
28;2025-12-17;9;853
28;2025-12-17;10;670
28;2025-12-17;11;591
28;2025-12-17;12;743
28;2025-12-17;13;701
28;2025-12-17;14;630
28;2025-12-17;15;648
28;2025-12-17;16;779
28;2025-12-17;17;994
28;2025-12-17;18;939
28;2025-12-17;19;757
28;2025-12-17;20;479
28;2025-12-17;21;309
28;2025-12-17;22;113
28;2025-12-17;23;13
28;2025-12-18;0;3
28;2025-12-18;1;0
28;2025-12-18;2;0
28;2025-12-18;3;0
28;2025-12-18;4;1
28;2025-12-18;5;77
28;2025-12-18;6;258
28;2025-12-18;7;733
28;2025-12-18;8;1191
28;2025-12-18;9;853
28;2025-12-18;10;664
28;2025-12-18;11;572
28;2025-12-18;12;740
28;2025-12-18;13;675
28;2025-12-18;14;643
28;2025-12-18;15;663
28;2025-12-18;16;765
28;2025-12-18;17;977
28;2025-12-18;18;938
28;2025-12-18;19;718
28;2025-12-18;20;502
28;2025-12-18;21;332
28;2025-12-18;22;117
28;2025-12-18;23;14
28;2025-12-19;0;3
28;2025-12-19;1;0
28;2025-12-19;2;0
28;2025-12-19;3;0
28;2025-12-19;4;1
28;2025-12-19;5;75
28;2025-12-19;6;250
28;2025-12-19;7;748
28;2025-12-19;8;1114
28;2025-12-19;9;785
28;2025-12-19;10;632
28;2025-12-19;11;582
28;2025-12-19;12;720
28;2025-12-19;13;685
28;2025-12-19;14;614
28;2025-12-19;15;647
28;2025-12-19;16;791
28;2025-12-19;17;947
28;2025-12-19;18;860
28;2025-12-19;19;617
28;2025-12-19;20;439
28;2025-12-19;21;298
28;2025-12-19;22;116
28;2025-12-19;23;13
28;2025-12-20;0;2
28;2025-12-20;1;0
28;2025-12-20;2;0
28;2025-12-20;3;0
28;2025-12-20;4;1
28;2025-12-20;5;38
28;2025-12-20;6;105
28;2025-12-20;7;226
28;2025-12-20;8;367
28;2025-12-20;9;445
28;2025-12-20;10;479
28;2025-12-20;11;493
28;2025-12-20;12;593
28;2025-12-20;13;575
28;2025-12-20;14;531
28;2025-12-20;15;525
28;2025-12-20;16;521
28;2025-12-20;17;551
28;2025-12-20;18;480
28;2025-12-20;19;382
28;2025-12-20;20;291
28;2025-12-20;21;225
28;2025-12-20;22;93
28;2025-12-20;23;11
28;2025-12-21;0;2
28;2025-12-21;1;0
28;2025-12-21;2;0
28;2025-12-21;3;0
28;2025-12-21;4;0
28;2025-12-21;5;28
28;2025-12-21;6;76
28;2025-12-21;7;161
28;2025-12-21;8;225
28;2025-12-21;9;334
28;2025-12-21;10;365
28;2025-12-21;11;388
28;2025-12-21;12;420
28;2025-12-21;13;460
28;2025-12-21;14;427
28;2025-12-21;15;431
28;2025-12-21;16;381
28;2025-12-21;17;426
28;2025-12-21;18;371
28;2025-12-21;19;320
28;2025-12-21;20;257
28;2025-12-21;21;211
28;2025-12-21;22;102
28;2025-12-21;23;11
28;2025-12-22;0;3
28;2025-12-22;1;0
28;2025-12-22;2;0
28;2025-12-22;3;0
28;2025-12-22;4;1
28;2025-12-22;5;75
28;2025-12-22;6;249
28;2025-12-22;7;685
28;2025-12-22;8;1166
28;2025-12-22;9;787
28;2025-12-22;10;613
28;2025-12-22;11;507
28;2025-12-22;12;653
28;2025-12-22;13;676
28;2025-12-22;14;588
28;2025-12-22;15;653
28;2025-12-22;16;830
28;2025-12-22;17;1001
28;2025-12-22;18;881
28;2025-12-22;19;675
28;2025-12-22;20;457
28;2025-12-22;21;293
28;2025-12-22;22;115
28;2025-12-22;23;13
28;2025-12-23;0;3
28;2025-12-23;1;1
28;2025-12-23;2;0
28;2025-12-23;3;0
28;2025-12-23;4;2
28;2025-12-23;5;75
28;2025-12-23;6;303
28;2025-12-23;7;880
28;2025-12-23;8;1315
28;2025-12-23;9;861
28;2025-12-23;10;654
28;2025-12-23;11;598
28;2025-12-23;12;738
28;2025-12-23;13;720
28;2025-12-23;14;667
28;2025-12-23;15;679
28;2025-12-23;16;877
28;2025-12-23;17;1027
28;2025-12-23;18;1028
28;2025-12-23;19;763
28;2025-12-23;20;506
28;2025-12-23;21;325
28;2025-12-23;22;121
28;2025-12-23;23;13
28;2025-12-24;0;3
28;2025-12-24;1;1
28;2025-12-24;2;0
28;2025-12-24;3;0
28;2025-12-24;4;2
28;2025-12-24;5;76
28;2025-12-24;6;271
28;2025-12-24;7;812
28;2025-12-24;8;1267
28;2025-12-24;9;849
28;2025-12-24;10;649
28;2025-12-24;11;612
28;2025-12-24;12;787
28;2025-12-24;13;796
28;2025-12-24;14;682
28;2025-12-24;15;776
28;2025-12-24;16;841
28;2025-12-24;17;1031
28;2025-12-24;18;971
28;2025-12-24;19;753
28;2025-12-24;20;494
28;2025-12-24;21;316
28;2025-12-24;22;121
28;2025-12-24;23;14
28;2025-12-25;0;3
28;2025-12-25;1;0
28;2025-12-25;2;0
28;2025-12-25;3;0
28;2025-12-25;4;1
28;2025-12-25;5;76
28;2025-12-25;6;280
28;2025-12-25;7;741
28;2025-12-25;8;1198
28;2025-12-25;9;828
28;2025-12-25;10;663
28;2025-12-25;11;566
28;2025-12-25;12;738
28;2025-12-25;13;686
28;2025-12-25;14;661
28;2025-12-25;15;684
28;2025-12-25;16;831
28;2025-12-25;17;971
28;2025-12-25;18;880
28;2025-12-25;19;693
28;2025-12-25;20;459
28;2025-12-25;21;330
28;2025-12-25;22;119
28;2025-12-25;23;12
28;2025-12-26;0;3
28;2025-12-26;1;1
28;2025-12-26;2;0
28;2025-12-26;3;0
28;2025-12-26;4;1
28;2025-12-26;5;77
28;2025-12-26;6;336
28;2025-12-26;7;820
28;2025-12-26;8;1280
28;2025-12-26;9;858
28;2025-12-26;10;626
28;2025-12-26;11;555
28;2025-12-26;12;714
28;2025-12-26;13;724
28;2025-12-26;14;727
28;2025-12-26;15;753
28;2025-12-26;16;977
28;2025-12-26;17;1050
28;2025-12-26;18;880
28;2025-12-26;19;671
28;2025-12-26;20;449
28;2025-12-26;21;303
28;2025-12-26;22;121
28;2025-12-26;23;14
28;2025-12-27;0;2
28;2025-12-27;1;0
28;2025-12-27;2;0
28;2025-12-27;3;0
28;2025-12-27;4;1
28;2025-12-27;5;37
28;2025-12-27;6;116
28;2025-12-27;7;242
28;2025-12-27;8;360
28;2025-12-27;9;466
28;2025-12-27;10;489
28;2025-12-27;11;497
28;2025-12-27;12;593
28;2025-12-27;13;569
28;2025-12-27;14;516
28;2025-12-27;15;538
28;2025-12-27;16;517
28;2025-12-27;17;522
28;2025-12-27;18;469
28;2025-12-27;19;372
28;2025-12-27;20;288
28;2025-12-27;21;247
28;2025-12-27;22;110
28;2025-12-27;23;14
28;2025-12-28;0;2
28;2025-12-28;1;0
28;2025-12-28;2;0
28;2025-12-28;3;0
28;2025-12-28;4;1
28;2025-12-28;5;29
28;2025-12-28;6;75
28;2025-12-28;7;168
28;2025-12-28;8;234
28;2025-12-28;9;342
28;2025-12-28;10;342
28;2025-12-28;11;411
28;2025-12-28;12;441
28;2025-12-28;13;488
28;2025-12-28;14;490
28;2025-12-28;15;481
28;2025-12-28;16;394
28;2025-12-28;17;426
28;2025-12-28;18;382
28;2025-12-28;19;339
28;2025-12-28;20;270
28;2025-12-28;21;223
28;2025-12-28;22;110
28;2025-12-28;23;12
28;2025-12-29;0;3
28;2025-12-29;1;1
28;2025-12-29;2;0
28;2025-12-29;3;0
28;2025-12-29;4;1
28;2025-12-29;5;76
28;2025-12-29;6;256
28;2025-12-29;7;683
28;2025-12-29;8;1154
28;2025-12-29;9;830
28;2025-12-29;10;622
28;2025-12-29;11;568
28;2025-12-29;12;684
28;2025-12-29;13;672
28;2025-12-29;14;608
28;2025-12-29;15;635
28;2025-12-29;16;776
28;2025-12-29;17;897
28;2025-12-29;18;916
28;2025-12-29;19;741
28;2025-12-29;20;490
28;2025-12-29;21;316
28;2025-12-29;22;119
28;2025-12-29;23;13
28;2025-12-30;0;3
28;2025-12-30;1;1
28;2025-12-30;2;0
28;2025-12-30;3;0
28;2025-12-30;4;1
28;2025-12-30;5;78
28;2025-12-30;6;263
28;2025-12-30;7;735
28;2025-12-30;8;1268
28;2025-12-30;9;925
28;2025-12-30;10;683
28;2025-12-30;11;661
28;2025-12-30;12;818
28;2025-12-30;13;765
28;2025-12-30;14;703
28;2025-12-30;15;728
28;2025-12-30;16;840
28;2025-12-30;17;961
28;2025-12-30;18;907
28;2025-12-30;19;786
28;2025-12-30;20;474
28;2025-12-30;21;307
28;2025-12-30;22;122
28;2025-12-30;23;13
28;2025-12-31;0;2
28;2025-12-31;1;0
28;2025-12-31;2;0
28;2025-12-31;3;0
28;2025-12-31;4;1
28;2025-12-31;5;29
28;2025-12-31;6;71
28;2025-12-31;7;158
28;2025-12-31;8;243
28;2025-12-31;9;344
28;2025-12-31;10;363
28;2025-12-31;11;408
28;2025-12-31;12;448
28;2025-12-31;13;497
28;2025-12-31;14;476
28;2025-12-31;15;467
28;2025-12-31;16;438
28;2025-12-31;17;482
28;2025-12-31;18;386
28;2025-12-31;19;369
28;2025-12-31;20;290
28;2025-12-31;21;237
28;2025-12-31;22;111
28;2025-12-31;23;14
50;2025-11-01;0;27
50;2025-11-01;1;3
50;2025-11-01;2;0
50;2025-11-01;3;0
50;2025-11-01;4;3
50;2025-11-01;5;74
50;2025-11-01;6;515
50;2025-11-01;7;1481
50;2025-11-01;8;2303
50;2025-11-01;9;1908
50;2025-11-01;10;1686
50;2025-11-01;11;1589
50;2025-11-01;12;1492
50;2025-11-01;13;1582
50;2025-11-01;14;1559
50;2025-11-01;15;1774
50;2025-11-01;16;1652
50;2025-11-01;17;1944
50;2025-11-01;18;1807
50;2025-11-01;19;1206
50;2025-11-01;20;874
50;2025-11-01;21;576
50;2025-11-01;22;261
50;2025-11-01;23;158
50;2025-11-02;0;2
50;2025-11-02;1;0
50;2025-11-02;2;0
50;2025-11-02;3;0
50;2025-11-02;4;0
50;2025-11-02;5;1
50;2025-11-02;6;3
50;2025-11-02;7;7
50;2025-11-02;8;14
50;2025-11-02;9;8
50;2025-11-02;10;18
50;2025-11-02;11;67
50;2025-11-02;12;79
50;2025-11-02;13;124
50;2025-11-02;14;171
50;2025-11-02;15;178
50;2025-11-02;16;172
50;2025-11-02;17;115
50;2025-11-02;18;43
50;2025-11-02;19;47
50;2025-11-02;20;36
50;2025-11-02;21;22
50;2025-11-02;22;25
50;2025-11-02;23;9
50;2025-11-03;0;2
50;2025-11-03;1;0
50;2025-11-03;2;0
50;2025-11-03;3;0
50;2025-11-03;4;0
50;2025-11-03;5;1
50;2025-11-03;6;3
50;2025-11-03;7;5
50;2025-11-03;8;15
50;2025-11-03;9;8
50;2025-11-03;10;10
50;2025-11-03;11;47
50;2025-11-03;12;37
50;2025-11-03;13;36
50;2025-11-03;14;86
50;2025-11-03;15;85
50;2025-11-03;16;80
50;2025-11-03;17;89
50;2025-11-03;18;72
50;2025-11-03;19;43
50;2025-11-03;20;35
50;2025-11-03;21;19
50;2025-11-03;22;20
50;2025-11-03;23;7
50;2025-11-04;0;3
50;2025-11-04;1;0
50;2025-11-04;2;0
50;2025-11-04;3;0
50;2025-11-04;4;0
50;2025-11-04;5;1
50;2025-11-04;6;4
50;2025-11-04;7;7
50;2025-11-04;8;14
50;2025-11-04;9;11
50;2025-11-04;10;25
50;2025-11-04;11;78
50;2025-11-04;12;58
50;2025-11-04;13;77
50;2025-11-04;14;127
50;2025-11-04;15;130
50;2025-11-04;16;134
50;2025-11-04;17;138
50;2025-11-04;18;88
50;2025-11-04;19;90
50;2025-11-04;20;63
50;2025-11-04;21;40
50;2025-11-04;22;41
50;2025-11-04;23;12
50;2025-11-05;0;22
50;2025-11-05;1;1
50;2025-11-05;2;0
50;2025-11-05;3;0
50;2025-11-05;4;2
50;2025-11-05;5;68
50;2025-11-05;6;514
50;2025-11-05;7;1791
50;2025-11-05;8;2720
50;2025-11-05;9;2190
50;2025-11-05;10;1738
50;2025-11-05;11;1610
50;2025-11-05;12;1504
50;2025-11-05;13;1454
50;2025-11-05;14;1460
50;2025-11-05;15;2144
50;2025-11-05;16;1671
50;2025-11-05;17;2516
50;2025-11-05;18;2518
50;2025-11-05;19;1582
50;2025-11-05;20;947
50;2025-11-05;21;646
50;2025-11-05;22;271
50;2025-11-05;23;154
50;2025-11-06;0;27
50;2025-11-06;1;1
50;2025-11-06;2;0
50;2025-11-06;3;0
50;2025-11-06;4;3
50;2025-11-06;5;67
50;2025-11-06;6;507
50;2025-11-06;7;1662
50;2025-11-06;8;2665
50;2025-11-06;9;2228
50;2025-11-06;10;1727
50;2025-11-06;11;1440
50;2025-11-06;12;1554
50;2025-11-06;13;1575
50;2025-11-06;14;1503
50;2025-11-06;15;1658
50;2025-11-06;16;1747
50;2025-11-06;17;2279
50;2025-11-06;18;2359
50;2025-11-06;19;1430
50;2025-11-06;20;977
50;2025-11-06;21;684
50;2025-11-06;22;251
50;2025-11-06;23;148
50;2025-11-07;0;28
50;2025-11-07;1;2
50;2025-11-07;2;0
50;2025-11-07;3;0
50;2025-11-07;4;2
50;2025-11-07;5;71
50;2025-11-07;6;481
50;2025-11-07;7;1657
50;2025-11-07;8;2810
50;2025-11-07;9;2003
50;2025-11-07;10;1657
50;2025-11-07;11;1627
50;2025-11-07;12;1516
50;2025-11-07;13;1573
50;2025-11-07;14;1496
50;2025-11-07;15;1785
50;2025-11-07;16;2111
50;2025-11-07;17;2355
50;2025-11-07;18;1646
50;2025-11-07;19;1158
50;2025-11-07;20;760
50;2025-11-07;21;537
50;2025-11-07;22;226
50;2025-11-07;23;163
50;2025-11-08;0;30
50;2025-11-08;1;3
50;2025-11-08;2;0
50;2025-11-08;3;0
50;2025-11-08;4;0
50;2025-11-08;5;2
50;2025-11-08;6;7
50;2025-11-08;7;11
50;2025-11-08;8;24
50;2025-11-08;9;31
50;2025-11-08;10;8
50;2025-11-08;11;15
50;2025-11-08;12;53
50;2025-11-08;13;38
50;2025-11-08;14;60
50;2025-11-08;15;121
50;2025-11-08;16;82
50;2025-11-08;17;59
50;2025-11-08;18;10
50;2025-11-08;19;9
50;2025-11-08;20;8
50;2025-11-08;21;8
50;2025-11-08;22;9
50;2025-11-08;23;3
50;2025-11-09;0;2
50;2025-11-09;1;0
50;2025-11-09;2;0
50;2025-11-09;3;0
50;2025-11-09;4;0
50;2025-11-09;5;1
50;2025-11-09;6;3
50;2025-11-09;7;7
50;2025-11-09;8;11
50;2025-11-09;9;7
50;2025-11-09;10;4
50;2025-11-09;11;38
50;2025-11-09;12;52
50;2025-11-09;13;56
50;2025-11-09;14;82
50;2025-11-09;15;106
50;2025-11-09;16;157
50;2025-11-09;17;116
50;2025-11-09;18;64
50;2025-11-09;19;47
50;2025-11-09;20;41
50;2025-11-09;21;22
50;2025-11-09;22;25
50;2025-11-09;23;9
50;2025-11-10;0;24
50;2025-11-10;1;2
50;2025-11-10;2;0
50;2025-11-10;3;0
50;2025-11-10;4;3
50;2025-11-10;5;69
50;2025-11-10;6;532
50;2025-11-10;7;1681
50;2025-11-10;8;2849
50;2025-11-10;9;2194
50;2025-11-10;10;1627
50;2025-11-10;11;1381
50;2025-11-10;12;1307
50;2025-11-10;13;1453
50;2025-11-10;14;1429
50;2025-11-10;15;1613
50;2025-11-10;16;1658
50;2025-11-10;17;2309
50;2025-11-10;18;2589
50;2025-11-10;19;1504
50;2025-11-10;20;974
50;2025-11-10;21;627
50;2025-11-10;22;230
50;2025-11-10;23;132
50;2025-11-11;0;26
50;2025-11-11;1;2
50;2025-11-11;2;0
50;2025-11-11;3;0
50;2025-11-11;4;3
50;2025-11-11;5;74
50;2025-11-11;6;571
50;2025-11-11;7;1820
50;2025-11-11;8;2924
50;2025-11-11;9;2412
50;2025-11-11;10;1847
50;2025-11-11;11;1692
50;2025-11-11;12;1531
50;2025-11-11;13;1596
50;2025-11-11;14;1594
50;2025-11-11;15;1820
50;2025-11-11;16;1757
50;2025-11-11;17;2437
50;2025-11-11;18;2570
50;2025-11-11;19;1554
50;2025-11-11;20;1047
50;2025-11-11;21;653
50;2025-11-11;22;252
50;2025-11-11;23;147
50;2025-11-12;0;26
50;2025-11-12;1;1
50;2025-11-12;2;0
50;2025-11-12;3;0
50;2025-11-12;4;3
50;2025-11-12;5;73
50;2025-11-12;6;544
50;2025-11-12;7;1769
50;2025-11-12;8;2664
50;2025-11-12;9;2245
50;2025-11-12;10;1750
50;2025-11-12;11;1613
50;2025-11-12;12;1560
50;2025-11-12;13;1601
50;2025-11-12;14;1482
50;2025-11-12;15;1739
50;2025-11-12;16;1688
50;2025-11-12;17;2485
50;2025-11-12;18;2606
50;2025-11-12;19;1499
50;2025-11-12;20;941
50;2025-11-12;21;649
50;2025-11-12;22;247
50;2025-11-12;23;149
50;2025-11-13;0;28
50;2025-11-13;1;2
50;2025-11-13;2;0
50;2025-11-13;3;0
50;2025-11-13;4;3
50;2025-11-13;5;60
50;2025-11-13;6;522
50;2025-11-13;7;1683
50;2025-11-13;8;2938
50;2025-11-13;9;2365
50;2025-11-13;10;1840
50;2025-11-13;11;1653
50;2025-11-13;12;1523
50;2025-11-13;13;1526
50;2025-11-13;14;1471
50;2025-11-13;15;1678
50;2025-11-13;16;1657
50;2025-11-13;17;2400
50;2025-11-13;18;2430
50;2025-11-13;19;1453
50;2025-11-13;20;978
50;2025-11-13;21;705
50;2025-11-13;22;257
50;2025-11-13;23;155
50;2025-11-14;0;28
50;2025-11-14;1;1
50;2025-11-14;2;0
50;2025-11-14;3;0
50;2025-11-14;4;2
50;2025-11-14;5;75
50;2025-11-14;6;536
50;2025-11-14;7;1582
50;2025-11-14;8;2681
50;2025-11-14;9;2088
50;2025-11-14;10;1677
50;2025-11-14;11;1637
50;2025-11-14;12;1530
50;2025-11-14;13;1575
50;2025-11-14;14;1550
50;2025-11-14;15;1774
50;2025-11-14;16;1919
50;2025-11-14;17;2094
50;2025-11-14;18;1808
50;2025-11-14;19;1137
50;2025-11-14;20;867
50;2025-11-14;21;573
50;2025-11-14;22;268
50;2025-11-14;23;166
50;2025-11-15;0;33
50;2025-11-15;1;3
50;2025-11-15;2;0
50;2025-11-15;3;0
50;2025-11-15;4;1
50;2025-11-15;5;9
50;2025-11-15;6;12
50;2025-11-15;7;19
50;2025-11-15;8;43
50;2025-11-15;9;75
50;2025-11-15;10;33
50;2025-11-15;11;61
50;2025-11-15;12;115
50;2025-11-15;13;64
50;2025-11-15;14;95
50;2025-11-15;15;150
50;2025-11-15;16;92
50;2025-11-15;17;82
50;2025-11-15;18;23
50;2025-11-15;19;20
50;2025-11-15;20;14
50;2025-11-15;21;14
50;2025-11-15;22;12
50;2025-11-15;23;4
50;2025-11-16;0;3
50;2025-11-16;1;0
50;2025-11-16;2;0
50;2025-11-16;3;0
50;2025-11-16;4;0
50;2025-11-16;5;1
50;2025-11-16;6;5
50;2025-11-16;7;8
50;2025-11-16;8;16
50;2025-11-16;9;13
50;2025-11-16;10;33
50;2025-11-16;11;118
50;2025-11-16;12;94
50;2025-11-16;13;118
50;2025-11-16;14;169
50;2025-11-16;15;158
50;2025-11-16;16;176
50;2025-11-16;17;146
50;2025-11-16;18;85
50;2025-11-16;19;85
50;2025-11-16;20;63
50;2025-11-16;21;40
50;2025-11-16;22;40
50;2025-11-16;23;11
50;2025-11-17;0;25
50;2025-11-17;1;2
50;2025-11-17;2;0
50;2025-11-17;3;0
50;2025-11-17;4;3
50;2025-11-17;5;74
50;2025-11-17;6;543
50;2025-11-17;7;1696
50;2025-11-17;8;2704
50;2025-11-17;9;2188
50;2025-11-17;10;1612
50;2025-11-17;11;1398
50;2025-11-17;12;1346
50;2025-11-17;13;1447
50;2025-11-17;14;1420
50;2025-11-17;15;1700
50;2025-11-17;16;1763
50;2025-11-17;17;2523
50;2025-11-17;18;2438
50;2025-11-17;19;1476
50;2025-11-17;20;937
50;2025-11-17;21;622
50;2025-11-17;22;228
50;2025-11-17;23;140
50;2025-11-18;0;26
50;2025-11-18;1;2
50;2025-11-18;2;0
50;2025-11-18;3;0
50;2025-11-18;4;3
50;2025-11-18;5;73
50;2025-11-18;6;503
50;2025-11-18;7;1672
50;2025-11-18;8;2522
50;2025-11-18;9;1817
50;2025-11-18;10;1371
50;2025-11-18;11;1306
50;2025-11-18;12;1224
50;2025-11-18;13;1190
50;2025-11-18;14;1203
50;2025-11-18;15;1636
50;2025-11-18;16;1757
50;2025-11-18;17;2348
50;2025-11-18;18;2552
50;2025-11-18;19;1480
50;2025-11-18;20;985
50;2025-11-18;21;697
50;2025-11-18;22;273
50;2025-11-18;23;152
50;2025-11-19;0;27
50;2025-11-19;1;2
50;2025-11-19;2;0
50;2025-11-19;3;0
50;2025-11-19;4;3
50;2025-11-19;5;76
50;2025-11-19;6;563
50;2025-11-19;7;1801
50;2025-11-19;8;2742
50;2025-11-19;9;2217
50;2025-11-19;10;1698
50;2025-11-19;11;1593
50;2025-11-19;12;1453
50;2025-11-19;13;1506
50;2025-11-19;14;1444
50;2025-11-19;15;1712
50;2025-11-19;16;1703
50;2025-11-19;17;2378
50;2025-11-19;18;2446
50;2025-11-19;19;1466
50;2025-11-19;20;988
50;2025-11-19;21;671
50;2025-11-19;22;274
50;2025-11-19;23;155
50;2025-11-20;0;29
50;2025-11-20;1;2
50;2025-11-20;2;0
50;2025-11-20;3;0
50;2025-11-20;4;3
50;2025-11-20;5;72
50;2025-11-20;6;558
50;2025-11-20;7;1787
50;2025-11-20;8;2727
50;2025-11-20;9;2304
50;2025-11-20;10;1750
50;2025-11-20;11;1602
50;2025-11-20;12;1497
50;2025-11-20;13;1501
50;2025-11-20;14;1420
50;2025-11-20;15;1638
50;2025-11-20;16;1628
50;2025-11-20;17;2350
50;2025-11-20;18;2502
50;2025-11-20;19;1517
50;2025-11-20;20;1002
50;2025-11-20;21;711
50;2025-11-20;22;274
50;2025-11-20;23;153
50;2025-11-21;0;29
50;2025-11-21;1;1
50;2025-11-21;2;0
50;2025-11-21;3;0
50;2025-11-21;4;3
50;2025-11-21;5;76
50;2025-11-21;6;533
50;2025-11-21;7;1691
50;2025-11-21;8;2591
50;2025-11-21;9;2166
50;2025-11-21;10;1646
50;2025-11-21;11;1616
50;2025-11-21;12;1452
50;2025-11-21;13;1505
50;2025-11-21;14;1494
50;2025-11-21;15;1763
50;2025-11-21;16;1888
50;2025-11-21;17;2162
50;2025-11-21;18;1921
50;2025-11-21;19;1330
50;2025-11-21;20;924
50;2025-11-21;21;658
50;2025-11-21;22;276
50;2025-11-21;23;167
50;2025-11-22;0;48
50;2025-11-22;1;3
50;2025-11-22;2;0
50;2025-11-22;3;0
50;2025-11-22;4;1
50;2025-11-22;5;9
50;2025-11-22;6;13
50;2025-11-22;7;20
50;2025-11-22;8;42
50;2025-11-22;9;91
50;2025-11-22;10;31
50;2025-11-22;11;57
50;2025-11-22;12;130
50;2025-11-22;13;71
50;2025-11-22;14;109
50;2025-11-22;15;181
50;2025-11-22;16;110
50;2025-11-22;17;89
50;2025-11-22;18;22
50;2025-11-22;19;17
50;2025-11-22;20;14
50;2025-11-22;21;13
50;2025-11-22;22;11
50;2025-11-22;23;4
50;2025-11-23;0;3
50;2025-11-23;1;0
50;2025-11-23;2;0
50;2025-11-23;3;0
50;2025-11-23;4;0
50;2025-11-23;5;1
50;2025-11-23;6;5
50;2025-11-23;7;8
50;2025-11-23;8;16
50;2025-11-23;9;14
50;2025-11-23;10;36
50;2025-11-23;11;129
50;2025-11-23;12;103
50;2025-11-23;13;137
50;2025-11-23;14;207
50;2025-11-23;15;185
50;2025-11-23;16;205
50;2025-11-23;17;167
50;2025-11-23;18;98
50;2025-11-23;19;101
50;2025-11-23;20;71
50;2025-11-23;21;40
50;2025-11-23;22;39
50;2025-11-23;23;12
50;2025-11-24;0;25
50;2025-11-24;1;2
50;2025-11-24;2;0
50;2025-11-24;3;0
50;2025-11-24;4;3
50;2025-11-24;5;73
50;2025-11-24;6;513
50;2025-11-24;7;1705
50;2025-11-24;8;2886
50;2025-11-24;9;2127
50;2025-11-24;10;1747
50;2025-11-24;11;1447
50;2025-11-24;12;1329
50;2025-11-24;13;1527
50;2025-11-24;14;1463
50;2025-11-24;15;1643
50;2025-11-24;16;1890
50;2025-11-24;17;2461
50;2025-11-24;18;2472
50;2025-11-24;19;1496
50;2025-11-24;20;958
50;2025-11-24;21;656
50;2025-11-24;22;252
50;2025-11-24;23;133
50;2025-11-25;0;29
50;2025-11-25;1;1
50;2025-11-25;2;0
50;2025-11-25;3;0
50;2025-11-25;4;3
50;2025-11-25;5;73
50;2025-11-25;6;595
50;2025-11-25;7;1848
50;2025-11-25;8;2823
50;2025-11-25;9;2238
50;2025-11-25;10;1734
50;2025-11-25;11;1590
50;2025-11-25;12;1506
50;2025-11-25;13;1572
50;2025-11-25;14;1529
50;2025-11-25;15;1789
50;2025-11-25;16;1745
50;2025-11-25;17;2382
50;2025-11-25;18;2510
50;2025-11-25;19;1545
50;2025-11-25;20;1025
50;2025-11-25;21;663
50;2025-11-25;22;263
50;2025-11-25;23;144
50;2025-11-26;0;27
50;2025-11-26;1;2
50;2025-11-26;2;0
50;2025-11-26;3;0
50;2025-11-26;4;3
50;2025-11-26;5;77
50;2025-11-26;6;554
50;2025-11-26;7;1772
50;2025-11-26;8;2800
50;2025-11-26;9;2278
50;2025-11-26;10;1755
50;2025-11-26;11;1574
50;2025-11-26;12;1522
50;2025-11-26;13;1597
50;2025-11-26;14;1479
50;2025-11-26;15;1769
50;2025-11-26;16;1758
50;2025-11-26;17;2269
50;2025-11-26;18;2562
50;2025-11-26;19;1537
50;2025-11-26;20;994
50;2025-11-26;21;672
50;2025-11-26;22;287
50;2025-11-26;23;159
50;2025-11-27;0;28
50;2025-11-27;1;2
50;2025-11-27;2;0
50;2025-11-27;3;0
50;2025-11-27;4;3
50;2025-11-27;5;67
50;2025-11-27;6;519
50;2025-11-27;7;1707
50;2025-11-27;8;2641
50;2025-11-27;9;2233
50;2025-11-27;10;1767
50;2025-11-27;11;1557
50;2025-11-27;12;1528
50;2025-11-27;13;1616
50;2025-11-27;14;1536
50;2025-11-27;15;1748
50;2025-11-27;16;1709
50;2025-11-27;17;2452
50;2025-11-27;18;2580
50;2025-11-27;19;1494
50;2025-11-27;20;983
50;2025-11-27;21;678
50;2025-11-27;22;273
50;2025-11-27;23;163
50;2025-11-28;0;26
50;2025-11-28;1;2
50;2025-11-28;2;0
50;2025-11-28;3;0
50;2025-11-28;4;3
50;2025-11-28;5;66
50;2025-11-28;6;506
50;2025-11-28;7;1667
50;2025-11-28;8;2622
50;2025-11-28;9;2137
50;2025-11-28;10;1634
50;2025-11-28;11;1678
50;2025-11-28;12;1564
50;2025-11-28;13;1560
50;2025-11-28;14;1539
50;2025-11-28;15;1804
50;2025-11-28;16;1946
50;2025-11-28;17;2180
50;2025-11-28;18;1861
50;2025-11-28;19;1280
50;2025-11-28;20;904
50;2025-11-28;21;639
50;2025-11-28;22;271
50;2025-11-28;23;159
50;2025-11-29;0;51
50;2025-11-29;1;4
50;2025-11-29;2;0
50;2025-11-29;3;0
50;2025-11-29;4;0
50;2025-11-29;5;7
50;2025-11-29;6;14
50;2025-11-29;7;22
50;2025-11-29;8;40
50;2025-11-29;9;93
50;2025-11-29;10;38
50;2025-11-29;11;68
50;2025-11-29;12;125
50;2025-11-29;13;87
50;2025-11-29;14;101
50;2025-11-29;15;154
50;2025-11-29;16;103
50;2025-11-29;17;85
50;2025-11-29;18;23
50;2025-11-29;19;18
50;2025-11-29;20;13
50;2025-11-29;21;13
50;2025-11-29;22;11
50;2025-11-29;23;4
50;2025-11-30;0;3
50;2025-11-30;1;0
50;2025-11-30;2;0
50;2025-11-30;3;0
50;2025-11-30;4;0
50;2025-11-30;5;1
50;2025-11-30;6;4
50;2025-11-30;7;7
50;2025-11-30;8;14
50;2025-11-30;9;13
50;2025-11-30;10;31
50;2025-11-30;11;107
50;2025-11-30;12;98
50;2025-11-30;13;123
50;2025-11-30;14;204
50;2025-11-30;15;157
50;2025-11-30;16;195
50;2025-11-30;17;149
50;2025-11-30;18;77
50;2025-11-30;19;59
50;2025-11-30;20;42
50;2025-11-30;21;28
50;2025-11-30;22;30
50;2025-11-30;23;10
50;2025-12-01;0;25
50;2025-12-01;1;2
50;2025-12-01;2;0
50;2025-12-01;3;0
50;2025-12-01;4;3
50;2025-12-01;5;68
50;2025-12-01;6;549
50;2025-12-01;7;1635
50;2025-12-01;8;2738
50;2025-12-01;9;2157
50;2025-12-01;10;1672
50;2025-12-01;11;1405
50;2025-12-01;12;1338
50;2025-12-01;13;1423
50;2025-12-01;14;1415
50;2025-12-01;15;1594
50;2025-12-01;16;1640
50;2025-12-01;17;2286
50;2025-12-01;18;2478
50;2025-12-01;19;1513
50;2025-12-01;20;971
50;2025-12-01;21;651
50;2025-12-01;22;247
50;2025-12-01;23;140
50;2025-12-02;0;27
50;2025-12-02;1;2
50;2025-12-02;2;0
50;2025-12-02;3;0
50;2025-12-02;4;3
50;2025-12-02;5;73
50;2025-12-02;6;580
50;2025-12-02;7;1823
50;2025-12-02;8;2899
50;2025-12-02;9;2356
50;2025-12-02;10;1815
50;2025-12-02;11;1631
50;2025-12-02;12;1508
50;2025-12-02;13;1557
50;2025-12-02;14;1523
50;2025-12-02;15;1757
50;2025-12-02;16;1698
50;2025-12-02;17;2406
50;2025-12-02;18;2507
50;2025-12-02;19;1611
50;2025-12-02;20;1057
50;2025-12-02;21;660
50;2025-12-02;22;269
50;2025-12-02;23;154
50;2025-12-03;0;27
50;2025-12-03;1;2
50;2025-12-03;2;0
50;2025-12-03;3;0
50;2025-12-03;4;3
50;2025-12-03;5;72
50;2025-12-03;6;540
50;2025-12-03;7;1788
50;2025-12-03;8;2942
50;2025-12-03;9;2251
50;2025-12-03;10;1709
50;2025-12-03;11;1600
50;2025-12-03;12;1500
50;2025-12-03;13;1539
50;2025-12-03;14;1468
50;2025-12-03;15;1759
50;2025-12-03;16;1648
50;2025-12-03;17;2318
50;2025-12-03;18;2437
50;2025-12-03;19;1441
50;2025-12-03;20;934
50;2025-12-03;21;663
50;2025-12-03;22;269
50;2025-12-03;23;149
50;2025-12-04;0;29
50;2025-12-04;1;2
50;2025-12-04;2;0
50;2025-12-04;3;0
50;2025-12-04;4;3
50;2025-12-04;5;70
50;2025-12-04;6;532
50;2025-12-04;7;1679
50;2025-12-04;8;2794
50;2025-12-04;9;2255
50;2025-12-04;10;1801
50;2025-12-04;11;1619
50;2025-12-04;12;1510
50;2025-12-04;13;1495
50;2025-12-04;14;1463
50;2025-12-04;15;1650
50;2025-12-04;16;1587
50;2025-12-04;17;2332
50;2025-12-04;18;2466
50;2025-12-04;19;1513
50;2025-12-04;20;1001
50;2025-12-04;21;680
50;2025-12-04;22;268
50;2025-12-04;23;154
50;2025-12-05;0;28
50;2025-12-05;1;2
50;2025-12-05;2;0
50;2025-12-05;3;0
50;2025-12-05;4;2
50;2025-12-05;5;68
50;2025-12-05;6;529
50;2025-12-05;7;1648
50;2025-12-05;8;2637
50;2025-12-05;9;2156
50;2025-12-05;10;1649
50;2025-12-05;11;1658
50;2025-12-05;12;1591
50;2025-12-05;13;1512
50;2025-12-05;14;1510
50;2025-12-05;15;1769
50;2025-12-05;16;1893
50;2025-12-05;17;2166
50;2025-12-05;18;1887
50;2025-12-05;19;1330
50;2025-12-05;20;965
50;2025-12-05;21;650
50;2025-12-05;22;266
50;2025-12-05;23;163
50;2025-12-06;0;49
50;2025-12-06;1;4
50;2025-12-06;2;0
50;2025-12-06;3;0
50;2025-12-06;4;0
50;2025-12-06;5;3
50;2025-12-06;6;8
50;2025-12-06;7;16
50;2025-12-06;8;36
50;2025-12-06;9;72
50;2025-12-06;10;23
50;2025-12-06;11;41
50;2025-12-06;12;97
50;2025-12-06;13;58
50;2025-12-06;14;92
50;2025-12-06;15;163
50;2025-12-06;16;111
50;2025-12-06;17;82
50;2025-12-06;18;20
50;2025-12-06;19;13
50;2025-12-06;20;10
50;2025-12-06;21;8
50;2025-12-06;22;8
50;2025-12-06;23;4
50;2025-12-07;0;3
50;2025-12-07;1;0
50;2025-12-07;2;0
50;2025-12-07;3;0
50;2025-12-07;4;0
50;2025-12-07;5;1
50;2025-12-07;6;4
50;2025-12-07;7;7
50;2025-12-07;8;14
50;2025-12-07;9;13
50;2025-12-07;10;32
50;2025-12-07;11;118
50;2025-12-07;12;93
50;2025-12-07;13;121
50;2025-12-07;14;204
50;2025-12-07;15;180
50;2025-12-07;16;184
50;2025-12-07;17;155
50;2025-12-07;18;92
50;2025-12-07;19;89
50;2025-12-07;20;64
50;2025-12-07;21;39
50;2025-12-07;22;37
50;2025-12-07;23;11
50;2025-12-08;0;25
50;2025-12-08;1;2
50;2025-12-08;2;0
50;2025-12-08;3;0
50;2025-12-08;4;3
50;2025-12-08;5;72
50;2025-12-08;6;551
50;2025-12-08;7;1680
50;2025-12-08;8;2797
50;2025-12-08;9;2205
50;2025-12-08;10;1609
50;2025-12-08;11;1341
50;2025-12-08;12;1273
50;2025-12-08;13;1367
50;2025-12-08;14;1378
50;2025-12-08;15;1564
50;2025-12-08;16;1586
50;2025-12-08;17;2255
50;2025-12-08;18;2461
50;2025-12-08;19;1484
50;2025-12-08;20;972
50;2025-12-08;21;654
50;2025-12-08;22;252
50;2025-12-08;23;138
50;2025-12-09;0;28
50;2025-12-09;1;2
50;2025-12-09;2;0
50;2025-12-09;3;0
50;2025-12-09;4;3
50;2025-12-09;5;75
50;2025-12-09;6;591
50;2025-12-09;7;1878
50;2025-12-09;8;2780
50;2025-12-09;9;2224
50;2025-12-09;10;1764
50;2025-12-09;11;1555
50;2025-12-09;12;1463
50;2025-12-09;13;1560
50;2025-12-09;14;1495
50;2025-12-09;15;1832
50;2025-12-09;16;1756
50;2025-12-09;17;2375
50;2025-12-09;18;2504
50;2025-12-09;19;1533
50;2025-12-09;20;1014
50;2025-12-09;21;682
50;2025-12-09;22;268
50;2025-12-09;23;158
50;2025-12-10;0;27
50;2025-12-10;1;2
50;2025-12-10;2;0
50;2025-12-10;3;0
50;2025-12-10;4;3
50;2025-12-10;5;77
50;2025-12-10;6;561
50;2025-12-10;7;1814
50;2025-12-10;8;2981
50;2025-12-10;9;2468
50;2025-12-10;10;1864
50;2025-12-10;11;1604
50;2025-12-10;12;1449
50;2025-12-10;13;1486
50;2025-12-10;14;1438
50;2025-12-10;15;1663
50;2025-12-10;16;1609
50;2025-12-10;17;2279
50;2025-12-10;18;2336
50;2025-12-10;19;1452
50;2025-12-10;20;968
50;2025-12-10;21;675
50;2025-12-10;22;268
50;2025-12-10;23;152
50;2025-12-11;0;30
50;2025-12-11;1;2
50;2025-12-11;2;0
50;2025-12-11;3;0
50;2025-12-11;4;3
50;2025-12-11;5;75
50;2025-12-11;6;570
50;2025-12-11;7;1761
50;2025-12-11;8;2860
50;2025-12-11;9;2230
50;2025-12-11;10;1702
50;2025-12-11;11;1587
50;2025-12-11;12;1551
50;2025-12-11;13;1627
50;2025-12-11;14;1590
50;2025-12-11;15;1872
50;2025-12-11;16;1850
50;2025-12-11;17;2424
50;2025-12-11;18;2516
50;2025-12-11;19;1495
50;2025-12-11;20;993
50;2025-12-11;21;691
50;2025-12-11;22;259
50;2025-12-11;23;160
50;2025-12-12;0;29
50;2025-12-12;1;2
50;2025-12-12;2;0
50;2025-12-12;3;0
50;2025-12-12;4;2
50;2025-12-12;5;74
50;2025-12-12;6;521
50;2025-12-12;7;1596
50;2025-12-12;8;2779
50;2025-12-12;9;2143
50;2025-12-12;10;1579
50;2025-12-12;11;1637
50;2025-12-12;12;1423
50;2025-12-12;13;1395
50;2025-12-12;14;1336
50;2025-12-12;15;1550
50;2025-12-12;16;1812
50;2025-12-12;17;2143
50;2025-12-12;18;1963
50;2025-12-12;19;1329
50;2025-12-12;20;935
50;2025-12-12;21;645
50;2025-12-12;22;258
50;2025-12-12;23;153
50;2025-12-13;0;47
50;2025-12-13;1;3
50;2025-12-13;2;0
50;2025-12-13;3;0
50;2025-12-13;4;1
50;2025-12-13;5;10
50;2025-12-13;6;17
50;2025-12-13;7;28
50;2025-12-13;8;60
50;2025-12-13;9;113
50;2025-12-13;10;45
50;2025-12-13;11;80
50;2025-12-13;12;133
50;2025-12-13;13;99
50;2025-12-13;14;109
50;2025-12-13;15;163
50;2025-12-13;16;107
50;2025-12-13;17;97
50;2025-12-13;18;27
50;2025-12-13;19;23
50;2025-12-13;20;13
50;2025-12-13;21;12
50;2025-12-13;22;12
50;2025-12-13;23;4
50;2025-12-14;0;3
50;2025-12-14;1;0
50;2025-12-14;2;0
50;2025-12-14;3;0
50;2025-12-14;4;0
50;2025-12-14;5;2
50;2025-12-14;6;5
50;2025-12-14;7;8
50;2025-12-14;8;16
50;2025-12-14;9;13
50;2025-12-14;10;33
50;2025-12-14;11;115
50;2025-12-14;12;88
50;2025-12-14;13;117
50;2025-12-14;14;178
50;2025-12-14;15;155
50;2025-12-14;16;178
50;2025-12-14;17;147
50;2025-12-14;18;95
50;2025-12-14;19;99
50;2025-12-14;20;65
50;2025-12-14;21;38
50;2025-12-14;22;40
50;2025-12-14;23;11
50;2025-12-15;0;26
50;2025-12-15;1;3
50;2025-12-15;2;0
50;2025-12-15;3;0
50;2025-12-15;4;3
50;2025-12-15;5;74
50;2025-12-15;6;541
50;2025-12-15;7;1690
50;2025-12-15;8;2821
50;2025-12-15;9;2242
50;2025-12-15;10;1642
50;2025-12-15;11;1513
50;2025-12-15;12;1361
50;2025-12-15;13;1402
50;2025-12-15;14;1363
50;2025-12-15;15;1556
50;2025-12-15;16;1623
50;2025-12-15;17;2262
50;2025-12-15;18;2474
50;2025-12-15;19;1522
50;2025-12-15;20;987
50;2025-12-15;21;653
50;2025-12-15;22;262
50;2025-12-15;23;143
50;2025-12-16;0;26
50;2025-12-16;1;3
50;2025-12-16;2;0
50;2025-12-16;3;0
50;2025-12-16;4;4
50;2025-12-16;5;73
50;2025-12-16;6;570
50;2025-12-16;7;1849
50;2025-12-16;8;2857
50;2025-12-16;9;2290
50;2025-12-16;10;1729
50;2025-12-16;11;1464
50;2025-12-16;12;1363
50;2025-12-16;13;1374
50;2025-12-16;14;1512
50;2025-12-16;15;1816
50;2025-12-16;16;1681
50;2025-12-16;17;2302
50;2025-12-16;18;2384
50;2025-12-16;19;1491
50;2025-12-16;20;990
50;2025-12-16;21;673
50;2025-12-16;22;253
50;2025-12-16;23;146
50;2025-12-17;0;25
50;2025-12-17;1;2
50;2025-12-17;2;0
50;2025-12-17;3;0
50;2025-12-17;4;3
50;2025-12-17;5;73
50;2025-12-17;6;549
50;2025-12-17;7;1781
50;2025-12-17;8;2793
50;2025-12-17;9;2198
50;2025-12-17;10;1753
50;2025-12-17;11;1540
50;2025-12-17;12;1445
50;2025-12-17;13;1490
50;2025-12-17;14;1449
50;2025-12-17;15;1703
50;2025-12-17;16;1587
50;2025-12-17;17;2271
50;2025-12-17;18;2300
50;2025-12-17;19;1439
50;2025-12-17;20;945
50;2025-12-17;21;657
50;2025-12-17;22;265
50;2025-12-17;23;153
50;2025-12-18;0;30
50;2025-12-18;1;2
50;2025-12-18;2;0
50;2025-12-18;3;0
50;2025-12-18;4;3
50;2025-12-18;5;74
50;2025-12-18;6;556
50;2025-12-18;7;1758
50;2025-12-18;8;2700
50;2025-12-18;9;2228
50;2025-12-18;10;1759
50;2025-12-18;11;1662
50;2025-12-18;12;1520
50;2025-12-18;13;1507
50;2025-12-18;14;1462
50;2025-12-18;15;1699
50;2025-12-18;16;1637
50;2025-12-18;17;2335
50;2025-12-18;18;2414
50;2025-12-18;19;1493
50;2025-12-18;20;999
50;2025-12-18;21;710
50;2025-12-18;22;262
50;2025-12-18;23;156
50;2025-12-19;0;29
50;2025-12-19;1;2
50;2025-12-19;2;0
50;2025-12-19;3;0
50;2025-12-19;4;2
50;2025-12-19;5;70
50;2025-12-19;6;537
50;2025-12-19;7;1669
50;2025-12-19;8;2622
50;2025-12-19;9;2159
50;2025-12-19;10;1659
50;2025-12-19;11;1588
50;2025-12-19;12;1553
50;2025-12-19;13;1497
50;2025-12-19;14;1450
50;2025-12-19;15;1746
50;2025-12-19;16;1886
50;2025-12-19;17;2212
50;2025-12-19;18;2002
50;2025-12-19;19;1361
50;2025-12-19;20;933
50;2025-12-19;21;657
50;2025-12-19;22;276
50;2025-12-19;23;156
50;2025-12-20;0;52
50;2025-12-20;1;4
50;2025-12-20;2;0
50;2025-12-20;3;0
50;2025-12-20;4;0
50;2025-12-20;5;7
50;2025-12-20;6;15
50;2025-12-20;7;22
50;2025-12-20;8;41
50;2025-12-20;9;93
50;2025-12-20;10;38
50;2025-12-20;11;68
50;2025-12-20;12;122
50;2025-12-20;13;86
50;2025-12-20;14;99
50;2025-12-20;15;158
50;2025-12-20;16;96
50;2025-12-20;17;82
50;2025-12-20;18;22
50;2025-12-20;19;18
50;2025-12-20;20;13
50;2025-12-20;21;13
50;2025-12-20;22;11
50;2025-12-20;23;4
50;2025-12-21;0;3
50;2025-12-21;1;0
50;2025-12-21;2;0
50;2025-12-21;3;0
50;2025-12-21;4;0
50;2025-12-21;5;1
50;2025-12-21;6;5
50;2025-12-21;7;7
50;2025-12-21;8;14
50;2025-12-21;9;13
50;2025-12-21;10;31
50;2025-12-21;11;111
50;2025-12-21;12;80
50;2025-12-21;13;110
50;2025-12-21;14;173
50;2025-12-21;15;173
50;2025-12-21;16;178
50;2025-12-21;17;146
50;2025-12-21;18;87
50;2025-12-21;19;81
50;2025-12-21;20;55
50;2025-12-21;21;34
50;2025-12-21;22;37
50;2025-12-21;23;11
50;2025-12-22;0;26
50;2025-12-22;1;3
50;2025-12-22;2;0
50;2025-12-22;3;0
50;2025-12-22;4;3
50;2025-12-22;5;71
50;2025-12-22;6;541
50;2025-12-22;7;1648
50;2025-12-22;8;2783
50;2025-12-22;9;2215
50;2025-12-22;10;1794
50;2025-12-22;11;1458
50;2025-12-22;12;1373
50;2025-12-22;13;1556
50;2025-12-22;14;1528
50;2025-12-22;15;1721
50;2025-12-22;16;1696
50;2025-12-22;17;2272
50;2025-12-22;18;2516
50;2025-12-22;19;1491
50;2025-12-22;20;938
50;2025-12-22;21;675
50;2025-12-22;22;272
50;2025-12-22;23;149
50;2025-12-23;0;28
50;2025-12-23;1;3
50;2025-12-23;2;0
50;2025-12-23;3;0
50;2025-12-23;4;4
50;2025-12-23;5;76
50;2025-12-23;6;591
50;2025-12-23;7;1963
50;2025-12-23;8;2929
50;2025-12-23;9;2329
50;2025-12-23;10;1792
50;2025-12-23;11;1624
50;2025-12-23;12;1529
50;2025-12-23;13;1522
50;2025-12-23;14;1465
50;2025-12-23;15;1743
50;2025-12-23;16;1826
50;2025-12-23;17;2477
50;2025-12-23;18;2601
50;2025-12-23;19;1591
50;2025-12-23;20;1064
50;2025-12-23;21;693
50;2025-12-23;22;283
50;2025-12-23;23;155
50;2025-12-24;0;28
50;2025-12-24;1;3
50;2025-12-24;2;0
50;2025-12-24;3;0
50;2025-12-24;4;4
50;2025-12-24;5;77
50;2025-12-24;6;571
50;2025-12-24;7;1826
50;2025-12-24;8;2874
50;2025-12-24;9;2264
50;2025-12-24;10;1730
50;2025-12-24;11;1581
50;2025-12-24;12;1504
50;2025-12-24;13;1605
50;2025-12-24;14;1478
50;2025-12-24;15;1808
50;2025-12-24;16;1765
50;2025-12-24;17;2363
50;2025-12-24;18;2624
50;2025-12-24;19;1637
50;2025-12-24;20;1076
50;2025-12-24;21;674
50;2025-12-24;22;286
50;2025-12-24;23;175
50;2025-12-25;0;27
50;2025-12-25;1;2
50;2025-12-25;2;0
50;2025-12-25;3;0
50;2025-12-25;4;3
50;2025-12-25;5;76
50;2025-12-25;6;557
50;2025-12-25;7;1801
50;2025-12-25;8;2715
50;2025-12-25;9;2233
50;2025-12-25;10;1761
50;2025-12-25;11;1596
50;2025-12-25;12;1500
50;2025-12-25;13;1511
50;2025-12-25;14;1534
50;2025-12-25;15;1823
50;2025-12-25;16;1800
50;2025-12-25;17;2479
50;2025-12-25;18;2288
50;2025-12-25;19;1584
50;2025-12-25;20;1031
50;2025-12-25;21;712
50;2025-12-25;22;275
50;2025-12-25;23;141
50;2025-12-26;0;29
50;2025-12-26;1;3
50;2025-12-26;2;0
50;2025-12-26;3;0
50;2025-12-26;4;3
50;2025-12-26;5;77
50;2025-12-26;6;628
50;2025-12-26;7;1698
50;2025-12-26;8;2817
50;2025-12-26;9;2242
50;2025-12-26;10;1677
50;2025-12-26;11;1500
50;2025-12-26;12;1440
50;2025-12-26;13;1552
50;2025-12-26;14;1670
50;2025-12-26;15;1744
50;2025-12-26;16;1943
50;2025-12-26;17;2093
50;2025-12-26;18;2068
50;2025-12-26;19;1294
50;2025-12-26;20;985
50;2025-12-26;21;631
50;2025-12-26;22;270
50;2025-12-26;23;155
50;2025-12-27;0;43
50;2025-12-27;1;3
50;2025-12-27;2;0
50;2025-12-27;3;0
50;2025-12-27;4;0
50;2025-12-27;5;9
50;2025-12-27;6;16
50;2025-12-27;7;24
50;2025-12-27;8;43
50;2025-12-27;9;78
50;2025-12-27;10;37
50;2025-12-27;11;68
50;2025-12-27;12;122
50;2025-12-27;13;88
50;2025-12-27;14;105
50;2025-12-27;15;163
50;2025-12-27;16;103
50;2025-12-27;17;89
50;2025-12-27;18;24
50;2025-12-27;19;21
50;2025-12-27;20;14
50;2025-12-27;21;11
50;2025-12-27;22;11
50;2025-12-27;23;4
50;2025-12-28;0;3
50;2025-12-28;1;1
50;2025-12-28;2;0
50;2025-12-28;3;0
50;2025-12-28;4;0
50;2025-12-28;5;1
50;2025-12-28;6;5
50;2025-12-28;7;8
50;2025-12-28;8;16
50;2025-12-28;9;13
50;2025-12-28;10;33
50;2025-12-28;11;108
50;2025-12-28;12;97
50;2025-12-28;13;111
50;2025-12-28;14;176
50;2025-12-28;15;167
50;2025-12-28;16;174
50;2025-12-28;17;153
50;2025-12-28;18;94
50;2025-12-28;19;94
50;2025-12-28;20;59
50;2025-12-28;21;36
50;2025-12-28;22;39
50;2025-12-28;23;11
50;2025-12-29;0;26
50;2025-12-29;1;2
50;2025-12-29;2;0
50;2025-12-29;3;0
50;2025-12-29;4;3
50;2025-12-29;5;76
50;2025-12-29;6;543
50;2025-12-29;7;1654
50;2025-12-29;8;2925
50;2025-12-29;9;2359
50;2025-12-29;10;1815
50;2025-12-29;11;1554
50;2025-12-29;12;1493
50;2025-12-29;13;1542
50;2025-12-29;14;1487
50;2025-12-29;15;1713
50;2025-12-29;16;1743
50;2025-12-29;17;2351
50;2025-12-29;18;2465
50;2025-12-29;19;1643
50;2025-12-29;20;1042
50;2025-12-29;21;659
50;2025-12-29;22;264
50;2025-12-29;23;151
50;2025-12-30;0;27
50;2025-12-30;1;2
50;2025-12-30;2;0
50;2025-12-30;3;0
50;2025-12-30;4;3
50;2025-12-30;5;76
50;2025-12-30;6;543
50;2025-12-30;7;1730
50;2025-12-30;8;2900
50;2025-12-30;9;2316
50;2025-12-30;10;1737
50;2025-12-30;11;1409
50;2025-12-30;12;1423
50;2025-12-30;13;1455
50;2025-12-30;14;1567
50;2025-12-30;15;1726
50;2025-12-30;16;1843
50;2025-12-30;17;2306
50;2025-12-30;18;2527
50;2025-12-30;19;1529
50;2025-12-30;20;1011
50;2025-12-30;21;634
50;2025-12-30;22;261
50;2025-12-30;23;155
50;2025-12-31;0;3
50;2025-12-31;1;0
50;2025-12-31;2;0
50;2025-12-31;3;0
50;2025-12-31;4;0
50;2025-12-31;5;1
50;2025-12-31;6;5
50;2025-12-31;7;8
50;2025-12-31;8;18
50;2025-12-31;9;14
50;2025-12-31;10;36
50;2025-12-31;11;113
50;2025-12-31;12;95
50;2025-12-31;13;131
50;2025-12-31;14;211
50;2025-12-31;15;183
50;2025-12-31;16;184
50;2025-12-31;17;181
50;2025-12-31;18;92
50;2025-12-31;19;101
50;2025-12-31;20;70
50;2025-12-31;21;39
50;2025-12-31;22;41
50;2025-12-31;23;12
