route;date;hour;prediction
1;2025-11-01;0;5
1;2025-11-01;1;1
1;2025-11-01;2;1
1;2025-11-01;3;1
1;2025-11-01;4;10
1;2025-11-01;5;125
1;2025-11-01;6;499
1;2025-11-01;7;1512
1;2025-11-01;8;1982
1;2025-11-01;9;1512
1;2025-11-01;10;1371
1;2025-11-01;11;1372
1;2025-11-01;12;1423
1;2025-11-01;13;1478
1;2025-11-01;14;1418
1;2025-11-01;15;1554
1;2025-11-01;16;1587
1;2025-11-01;17;1858
1;2025-11-01;18;1827
1;2025-11-01;19;1357
1;2025-11-01;20;869
1;2025-11-01;21;472
1;2025-11-01;22;183
1;2025-11-01;23;41
1;2025-11-02;0;1
1;2025-11-02;1;1
1;2025-11-02;2;1
1;2025-11-02;3;1
1;2025-11-02;4;1
1;2025-11-02;5;21
1;2025-11-02;6;115
1;2025-11-02;7;271
1;2025-11-02;8;366
1;2025-11-02;9;638
1;2025-11-02;10;713
1;2025-11-02;11;756
1;2025-11-02;12;870
1;2025-11-02;13;882
1;2025-11-02;14;837
1;2025-11-02;15;746
1;2025-11-02;16;678
1;2025-11-02;17;595
1;2025-11-02;18;509
1;2025-11-02;19;437
1;2025-11-02;20;337
1;2025-11-02;21;275
1;2025-11-02;22;100
1;2025-11-02;23;27
1;2025-11-03;0;1
1;2025-11-03;1;1
1;2025-11-03;2;1
1;2025-11-03;3;1
1;2025-11-03;4;1
1;2025-11-03;5;21
1;2025-11-03;6;116
1;2025-11-03;7;269
1;2025-11-03;8;362
1;2025-11-03;9;618
1;2025-11-03;10;676
1;2025-11-03;11;697
1;2025-11-03;12;794
1;2025-11-03;13;828
1;2025-11-03;14;771
1;2025-11-03;15;691
1;2025-11-03;16;649
1;2025-11-03;17;576
1;2025-11-03;18;503
1;2025-11-03;19;434
1;2025-11-03;20;330
1;2025-11-03;21;268
1;2025-11-03;22;98
1;2025-11-03;23;26
1;2025-11-04;0;1
1;2025-11-04;1;1
1;2025-11-04;2;1
1;2025-11-04;3;1
1;2025-11-04;4;1
1;2025-11-04;5;21
1;2025-11-04;6;115
1;2025-11-04;7;261
1;2025-11-04;8;343
1;2025-11-04;9;589
1;2025-11-04;10;651
1;2025-11-04;11;680
1;2025-11-04;12;780
1;2025-11-04;13;804
1;2025-11-04;14;814
1;2025-11-04;15;734
1;2025-11-04;16;673
1;2025-11-04;17;603
1;2025-11-04;18;525
1;2025-11-04;19;451
1;2025-11-04;20;342
1;2025-11-04;21;277
1;2025-11-04;22;102
1;2025-11-04;23;27
1;2025-11-05;0;5
1;2025-11-05;1;1
1;2025-11-05;2;1
1;2025-11-05;3;1
1;2025-11-05;4;10
1;2025-11-05;5;126
1;2025-11-05;6;504
1;2025-11-05;7;1515
1;2025-11-05;8;1979
1;2025-11-05;9;1519
1;2025-11-05;10;1368
1;2025-11-05;11;1363
1;2025-11-05;12;1407
1;2025-11-05;13;1456
1;2025-11-05;14;1397
1;2025-11-05;15;1530
1;2025-11-05;16;1577
1;2025-11-05;17;1863
1;2025-11-05;18;1849
1;2025-11-05;19;1371
1;2025-11-05;20;879
1;2025-11-05;21;475
1;2025-11-05;22;182
1;2025-11-05;23;40
1;2025-11-06;0;5
1;2025-11-06;1;1
1;2025-11-06;2;1
1;2025-11-06;3;1
1;2025-11-06;4;10
1;2025-11-06;5;125
1;2025-11-06;6;499
1;2025-11-06;7;1515
1;2025-11-06;8;1974
1;2025-11-06;9;1522
1;2025-11-06;10;1370
1;2025-11-06;11;1338
1;2025-11-06;12;1433
1;2025-11-06;13;1485
1;2025-11-06;14;1409
1;2025-11-06;15;1519
1;2025-11-06;16;1572
1;2025-11-06;17;1865
1;2025-11-06;18;1845
1;2025-11-06;19;1375
1;2025-11-06;20;866
1;2025-11-06;21;478
1;2025-11-06;22;183
1;2025-11-06;23;40
1;2025-11-07;0;5
1;2025-11-07;1;1
1;2025-11-07;2;1
1;2025-11-07;3;1
1;2025-11-07;4;10
1;2025-11-07;5;125
1;2025-11-07;6;496
1;2025-11-07;7;1510
1;2025-11-07;8;1973
1;2025-11-07;9;1474
1;2025-11-07;10;1363
1;2025-11-07;11;1392
1;2025-11-07;12;1438
1;2025-11-07;13;1502
1;2025-11-07;14;1437
1;2025-11-07;15;1584
1;2025-11-07;16;1623
1;2025-11-07;17;1869
1;2025-11-07;18;1755
1;2025-11-07;19;1333
1;2025-11-07;20;865
1;2025-11-07;21;473
1;2025-11-07;22;180
1;2025-11-07;23;40
1;2025-11-08;0;5
1;2025-11-08;1;1
1;2025-11-08;2;1
1;2025-11-08;3;1
1;2025-11-08;4;1
1;2025-11-08;5;31
1;2025-11-08;6;152
1;2025-11-08;7;352
1;2025-11-08;8;493
1;2025-11-08;9;762
1;2025-11-08;10;931
1;2025-11-08;11;929
1;2025-11-08;12;1095
1;2025-11-08;13;1145
1;2025-11-08;14;1084
1;2025-11-08;15;953
1;2025-11-08;16;809
1;2025-11-08;17;759
1;2025-11-08;18;665
1;2025-11-08;19;564
1;2025-11-08;20;427
1;2025-11-08;21;299
1;2025-11-08;22;118
1;2025-11-08;23;25
1;2025-11-09;0;1
1;2025-11-09;1;1
1;2025-11-09;2;1
1;2025-11-09;3;1
1;2025-11-09;4;1
1;2025-11-09;5;21
1;2025-11-09;6;115
1;2025-11-09;7;269
1;2025-11-09;8;361
1;2025-11-09;9;634
1;2025-11-09;10;706
1;2025-11-09;11;743
1;2025-11-09;12;847
1;2025-11-09;13;879
1;2025-11-09;14;801
1;2025-11-09;15;734
1;2025-11-09;16;671
1;2025-11-09;17;591
1;2025-11-09;18;509
1;2025-11-09;19;438
1;2025-11-09;20;337
1;2025-11-09;21;274
1;2025-11-09;22;100
1;2025-11-09;23;27
1;2025-11-10;0;5
1;2025-11-10;1;1
1;2025-11-10;2;1
1;2025-11-10;3;1
1;2025-11-10;4;10
1;2025-11-10;5;125
1;2025-11-10;6;501
1;2025-11-10;7;1506
1;2025-11-10;8;1974
1;2025-11-10;9;1491
1;2025-11-10;10;1348
1;2025-11-10;11;1353
1;2025-11-10;12;1410
1;2025-11-10;13;1458
1;2025-11-10;14;1395
1;2025-11-10;15;1529
1;2025-11-10;16;1573
1;2025-11-10;17;1845
1;2025-11-10;18;1834
1;2025-11-10;19;1369
1;2025-11-10;20;875
1;2025-11-10;21;473
1;2025-11-10;22;180
1;2025-11-10;23;40
1;2025-11-11;0;5
1;2025-11-11;1;1
1;2025-11-11;2;1
1;2025-11-11;3;1
1;2025-11-11;4;10
1;2025-11-11;5;126
1;2025-11-11;6;507
1;2025-11-11;7;1536
1;2025-11-11;8;2002
1;2025-11-11;9;1538
1;2025-11-11;10;1383
1;2025-11-11;11;1392
1;2025-11-11;12;1440
1;2025-11-11;13;1490
1;2025-11-11;14;1416
1;2025-11-11;15;1551
1;2025-11-11;16;1593
1;2025-11-11;17;1888
1;2025-11-11;18;1871
1;2025-11-11;19;1389
1;2025-11-11;20;886
1;2025-11-11;21;480
1;2025-11-11;22;183
1;2025-11-11;23;40
1;2025-11-12;0;5
1;2025-11-12;1;1
1;2025-11-12;2;1
1;2025-11-12;3;1
1;2025-11-12;4;10
1;2025-11-12;5;126
1;2025-11-12;6;502
1;2025-11-12;7;1521
1;2025-11-12;8;1986
1;2025-11-12;9;1526
1;2025-11-12;10;1357
1;2025-11-12;11;1351
1;2025-11-12;12;1410
1;2025-11-12;13;1464
1;2025-11-12;14;1393
1;2025-11-12;15;1525
1;2025-11-12;16;1579
1;2025-11-12;17;1865
1;2025-11-12;18;1832
1;2025-11-12;19;1375
1;2025-11-12;20;881
1;2025-11-12;21;476
1;2025-11-12;22;182
1;2025-11-12;23;40
1;2025-11-13;0;5
1;2025-11-13;1;1
1;2025-11-13;2;1
1;2025-11-13;3;1
1;2025-11-13;4;10
1;2025-11-13;5;125
1;2025-11-13;6;499
1;2025-11-13;7;1534
1;2025-11-13;8;2004
1;2025-11-13;9;1535
1;2025-11-13;10;1383
1;2025-11-13;11;1389
1;2025-11-13;12;1433
1;2025-11-13;13;1479
1;2025-11-13;14;1406
1;2025-11-13;15;1538
1;2025-11-13;16;1577
1;2025-11-13;17;1867
1;2025-11-13;18;1843
1;2025-11-13;19;1379
1;2025-11-13;20;890
1;2025-11-13;21;480
1;2025-11-13;22;184
1;2025-11-13;23;41
1;2025-11-14;0;5
1;2025-11-14;1;1
1;2025-11-14;2;1
1;2025-11-14;3;1
1;2025-11-14;4;10
1;2025-11-14;5;123
1;2025-11-14;6;491
1;2025-11-14;7;1462
1;2025-11-14;8;1922
1;2025-11-14;9;1464
1;2025-11-14;10;1316
1;2025-11-14;11;1352
1;2025-11-14;12;1403
1;2025-11-14;13;1457
1;2025-11-14;14;1386
1;2025-11-14;15;1531
1;2025-11-14;16;1575
1;2025-11-14;17;1811
1;2025-11-14;18;1721
1;2025-11-14;19;1314
1;2025-11-14;20;866
1;2025-11-14;21;467
1;2025-11-14;22;183
1;2025-11-14;23;41
1;2025-11-15;0;5
1;2025-11-15;1;1
1;2025-11-15;2;1
1;2025-11-15;3;1
1;2025-11-15;4;1
1;2025-11-15;5;32
1;2025-11-15;6;151
1;2025-11-15;7;354
1;2025-11-15;8;499
1;2025-11-15;9;750
1;2025-11-15;10;947
1;2025-11-15;11;922
1;2025-11-15;12;1107
1;2025-11-15;13;1162
1;2025-11-15;14;1084
1;2025-11-15;15;948
1;2025-11-15;16;802
1;2025-11-15;17;742
1;2025-11-15;18;656
1;2025-11-15;19;569
1;2025-11-15;20;444
1;2025-11-15;21;308
1;2025-11-15;22;122
1;2025-11-15;23;26
1;2025-11-16;0;1
1;2025-11-16;1;1
1;2025-11-16;2;1
1;2025-11-16;3;1
1;2025-11-16;4;1
1;2025-11-16;5;22
1;2025-11-16;6;118
1;2025-11-16;7;272
1;2025-11-16;8;366
1;2025-11-16;9;634
1;2025-11-16;10;714
1;2025-11-16;11;757
1;2025-11-16;12;871
1;2025-11-16;13;897
1;2025-11-16;14;823
1;2025-11-16;15;734
1;2025-11-16;16;673
1;2025-11-16;17;593
1;2025-11-16;18;503
1;2025-11-16;19;443
1;2025-11-16;20;339
1;2025-11-16;21;279
1;2025-11-16;22;100
1;2025-11-16;23;26
1;2025-11-17;0;5
1;2025-11-17;1;1
1;2025-11-17;2;1
1;2025-11-17;3;1
1;2025-11-17;4;10
1;2025-11-17;5;126
1;2025-11-17;6;503
1;2025-11-17;7;1512
1;2025-11-17;8;1950
1;2025-11-17;9;1475
1;2025-11-17;10;1322
1;2025-11-17;11;1314
1;2025-11-17;12;1369
1;2025-11-17;13;1414
1;2025-11-17;14;1362
1;2025-11-17;15;1499
1;2025-11-17;16;1561
1;2025-11-17;17;1826
1;2025-11-17;18;1837
1;2025-11-17;19;1375
1;2025-11-17;20;882
1;2025-11-17;21;471
1;2025-11-17;22;182
1;2025-11-17;23;40
1;2025-11-18;0;5
1;2025-11-18;1;1
1;2025-11-18;2;1
1;2025-11-18;3;1
1;2025-11-18;4;10
1;2025-11-18;5;121
1;2025-11-18;6;482
1;2025-11-18;7;1472
1;2025-11-18;8;1886
1;2025-11-18;9;1426
1;2025-11-18;10;1263
1;2025-11-18;11;1302
1;2025-11-18;12;1351
1;2025-11-18;13;1382
1;2025-11-18;14;1324
1;2025-11-18;15;1486
1;2025-11-18;16;1552
1;2025-11-18;17;1832
1;2025-11-18;18;1792
1;2025-11-18;19;1348
1;2025-11-18;20;881
1;2025-11-18;21;473
1;2025-11-18;22;182
1;2025-11-18;23;40
1;2025-11-19;0;5
1;2025-11-19;1;1
1;2025-11-19;2;1
1;2025-11-19;3;1
1;2025-11-19;4;10
1;2025-11-19;5;127
1;2025-11-19;6;508
1;2025-11-19;7;1540
1;2025-11-19;8;2002
1;2025-11-19;9;1522
1;2025-11-19;10;1374
1;2025-11-19;11;1377
1;2025-11-19;12;1431
1;2025-11-19;13;1482
1;2025-11-19;14;1411
1;2025-11-19;15;1540
1;2025-11-19;16;1579
1;2025-11-19;17;1866
1;2025-11-19;18;1855
1;2025-11-19;19;1381
1;2025-11-19;20;893
1;2025-11-19;21;484
1;2025-11-19;22;187
1;2025-11-19;23;41
1;2025-11-20;0;5
1;2025-11-20;1;1
1;2025-11-20;2;1
1;2025-11-20;3;1
1;2025-11-20;4;10
1;2025-11-20;5;126
1;2025-11-20;6;505
1;2025-11-20;7;1535
1;2025-11-20;8;1999
1;2025-11-20;9;1519
1;2025-11-20;10;1374
1;2025-11-20;11;1380
1;2025-11-20;12;1430
1;2025-11-20;13;1476
1;2025-11-20;14;1413
1;2025-11-20;15;1536
1;2025-11-20;16;1571
1;2025-11-20;17;1864
1;2025-11-20;18;1857
1;2025-11-20;19;1381
1;2025-11-20;20;889
1;2025-11-20;21;481
1;2025-11-20;22;186
1;2025-11-20;23;41
1;2025-11-21;0;5
1;2025-11-21;1;1
1;2025-11-21;2;1
1;2025-11-21;3;1
1;2025-11-21;4;10
1;2025-11-21;5;125
1;2025-11-21;6;501
1;2025-11-21;7;1501
1;2025-11-21;8;1957
1;2025-11-21;9;1501
1;2025-11-21;10;1358
1;2025-11-21;11;1394
1;2025-11-21;12;1425
1;2025-11-21;13;1503
1;2025-11-21;14;1440
1;2025-11-21;15;1581
1;2025-11-21;16;1618
1;2025-11-21;17;1873
1;2025-11-21;18;1785
1;2025-11-21;19;1357
1;2025-11-21;20;885
1;2025-11-21;21;486
1;2025-11-21;22;186
1;2025-11-21;23;41
1;2025-11-22;0;5
1;2025-11-22;1;1
1;2025-11-22;2;1
1;2025-11-22;3;1
1;2025-11-22;4;1
1;2025-11-22;5;32
1;2025-11-22;6;155
1;2025-11-22;7;361
1;2025-11-22;8;499
1;2025-11-22;9;782
1;2025-11-22;10;963
1;2025-11-22;11;952
1;2025-11-22;12;1141
1;2025-11-22;13;1186
1;2025-11-22;14;1091
1;2025-11-22;15;948
1;2025-11-22;16;808
1;2025-11-22;17;760
1;2025-11-22;18;669
1;2025-11-22;19;575
1;2025-11-22;20;436
1;2025-11-22;21;302
1;2025-11-22;22;120
1;2025-11-22;23;26
1;2025-11-23;0;1
1;2025-11-23;1;1
1;2025-11-23;2;1
1;2025-11-23;3;1
1;2025-11-23;4;1
1;2025-11-23;5;22
1;2025-11-23;6;118
1;2025-11-23;7;272
1;2025-11-23;8;366
1;2025-11-23;9;642
1;2025-11-23;10;713
1;2025-11-23;11;756
1;2025-11-23;12;872
1;2025-11-23;13;903
1;2025-11-23;14;838
1;2025-11-23;15;751
1;2025-11-23;16;685
1;2025-11-23;17;601
1;2025-11-23;18;521
1;2025-11-23;19;450
1;2025-11-23;20;343
1;2025-11-23;21;279
1;2025-11-23;22;101
1;2025-11-23;23;26
1;2025-11-24;0;5
1;2025-11-24;1;1
1;2025-11-24;2;1
1;2025-11-24;3;1
1;2025-11-24;4;10
1;2025-11-24;5;122
1;2025-11-24;6;488
1;2025-11-24;7;1490
1;2025-11-24;8;1945
1;2025-11-24;9;1478
1;2025-11-24;10;1334
1;2025-11-24;11;1314
1;2025-11-24;12;1378
1;2025-11-24;13;1437
1;2025-11-24;14;1372
1;2025-11-24;15;1505
1;2025-11-24;16;1575
1;2025-11-24;17;1822
1;2025-11-24;18;1824
1;2025-11-24;19;1369
1;2025-11-24;20;879
1;2025-11-24;21;472
1;2025-11-24;22;182
1;2025-11-24;23;40
1;2025-11-25;0;5
1;2025-11-25;1;1
1;2025-11-25;2;1
1;2025-11-25;3;1
1;2025-11-25;4;10
1;2025-11-25;5;127
1;2025-11-25;6;507
1;2025-11-25;7;1539
1;2025-11-25;8;2005
1;2025-11-25;9;1531
1;2025-11-25;10;1382
1;2025-11-25;11;1386
1;2025-11-25;12;1431
1;2025-11-25;13;1484
1;2025-11-25;14;1414
1;2025-11-25;15;1539
1;2025-11-25;16;1583
1;2025-11-25;17;1871
1;2025-11-25;18;1858
1;2025-11-25;19;1386
1;2025-11-25;20;890
1;2025-11-25;21;479
1;2025-11-25;22;184
1;2025-11-25;23;41
1;2025-11-26;0;5
1;2025-11-26;1;1
1;2025-11-26;2;1
1;2025-11-26;3;1
1;2025-11-26;4;10
1;2025-11-26;5;126
1;2025-11-26;6;506
1;2025-11-26;7;1528
1;2025-11-26;8;1999
1;2025-11-26;9;1514
1;2025-11-26;10;1366
1;2025-11-26;11;1371
1;2025-11-26;12;1427
1;2025-11-26;13;1482
1;2025-11-26;14;1405
1;2025-11-26;15;1557
1;2025-11-26;16;1598
1;2025-11-26;17;1895
1;2025-11-26;18;1840
1;2025-11-26;19;1376
1;2025-11-26;20;887
1;2025-11-26;21;480
1;2025-11-26;22;186
1;2025-11-26;23;41
1;2025-11-27;0;5
1;2025-11-27;1;1
1;2025-11-27;2;1
1;2025-11-27;3;1
1;2025-11-27;4;10
1;2025-11-27;5;126
1;2025-11-27;6;503
1;2025-11-27;7;1516
1;2025-11-27;8;1979
1;2025-11-27;9;1523
1;2025-11-27;10;1376
1;2025-11-27;11;1370
1;2025-11-27;12;1400
1;2025-11-27;13;1474
1;2025-11-27;14;1398
1;2025-11-27;15;1546
1;2025-11-27;16;1588
1;2025-11-27;17;1840
1;2025-11-27;18;1812
1;2025-11-27;19;1348
1;2025-11-27;20;872
1;2025-11-27;21;467
1;2025-11-27;22;178
1;2025-11-27;23;39
1;2025-11-28;0;5
1;2025-11-28;1;1
1;2025-11-28;2;1
1;2025-11-28;3;1
1;2025-11-28;4;10
1;2025-11-28;5;124
1;2025-11-28;6;498
1;2025-11-28;7;1508
1;2025-11-28;8;1959
1;2025-11-28;9;1503
1;2025-11-28;10;1365
1;2025-11-28;11;1413
1;2025-11-28;12;1445
1;2025-11-28;13;1499
1;2025-11-28;14;1434
1;2025-11-28;15;1578
1;2025-11-28;16;1620
1;2025-11-28;17;1873
1;2025-11-28;18;1763
1;2025-11-28;19;1340
1;2025-11-28;20;876
1;2025-11-28;21;479
1;2025-11-28;22;183
1;2025-11-28;23;41
1;2025-11-29;0;5
1;2025-11-29;1;1
1;2025-11-29;2;1
1;2025-11-29;3;1
1;2025-11-29;4;1
1;2025-11-29;5;32
1;2025-11-29;6;156
1;2025-11-29;7;364
1;2025-11-29;8;506
1;2025-11-29;9;784
1;2025-11-29;10;957
1;2025-11-29;11;945
1;2025-11-29;12;1138
1;2025-11-29;13;1176
1;2025-11-29;14;1084
1;2025-11-29;15;939
1;2025-11-29;16;799
1;2025-11-29;17;758
1;2025-11-29;18;670
1;2025-11-29;19;575
1;2025-11-29;20;437
1;2025-11-29;21;304
1;2025-11-29;22;120
1;2025-11-29;23;25
1;2025-11-30;0;1
1;2025-11-30;1;1
1;2025-11-30;2;1
1;2025-11-30;3;1
1;2025-11-30;4;1
1;2025-11-30;5;22
1;2025-11-30;6;117
1;2025-11-30;7;270
1;2025-11-30;8;365
1;2025-11-30;9;648
1;2025-11-30;10;724
1;2025-11-30;11;765
1;2025-11-30;12;879
1;2025-11-30;13;908
1;2025-11-30;14;834
1;2025-11-30;15;738
1;2025-11-30;16;674
1;2025-11-30;17;604
1;2025-11-30;18;520
1;2025-11-30;19;443
1;2025-11-30;20;338
1;2025-11-30;21;275
1;2025-11-30;22;100
1;2025-11-30;23;27
1;2025-12-01;0;5
1;2025-12-01;1;1
1;2025-12-01;2;1
1;2025-12-01;3;1
1;2025-12-01;4;10
1;2025-12-01;5;125
1;2025-12-01;6;502
1;2025-12-01;7;1502
1;2025-12-01;8;1971
1;2025-12-01;9;1490
1;2025-12-01;10;1352
1;2025-12-01;11;1354
1;2025-12-01;12;1407
1;2025-12-01;13;1459
1;2025-12-01;14;1395
1;2025-12-01;15;1527
1;2025-12-01;16;1572
1;2025-12-01;17;1845
1;2025-12-01;18;1839
1;2025-12-01;19;1374
1;2025-12-01;20;880
1;2025-12-01;21;478
1;2025-12-01;22;183
1;2025-12-01;23;40
1;2025-12-02;0;5
1;2025-12-02;1;1
1;2025-12-02;2;1
1;2025-12-02;3;1
1;2025-12-02;4;10
1;2025-12-02;5;126
1;2025-12-02;6;505
1;2025-12-02;7;1530
1;2025-12-02;8;1999
1;2025-12-02;9;1532
1;2025-12-02;10;1380
1;2025-12-02;11;1390
1;2025-12-02;12;1439
1;2025-12-02;13;1493
1;2025-12-02;14;1417
1;2025-12-02;15;1544
1;2025-12-02;16;1587
1;2025-12-02;17;1879
1;2025-12-02;18;1870
1;2025-12-02;19;1396
1;2025-12-02;20;890
1;2025-12-02;21;481
1;2025-12-02;22;185
1;2025-12-02;23;41
1;2025-12-03;0;5
1;2025-12-03;1;1
1;2025-12-03;2;1
1;2025-12-03;3;1
1;2025-12-03;4;10
1;2025-12-03;5;126
1;2025-12-03;6;507
1;2025-12-03;7;1524
1;2025-12-03;8;1996
1;2025-12-03;9;1530
1;2025-12-03;10;1384
1;2025-12-03;11;1396
1;2025-12-03;12;1446
1;2025-12-03;13;1500
1;2025-12-03;14;1420
1;2025-12-03;15;1542
1;2025-12-03;16;1579
1;2025-12-03;17;1871
1;2025-12-03;18;1862
1;2025-12-03;19;1389
1;2025-12-03;20;888
1;2025-12-03;21;480
1;2025-12-03;22;185
1;2025-12-03;23;41
1;2025-12-04;0;5
1;2025-12-04;1;1
1;2025-12-04;2;1
1;2025-12-04;3;1
1;2025-12-04;4;10
1;2025-12-04;5;126
1;2025-12-04;6;504
1;2025-12-04;7;1519
1;2025-12-04;8;1984
1;2025-12-04;9;1524
1;2025-12-04;10;1377
1;2025-12-04;11;1387
1;2025-12-04;12;1433
1;2025-12-04;13;1481
1;2025-12-04;14;1409
1;2025-12-04;15;1540
1;2025-12-04;16;1574
1;2025-12-04;17;1866
1;2025-12-04;18;1849
1;2025-12-04;19;1374
1;2025-12-04;20;886
1;2025-12-04;21;479
1;2025-12-04;22;184
1;2025-12-04;23;41
1;2025-12-05;0;5
1;2025-12-05;1;1
1;2025-12-05;2;1
1;2025-12-05;3;1
1;2025-12-05;4;10
1;2025-12-05;5;125
1;2025-12-05;6;504
1;2025-12-05;7;1517
1;2025-12-05;8;1982
1;2025-12-05;9;1506
1;2025-12-05;10;1365
1;2025-12-05;11;1407
1;2025-12-05;12;1457
1;2025-12-05;13;1514
1;2025-12-05;14;1448
1;2025-12-05;15;1586
1;2025-12-05;16;1624
1;2025-12-05;17;1876
1;2025-12-05;18;1773
1;2025-12-05;19;1346
1;2025-12-05;20;878
1;2025-12-05;21;483
1;2025-12-05;22;184
1;2025-12-05;23;41
1;2025-12-06;0;5
1;2025-12-06;1;1
1;2025-12-06;2;1
1;2025-12-06;3;1
1;2025-12-06;4;1
1;2025-12-06;5;32
1;2025-12-06;6;156
1;2025-12-06;7;364
1;2025-12-06;8;506
1;2025-12-06;9;786
1;2025-12-06;10;960
1;2025-12-06;11;946
1;2025-12-06;12;1138
1;2025-12-06;13;1177
1;2025-12-06;14;1084
1;2025-12-06;15;951
1;2025-12-06;16;803
1;2025-12-06;17;759
1;2025-12-06;18;670
1;2025-12-06;19;573
1;2025-12-06;20;435
1;2025-12-06;21;303
1;2025-12-06;22;119
1;2025-12-06;23;25
1;2025-12-07;0;1
1;2025-12-07;1;1
1;2025-12-07;2;1
1;2025-12-07;3;1
1;2025-12-07;4;1
1;2025-12-07;5;22
1;2025-12-07;6;117
1;2025-12-07;7;270
1;2025-12-07;8;365
1;2025-12-07;9;640
1;2025-12-07;10;708
1;2025-12-07;11;748
1;2025-12-07;12;859
1;2025-12-07;13;884
1;2025-12-07;14;826
1;2025-12-07;15;737
1;2025-12-07;16;672
1;2025-12-07;17;594
1;2025-12-07;18;515
1;2025-12-07;19;445
1;2025-12-07;20;341
1;2025-12-07;21;278
1;2025-12-07;22;101
1;2025-12-07;23;27
1;2025-12-08;0;5
1;2025-12-08;1;1
1;2025-12-08;2;1
1;2025-12-08;3;1
1;2025-12-08;4;10
1;2025-12-08;5;125
1;2025-12-08;6;502
1;2025-12-08;7;1508
1;2025-12-08;8;1966
1;2025-12-08;9;1489
1;2025-12-08;10;1341
1;2025-12-08;11;1351
1;2025-12-08;12;1405
1;2025-12-08;13;1455
1;2025-12-08;14;1391
1;2025-12-08;15;1525
1;2025-12-08;16;1571
1;2025-12-08;17;1845
1;2025-12-08;18;1834
1;2025-12-08;19;1376
1;2025-12-08;20;881
1;2025-12-08;21;478
1;2025-12-08;22;185
1;2025-12-08;23;40
1;2025-12-09;0;5
1;2025-12-09;1;1
1;2025-12-09;2;1
1;2025-12-09;3;1
1;2025-12-09;4;10
1;2025-12-09;5;127
1;2025-12-09;6;506
1;2025-12-09;7;1539
1;2025-12-09;8;2004
1;2025-12-09;9;1532
1;2025-12-09;10;1378
1;2025-12-09;11;1368
1;2025-12-09;12;1412
1;2025-12-09;13;1468
1;2025-12-09;14;1398
1;2025-12-09;15;1542
1;2025-12-09;16;1587
1;2025-12-09;17;1844
1;2025-12-09;18;1838
1;2025-12-09;19;1385
1;2025-12-09;20;892
1;2025-12-09;21;478
1;2025-12-09;22;186
1;2025-12-09;23;41
1;2025-12-10;0;5
1;2025-12-10;1;1
1;2025-12-10;2;1
1;2025-12-10;3;1
1;2025-12-10;4;10
1;2025-12-10;5;126
1;2025-12-10;6;506
1;2025-12-10;7;1526
1;2025-12-10;8;2004
1;2025-12-10;9;1539
1;2025-12-10;10;1399
1;2025-12-10;11;1402
1;2025-12-10;12;1436
1;2025-12-10;13;1485
1;2025-12-10;14;1407
1;2025-12-10;15;1534
1;2025-12-10;16;1572
1;2025-12-10;17;1862
1;2025-12-10;18;1852
1;2025-12-10;19;1383
1;2025-12-10;20;889
1;2025-12-10;21;480
1;2025-12-10;22;185
1;2025-12-10;23;41
1;2025-12-11;0;5
1;2025-12-11;1;1
1;2025-12-11;2;1
1;2025-12-11;3;1
1;2025-12-11;4;10
1;2025-12-11;5;127
1;2025-12-11;6;508
1;2025-12-11;7;1535
1;2025-12-11;8;1999
1;2025-12-11;9;1488
1;2025-12-11;10;1352
1;2025-12-11;11;1365
1;2025-12-11;12;1420
1;2025-12-11;13;1484
1;2025-12-11;14;1421
1;2025-12-11;15;1553
1;2025-12-11;16;1586
1;2025-12-11;17;1867
1;2025-12-11;18;1836
1;2025-12-11;19;1360
1;2025-12-11;20;885
1;2025-12-11;21;474
1;2025-12-11;22;184
1;2025-12-11;23;41
1;2025-12-12;0;5
1;2025-12-12;1;1
1;2025-12-12;2;1
1;2025-12-12;3;1
1;2025-12-12;4;10
1;2025-12-12;5;125
1;2025-12-12;6;497
1;2025-12-12;7;1490
1;2025-12-12;8;1956
1;2025-12-12;9;1501
1;2025-12-12;10;1347
1;2025-12-12;11;1394
1;2025-12-12;12;1391
1;2025-12-12;13;1437
1;2025-12-12;14;1369
1;2025-12-12;15;1522
1;2025-12-12;16;1583
1;2025-12-12;17;1791
1;2025-12-12;18;1733
1;2025-12-12;19;1328
1;2025-12-12;20;870
1;2025-12-12;21;472
1;2025-12-12;22;181
1;2025-12-12;23;40
1;2025-12-13;0;5
1;2025-12-13;1;1
1;2025-12-13;2;1
1;2025-12-13;3;1
1;2025-12-13;4;1
1;2025-12-13;5;31
1;2025-12-13;6;152
1;2025-12-13;7;346
1;2025-12-13;8;483
1;2025-12-13;9;748
1;2025-12-13;10;918
1;2025-12-13;11;900
1;2025-12-13;12;1083
1;2025-12-13;13;1131
1;2025-12-13;14;1034
1;2025-12-13;15;894
1;2025-12-13;16;766
1;2025-12-13;17;728
1;2025-12-13;18;653
1;2025-12-13;19;564
1;2025-12-13;20;424
1;2025-12-13;21;298
1;2025-12-13;22;119
1;2025-12-13;23;25
1;2025-12-14;0;1
1;2025-12-14;1;1
1;2025-12-14;2;1
1;2025-12-14;3;1
1;2025-12-14;4;1
1;2025-12-14;5;21
1;2025-12-14;6;117
1;2025-12-14;7;272
1;2025-12-14;8;361
1;2025-12-14;9;618
1;2025-12-14;10;689
1;2025-12-14;11;723
1;2025-12-14;12;824
1;2025-12-14;13;849
1;2025-12-14;14;791
1;2025-12-14;15;703
1;2025-12-14;16;664
1;2025-12-14;17;586
1;2025-12-14;18;515
1;2025-12-14;19;449
1;2025-12-14;20;343
1;2025-12-14;21;280
1;2025-12-14;22;103
1;2025-12-14;23;27
1;2025-12-15;0;5
1;2025-12-15;1;1
1;2025-12-15;2;1
1;2025-12-15;3;1
1;2025-12-15;4;10
1;2025-12-15;5;125
1;2025-12-15;6;499
1;2025-12-15;7;1503
1;2025-12-15;8;1966
1;2025-12-15;9;1482
1;2025-12-15;10;1339
1;2025-12-15;11;1351
1;2025-12-15;12;1392
1;2025-12-15;13;1443
1;2025-12-15;14;1381
1;2025-12-15;15;1515
1;2025-12-15;16;1561
1;2025-12-15;17;1831
1;2025-12-15;18;1823
1;2025-12-15;19;1362
1;2025-12-15;20;873
1;2025-12-15;21;473
1;2025-12-15;22;183
1;2025-12-15;23;40
1;2025-12-16;0;5
1;2025-12-16;1;1
1;2025-12-16;2;1
1;2025-12-16;3;1
1;2025-12-16;4;10
1;2025-12-16;5;126
1;2025-12-16;6;506
1;2025-12-16;7;1532
1;2025-12-16;8;2003
1;2025-12-16;9;1530
1;2025-12-16;10;1403
1;2025-12-16;11;1400
1;2025-12-16;12;1441
1;2025-12-16;13;1465
1;2025-12-16;14;1422
1;2025-12-16;15;1540
1;2025-12-16;16;1582
1;2025-12-16;17;1863
1;2025-12-16;18;1841
1;2025-12-16;19;1385
1;2025-12-16;20;890
1;2025-12-16;21;479
1;2025-12-16;22;185
1;2025-12-16;23;40
1;2025-12-17;0;5
1;2025-12-17;1;1
1;2025-12-17;2;1
1;2025-12-17;3;1
1;2025-12-17;4;10
1;2025-12-17;5;126
1;2025-12-17;6;502
1;2025-12-17;7;1518
1;2025-12-17;8;1979
1;2025-12-17;9;1522
1;2025-12-17;10;1379
1;2025-12-17;11;1381
1;2025-12-17;12;1433
1;2025-12-17;13;1484
1;2025-12-17;14;1405
1;2025-12-17;15;1534
1;2025-12-17;16;1568
1;2025-12-17;17;1857
1;2025-12-17;18;1848
1;2025-12-17;19;1383
1;2025-12-17;20;888
1;2025-12-17;21;480
1;2025-12-17;22;185
1;2025-12-17;23;41
1;2025-12-18;0;5
1;2025-12-18;1;1
1;2025-12-18;2;1
1;2025-12-18;3;1
1;2025-12-18;4;10
1;2025-12-18;5;127
1;2025-12-18;6;505
1;2025-12-18;7;1534
1;2025-12-18;8;1992
1;2025-12-18;9;1527
1;2025-12-18;10;1382
1;2025-12-18;11;1393
1;2025-12-18;12;1443
1;2025-12-18;13;1486
1;2025-12-18;14;1414
1;2025-12-18;15;1543
1;2025-12-18;16;1576
1;2025-12-18;17;1871
1;2025-12-18;18;1855
1;2025-12-18;19;1391
1;2025-12-18;20;896
1;2025-12-18;21;481
1;2025-12-18;22;184
1;2025-12-18;23;41
1;2025-12-19;0;5
1;2025-12-19;1;1
1;2025-12-19;2;1
1;2025-12-19;3;1
1;2025-12-19;4;10
1;2025-12-19;5;125
1;2025-12-19;6;501
1;2025-12-19;7;1504
1;2025-12-19;8;1964
1;2025-12-19;9;1502
1;2025-12-19;10;1358
1;2025-12-19;11;1390
1;2025-12-19;12;1442
1;2025-12-19;13;1490
1;2025-12-19;14;1421
1;2025-12-19;15;1564
1;2025-12-19;16;1603
1;2025-12-19;17;1859
1;2025-12-19;18;1792
1;2025-12-19;19;1347
1;2025-12-19;20;881
1;2025-12-19;21;482
1;2025-12-19;22;185
1;2025-12-19;23;41
1;2025-12-20;0;5
1;2025-12-20;1;1
1;2025-12-20;2;1
1;2025-12-20;3;1
1;2025-12-20;4;1
1;2025-12-20;5;32
1;2025-12-20;6;157
1;2025-12-20;7;364
1;2025-12-20;8;504
1;2025-12-20;9;780
1;2025-12-20;10;957
1;2025-12-20;11;943
1;2025-12-20;12;1136
1;2025-12-20;13;1176
1;2025-12-20;14;1081
1;2025-12-20;15;938
1;2025-12-20;16;797
1;2025-12-20;17;753
1;2025-12-20;18;661
1;2025-12-20;19;571
1;2025-12-20;20;434
1;2025-12-20;21;300
1;2025-12-20;22;119
1;2025-12-20;23;25
1;2025-12-21;0;1
1;2025-12-21;1;1
1;2025-12-21;2;1
1;2025-12-21;3;1
1;2025-12-21;4;1
1;2025-12-21;5;21
1;2025-12-21;6;116
1;2025-12-21;7;270
1;2025-12-21;8;366
1;2025-12-21;9;635
1;2025-12-21;10;705
1;2025-12-21;11;744
1;2025-12-21;12;855
1;2025-12-21;13;883
1;2025-12-21;14;816
1;2025-12-21;15;733
1;2025-12-21;16;668
1;2025-12-21;17;592
1;2025-12-21;18;511
1;2025-12-21;19;445
1;2025-12-21;20;340
1;2025-12-21;21;276
1;2025-12-21;22;100
1;2025-12-21;23;27
1;2025-12-22;0;5
1;2025-12-22;1;1
1;2025-12-22;2;1
1;2025-12-22;3;1
1;2025-12-22;4;10
1;2025-12-22;5;126
1;2025-12-22;6;502
1;2025-12-22;7;1503
1;2025-12-22;8;1971
1;2025-12-22;9;1480
1;2025-12-22;10;1335
1;2025-12-22;11;1337
1;2025-12-22;12;1387
1;2025-12-22;13;1447
1;2025-12-22;14;1366
1;2025-12-22;15;1490
1;2025-12-22;16;1548
1;2025-12-22;17;1810
1;2025-12-22;18;1804
1;2025-12-22;19;1355
1;2025-12-22;20;864
1;2025-12-22;21;477
1;2025-12-22;22;185
1;2025-12-22;23;40
1;2025-12-23;0;5
1;2025-12-23;1;1
1;2025-12-23;2;1
1;2025-12-23;3;1
1;2025-12-23;4;10
1;2025-12-23;5;125
1;2025-12-23;6;504
1;2025-12-23;7;1518
1;2025-12-23;8;1970
1;2025-12-23;9;1499
1;2025-12-23;10;1354
1;2025-12-23;11;1363
1;2025-12-23;12;1410
1;2025-12-23;13;1462
1;2025-12-23;14;1403
1;2025-12-23;15;1535
1;2025-12-23;16;1580
1;2025-12-23;17;1861
1;2025-12-23;18;1860
1;2025-12-23;19;1390
1;2025-12-23;20;893
1;2025-12-23;21;482
1;2025-12-23;22;186
1;2025-12-23;23;41
1;2025-12-24;0;5
1;2025-12-24;1;1
1;2025-12-24;2;1
1;2025-12-24;3;1
1;2025-12-24;4;10
1;2025-12-24;5;126
1;2025-12-24;6;507
1;2025-12-24;7;1527
1;2025-12-24;8;1995
1;2025-12-24;9;1519
1;2025-12-24;10;1371
1;2025-12-24;11;1381
1;2025-12-24;12;1431
1;2025-12-24;13;1482
1;2025-12-24;14;1411
1;2025-12-24;15;1550
1;2025-12-24;16;1586
1;2025-12-24;17;1879
1;2025-12-24;18;1869
1;2025-12-24;19;1409
1;2025-12-24;20;896
1;2025-12-24;21;484
1;2025-12-24;22;187
1;2025-12-24;23;41
1;2025-12-25;0;5
1;2025-12-25;1;1
1;2025-12-25;2;1
1;2025-12-25;3;1
1;2025-12-25;4;10
1;2025-12-25;5;127
1;2025-12-25;6;506
1;2025-12-25;7;1537
1;2025-12-25;8;1998
1;2025-12-25;9;1528
1;2025-12-25;10;1383
1;2025-12-25;11;1389
1;2025-12-25;12;1444
1;2025-12-25;13;1490
1;2025-12-25;14;1418
1;2025-12-25;15;1554
1;2025-12-25;16;1590
1;2025-12-25;17;1871
1;2025-12-25;18;1867
1;2025-12-25;19;1398
1;2025-12-25;20;889
1;2025-12-25;21;479
1;2025-12-25;22;184
1;2025-12-25;23;40
1;2025-12-26;0;5
1;2025-12-26;1;1
1;2025-12-26;2;1
1;2025-12-26;3;1
1;2025-12-26;4;10
1;2025-12-26;5;125
1;2025-12-26;6;491
1;2025-12-26;7;1476
1;2025-12-26;8;1939
1;2025-12-26;9;1468
1;2025-12-26;10;1328
1;2025-12-26;11;1337
1;2025-12-26;12;1389
1;2025-12-26;13;1461
1;2025-12-26;14;1394
1;2025-12-26;15;1515
1;2025-12-26;16;1568
1;2025-12-26;17;1803
1;2025-12-26;18;1780
1;2025-12-26;19;1339
1;2025-12-26;20;865
1;2025-12-26;21;470
1;2025-12-26;22;182
1;2025-12-26;23;41
1;2025-12-27;0;5
1;2025-12-27;1;1
1;2025-12-27;2;1
1;2025-12-27;3;1
1;2025-12-27;4;1
1;2025-12-27;5;31
1;2025-12-27;6;154
1;2025-12-27;7;354
1;2025-12-27;8;493
1;2025-12-27;9;782
1;2025-12-27;10;943
1;2025-12-27;11;931
1;2025-12-27;12;1137
1;2025-12-27;13;1175
1;2025-12-27;14;1082
1;2025-12-27;15;939
1;2025-12-27;16;799
1;2025-12-27;17;758
1;2025-12-27;18;669
1;2025-12-27;19;577
1;2025-12-27;20;437
1;2025-12-27;21;303
1;2025-12-27;22;120
1;2025-12-27;23;26
1;2025-12-28;0;1
1;2025-12-28;1;1
1;2025-12-28;2;1
1;2025-12-28;3;1
1;2025-12-28;4;1
1;2025-12-28;5;22
1;2025-12-28;6;117
1;2025-12-28;7;268
1;2025-12-28;8;363
1;2025-12-28;9;633
1;2025-12-28;10;713
1;2025-12-28;11;743
1;2025-12-28;12;860
1;2025-12-28;13;888
1;2025-12-28;14;823
1;2025-12-28;15;737
1;2025-12-28;16;672
1;2025-12-28;17;595
1;2025-12-28;18;516
1;2025-12-28;19;447
1;2025-12-28;20;343
1;2025-12-28;21;279
1;2025-12-28;22;102
1;2025-12-28;23;27
1;2025-12-29;0;5
1;2025-12-29;1;1
1;2025-12-29;2;1
1;2025-12-29;3;1
1;2025-12-29;4;10
1;2025-12-29;5;126
1;2025-12-29;6;501
1;2025-12-29;7;1505
1;2025-12-29;8;1976
1;2025-12-29;9;1496
1;2025-12-29;10;1355
1;2025-12-29;11;1355
1;2025-12-29;12;1397
1;2025-12-29;13;1446
1;2025-12-29;14;1380
1;2025-12-29;15;1508
1;2025-12-29;16;1555
1;2025-12-29;17;1829
1;2025-12-29;18;1832
1;2025-12-29;19;1361
1;2025-12-29;20;880
1;2025-12-29;21;477
1;2025-12-29;22;184
1;2025-12-29;23;41
1;2025-12-30;0;5
1;2025-12-30;1;1
1;2025-12-30;2;1
1;2025-12-30;3;1
1;2025-12-30;4;10
1;2025-12-30;5;127
1;2025-12-30;6;508
1;2025-12-30;7;1533
1;2025-12-30;8;2002
1;2025-12-30;9;1532
1;2025-12-30;10;1384
1;2025-12-30;11;1391
1;2025-12-30;12;1443
1;2025-12-30;13;1490
1;2025-12-30;14;1421
1;2025-12-30;15;1551
1;2025-12-30;16;1592
1;2025-12-30;17;1876
1;2025-12-30;18;1884
1;2025-12-30;19;1392
1;2025-12-30;20;893
1;2025-12-30;21;481
1;2025-12-30;22;186
1;2025-12-30;23;41
1;2025-12-31;0;1
1;2025-12-31;1;1
1;2025-12-31;2;1
1;2025-12-31;3;1
1;2025-12-31;4;1
1;2025-12-31;5;22
1;2025-12-31;6;117
1;2025-12-31;7;272
1;2025-12-31;8;370
1;2025-12-31;9;647
1;2025-12-31;10;722
1;2025-12-31;11;759
1;2025-12-31;12;869
1;2025-12-31;13;896
1;2025-12-31;14;833
1;2025-12-31;15;741
1;2025-12-31;16;681
1;2025-12-31;17;605
1;2025-12-31;18;526
1;2025-12-31;19;455
1;2025-12-31;20;346
1;2025-12-31;21;281
1;2025-12-31;22;103
1;2025-12-31;23;28
5;2025-11-01;0;0
5;2025-11-01;1;0
5;2025-11-01;2;0
5;2025-11-01;3;0
5;2025-11-01;4;0
5;2025-11-01;5;0
5;2025-11-01;6;0
5;2025-11-01;7;0
5;2025-11-01;8;0
5;2025-11-01;9;0
5;2025-11-01;10;0
5;2025-11-01;11;0
5;2025-11-01;12;0
5;2025-11-01;13;0
5;2025-11-01;14;0
5;2025-11-01;15;0
5;2025-11-01;16;0
5;2025-11-01;17;0
5;2025-11-01;18;0
5;2025-11-01;19;0
5;2025-11-01;20;0
5;2025-11-01;21;0
5;2025-11-01;22;0
5;2025-11-01;23;0
5;2025-11-02;0;0
5;2025-11-02;1;0
5;2025-11-02;2;0
5;2025-11-02;3;0
5;2025-11-02;4;0
5;2025-11-02;5;0
5;2025-11-02;6;0
5;2025-11-02;7;0
5;2025-11-02;8;0
5;2025-11-02;9;0
5;2025-11-02;10;0
5;2025-11-02;11;0
5;2025-11-02;12;0
5;2025-11-02;13;0
5;2025-11-02;14;0
5;2025-11-02;15;0
5;2025-11-02;16;0
5;2025-11-02;17;0
5;2025-11-02;18;0
5;2025-11-02;19;0
5;2025-11-02;20;0
5;2025-11-02;21;0
5;2025-11-02;22;0
5;2025-11-02;23;0
5;2025-11-03;0;0
5;2025-11-03;1;0
5;2025-11-03;2;0
5;2025-11-03;3;0
5;2025-11-03;4;0
5;2025-11-03;5;0
5;2025-11-03;6;0
5;2025-11-03;7;0
5;2025-11-03;8;0
5;2025-11-03;9;0
5;2025-11-03;10;0
5;2025-11-03;11;0
5;2025-11-03;12;0
5;2025-11-03;13;0
5;2025-11-03;14;0
5;2025-11-03;15;0
5;2025-11-03;16;0
5;2025-11-03;17;0
5;2025-11-03;18;0
5;2025-11-03;19;0
5;2025-11-03;20;0
5;2025-11-03;21;0
5;2025-11-03;22;0
5;2025-11-03;23;0
5;2025-11-04;0;0
5;2025-11-04;1;0
5;2025-11-04;2;0
5;2025-11-04;3;0
5;2025-11-04;4;0
5;2025-11-04;5;0
5;2025-11-04;6;0
5;2025-11-04;7;0
5;2025-11-04;8;0
5;2025-11-04;9;0
5;2025-11-04;10;0
5;2025-11-04;11;0
5;2025-11-04;12;0
5;2025-11-04;13;0
5;2025-11-04;14;0
5;2025-11-04;15;0
5;2025-11-04;16;0
5;2025-11-04;17;0
5;2025-11-04;18;0
5;2025-11-04;19;0
5;2025-11-04;20;0
5;2025-11-04;21;0
5;2025-11-04;22;0
5;2025-11-04;23;0
5;2025-11-05;0;0
5;2025-11-05;1;0
5;2025-11-05;2;0
5;2025-11-05;3;0
5;2025-11-05;4;0
5;2025-11-05;5;0
5;2025-11-05;6;0
5;2025-11-05;7;0
5;2025-11-05;8;0
5;2025-11-05;9;0
5;2025-11-05;10;0
5;2025-11-05;11;0
5;2025-11-05;12;0
5;2025-11-05;13;0
5;2025-11-05;14;0
5;2025-11-05;15;0
5;2025-11-05;16;0
5;2025-11-05;17;0
5;2025-11-05;18;0
5;2025-11-05;19;0
5;2025-11-05;20;0
5;2025-11-05;21;0
5;2025-11-05;22;0
5;2025-11-05;23;0
5;2025-11-06;0;0
5;2025-11-06;1;0
5;2025-11-06;2;0
5;2025-11-06;3;0
5;2025-11-06;4;0
5;2025-11-06;5;0
5;2025-11-06;6;0
5;2025-11-06;7;0
5;2025-11-06;8;0
5;2025-11-06;9;0
5;2025-11-06;10;0
5;2025-11-06;11;0
5;2025-11-06;12;0
5;2025-11-06;13;0
5;2025-11-06;14;0
5;2025-11-06;15;0
5;2025-11-06;16;0
5;2025-11-06;17;0
5;2025-11-06;18;0
5;2025-11-06;19;0
5;2025-11-06;20;0
5;2025-11-06;21;0
5;2025-11-06;22;0
5;2025-11-06;23;0
5;2025-11-07;0;0
5;2025-11-07;1;0
5;2025-11-07;2;0
5;2025-11-07;3;0
5;2025-11-07;4;0
5;2025-11-07;5;0
5;2025-11-07;6;0
5;2025-11-07;7;0
5;2025-11-07;8;0
5;2025-11-07;9;0
5;2025-11-07;10;0
5;2025-11-07;11;0
5;2025-11-07;12;0
5;2025-11-07;13;0
5;2025-11-07;14;0
5;2025-11-07;15;0
5;2025-11-07;16;0
5;2025-11-07;17;0
5;2025-11-07;18;0
5;2025-11-07;19;0
5;2025-11-07;20;0
5;2025-11-07;21;0
5;2025-11-07;22;0
5;2025-11-07;23;0
5;2025-11-08;0;0
5;2025-11-08;1;0
5;2025-11-08;2;0
5;2025-11-08;3;0
5;2025-11-08;4;0
5;2025-11-08;5;0
5;2025-11-08;6;0
5;2025-11-08;7;0
5;2025-11-08;8;0
5;2025-11-08;9;0
5;2025-11-08;10;0
5;2025-11-08;11;0
5;2025-11-08;12;0
5;2025-11-08;13;0
5;2025-11-08;14;0
5;2025-11-08;15;0
5;2025-11-08;16;0
5;2025-11-08;17;0
5;2025-11-08;18;0
5;2025-11-08;19;0
5;2025-11-08;20;0
5;2025-11-08;21;0
5;2025-11-08;22;0
5;2025-11-08;23;0
5;2025-11-09;0;0
5;2025-11-09;1;0
5;2025-11-09;2;0
5;2025-11-09;3;0
5;2025-11-09;4;0
5;2025-11-09;5;0
5;2025-11-09;6;0
5;2025-11-09;7;0
5;2025-11-09;8;0
5;2025-11-09;9;0
5;2025-11-09;10;0
5;2025-11-09;11;0
5;2025-11-09;12;0
5;2025-11-09;13;0
5;2025-11-09;14;0
5;2025-11-09;15;0
5;2025-11-09;16;0
5;2025-11-09;17;0
5;2025-11-09;18;0
5;2025-11-09;19;0
5;2025-11-09;20;0
5;2025-11-09;21;0
5;2025-11-09;22;0
5;2025-11-09;23;0
5;2025-11-10;0;0
5;2025-11-10;1;0
5;2025-11-10;2;0
5;2025-11-10;3;0
5;2025-11-10;4;0
5;2025-11-10;5;0
5;2025-11-10;6;0
5;2025-11-10;7;0
5;2025-11-10;8;0
5;2025-11-10;9;0
5;2025-11-10;10;0
5;2025-11-10;11;0
5;2025-11-10;12;0
5;2025-11-10;13;0
5;2025-11-10;14;0
5;2025-11-10;15;0
5;2025-11-10;16;0
5;2025-11-10;17;0
5;2025-11-10;18;0
5;2025-11-10;19;0
5;2025-11-10;20;0
5;2025-11-10;21;0
5;2025-11-10;22;0
5;2025-11-10;23;0
5;2025-11-11;0;0
5;2025-11-11;1;0
5;2025-11-11;2;0
5;2025-11-11;3;0
5;2025-11-11;4;0
5;2025-11-11;5;0
5;2025-11-11;6;0
5;2025-11-11;7;0
5;2025-11-11;8;0
5;2025-11-11;9;0
5;2025-11-11;10;0
5;2025-11-11;11;0
5;2025-11-11;12;0
5;2025-11-11;13;0
5;2025-11-11;14;0
5;2025-11-11;15;0
5;2025-11-11;16;0
5;2025-11-11;17;0
5;2025-11-11;18;0
5;2025-11-11;19;0
5;2025-11-11;20;0
5;2025-11-11;21;0
5;2025-11-11;22;0
5;2025-11-11;23;0
5;2025-11-12;0;0
5;2025-11-12;1;0
5;2025-11-12;2;0
5;2025-11-12;3;0
5;2025-11-12;4;0
5;2025-11-12;5;0
5;2025-11-12;6;0
5;2025-11-12;7;0
5;2025-11-12;8;0
5;2025-11-12;9;0
5;2025-11-12;10;0
5;2025-11-12;11;0
5;2025-11-12;12;0
5;2025-11-12;13;0
5;2025-11-12;14;0
5;2025-11-12;15;0
5;2025-11-12;16;0
5;2025-11-12;17;0
5;2025-11-12;18;0
5;2025-11-12;19;0
5;2025-11-12;20;0
5;2025-11-12;21;0
5;2025-11-12;22;0
5;2025-11-12;23;0
5;2025-11-13;0;0
5;2025-11-13;1;0
5;2025-11-13;2;0
5;2025-11-13;3;0
5;2025-11-13;4;0
5;2025-11-13;5;0
5;2025-11-13;6;0
5;2025-11-13;7;0
5;2025-11-13;8;0
5;2025-11-13;9;0
5;2025-11-13;10;0
5;2025-11-13;11;0
5;2025-11-13;12;0
5;2025-11-13;13;0
5;2025-11-13;14;0
5;2025-11-13;15;0
5;2025-11-13;16;0
5;2025-11-13;17;0
5;2025-11-13;18;0
5;2025-11-13;19;0
5;2025-11-13;20;0
5;2025-11-13;21;0
5;2025-11-13;22;0
5;2025-11-13;23;0
5;2025-11-14;0;0
5;2025-11-14;1;0
5;2025-11-14;2;0
5;2025-11-14;3;0
5;2025-11-14;4;0
5;2025-11-14;5;0
5;2025-11-14;6;0
5;2025-11-14;7;0
5;2025-11-14;8;0
5;2025-11-14;9;0
5;2025-11-14;10;0
5;2025-11-14;11;0
5;2025-11-14;12;0
5;2025-11-14;13;0
5;2025-11-14;14;0
5;2025-11-14;15;0
5;2025-11-14;16;0
5;2025-11-14;17;0
5;2025-11-14;18;0
5;2025-11-14;19;0
5;2025-11-14;20;0
5;2025-11-14;21;0
5;2025-11-14;22;0
5;2025-11-14;23;0
5;2025-11-15;0;0
5;2025-11-15;1;0
5;2025-11-15;2;0
5;2025-11-15;3;0
5;2025-11-15;4;0
5;2025-11-15;5;0
5;2025-11-15;6;0
5;2025-11-15;7;0
5;2025-11-15;8;0
5;2025-11-15;9;0
5;2025-11-15;10;0
5;2025-11-15;11;0
5;2025-11-15;12;0
5;2025-11-15;13;0
5;2025-11-15;14;0
5;2025-11-15;15;0
5;2025-11-15;16;0
5;2025-11-15;17;0
5;2025-11-15;18;0
5;2025-11-15;19;0
5;2025-11-15;20;0
5;2025-11-15;21;0
5;2025-11-15;22;0
5;2025-11-15;23;0
5;2025-11-16;0;0
5;2025-11-16;1;0
5;2025-11-16;2;0
5;2025-11-16;3;0
5;2025-11-16;4;0
5;2025-11-16;5;0
5;2025-11-16;6;0
5;2025-11-16;7;0
5;2025-11-16;8;0
5;2025-11-16;9;0
5;2025-11-16;10;0
5;2025-11-16;11;0
5;2025-11-16;12;0
5;2025-11-16;13;0
5;2025-11-16;14;0
5;2025-11-16;15;0
5;2025-11-16;16;0
5;2025-11-16;17;0
5;2025-11-16;18;0
5;2025-11-16;19;0
5;2025-11-16;20;0
5;2025-11-16;21;0
5;2025-11-16;22;0
5;2025-11-16;23;0
5;2025-11-17;0;0
5;2025-11-17;1;0
5;2025-11-17;2;0
5;2025-11-17;3;0
5;2025-11-17;4;0
5;2025-11-17;5;0
5;2025-11-17;6;0
5;2025-11-17;7;0
5;2025-11-17;8;0
5;2025-11-17;9;0
5;2025-11-17;10;0
5;2025-11-17;11;0
5;2025-11-17;12;0
5;2025-11-17;13;0
5;2025-11-17;14;0
5;2025-11-17;15;0
5;2025-11-17;16;0
5;2025-11-17;17;0
5;2025-11-17;18;0
5;2025-11-17;19;0
5;2025-11-17;20;0
5;2025-11-17;21;0
5;2025-11-17;22;0
5;2025-11-17;23;0
5;2025-11-18;0;0
5;2025-11-18;1;0
5;2025-11-18;2;0
5;2025-11-18;3;0
5;2025-11-18;4;0
5;2025-11-18;5;0
5;2025-11-18;6;0
5;2025-11-18;7;0
5;2025-11-18;8;0
5;2025-11-18;9;0
5;2025-11-18;10;0
5;2025-11-18;11;0
5;2025-11-18;12;0
5;2025-11-18;13;0
5;2025-11-18;14;0
5;2025-11-18;15;0
5;2025-11-18;16;0
5;2025-11-18;17;0
5;2025-11-18;18;0
5;2025-11-18;19;0
5;2025-11-18;20;0
5;2025-11-18;21;0
5;2025-11-18;22;0
5;2025-11-18;23;0
5;2025-11-19;0;0
5;2025-11-19;1;0
5;2025-11-19;2;0
5;2025-11-19;3;0
5;2025-11-19;4;0
5;2025-11-19;5;0
5;2025-11-19;6;0
5;2025-11-19;7;0
5;2025-11-19;8;0
5;2025-11-19;9;0
5;2025-11-19;10;0
5;2025-11-19;11;0
5;2025-11-19;12;0
5;2025-11-19;13;0
5;2025-11-19;14;0
5;2025-11-19;15;0
5;2025-11-19;16;0
5;2025-11-19;17;0
5;2025-11-19;18;0
5;2025-11-19;19;0
5;2025-11-19;20;0
5;2025-11-19;21;0
5;2025-11-19;22;0
5;2025-11-19;23;0
5;2025-11-20;0;0
5;2025-11-20;1;0
5;2025-11-20;2;0
5;2025-11-20;3;0
5;2025-11-20;4;0
5;2025-11-20;5;0
5;2025-11-20;6;0
5;2025-11-20;7;0
5;2025-11-20;8;0
5;2025-11-20;9;0
5;2025-11-20;10;0
5;2025-11-20;11;0
5;2025-11-20;12;0
5;2025-11-20;13;0
5;2025-11-20;14;0
5;2025-11-20;15;0
5;2025-11-20;16;0
5;2025-11-20;17;0
5;2025-11-20;18;0
5;2025-11-20;19;0
5;2025-11-20;20;0
5;2025-11-20;21;0
5;2025-11-20;22;0
5;2025-11-20;23;0
5;2025-11-21;0;0
5;2025-11-21;1;0
5;2025-11-21;2;0
5;2025-11-21;3;0
5;2025-11-21;4;0
5;2025-11-21;5;0
5;2025-11-21;6;0
5;2025-11-21;7;0
5;2025-11-21;8;0
5;2025-11-21;9;0
5;2025-11-21;10;0
5;2025-11-21;11;0
5;2025-11-21;12;0
5;2025-11-21;13;0
5;2025-11-21;14;0
5;2025-11-21;15;0
5;2025-11-21;16;0
5;2025-11-21;17;0
5;2025-11-21;18;0
5;2025-11-21;19;0
5;2025-11-21;20;0
5;2025-11-21;21;0
5;2025-11-21;22;0
5;2025-11-21;23;0
5;2025-11-22;0;0
5;2025-11-22;1;0
5;2025-11-22;2;0
5;2025-11-22;3;0
5;2025-11-22;4;0
5;2025-11-22;5;0
5;2025-11-22;6;0
5;2025-11-22;7;0
5;2025-11-22;8;0
5;2025-11-22;9;0
5;2025-11-22;10;0
5;2025-11-22;11;0
5;2025-11-22;12;0
5;2025-11-22;13;0
5;2025-11-22;14;0
5;2025-11-22;15;0
5;2025-11-22;16;0
5;2025-11-22;17;0
5;2025-11-22;18;0
5;2025-11-22;19;0
5;2025-11-22;20;0
5;2025-11-22;21;0
5;2025-11-22;22;0
5;2025-11-22;23;0
5;2025-11-23;0;0
5;2025-11-23;1;0
5;2025-11-23;2;0
5;2025-11-23;3;0
5;2025-11-23;4;0
5;2025-11-23;5;0
5;2025-11-23;6;0
5;2025-11-23;7;0
5;2025-11-23;8;0
5;2025-11-23;9;0
5;2025-11-23;10;0
5;2025-11-23;11;0
5;2025-11-23;12;0
5;2025-11-23;13;0
5;2025-11-23;14;0
5;2025-11-23;15;0
5;2025-11-23;16;0
5;2025-11-23;17;0
5;2025-11-23;18;0
5;2025-11-23;19;0
5;2025-11-23;20;0
5;2025-11-23;21;0
5;2025-11-23;22;0
5;2025-11-23;23;0
5;2025-11-24;0;0
5;2025-11-24;1;0
5;2025-11-24;2;0
5;2025-11-24;3;0
5;2025-11-24;4;0
5;2025-11-24;5;0
5;2025-11-24;6;0
5;2025-11-24;7;0
5;2025-11-24;8;0
5;2025-11-24;9;0
5;2025-11-24;10;0
5;2025-11-24;11;0
5;2025-11-24;12;0
5;2025-11-24;13;0
5;2025-11-24;14;0
5;2025-11-24;15;0
5;2025-11-24;16;0
5;2025-11-24;17;0
5;2025-11-24;18;0
5;2025-11-24;19;0
5;2025-11-24;20;0
5;2025-11-24;21;0
5;2025-11-24;22;0
5;2025-11-24;23;0
5;2025-11-25;0;0
5;2025-11-25;1;0
5;2025-11-25;2;0
5;2025-11-25;3;0
5;2025-11-25;4;0
5;2025-11-25;5;0
5;2025-11-25;6;0
5;2025-11-25;7;0
5;2025-11-25;8;0
5;2025-11-25;9;0
5;2025-11-25;10;0
5;2025-11-25;11;0
5;2025-11-25;12;0
5;2025-11-25;13;0
5;2025-11-25;14;0
5;2025-11-25;15;0
5;2025-11-25;16;0
5;2025-11-25;17;0
5;2025-11-25;18;0
5;2025-11-25;19;0
5;2025-11-25;20;0
5;2025-11-25;21;0
5;2025-11-25;22;0
5;2025-11-25;23;0
5;2025-11-26;0;0
5;2025-11-26;1;0
5;2025-11-26;2;0
5;2025-11-26;3;0
5;2025-11-26;4;0
5;2025-11-26;5;0
5;2025-11-26;6;0
5;2025-11-26;7;0
5;2025-11-26;8;0
5;2025-11-26;9;0
5;2025-11-26;10;0
5;2025-11-26;11;0
5;2025-11-26;12;0
5;2025-11-26;13;0
5;2025-11-26;14;0
5;2025-11-26;15;0
5;2025-11-26;16;0
5;2025-11-26;17;0
5;2025-11-26;18;0
5;2025-11-26;19;0
5;2025-11-26;20;0
5;2025-11-26;21;0
5;2025-11-26;22;0
5;2025-11-26;23;0
5;2025-11-27;0;0
5;2025-11-27;1;0
5;2025-11-27;2;0
5;2025-11-27;3;0
5;2025-11-27;4;0
5;2025-11-27;5;0
5;2025-11-27;6;0
5;2025-11-27;7;0
5;2025-11-27;8;0
5;2025-11-27;9;0
5;2025-11-27;10;0
5;2025-11-27;11;0
5;2025-11-27;12;0
5;2025-11-27;13;0
5;2025-11-27;14;0
5;2025-11-27;15;0
5;2025-11-27;16;0
5;2025-11-27;17;0
5;2025-11-27;18;0
5;2025-11-27;19;0
5;2025-11-27;20;0
5;2025-11-27;21;0
5;2025-11-27;22;0
5;2025-11-27;23;0
5;2025-11-28;0;0
5;2025-11-28;1;0
5;2025-11-28;2;0
5;2025-11-28;3;0
5;2025-11-28;4;0
5;2025-11-28;5;0
5;2025-11-28;6;0
5;2025-11-28;7;0
5;2025-11-28;8;0
5;2025-11-28;9;0
5;2025-11-28;10;0
5;2025-11-28;11;0
5;2025-11-28;12;0
5;2025-11-28;13;0
5;2025-11-28;14;0
5;2025-11-28;15;0
5;2025-11-28;16;0
5;2025-11-28;17;0
5;2025-11-28;18;0
5;2025-11-28;19;0
5;2025-11-28;20;0
5;2025-11-28;21;0
5;2025-11-28;22;0
5;2025-11-28;23;0
5;2025-11-29;0;0
5;2025-11-29;1;0
5;2025-11-29;2;0
5;2025-11-29;3;0
5;2025-11-29;4;0
5;2025-11-29;5;0
5;2025-11-29;6;0
5;2025-11-29;7;0
5;2025-11-29;8;0
5;2025-11-29;9;0
5;2025-11-29;10;0
5;2025-11-29;11;0
5;2025-11-29;12;0
5;2025-11-29;13;0
5;2025-11-29;14;0
5;2025-11-29;15;0
5;2025-11-29;16;0
5;2025-11-29;17;0
5;2025-11-29;18;0
5;2025-11-29;19;0
5;2025-11-29;20;0
5;2025-11-29;21;0
5;2025-11-29;22;0
5;2025-11-29;23;0
5;2025-11-30;0;0
5;2025-11-30;1;0
5;2025-11-30;2;0
5;2025-11-30;3;0
5;2025-11-30;4;0
5;2025-11-30;5;0
5;2025-11-30;6;0
5;2025-11-30;7;0
5;2025-11-30;8;0
5;2025-11-30;9;0
5;2025-11-30;10;0
5;2025-11-30;11;0
5;2025-11-30;12;0
5;2025-11-30;13;0
5;2025-11-30;14;0
5;2025-11-30;15;0
5;2025-11-30;16;0
5;2025-11-30;17;0
5;2025-11-30;18;0
5;2025-11-30;19;0
5;2025-11-30;20;0
5;2025-11-30;21;0
5;2025-11-30;22;0
5;2025-11-30;23;0
5;2025-12-01;0;0
5;2025-12-01;1;0
5;2025-12-01;2;0
5;2025-12-01;3;0
5;2025-12-01;4;0
5;2025-12-01;5;0
5;2025-12-01;6;0
5;2025-12-01;7;0
5;2025-12-01;8;0
5;2025-12-01;9;0
5;2025-12-01;10;0
5;2025-12-01;11;0
5;2025-12-01;12;0
5;2025-12-01;13;0
5;2025-12-01;14;0
5;2025-12-01;15;0
5;2025-12-01;16;0
5;2025-12-01;17;0
5;2025-12-01;18;0
5;2025-12-01;19;0
5;2025-12-01;20;0
5;2025-12-01;21;0
5;2025-12-01;22;0
5;2025-12-01;23;0
5;2025-12-02;0;0
5;2025-12-02;1;0
5;2025-12-02;2;0
5;2025-12-02;3;0
5;2025-12-02;4;0
5;2025-12-02;5;0
5;2025-12-02;6;0
5;2025-12-02;7;0
5;2025-12-02;8;0
5;2025-12-02;9;0
5;2025-12-02;10;0
5;2025-12-02;11;0
5;2025-12-02;12;0
5;2025-12-02;13;0
5;2025-12-02;14;0
5;2025-12-02;15;0
5;2025-12-02;16;0
5;2025-12-02;17;0
5;2025-12-02;18;0
5;2025-12-02;19;0
5;2025-12-02;20;0
5;2025-12-02;21;0
5;2025-12-02;22;0
5;2025-12-02;23;0
5;2025-12-03;0;0
5;2025-12-03;1;0
5;2025-12-03;2;0
5;2025-12-03;3;0
5;2025-12-03;4;0
5;2025-12-03;5;0
5;2025-12-03;6;0
5;2025-12-03;7;0
5;2025-12-03;8;0
5;2025-12-03;9;0
5;2025-12-03;10;0
5;2025-12-03;11;0
5;2025-12-03;12;0
5;2025-12-03;13;0
5;2025-12-03;14;0
5;2025-12-03;15;0
5;2025-12-03;16;0
5;2025-12-03;17;0
5;2025-12-03;18;0
5;2025-12-03;19;0
5;2025-12-03;20;0
5;2025-12-03;21;0
5;2025-12-03;22;0
5;2025-12-03;23;0
5;2025-12-04;0;0
5;2025-12-04;1;0
5;2025-12-04;2;0
5;2025-12-04;3;0
5;2025-12-04;4;0
5;2025-12-04;5;0
5;2025-12-04;6;0
5;2025-12-04;7;0
5;2025-12-04;8;0
5;2025-12-04;9;0
5;2025-12-04;10;0
5;2025-12-04;11;0
5;2025-12-04;12;0
5;2025-12-04;13;0
5;2025-12-04;14;0
5;2025-12-04;15;0
5;2025-12-04;16;0
5;2025-12-04;17;0
5;2025-12-04;18;0
5;2025-12-04;19;0
5;2025-12-04;20;0
5;2025-12-04;21;0
5;2025-12-04;22;0
5;2025-12-04;23;0
5;2025-12-05;0;0
5;2025-12-05;1;0
5;2025-12-05;2;0
5;2025-12-05;3;0
5;2025-12-05;4;0
5;2025-12-05;5;0
5;2025-12-05;6;0
5;2025-12-05;7;0
5;2025-12-05;8;0
5;2025-12-05;9;0
5;2025-12-05;10;0
5;2025-12-05;11;0
5;2025-12-05;12;0
5;2025-12-05;13;0
5;2025-12-05;14;0
5;2025-12-05;15;0
5;2025-12-05;16;0
5;2025-12-05;17;0
5;2025-12-05;18;0
5;2025-12-05;19;0
5;2025-12-05;20;0
5;2025-12-05;21;0
5;2025-12-05;22;0
5;2025-12-05;23;0
5;2025-12-06;0;0
5;2025-12-06;1;0
5;2025-12-06;2;0
5;2025-12-06;3;0
5;2025-12-06;4;0
5;2025-12-06;5;0
5;2025-12-06;6;0
5;2025-12-06;7;0
5;2025-12-06;8;0
5;2025-12-06;9;0
5;2025-12-06;10;0
5;2025-12-06;11;0
5;2025-12-06;12;0
5;2025-12-06;13;0
5;2025-12-06;14;0
5;2025-12-06;15;0
5;2025-12-06;16;0
5;2025-12-06;17;0
5;2025-12-06;18;0
5;2025-12-06;19;0
5;2025-12-06;20;0
5;2025-12-06;21;0
5;2025-12-06;22;0
5;2025-12-06;23;0
5;2025-12-07;0;0
5;2025-12-07;1;0
5;2025-12-07;2;0
5;2025-12-07;3;0
5;2025-12-07;4;0
5;2025-12-07;5;0
5;2025-12-07;6;0
5;2025-12-07;7;0
5;2025-12-07;8;0
5;2025-12-07;9;0
5;2025-12-07;10;0
5;2025-12-07;11;0
5;2025-12-07;12;0
5;2025-12-07;13;0
5;2025-12-07;14;0
5;2025-12-07;15;0
5;2025-12-07;16;0
5;2025-12-07;17;0
5;2025-12-07;18;0
5;2025-12-07;19;0
5;2025-12-07;20;0
5;2025-12-07;21;0
5;2025-12-07;22;0
5;2025-12-07;23;0
5;2025-12-08;0;0
5;2025-12-08;1;0
5;2025-12-08;2;0
5;2025-12-08;3;0
5;2025-12-08;4;0
5;2025-12-08;5;0
5;2025-12-08;6;0
5;2025-12-08;7;0
5;2025-12-08;8;0
5;2025-12-08;9;0
5;2025-12-08;10;0
5;2025-12-08;11;0
5;2025-12-08;12;0
5;2025-12-08;13;0
5;2025-12-08;14;0
5;2025-12-08;15;0
5;2025-12-08;16;0
5;2025-12-08;17;0
5;2025-12-08;18;0
5;2025-12-08;19;0
5;2025-12-08;20;0
5;2025-12-08;21;0
5;2025-12-08;22;0
5;2025-12-08;23;0
5;2025-12-09;0;0
5;2025-12-09;1;0
5;2025-12-09;2;0
5;2025-12-09;3;0
5;2025-12-09;4;0
5;2025-12-09;5;0
5;2025-12-09;6;0
5;2025-12-09;7;0
5;2025-12-09;8;0
5;2025-12-09;9;0
5;2025-12-09;10;0
5;2025-12-09;11;0
5;2025-12-09;12;0
5;2025-12-09;13;0
5;2025-12-09;14;0
5;2025-12-09;15;0
5;2025-12-09;16;0
5;2025-12-09;17;0
5;2025-12-09;18;0
5;2025-12-09;19;0
5;2025-12-09;20;0
5;2025-12-09;21;0
5;2025-12-09;22;0
5;2025-12-09;23;0
5;2025-12-10;0;0
5;2025-12-10;1;0
5;2025-12-10;2;0
5;2025-12-10;3;0
5;2025-12-10;4;0
5;2025-12-10;5;0
5;2025-12-10;6;0
5;2025-12-10;7;0
5;2025-12-10;8;0
5;2025-12-10;9;0
5;2025-12-10;10;0
5;2025-12-10;11;0
5;2025-12-10;12;0
5;2025-12-10;13;0
5;2025-12-10;14;0
5;2025-12-10;15;0
5;2025-12-10;16;0
5;2025-12-10;17;0
5;2025-12-10;18;0
5;2025-12-10;19;0
5;2025-12-10;20;0
5;2025-12-10;21;0
5;2025-12-10;22;0
5;2025-12-10;23;0
5;2025-12-11;0;0
5;2025-12-11;1;0
5;2025-12-11;2;0
5;2025-12-11;3;0
5;2025-12-11;4;0
5;2025-12-11;5;0
5;2025-12-11;6;0
5;2025-12-11;7;0
5;2025-12-11;8;0
5;2025-12-11;9;0
5;2025-12-11;10;0
5;2025-12-11;11;0
5;2025-12-11;12;0
5;2025-12-11;13;0
5;2025-12-11;14;0
5;2025-12-11;15;0
5;2025-12-11;16;0
5;2025-12-11;17;0
5;2025-12-11;18;0
5;2025-12-11;19;0
5;2025-12-11;20;0
5;2025-12-11;21;0
5;2025-12-11;22;0
5;2025-12-11;23;0
5;2025-12-12;0;0
5;2025-12-12;1;0
5;2025-12-12;2;0
5;2025-12-12;3;0
5;2025-12-12;4;0
5;2025-12-12;5;0
5;2025-12-12;6;0
5;2025-12-12;7;0
5;2025-12-12;8;0
5;2025-12-12;9;0
5;2025-12-12;10;0
5;2025-12-12;11;0
5;2025-12-12;12;0
5;2025-12-12;13;0
5;2025-12-12;14;0
5;2025-12-12;15;0
5;2025-12-12;16;0
5;2025-12-12;17;0
5;2025-12-12;18;0
5;2025-12-12;19;0
5;2025-12-12;20;0
5;2025-12-12;21;0
5;2025-12-12;22;0
5;2025-12-12;23;0
5;2025-12-13;0;0
5;2025-12-13;1;0
5;2025-12-13;2;0
5;2025-12-13;3;0
5;2025-12-13;4;0
5;2025-12-13;5;0
5;2025-12-13;6;0
5;2025-12-13;7;0
5;2025-12-13;8;0
5;2025-12-13;9;0
5;2025-12-13;10;0
5;2025-12-13;11;0
5;2025-12-13;12;0
5;2025-12-13;13;0
5;2025-12-13;14;0
5;2025-12-13;15;0
5;2025-12-13;16;0
5;2025-12-13;17;0
5;2025-12-13;18;0
5;2025-12-13;19;0
5;2025-12-13;20;0
5;2025-12-13;21;0
5;2025-12-13;22;0
5;2025-12-13;23;0
5;2025-12-14;0;0
5;2025-12-14;1;0
5;2025-12-14;2;0
5;2025-12-14;3;0
5;2025-12-14;4;0
5;2025-12-14;5;0
5;2025-12-14;6;0
5;2025-12-14;7;0
5;2025-12-14;8;0
5;2025-12-14;9;0
5;2025-12-14;10;0
5;2025-12-14;11;0
5;2025-12-14;12;0
5;2025-12-14;13;0
5;2025-12-14;14;0
5;2025-12-14;15;0
5;2025-12-14;16;0
5;2025-12-14;17;0
5;2025-12-14;18;0
5;2025-12-14;19;0
5;2025-12-14;20;0
5;2025-12-14;21;0
5;2025-12-14;22;0
5;2025-12-14;23;0
5;2025-12-15;0;0
5;2025-12-15;1;0
5;2025-12-15;2;0
5;2025-12-15;3;0
5;2025-12-15;4;0
5;2025-12-15;5;0
5;2025-12-15;6;0
5;2025-12-15;7;0
5;2025-12-15;8;0
5;2025-12-15;9;0
5;2025-12-15;10;0
5;2025-12-15;11;0
5;2025-12-15;12;0
5;2025-12-15;13;0
5;2025-12-15;14;0
5;2025-12-15;15;0
5;2025-12-15;16;0
5;2025-12-15;17;0
5;2025-12-15;18;0
5;2025-12-15;19;0
5;2025-12-15;20;0
5;2025-12-15;21;0
5;2025-12-15;22;0
5;2025-12-15;23;0
5;2025-12-16;0;0
5;2025-12-16;1;0
5;2025-12-16;2;0
5;2025-12-16;3;0
5;2025-12-16;4;0
5;2025-12-16;5;0
5;2025-12-16;6;0
5;2025-12-16;7;0
5;2025-12-16;8;0
5;2025-12-16;9;0
5;2025-12-16;10;0
5;2025-12-16;11;0
5;2025-12-16;12;0
5;2025-12-16;13;0
5;2025-12-16;14;0
5;2025-12-16;15;0
5;2025-12-16;16;0
5;2025-12-16;17;0
5;2025-12-16;18;0
5;2025-12-16;19;0
5;2025-12-16;20;0
5;2025-12-16;21;0
5;2025-12-16;22;0
5;2025-12-16;23;0
5;2025-12-17;0;0
5;2025-12-17;1;0
5;2025-12-17;2;0
5;2025-12-17;3;0
5;2025-12-17;4;0
5;2025-12-17;5;0
5;2025-12-17;6;0
5;2025-12-17;7;0
5;2025-12-17;8;0
5;2025-12-17;9;0
5;2025-12-17;10;0
5;2025-12-17;11;0
5;2025-12-17;12;0
5;2025-12-17;13;0
5;2025-12-17;14;0
5;2025-12-17;15;0
5;2025-12-17;16;0
5;2025-12-17;17;0
5;2025-12-17;18;0
5;2025-12-17;19;0
5;2025-12-17;20;0
5;2025-12-17;21;0
5;2025-12-17;22;0
5;2025-12-17;23;0
5;2025-12-18;0;0
5;2025-12-18;1;0
5;2025-12-18;2;0
5;2025-12-18;3;0
5;2025-12-18;4;0
5;2025-12-18;5;0
5;2025-12-18;6;0
5;2025-12-18;7;0
5;2025-12-18;8;0
5;2025-12-18;9;0
5;2025-12-18;10;0
5;2025-12-18;11;0
5;2025-12-18;12;0
5;2025-12-18;13;0
5;2025-12-18;14;0
5;2025-12-18;15;0
5;2025-12-18;16;0
5;2025-12-18;17;0
5;2025-12-18;18;0
5;2025-12-18;19;0
5;2025-12-18;20;0
5;2025-12-18;21;0
5;2025-12-18;22;0
5;2025-12-18;23;0
5;2025-12-19;0;0
5;2025-12-19;1;0
5;2025-12-19;2;0
5;2025-12-19;3;0
5;2025-12-19;4;0
5;2025-12-19;5;0
5;2025-12-19;6;0
5;2025-12-19;7;0
5;2025-12-19;8;0
5;2025-12-19;9;0
5;2025-12-19;10;0
5;2025-12-19;11;0
5;2025-12-19;12;0
5;2025-12-19;13;0
5;2025-12-19;14;0
5;2025-12-19;15;0
5;2025-12-19;16;0
5;2025-12-19;17;0
5;2025-12-19;18;0
5;2025-12-19;19;0
5;2025-12-19;20;0
5;2025-12-19;21;0
5;2025-12-19;22;0
5;2025-12-19;23;0
5;2025-12-20;0;0
5;2025-12-20;1;0
5;2025-12-20;2;0
5;2025-12-20;3;0
5;2025-12-20;4;0
5;2025-12-20;5;0
5;2025-12-20;6;0
5;2025-12-20;7;0
5;2025-12-20;8;0
5;2025-12-20;9;0
5;2025-12-20;10;0
5;2025-12-20;11;0
5;2025-12-20;12;0
5;2025-12-20;13;0
5;2025-12-20;14;0
5;2025-12-20;15;0
5;2025-12-20;16;0
5;2025-12-20;17;0
5;2025-12-20;18;0
5;2025-12-20;19;0
5;2025-12-20;20;0
5;2025-12-20;21;0
5;2025-12-20;22;0
5;2025-12-20;23;0
5;2025-12-21;0;0
5;2025-12-21;1;0
5;2025-12-21;2;0
5;2025-12-21;3;0
5;2025-12-21;4;0
5;2025-12-21;5;0
5;2025-12-21;6;0
5;2025-12-21;7;0
5;2025-12-21;8;0
5;2025-12-21;9;0
5;2025-12-21;10;0
5;2025-12-21;11;0
5;2025-12-21;12;0
5;2025-12-21;13;0
5;2025-12-21;14;0
5;2025-12-21;15;0
5;2025-12-21;16;0
5;2025-12-21;17;0
5;2025-12-21;18;0
5;2025-12-21;19;0
5;2025-12-21;20;0
5;2025-12-21;21;0
5;2025-12-21;22;0
5;2025-12-21;23;0
5;2025-12-22;0;0
5;2025-12-22;1;0
5;2025-12-22;2;0
5;2025-12-22;3;0
5;2025-12-22;4;0
5;2025-12-22;5;0
5;2025-12-22;6;0
5;2025-12-22;7;0
5;2025-12-22;8;0
5;2025-12-22;9;0
5;2025-12-22;10;0
5;2025-12-22;11;0
5;2025-12-22;12;0
5;2025-12-22;13;0
5;2025-12-22;14;0
5;2025-12-22;15;0
5;2025-12-22;16;0
5;2025-12-22;17;0
5;2025-12-22;18;0
5;2025-12-22;19;0
5;2025-12-22;20;0
5;2025-12-22;21;0
5;2025-12-22;22;0
5;2025-12-22;23;0
5;2025-12-23;0;0
5;2025-12-23;1;0
5;2025-12-23;2;0
5;2025-12-23;3;0
5;2025-12-23;4;0
5;2025-12-23;5;0
5;2025-12-23;6;0
5;2025-12-23;7;0
5;2025-12-23;8;0
5;2025-12-23;9;0
5;2025-12-23;10;0
5;2025-12-23;11;0
5;2025-12-23;12;0
5;2025-12-23;13;0
5;2025-12-23;14;0
5;2025-12-23;15;0
5;2025-12-23;16;0
5;2025-12-23;17;0
5;2025-12-23;18;0
5;2025-12-23;19;0
5;2025-12-23;20;0
5;2025-12-23;21;0
5;2025-12-23;22;0
5;2025-12-23;23;0
5;2025-12-24;0;0
5;2025-12-24;1;0
5;2025-12-24;2;0
5;2025-12-24;3;0
5;2025-12-24;4;0
5;2025-12-24;5;0
5;2025-12-24;6;0
5;2025-12-24;7;0
5;2025-12-24;8;0
5;2025-12-24;9;0
5;2025-12-24;10;0
5;2025-12-24;11;0
5;2025-12-24;12;0
5;2025-12-24;13;0
5;2025-12-24;14;0
5;2025-12-24;15;0
5;2025-12-24;16;0
5;2025-12-24;17;0
5;2025-12-24;18;0
5;2025-12-24;19;0
5;2025-12-24;20;0
5;2025-12-24;21;0
5;2025-12-24;22;0
5;2025-12-24;23;0
5;2025-12-25;0;0
5;2025-12-25;1;0
5;2025-12-25;2;0
5;2025-12-25;3;0
5;2025-12-25;4;0
5;2025-12-25;5;0
5;2025-12-25;6;0
5;2025-12-25;7;0
5;2025-12-25;8;0
5;2025-12-25;9;0
5;2025-12-25;10;0
5;2025-12-25;11;0
5;2025-12-25;12;0
5;2025-12-25;13;0
5;2025-12-25;14;0
5;2025-12-25;15;0
5;2025-12-25;16;0
5;2025-12-25;17;0
5;2025-12-25;18;0
5;2025-12-25;19;0
5;2025-12-25;20;0
5;2025-12-25;21;0
5;2025-12-25;22;0
5;2025-12-25;23;0
5;2025-12-26;0;0
5;2025-12-26;1;0
5;2025-12-26;2;0
5;2025-12-26;3;0
5;2025-12-26;4;0
5;2025-12-26;5;0
5;2025-12-26;6;0
5;2025-12-26;7;0
5;2025-12-26;8;0
5;2025-12-26;9;0
5;2025-12-26;10;0
5;2025-12-26;11;0
5;2025-12-26;12;0
5;2025-12-26;13;0
5;2025-12-26;14;0
5;2025-12-26;15;0
5;2025-12-26;16;0
5;2025-12-26;17;0
5;2025-12-26;18;0
5;2025-12-26;19;0
5;2025-12-26;20;0
5;2025-12-26;21;0
5;2025-12-26;22;0
5;2025-12-26;23;0
5;2025-12-27;0;0
5;2025-12-27;1;0
5;2025-12-27;2;0
5;2025-12-27;3;0
5;2025-12-27;4;0
5;2025-12-27;5;0
5;2025-12-27;6;0
5;2025-12-27;7;0
5;2025-12-27;8;0
5;2025-12-27;9;0
5;2025-12-27;10;0
5;2025-12-27;11;0
5;2025-12-27;12;0
5;2025-12-27;13;0
5;2025-12-27;14;0
5;2025-12-27;15;0
5;2025-12-27;16;0
5;2025-12-27;17;0
5;2025-12-27;18;0
5;2025-12-27;19;0
5;2025-12-27;20;0
5;2025-12-27;21;0
5;2025-12-27;22;0
5;2025-12-27;23;0
5;2025-12-28;0;0
5;2025-12-28;1;0
5;2025-12-28;2;0
5;2025-12-28;3;0
5;2025-12-28;4;0
5;2025-12-28;5;0
5;2025-12-28;6;0
5;2025-12-28;7;0
5;2025-12-28;8;0
5;2025-12-28;9;0
5;2025-12-28;10;0
5;2025-12-28;11;0
5;2025-12-28;12;0
5;2025-12-28;13;0
5;2025-12-28;14;0
5;2025-12-28;15;0
5;2025-12-28;16;0
5;2025-12-28;17;0
5;2025-12-28;18;0
5;2025-12-28;19;0
5;2025-12-28;20;0
5;2025-12-28;21;0
5;2025-12-28;22;0
5;2025-12-28;23;0
5;2025-12-29;0;0
5;2025-12-29;1;0
5;2025-12-29;2;0
5;2025-12-29;3;0
5;2025-12-29;4;0
5;2025-12-29;5;0
5;2025-12-29;6;0
5;2025-12-29;7;0
5;2025-12-29;8;0
5;2025-12-29;9;0
5;2025-12-29;10;0
5;2025-12-29;11;0
5;2025-12-29;12;0
5;2025-12-29;13;0
5;2025-12-29;14;0
5;2025-12-29;15;0
5;2025-12-29;16;0
5;2025-12-29;17;0
5;2025-12-29;18;0
5;2025-12-29;19;0
5;2025-12-29;20;0
5;2025-12-29;21;0
5;2025-12-29;22;0
5;2025-12-29;23;0
5;2025-12-30;0;0
5;2025-12-30;1;0
5;2025-12-30;2;0
5;2025-12-30;3;0
5;2025-12-30;4;0
5;2025-12-30;5;0
5;2025-12-30;6;0
5;2025-12-30;7;0
5;2025-12-30;8;0
5;2025-12-30;9;0
5;2025-12-30;10;0
5;2025-12-30;11;0
5;2025-12-30;12;0
5;2025-12-30;13;0
5;2025-12-30;14;0
5;2025-12-30;15;0
5;2025-12-30;16;0
5;2025-12-30;17;0
5;2025-12-30;18;0
5;2025-12-30;19;0
5;2025-12-30;20;0
5;2025-12-30;21;0
5;2025-12-30;22;0
5;2025-12-30;23;0
5;2025-12-31;0;0
5;2025-12-31;1;0
5;2025-12-31;2;0
5;2025-12-31;3;0
5;2025-12-31;4;0
5;2025-12-31;5;0
5;2025-12-31;6;0
5;2025-12-31;7;0
5;2025-12-31;8;0
5;2025-12-31;9;0
5;2025-12-31;10;0
5;2025-12-31;11;0
5;2025-12-31;12;0
5;2025-12-31;13;0
5;2025-12-31;14;0
5;2025-12-31;15;0
5;2025-12-31;16;0
5;2025-12-31;17;0
5;2025-12-31;18;0
5;2025-12-31;19;0
5;2025-12-31;20;0
5;2025-12-31;21;0
5;2025-12-31;22;0
5;2025-12-31;23;0
7;2025-11-01;0;63
7;2025-11-01;1;14
7;2025-11-01;2;1
7;2025-11-01;3;1
7;2025-11-01;4;2
7;2025-11-01;5;185
7;2025-11-01;6;598
7;2025-11-01;7;1612
7;2025-11-01;8;2473
7;2025-11-01;9;1863
7;2025-11-01;10;1737
7;2025-11-01;11;1614
7;2025-11-01;12;1731
7;2025-11-01;13;1642
7;2025-11-01;14;1709
7;2025-11-01;15;1846
7;2025-11-01;16;1936
7;2025-11-01;17;2421
7;2025-11-01;18;2497
7;2025-11-01;19;1610
7;2025-11-01;20;1046
7;2025-11-01;21;625
7;2025-11-01;22;311
7;2025-11-01;23;210
7;2025-11-02;0;102
7;2025-11-02;1;25
7;2025-11-02;2;1
7;2025-11-02;3;1
7;2025-11-02;4;2
7;2025-11-02;5;30
7;2025-11-02;6;129
7;2025-11-02;7;175
7;2025-11-02;8;395
7;2025-11-02;9;526
7;2025-11-02;10;409
7;2025-11-02;11;607
7;2025-11-02;12;657
7;2025-11-02;13;638
7;2025-11-02;14;675
7;2025-11-02;15;728
7;2025-11-02;16;624
7;2025-11-02;17;635
7;2025-11-02;18;642
7;2025-11-02;19;471
7;2025-11-02;20;389
7;2025-11-02;21;286
7;2025-11-02;22;148
7;2025-11-02;23;119
7;2025-11-03;0;100
7;2025-11-03;1;24
7;2025-11-03;2;1
7;2025-11-03;3;1
7;2025-11-03;4;2
7;2025-11-03;5;30
7;2025-11-03;6;129
7;2025-11-03;7;178
7;2025-11-03;8;402
7;2025-11-03;9;525
7;2025-11-03;10;400
7;2025-11-03;11;573
7;2025-11-03;12;616
7;2025-11-03;13;613
7;2025-11-03;14;641
7;2025-11-03;15;694
7;2025-11-03;16;607
7;2025-11-03;17;630
7;2025-11-03;18;649
7;2025-11-03;19;478
7;2025-11-03;20;388
7;2025-11-03;21;282
7;2025-11-03;22;147
7;2025-11-03;23;118
7;2025-11-04;0;98
7;2025-11-04;1;24
7;2025-11-04;2;1
7;2025-11-04;3;1
7;2025-11-04;4;2
7;2025-11-04;5;29
7;2025-11-04;6;128
7;2025-11-04;7;173
7;2025-11-04;8;382
7;2025-11-04;9;501
7;2025-11-04;10;388
7;2025-11-04;11;568
7;2025-11-04;12;604
7;2025-11-04;13;603
7;2025-11-04;14;665
7;2025-11-04;15;723
7;2025-11-04;16;624
7;2025-11-04;17;645
7;2025-11-04;18;660
7;2025-11-04;19;493
7;2025-11-04;20;401
7;2025-11-04;21;292
7;2025-11-04;22;152
7;2025-11-04;23;121
7;2025-11-05;0;63
7;2025-11-05;1;14
7;2025-11-05;2;1
7;2025-11-05;3;1
7;2025-11-05;4;3
7;2025-11-05;5;184
7;2025-11-05;6;597
7;2025-11-05;7;1617
7;2025-11-05;8;2489
7;2025-11-05;9;1880
7;2025-11-05;10;1734
7;2025-11-05;11;1586
7;2025-11-05;12;1693
7;2025-11-05;13;1592
7;2025-11-05;14;1681
7;2025-11-05;15;1804
7;2025-11-05;16;1904
7;2025-11-05;17;2414
7;2025-11-05;18;2521
7;2025-11-05;19;1631
7;2025-11-05;20;1052
7;2025-11-05;21;628
7;2025-11-05;22;305
7;2025-11-05;23;203
7;2025-11-06;0;63
7;2025-11-06;1;14
7;2025-11-06;2;1
7;2025-11-06;3;1
7;2025-11-06;4;3
7;2025-11-06;5;183
7;2025-11-06;6;599
7;2025-11-06;7;1620
7;2025-11-06;8;2485
7;2025-11-06;9;1873
7;2025-11-06;10;1729
7;2025-11-06;11;1578
7;2025-11-06;12;1736
7;2025-11-06;13;1639
7;2025-11-06;14;1683
7;2025-11-06;15;1796
7;2025-11-06;16;1919
7;2025-11-06;17;2417
7;2025-11-06;18;2536
7;2025-11-06;19;1631
7;2025-11-06;20;1046
7;2025-11-06;21;628
7;2025-11-06;22;309
7;2025-11-06;23;204
7;2025-11-07;0;63
7;2025-11-07;1;13
7;2025-11-07;2;1
7;2025-11-07;3;1
7;2025-11-07;4;2
7;2025-11-07;5;183
7;2025-11-07;6;592
7;2025-11-07;7;1604
7;2025-11-07;8;2457
7;2025-11-07;9;1820
7;2025-11-07;10;1723
7;2025-11-07;11;1638
7;2025-11-07;12;1753
7;2025-11-07;13;1661
7;2025-11-07;14;1711
7;2025-11-07;15;1865
7;2025-11-07;16;1979
7;2025-11-07;17;2427
7;2025-11-07;18;2389
7;2025-11-07;19;1566
7;2025-11-07;20;1029
7;2025-11-07;21;618
7;2025-11-07;22;300
7;2025-11-07;23;207
7;2025-11-08;0;120
7;2025-11-08;1;28
7;2025-11-08;2;1
7;2025-11-08;3;1
7;2025-11-08;4;2
7;2025-11-08;5;49
7;2025-11-08;6;263
7;2025-11-08;7;296
7;2025-11-08;8;711
7;2025-11-08;9;573
7;2025-11-08;10;634
7;2025-11-08;11;688
7;2025-11-08;12;932
7;2025-11-08;13;873
7;2025-11-08;14;857
7;2025-11-08;15;842
7;2025-11-08;16;844
7;2025-11-08;17;830
7;2025-11-08;18;764
7;2025-11-08;19;601
7;2025-11-08;20;526
7;2025-11-08;21;371
7;2025-11-08;22;209
7;2025-11-08;23;170
7;2025-11-09;0;102
7;2025-11-09;1;24
7;2025-11-09;2;1
7;2025-11-09;3;1
7;2025-11-09;4;2
7;2025-11-09;5;30
7;2025-11-09;6;128
7;2025-11-09;7;174
7;2025-11-09;8;391
7;2025-11-09;9;520
7;2025-11-09;10;402
7;2025-11-09;11;597
7;2025-11-09;12;644
7;2025-11-09;13;641
7;2025-11-09;14;654
7;2025-11-09;15;720
7;2025-11-09;16;622
7;2025-11-09;17;632
7;2025-11-09;18;642
7;2025-11-09;19;470
7;2025-11-09;20;390
7;2025-11-09;21;286
7;2025-11-09;22;148
7;2025-11-09;23;119
7;2025-11-10;0;63
7;2025-11-10;1;14
7;2025-11-10;2;1
7;2025-11-10;3;1
7;2025-11-10;4;2
7;2025-11-10;5;184
7;2025-11-10;6;599
7;2025-11-10;7;1624
7;2025-11-10;8;2478
7;2025-11-10;9;1855
7;2025-11-10;10;1709
7;2025-11-10;11;1583
7;2025-11-10;12;1708
7;2025-11-10;13;1626
7;2025-11-10;14;1679
7;2025-11-10;15;1806
7;2025-11-10;16;1901
7;2025-11-10;17;2378
7;2025-11-10;18;2507
7;2025-11-10;19;1629
7;2025-11-10;20;1050
7;2025-11-10;21;626
7;2025-11-10;22;306
7;2025-11-10;23;204
7;2025-11-11;0;63
7;2025-11-11;1;14
7;2025-11-11;2;1
7;2025-11-11;3;1
7;2025-11-11;4;3
7;2025-11-11;5;186
7;2025-11-11;6;606
7;2025-11-11;7;1629
7;2025-11-11;8;2507
7;2025-11-11;9;1902
7;2025-11-11;10;1750
7;2025-11-11;11;1629
7;2025-11-11;12;1746
7;2025-11-11;13;1655
7;2025-11-11;14;1698
7;2025-11-11;15;1844
7;2025-11-11;16;1935
7;2025-11-11;17;2450
7;2025-11-11;18;2576
7;2025-11-11;19;1653
7;2025-11-11;20;1068
7;2025-11-11;21;634
7;2025-11-11;22;307
7;2025-11-11;23;205
7;2025-11-12;0;63
7;2025-11-12;1;14
7;2025-11-12;2;1
7;2025-11-12;3;1
7;2025-11-12;4;3
7;2025-11-12;5;185
7;2025-11-12;6;604
7;2025-11-12;7;1632
7;2025-11-12;8;2490
7;2025-11-12;9;1875
7;2025-11-12;10;1724
7;2025-11-12;11;1575
7;2025-11-12;12;1712
7;2025-11-12;13;1607
7;2025-11-12;14;1669
7;2025-11-12;15;1800
7;2025-11-12;16;1910
7;2025-11-12;17;2411
7;2025-11-12;18;2525
7;2025-11-12;19;1630
7;2025-11-12;20;1043
7;2025-11-12;21;620
7;2025-11-12;22;305
7;2025-11-12;23;203
7;2025-11-13;0;64
7;2025-11-13;1;14
7;2025-11-13;2;1
7;2025-11-13;3;1
7;2025-11-13;4;3
7;2025-11-13;5;185
7;2025-11-13;6;596
7;2025-11-13;7;1623
7;2025-11-13;8;2497
7;2025-11-13;9;1902
7;2025-11-13;10;1742
7;2025-11-13;11;1620
7;2025-11-13;12;1745
7;2025-11-13;13;1634
7;2025-11-13;14;1682
7;2025-11-13;15;1816
7;2025-11-13;16;1918
7;2025-11-13;17;2423
7;2025-11-13;18;2542
7;2025-11-13;19;1640
7;2025-11-13;20;1057
7;2025-11-13;21;630
7;2025-11-13;22;309
7;2025-11-13;23;206
7;2025-11-14;0;63
7;2025-11-14;1;14
7;2025-11-14;2;1
7;2025-11-14;3;1
7;2025-11-14;4;2
7;2025-11-14;5;180
7;2025-11-14;6;589
7;2025-11-14;7;1585
7;2025-11-14;8;2407
7;2025-11-14;9;1798
7;2025-11-14;10;1655
7;2025-11-14;11;1574
7;2025-11-14;12;1692
7;2025-11-14;13;1596
7;2025-11-14;14;1636
7;2025-11-14;15;1802
7;2025-11-14;16;1912
7;2025-11-14;17;2357
7;2025-11-14;18;2358
7;2025-11-14;19;1565
7;2025-11-14;20;1032
7;2025-11-14;21;613
7;2025-11-14;22;308
7;2025-11-14;23;208
7;2025-11-15;0;118
7;2025-11-15;1;27
7;2025-11-15;2;1
7;2025-11-15;3;1
7;2025-11-15;4;2
7;2025-11-15;5;50
7;2025-11-15;6;264
7;2025-11-15;7;299
7;2025-11-15;8;718
7;2025-11-15;9;571
7;2025-11-15;10;647
7;2025-11-15;11;685
7;2025-11-15;12;950
7;2025-11-15;13;909
7;2025-11-15;14;870
7;2025-11-15;15;861
7;2025-11-15;16;851
7;2025-11-15;17;818
7;2025-11-15;18;764
7;2025-11-15;19;612
7;2025-11-15;20;551
7;2025-11-15;21;382
7;2025-11-15;22;214
7;2025-11-15;23;174
7;2025-11-16;0;104
7;2025-11-16;1;25
7;2025-11-16;2;1
7;2025-11-16;3;1
7;2025-11-16;4;2
7;2025-11-16;5;30
7;2025-11-16;6;130
7;2025-11-16;7;177
7;2025-11-16;8;395
7;2025-11-16;9;528
7;2025-11-16;10;414
7;2025-11-16;11;617
7;2025-11-16;12;666
7;2025-11-16;13;657
7;2025-11-16;14;674
7;2025-11-16;15;725
7;2025-11-16;16;624
7;2025-11-16;17;633
7;2025-11-16;18;636
7;2025-11-16;19;477
7;2025-11-16;20;396
7;2025-11-16;21;293
7;2025-11-16;22;149
7;2025-11-16;23;118
7;2025-11-17;0;63
7;2025-11-17;1;14
7;2025-11-17;2;1
7;2025-11-17;3;1
7;2025-11-17;4;3
7;2025-11-17;5;184
7;2025-11-17;6;598
7;2025-11-17;7;1599
7;2025-11-17;8;2425
7;2025-11-17;9;1799
7;2025-11-17;10;1652
7;2025-11-17;11;1527
7;2025-11-17;12;1635
7;2025-11-17;13;1535
7;2025-11-17;14;1611
7;2025-11-17;15;1751
7;2025-11-17;16;1880
7;2025-11-17;17;2371
7;2025-11-17;18;2504
7;2025-11-17;19;1633
7;2025-11-17;20;1047
7;2025-11-17;21;617
7;2025-11-17;22;305
7;2025-11-17;23;203
7;2025-11-18;0;63
7;2025-11-18;1;13
7;2025-11-18;2;1
7;2025-11-18;3;1
7;2025-11-18;4;2
7;2025-11-18;5;179
7;2025-11-18;6;577
7;2025-11-18;7;1567
7;2025-11-18;8;2375
7;2025-11-18;9;1754
7;2025-11-18;10;1612
7;2025-11-18;11;1517
7;2025-11-18;12;1628
7;2025-11-18;13;1521
7;2025-11-18;14;1575
7;2025-11-18;15;1751
7;2025-11-18;16;1858
7;2025-11-18;17;2361
7;2025-11-18;18;2439
7;2025-11-18;19;1587
7;2025-11-18;20;1037
7;2025-11-18;21;620
7;2025-11-18;22;304
7;2025-11-18;23;203
7;2025-11-19;0;62
7;2025-11-19;1;14
7;2025-11-19;2;1
7;2025-11-19;3;1
7;2025-11-19;4;3
7;2025-11-19;5;186
7;2025-11-19;6;608
7;2025-11-19;7;1634
7;2025-11-19;8;2497
7;2025-11-19;9;1875
7;2025-11-19;10;1719
7;2025-11-19;11;1589
7;2025-11-19;12;1728
7;2025-11-19;13;1632
7;2025-11-19;14;1686
7;2025-11-19;15;1829
7;2025-11-19;16;1925
7;2025-11-19;17;2413
7;2025-11-19;18;2519
7;2025-11-19;19;1647
7;2025-11-19;20;1060
7;2025-11-19;21;635
7;2025-11-19;22;309
7;2025-11-19;23;208
7;2025-11-20;0;64
7;2025-11-20;1;14
7;2025-11-20;2;1
7;2025-11-20;3;1
7;2025-11-20;4;3
7;2025-11-20;5;186
7;2025-11-20;6;606
7;2025-11-20;7;1626
7;2025-11-20;8;2496
7;2025-11-20;9;1876
7;2025-11-20;10;1729
7;2025-11-20;11;1611
7;2025-11-20;12;1736
7;2025-11-20;13;1631
7;2025-11-20;14;1685
7;2025-11-20;15;1813
7;2025-11-20;16;1910
7;2025-11-20;17;2406
7;2025-11-20;18;2536
7;2025-11-20;19;1647
7;2025-11-20;20;1061
7;2025-11-20;21;633
7;2025-11-20;22;311
7;2025-11-20;23;209
7;2025-11-21;0;64
7;2025-11-21;1;14
7;2025-11-21;2;1
7;2025-11-21;3;1
7;2025-11-21;4;3
7;2025-11-21;5;185
7;2025-11-21;6;601
7;2025-11-21;7;1599
7;2025-11-21;8;2462
7;2025-11-21;9;1862
7;2025-11-21;10;1721
7;2025-11-21;11;1635
7;2025-11-21;12;1734
7;2025-11-21;13;1667
7;2025-11-21;14;1725
7;2025-11-21;15;1870
7;2025-11-21;16;1963
7;2025-11-21;17;2420
7;2025-11-21;18;2431
7;2025-11-21;19;1596
7;2025-11-21;20;1059
7;2025-11-21;21;634
7;2025-11-21;22;312
7;2025-11-21;23;213
7;2025-11-22;0;123
7;2025-11-22;1;28
7;2025-11-22;2;1
7;2025-11-22;3;1
7;2025-11-22;4;2
7;2025-11-22;5;51
7;2025-11-22;6;271
7;2025-11-22;7;306
7;2025-11-22;8;722
7;2025-11-22;9;596
7;2025-11-22;10;670
7;2025-11-22;11;713
7;2025-11-22;12;978
7;2025-11-22;13;916
7;2025-11-22;14;875
7;2025-11-22;15;862
7;2025-11-22;16;857
7;2025-11-22;17;842
7;2025-11-22;18;783
7;2025-11-22;19;617
7;2025-11-22;20;542
7;2025-11-22;21;378
7;2025-11-22;22;213
7;2025-11-22;23;175
7;2025-11-23;0;103
7;2025-11-23;1;25
7;2025-11-23;2;1
7;2025-11-23;3;1
7;2025-11-23;4;2
7;2025-11-23;5;30
7;2025-11-23;6;131
7;2025-11-23;7;177
7;2025-11-23;8;395
7;2025-11-23;9;527
7;2025-11-23;10;412
7;2025-11-23;11;613
7;2025-11-23;12;667
7;2025-11-23;13;668
7;2025-11-23;14;698
7;2025-11-23;15;754
7;2025-11-23;16;645
7;2025-11-23;17;647
7;2025-11-23;18;659
7;2025-11-23;19;484
7;2025-11-23;20;401
7;2025-11-23;21;292
7;2025-11-23;22;150
7;2025-11-23;23;118
7;2025-11-24;0;62
7;2025-11-24;1;14
7;2025-11-24;2;1
7;2025-11-24;3;1
7;2025-11-24;4;2
7;2025-11-24;5;178
7;2025-11-24;6;577
7;2025-11-24;7;1569
7;2025-11-24;8;2438
7;2025-11-24;9;1809
7;2025-11-24;10;1674
7;2025-11-24;11;1536
7;2025-11-24;12;1668
7;2025-11-24;13;1588
7;2025-11-24;14;1637
7;2025-11-24;15;1771
7;2025-11-24;16;1885
7;2025-11-24;17;2352
7;2025-11-24;18;2480
7;2025-11-24;19;1616
7;2025-11-24;20;1041
7;2025-11-24;21;612
7;2025-11-24;22;303
7;2025-11-24;23;200
7;2025-11-25;0;62
7;2025-11-25;1;14
7;2025-11-25;2;1
7;2025-11-25;3;1
7;2025-11-25;4;3
7;2025-11-25;5;186
7;2025-11-25;6;609
7;2025-11-25;7;1628
7;2025-11-25;8;2490
7;2025-11-25;9;1869
7;2025-11-25;10;1739
7;2025-11-25;11;1611
7;2025-11-25;12;1727
7;2025-11-25;13;1635
7;2025-11-25;14;1693
7;2025-11-25;15;1820
7;2025-11-25;16;1918
7;2025-11-25;17;2417
7;2025-11-25;18;2518
7;2025-11-25;19;1640
7;2025-11-25;20;1063
7;2025-11-25;21;630
7;2025-11-25;22;307
7;2025-11-25;23;205
7;2025-11-26;0;64
7;2025-11-26;1;14
7;2025-11-26;2;1
7;2025-11-26;3;1
7;2025-11-26;4;3
7;2025-11-26;5;186
7;2025-11-26;6;603
7;2025-11-26;7;1623
7;2025-11-26;8;2507
7;2025-11-26;9;1862
7;2025-11-26;10;1708
7;2025-11-26;11;1595
7;2025-11-26;12;1723
7;2025-11-26;13;1641
7;2025-11-26;14;1677
7;2025-11-26;15;1820
7;2025-11-26;16;1929
7;2025-11-26;17;2445
7;2025-11-26;18;2529
7;2025-11-26;19;1641
7;2025-11-26;20;1060
7;2025-11-26;21;626
7;2025-11-26;22;308
7;2025-11-26;23;205
7;2025-11-27;0;64
7;2025-11-27;1;14
7;2025-11-27;2;1
7;2025-11-27;3;1
7;2025-11-27;4;3
7;2025-11-27;5;184
7;2025-11-27;6;599
7;2025-11-27;7;1615
7;2025-11-27;8;2484
7;2025-11-27;9;1878
7;2025-11-27;10;1737
7;2025-11-27;11;1609
7;2025-11-27;12;1712
7;2025-11-27;13;1628
7;2025-11-27;14;1674
7;2025-11-27;15;1826
7;2025-11-27;16;1927
7;2025-11-27;17;2414
7;2025-11-27;18;2518
7;2025-11-27;19;1615
7;2025-11-27;20;1047
7;2025-11-27;21;618
7;2025-11-27;22;304
7;2025-11-27;23;200
7;2025-11-28;0;63
7;2025-11-28;1;13
7;2025-11-28;2;1
7;2025-11-28;3;1
7;2025-11-28;4;2
7;2025-11-28;5;182
7;2025-11-28;6;593
7;2025-11-28;7;1604
7;2025-11-28;8;2463
7;2025-11-28;9;1857
7;2025-11-28;10;1728
7;2025-11-28;11;1648
7;2025-11-28;12;1763
7;2025-11-28;13;1675
7;2025-11-28;14;1739
7;2025-11-28;15;1876
7;2025-11-28;16;1981
7;2025-11-28;17;2437
7;2025-11-28;18;2416
7;2025-11-28;19;1590
7;2025-11-28;20;1046
7;2025-11-28;21;629
7;2025-11-28;22;310
7;2025-11-28;23;211
7;2025-11-29;0;123
7;2025-11-29;1;28
7;2025-11-29;2;1
7;2025-11-29;3;1
7;2025-11-29;4;2
7;2025-11-29;5;51
7;2025-11-29;6;273
7;2025-11-29;7;309
7;2025-11-29;8;734
7;2025-11-29;9;604
7;2025-11-29;10;666
7;2025-11-29;11;708
7;2025-11-29;12;973
7;2025-11-29;13;911
7;2025-11-29;14;868
7;2025-11-29;15;849
7;2025-11-29;16;849
7;2025-11-29;17;839
7;2025-11-29;18;783
7;2025-11-29;19;618
7;2025-11-29;20;541
7;2025-11-29;21;375
7;2025-11-29;22;212
7;2025-11-29;23;172
7;2025-11-30;0;100
7;2025-11-30;1;25
7;2025-11-30;2;1
7;2025-11-30;3;1
7;2025-11-30;4;2
7;2025-11-30;5;30
7;2025-11-30;6;129
7;2025-11-30;7;175
7;2025-11-30;8;393
7;2025-11-30;9;531
7;2025-11-30;10;415
7;2025-11-30;11;610
7;2025-11-30;12;660
7;2025-11-30;13;655
7;2025-11-30;14;678
7;2025-11-30;15;726
7;2025-11-30;16;626
7;2025-11-30;17;646
7;2025-11-30;18;658
7;2025-11-30;19;480
7;2025-11-30;20;393
7;2025-11-30;21;289
7;2025-11-30;22;149
7;2025-11-30;23;120
7;2025-12-01;0;64
7;2025-12-01;1;14
7;2025-12-01;2;1
7;2025-12-01;3;1
7;2025-12-01;4;2
7;2025-12-01;5;185
7;2025-12-01;6;598
7;2025-12-01;7;1610
7;2025-12-01;8;2466
7;2025-12-01;9;1850
7;2025-12-01;10;1711
7;2025-12-01;11;1580
7;2025-12-01;12;1706
7;2025-12-01;13;1621
7;2025-12-01;14;1672
7;2025-12-01;15;1801
7;2025-12-01;16;1895
7;2025-12-01;17;2379
7;2025-12-01;18;2521
7;2025-12-01;19;1639
7;2025-12-01;20;1049
7;2025-12-01;21;623
7;2025-12-01;22;306
7;2025-12-01;23;203
7;2025-12-02;0;63
7;2025-12-02;1;14
7;2025-12-02;2;1
7;2025-12-02;3;1
7;2025-12-02;4;3
7;2025-12-02;5;186
7;2025-12-02;6;608
7;2025-12-02;7;1625
7;2025-12-02;8;2498
7;2025-12-02;9;1891
7;2025-12-02;10;1744
7;2025-12-02;11;1627
7;2025-12-02;12;1742
7;2025-12-02;13;1646
7;2025-12-02;14;1692
7;2025-12-02;15;1830
7;2025-12-02;16;1923
7;2025-12-02;17;2438
7;2025-12-02;18;2562
7;2025-12-02;19;1660
7;2025-12-02;20;1068
7;2025-12-02;21;634
7;2025-12-02;22;310
7;2025-12-02;23;207
7;2025-12-03;0;64
7;2025-12-03;1;14
7;2025-12-03;2;1
7;2025-12-03;3;1
7;2025-12-03;4;3
7;2025-12-03;5;185
7;2025-12-03;6;602
7;2025-12-03;7;1622
7;2025-12-03;8;2504
7;2025-12-03;9;1905
7;2025-12-03;10;1748
7;2025-12-03;11;1632
7;2025-12-03;12;1754
7;2025-12-03;13;1657
7;2025-12-03;14;1707
7;2025-12-03;15;1836
7;2025-12-03;16;1930
7;2025-12-03;17;2442
7;2025-12-03;18;2553
7;2025-12-03;19;1652
7;2025-12-03;20;1061
7;2025-12-03;21;630
7;2025-12-03;22;308
7;2025-12-03;23;206
7;2025-12-04;0;64
7;2025-12-04;1;14
7;2025-12-04;2;1
7;2025-12-04;3;1
7;2025-12-04;4;3
7;2025-12-04;5;185
7;2025-12-04;6;601
7;2025-12-04;7;1616
7;2025-12-04;8;2489
7;2025-12-04;9;1888
7;2025-12-04;10;1738
7;2025-12-04;11;1618
7;2025-12-04;12;1738
7;2025-12-04;13;1639
7;2025-12-04;14;1690
7;2025-12-04;15;1821
7;2025-12-04;16;1912
7;2025-12-04;17;2420
7;2025-12-04;18;2551
7;2025-12-04;19;1641
7;2025-12-04;20;1055
7;2025-12-04;21;631
7;2025-12-04;22;310
7;2025-12-04;23;208
7;2025-12-05;0;65
7;2025-12-05;1;14
7;2025-12-05;2;1
7;2025-12-05;3;1
7;2025-12-05;4;2
7;2025-12-05;5;183
7;2025-12-05;6;596
7;2025-12-05;7;1604
7;2025-12-05;8;2480
7;2025-12-05;9;1864
7;2025-12-05;10;1728
7;2025-12-05;11;1641
7;2025-12-05;12;1767
7;2025-12-05;13;1672
7;2025-12-05;14;1730
7;2025-12-05;15;1875
7;2025-12-05;16;1975
7;2025-12-05;17;2432
7;2025-12-05;18;2424
7;2025-12-05;19;1592
7;2025-12-05;20;1050
7;2025-12-05;21;632
7;2025-12-05;22;310
7;2025-12-05;23;211
7;2025-12-06;0;123
7;2025-12-06;1;28
7;2025-12-06;2;1
7;2025-12-06;3;1
7;2025-12-06;4;2
7;2025-12-06;5;51
7;2025-12-06;6;271
7;2025-12-06;7;305
7;2025-12-06;8;733
7;2025-12-06;9;602
7;2025-12-06;10;663
7;2025-12-06;11;704
7;2025-12-06;12;973
7;2025-12-06;13;904
7;2025-12-06;14;869
7;2025-12-06;15;857
7;2025-12-06;16;852
7;2025-12-06;17;840
7;2025-12-06;18;781
7;2025-12-06;19;613
7;2025-12-06;20;537
7;2025-12-06;21;371
7;2025-12-06;22;209
7;2025-12-06;23;171
7;2025-12-07;0;102
7;2025-12-07;1;25
7;2025-12-07;2;1
7;2025-12-07;3;1
7;2025-12-07;4;2
7;2025-12-07;5;30
7;2025-12-07;6;129
7;2025-12-07;7;175
7;2025-12-07;8;393
7;2025-12-07;9;525
7;2025-12-07;10;409
7;2025-12-07;11;604
7;2025-12-07;12;648
7;2025-12-07;13;643
7;2025-12-07;14;675
7;2025-12-07;15;729
7;2025-12-07;16;625
7;2025-12-07;17;637
7;2025-12-07;18;650
7;2025-12-07;19;478
7;2025-12-07;20;397
7;2025-12-07;21;291
7;2025-12-07;22;150
7;2025-12-07;23;121
7;2025-12-08;0;63
7;2025-12-08;1;14
7;2025-12-08;2;1
7;2025-12-08;3;1
7;2025-12-08;4;2
7;2025-12-08;5;184
7;2025-12-08;6;599
7;2025-12-08;7;1613
7;2025-12-08;8;2460
7;2025-12-08;9;1850
7;2025-12-08;10;1697
7;2025-12-08;11;1573
7;2025-12-08;12;1696
7;2025-12-08;13;1612
7;2025-12-08;14;1664
7;2025-12-08;15;1796
7;2025-12-08;16;1891
7;2025-12-08;17;2376
7;2025-12-08;18;2512
7;2025-12-08;19;1641
7;2025-12-08;20;1048
7;2025-12-08;21;623
7;2025-12-08;22;306
7;2025-12-08;23;202
7;2025-12-09;0;63
7;2025-12-09;1;14
7;2025-12-09;2;1
7;2025-12-09;3;1
7;2025-12-09;4;3
7;2025-12-09;5;186
7;2025-12-09;6;607
7;2025-12-09;7;1623
7;2025-12-09;8;2477
7;2025-12-09;9;1863
7;2025-12-09;10;1727
7;2025-12-09;11;1565
7;2025-12-09;12;1678
7;2025-12-09;13;1581
7;2025-12-09;14;1640
7;2025-12-09;15;1803
7;2025-12-09;16;1900
7;2025-12-09;17;2370
7;2025-12-09;18;2479
7;2025-12-09;19;1635
7;2025-12-09;20;1060
7;2025-12-09;21;630
7;2025-12-09;22;312
7;2025-12-09;23;208
7;2025-12-10;0;64
7;2025-12-10;1;14
7;2025-12-10;2;1
7;2025-12-10;3;1
7;2025-12-10;4;3
7;2025-12-10;5;186
7;2025-12-10;6;607
7;2025-12-10;7;1623
7;2025-12-10;8;2510
7;2025-12-10;9;1890
7;2025-12-10;10;1744
7;2025-12-10;11;1627
7;2025-12-10;12;1738
7;2025-12-10;13;1636
7;2025-12-10;14;1687
7;2025-12-10;15;1819
7;2025-12-10;16;1909
7;2025-12-10;17;2412
7;2025-12-10;18;2525
7;2025-12-10;19;1645
7;2025-12-10;20;1055
7;2025-12-10;21;628
7;2025-12-10;22;307
7;2025-12-10;23;204
7;2025-12-11;0;64
7;2025-12-11;1;14
7;2025-12-11;2;1
7;2025-12-11;3;1
7;2025-12-11;4;3
7;2025-12-11;5;185
7;2025-12-11;6;606
7;2025-12-11;7;1626
7;2025-12-11;8;2500
7;2025-12-11;9;1821
7;2025-12-11;10;1701
7;2025-12-11;11;1586
7;2025-12-11;12;1717
7;2025-12-11;13;1631
7;2025-12-11;14;1688
7;2025-12-11;15;1823
7;2025-12-11;16;1941
7;2025-12-11;17;2452
7;2025-12-11;18;2551
7;2025-12-11;19;1630
7;2025-12-11;20;1058
7;2025-12-11;21;625
7;2025-12-11;22;310
7;2025-12-11;23;207
7;2025-12-12;0;63
7;2025-12-12;1;14
7;2025-12-12;2;1
7;2025-12-12;3;1
7;2025-12-12;4;2
7;2025-12-12;5;183
7;2025-12-12;6;595
7;2025-12-12;7;1590
7;2025-12-12;8;2444
7;2025-12-12;9;1853
7;2025-12-12;10;1711
7;2025-12-12;11;1634
7;2025-12-12;12;1687
7;2025-12-12;13;1595
7;2025-12-12;14;1644
7;2025-12-12;15;1778
7;2025-12-12;16;1912
7;2025-12-12;17;2328
7;2025-12-12;18;2365
7;2025-12-12;19;1562
7;2025-12-12;20;1038
7;2025-12-12;21;622
7;2025-12-12;22;304
7;2025-12-12;23;205
7;2025-12-13;0;118
7;2025-12-13;1;27
7;2025-12-13;2;1
7;2025-12-13;3;1
7;2025-12-13;4;2
7;2025-12-13;5;49
7;2025-12-13;6;267
7;2025-12-13;7;296
7;2025-12-13;8;699
7;2025-12-13;9;574
7;2025-12-13;10;637
7;2025-12-13;11;678
7;2025-12-13;12;926
7;2025-12-13;13;875
7;2025-12-13;14;826
7;2025-12-13;15;808
7;2025-12-13;16;809
7;2025-12-13;17;807
7;2025-12-13;18;761
7;2025-12-13;19;612
7;2025-12-13;20;530
7;2025-12-13;21;372
7;2025-12-13;22;211
7;2025-12-13;23;170
7;2025-12-14;0;98
7;2025-12-14;1;24
7;2025-12-14;2;1
7;2025-12-14;3;1
7;2025-12-14;4;2
7;2025-12-14;5;30
7;2025-12-14;6;130
7;2025-12-14;7;177
7;2025-12-14;8;391
7;2025-12-14;9;506
7;2025-12-14;10;395
7;2025-12-14;11;584
7;2025-12-14;12;618
7;2025-12-14;13;614
7;2025-12-14;14;642
7;2025-12-14;15;695
7;2025-12-14;16;615
7;2025-12-14;17;623
7;2025-12-14;18;653
7;2025-12-14;19;488
7;2025-12-14;20;403
7;2025-12-14;21;296
7;2025-12-14;22;153
7;2025-12-14;23;122
7;2025-12-15;0;63
7;2025-12-15;1;14
7;2025-12-15;2;1
7;2025-12-15;3;1
7;2025-12-15;4;3
7;2025-12-15;5;184
7;2025-12-15;6;595
7;2025-12-15;7;1594
7;2025-12-15;8;2460
7;2025-12-15;9;1837
7;2025-12-15;10;1691
7;2025-12-15;11;1578
7;2025-12-15;12;1689
7;2025-12-15;13;1599
7;2025-12-15;14;1652
7;2025-12-15;15;1787
7;2025-12-15;16;1886
7;2025-12-15;17;2376
7;2025-12-15;18;2501
7;2025-12-15;19;1620
7;2025-12-15;20;1048
7;2025-12-15;21;622
7;2025-12-15;22;306
7;2025-12-15;23;203
7;2025-12-16;0;63
7;2025-12-16;1;14
7;2025-12-16;2;1
7;2025-12-16;3;1
7;2025-12-16;4;3
7;2025-12-16;5;185
7;2025-12-16;6;604
7;2025-12-16;7;1616
7;2025-12-16;8;2491
7;2025-12-16;9;1882
7;2025-12-16;10;1747
7;2025-12-16;11;1621
7;2025-12-16;12;1737
7;2025-12-16;13;1596
7;2025-12-16;14;1671
7;2025-12-16;15;1792
7;2025-12-16;16;1891
7;2025-12-16;17;2402
7;2025-12-16;18;2500
7;2025-12-16;19;1629
7;2025-12-16;20;1051
7;2025-12-16;21;627
7;2025-12-16;22;307
7;2025-12-16;23;204
7;2025-12-17;0;62
7;2025-12-17;1;14
7;2025-12-17;2;1
7;2025-12-17;3;1
7;2025-12-17;4;3
7;2025-12-17;5;185
7;2025-12-17;6;605
7;2025-12-17;7;1621
7;2025-12-17;8;2478
7;2025-12-17;9;1874
7;2025-12-17;10;1737
7;2025-12-17;11;1613
7;2025-12-17;12;1737
7;2025-12-17;13;1638
7;2025-12-17;14;1684
7;2025-12-17;15;1821
7;2025-12-17;16;1905
7;2025-12-17;17;2410
7;2025-12-17;18;2519
7;2025-12-17;19;1642
7;2025-12-17;20;1050
7;2025-12-17;21;624
7;2025-12-17;22;306
7;2025-12-17;23;204
7;2025-12-18;0;64
7;2025-12-18;1;14
7;2025-12-18;2;1
7;2025-12-18;3;1
7;2025-12-18;4;3
7;2025-12-18;5;185
7;2025-12-18;6;603
7;2025-12-18;7;1629
7;2025-12-18;8;2496
7;2025-12-18;9;1878
7;2025-12-18;10;1744
7;2025-12-18;11;1619
7;2025-12-18;12;1742
7;2025-12-18;13;1637
7;2025-12-18;14;1689
7;2025-12-18;15;1819
7;2025-12-18;16;1914
7;2025-12-18;17;2428
7;2025-12-18;18;2545
7;2025-12-18;19;1657
7;2025-12-18;20;1065
7;2025-12-18;21;631
7;2025-12-18;22;310
7;2025-12-18;23;206
7;2025-12-19;0;64
7;2025-12-19;1;14
7;2025-12-19;2;1
7;2025-12-19;3;1
7;2025-12-19;4;2
7;2025-12-19;5;184
7;2025-12-19;6;597
7;2025-12-19;7;1603
7;2025-12-19;8;2464
7;2025-12-19;9;1861
7;2025-12-19;10;1724
7;2025-12-19;11;1631
7;2025-12-19;12;1757
7;2025-12-19;13;1656
7;2025-12-19;14;1708
7;2025-12-19;15;1854
7;2025-12-19;16;1952
7;2025-12-19;17;2415
7;2025-12-19;18;2454
7;2025-12-19;19;1599
7;2025-12-19;20;1054
7;2025-12-19;21;632
7;2025-12-19;22;310
7;2025-12-19;23;211
7;2025-12-20;0;123
7;2025-12-20;1;28
7;2025-12-20;2;1
7;2025-12-20;3;1
7;2025-12-20;4;2
7;2025-12-20;5;51
7;2025-12-20;6;273
7;2025-12-20;7;309
7;2025-12-20;8;732
7;2025-12-20;9;598
7;2025-12-20;10;666
7;2025-12-20;11;706
7;2025-12-20;12;971
7;2025-12-20;13;911
7;2025-12-20;14;868
7;2025-12-20;15;850
7;2025-12-20;16;845
7;2025-12-20;17;833
7;2025-12-20;18;771
7;2025-12-20;19;610
7;2025-12-20;20;537
7;2025-12-20;21;370
7;2025-12-20;22;209
7;2025-12-20;23;169
7;2025-12-21;0;99
7;2025-12-21;1;24
7;2025-12-21;2;1
7;2025-12-21;3;1
7;2025-12-21;4;2
7;2025-12-21;5;30
7;2025-12-21;6;129
7;2025-12-21;7;177
7;2025-12-21;8;396
7;2025-12-21;9;521
7;2025-12-21;10;408
7;2025-12-21;11;604
7;2025-12-21;12;649
7;2025-12-21;13;644
7;2025-12-21;14;670
7;2025-12-21;15;725
7;2025-12-21;16;621
7;2025-12-21;17;634
7;2025-12-21;18;648
7;2025-12-21;19;477
7;2025-12-21;20;395
7;2025-12-21;21;289
7;2025-12-21;22;148
7;2025-12-21;23;120
7;2025-12-22;0;64
7;2025-12-22;1;14
7;2025-12-22;2;1
7;2025-12-22;3;1
7;2025-12-22;4;3
7;2025-12-22;5;185
7;2025-12-22;6;597
7;2025-12-22;7;1612
7;2025-12-22;8;2466
7;2025-12-22;9;1830
7;2025-12-22;10;1683
7;2025-12-22;11;1563
7;2025-12-22;12;1668
7;2025-12-22;13;1575
7;2025-12-22;14;1607
7;2025-12-22;15;1754
7;2025-12-22;16;1850
7;2025-12-22;17;2328
7;2025-12-22;18;2449
7;2025-12-22;19;1585
7;2025-12-22;20;1021
7;2025-12-22;21;618
7;2025-12-22;22;309
7;2025-12-22;23;201
7;2025-12-23;0;63
7;2025-12-23;1;14
7;2025-12-23;2;1
7;2025-12-23;3;1
7;2025-12-23;4;3
7;2025-12-23;5;185
7;2025-12-23;6;604
7;2025-12-23;7;1604
7;2025-12-23;8;2446
7;2025-12-23;9;1828
7;2025-12-23;10;1688
7;2025-12-23;11;1566
7;2025-12-23;12;1681
7;2025-12-23;13;1589
7;2025-12-23;14;1647
7;2025-12-23;15;1781
7;2025-12-23;16;1888
7;2025-12-23;17;2377
7;2025-12-23;18;2509
7;2025-12-23;19;1636
7;2025-12-23;20;1064
7;2025-12-23;21;634
7;2025-12-23;22;312
7;2025-12-23;23;206
7;2025-12-24;0;64
7;2025-12-24;1;14
7;2025-12-24;2;1
7;2025-12-24;3;1
7;2025-12-24;4;3
7;2025-12-24;5;186
7;2025-12-24;6;604
7;2025-12-24;7;1624
7;2025-12-24;8;2504
7;2025-12-24;9;1875
7;2025-12-24;10;1728
7;2025-12-24;11;1600
7;2025-12-24;12;1735
7;2025-12-24;13;1640
7;2025-12-24;14;1668
7;2025-12-24;15;1825
7;2025-12-24;16;1906
7;2025-12-24;17;2407
7;2025-12-24;18;2539
7;2025-12-24;19;1653
7;2025-12-24;20;1068
7;2025-12-24;21;633
7;2025-12-24;22;312
7;2025-12-24;23;208
7;2025-12-25;0;64
7;2025-12-25;1;14
7;2025-12-25;2;1
7;2025-12-25;3;1
7;2025-12-25;4;3
7;2025-12-25;5;186
7;2025-12-25;6;610
7;2025-12-25;7;1633
7;2025-12-25;8;2491
7;2025-12-25;9;1878
7;2025-12-25;10;1746
7;2025-12-25;11;1616
7;2025-12-25;12;1738
7;2025-12-25;13;1636
7;2025-12-25;14;1690
7;2025-12-25;15;1823
7;2025-12-25;16;1924
7;2025-12-25;17;2404
7;2025-12-25;18;2529
7;2025-12-25;19;1642
7;2025-12-25;20;1070
7;2025-12-25;21;629
7;2025-12-25;22;311
7;2025-12-25;23;203
7;2025-12-26;0;62
7;2025-12-26;1;14
7;2025-12-26;2;1
7;2025-12-26;3;1
7;2025-12-26;4;2
7;2025-12-26;5;181
7;2025-12-26;6;598
7;2025-12-26;7;1568
7;2025-12-26;8;2430
7;2025-12-26;9;1799
7;2025-12-26;10;1662
7;2025-12-26;11;1547
7;2025-12-26;12;1679
7;2025-12-26;13;1592
7;2025-12-26;14;1651
7;2025-12-26;15;1782
7;2025-12-26;16;1906
7;2025-12-26;17;2341
7;2025-12-26;18;2402
7;2025-12-26;19;1582
7;2025-12-26;20;1034
7;2025-12-26;21;617
7;2025-12-26;22;304
7;2025-12-26;23;202
7;2025-12-27;0;118
7;2025-12-27;1;26
7;2025-12-27;2;1
7;2025-12-27;3;1
7;2025-12-27;4;2
7;2025-12-27;5;50
7;2025-12-27;6;269
7;2025-12-27;7;300
7;2025-12-27;8;717
7;2025-12-27;9;600
7;2025-12-27;10;655
7;2025-12-27;11;696
7;2025-12-27;12;971
7;2025-12-27;13;911
7;2025-12-27;14;869
7;2025-12-27;15;850
7;2025-12-27;16;846
7;2025-12-27;17;839
7;2025-12-27;18;784
7;2025-12-27;19;619
7;2025-12-27;20;542
7;2025-12-27;21;380
7;2025-12-27;22;215
7;2025-12-27;23;174
7;2025-12-28;0;102
7;2025-12-28;1;24
7;2025-12-28;2;1
7;2025-12-28;3;1
7;2025-12-28;4;2
7;2025-12-28;5;31
7;2025-12-28;6;130
7;2025-12-28;7;177
7;2025-12-28;8;392
7;2025-12-28;9;530
7;2025-12-28;10;416
7;2025-12-28;11;607
7;2025-12-28;12;662
7;2025-12-28;13;654
7;2025-12-28;14;678
7;2025-12-28;15;737
7;2025-12-28;16;624
7;2025-12-28;17;635
7;2025-12-28;18;651
7;2025-12-28;19;481
7;2025-12-28;20;403
7;2025-12-28;21;296
7;2025-12-28;22;153
7;2025-12-28;23;121
7;2025-12-29;0;63
7;2025-12-29;1;14
7;2025-12-29;2;1
7;2025-12-29;3;1
7;2025-12-29;4;3
7;2025-12-29;5;186
7;2025-12-29;6;597
7;2025-12-29;7;1599
7;2025-12-29;8;2482
7;2025-12-29;9;1846
7;2025-12-29;10;1705
7;2025-12-29;11;1576
7;2025-12-29;12;1688
7;2025-12-29;13;1592
7;2025-12-29;14;1649
7;2025-12-29;15;1781
7;2025-12-29;16;1877
7;2025-12-29;17;2366
7;2025-12-29;18;2496
7;2025-12-29;19;1614
7;2025-12-29;20;1048
7;2025-12-29;21;622
7;2025-12-29;22;309
7;2025-12-29;23;206
7;2025-12-30;0;64
7;2025-12-30;1;14
7;2025-12-30;2;1
7;2025-12-30;3;1
7;2025-12-30;4;3
7;2025-12-30;5;187
7;2025-12-30;6;605
7;2025-12-30;7;1624
7;2025-12-30;8;2495
7;2025-12-30;9;1867
7;2025-12-30;10;1722
7;2025-12-30;11;1607
7;2025-12-30;12;1737
7;2025-12-30;13;1616
7;2025-12-30;14;1677
7;2025-12-30;15;1817
7;2025-12-30;16;1907
7;2025-12-30;17;2397
7;2025-12-30;18;2545
7;2025-12-30;19;1631
7;2025-12-30;20;1058
7;2025-12-30;21;628
7;2025-12-30;22;311
7;2025-12-30;23;206
7;2025-12-31;0;102
7;2025-12-31;1;24
7;2025-12-31;2;1
7;2025-12-31;3;1
7;2025-12-31;4;2
7;2025-12-31;5;31
7;2025-12-31;6;131
7;2025-12-31;7;179
7;2025-12-31;8;403
7;2025-12-31;9;537
7;2025-12-31;10;419
7;2025-12-31;11;619
7;2025-12-31;12;664
7;2025-12-31;13;664
7;2025-12-31;14;685
7;2025-12-31;15;738
7;2025-12-31;16;634
7;2025-12-31;17;652
7;2025-12-31;18;672
7;2025-12-31;19;497
7;2025-12-31;20;407
7;2025-12-31;21;297
7;2025-12-31;22;153
7;2025-12-31;23;122
11;2025-11-01;0;63
11;2025-11-01;1;4
11;2025-11-01;2;1
11;2025-11-01;3;1
11;2025-11-01;4;1
11;2025-11-01;5;246
11;2025-11-01;6;1318
11;2025-11-01;7;2452
11;2025-11-01;8;3208
11;2025-11-01;9;2417
11;2025-11-01;10;2013
11;2025-11-01;11;1881
11;2025-11-01;12;1956
11;2025-11-01;13;2034
11;2025-11-01;14;2067
11;2025-11-01;15;2001
11;2025-11-01;16;2226
11;2025-11-01;17;2802
11;2025-11-01;18;2936
11;2025-11-01;19;2104
11;2025-11-01;20;1354
11;2025-11-01;21;798
11;2025-11-01;22;371
11;2025-11-01;23;258
11;2025-11-02;0;113
11;2025-11-02;1;16
11;2025-11-02;2;1
11;2025-11-02;3;1
11;2025-11-02;4;1
11;2025-11-02;5;107
11;2025-11-02;6;493
11;2025-11-02;7;497
11;2025-11-02;8;700
11;2025-11-02;9;957
11;2025-11-02;10;1047
11;2025-11-02;11;1530
11;2025-11-02;12;1624
11;2025-11-02;13;1555
11;2025-11-02;14;1672
11;2025-11-02;15;1641
11;2025-11-02;16;1531
11;2025-11-02;17;1685
11;2025-11-02;18;1243
11;2025-11-02;19;990
11;2025-11-02;20;766
11;2025-11-02;21;580
11;2025-11-02;22;340
11;2025-11-02;23;236
11;2025-11-03;0;111
11;2025-11-03;1;15
11;2025-11-03;2;1
11;2025-11-03;3;1
11;2025-11-03;4;1
11;2025-11-03;5;108
11;2025-11-03;6;502
11;2025-11-03;7;508
11;2025-11-03;8;704
11;2025-11-03;9;935
11;2025-11-03;10;1003
11;2025-11-03;11;1422
11;2025-11-03;12;1492
11;2025-11-03;13;1448
11;2025-11-03;14;1534
11;2025-11-03;15;1516
11;2025-11-03;16;1457
11;2025-11-03;17;1604
11;2025-11-03;18;1231
11;2025-11-03;19;981
11;2025-11-03;20;750
11;2025-11-03;21;574
11;2025-11-03;22;338
11;2025-11-03;23;229
11;2025-11-04;0;109
11;2025-11-04;1;15
11;2025-11-04;2;1
11;2025-11-04;3;1
11;2025-11-04;4;1
11;2025-11-04;5;105
11;2025-11-04;6;493
11;2025-11-04;7;486
11;2025-11-04;8;659
11;2025-11-04;9;893
11;2025-11-04;10;984
11;2025-11-04;11;1428
11;2025-11-04;12;1491
11;2025-11-04;13;1447
11;2025-11-04;14;1638
11;2025-11-04;15;1622
11;2025-11-04;16;1528
11;2025-11-04;17;1727
11;2025-11-04;18;1290
11;2025-11-04;19;1032
11;2025-11-04;20;790
11;2025-11-04;21;605
11;2025-11-04;22;353
11;2025-11-04;23;246
11;2025-11-05;0;61
11;2025-11-05;1;4
11;2025-11-05;2;1
11;2025-11-05;3;1
11;2025-11-05;4;1
11;2025-11-05;5;243
11;2025-11-05;6;1310
11;2025-11-05;7;2453
11;2025-11-05;8;3217
11;2025-11-05;9;2418
11;2025-11-05;10;2001
11;2025-11-05;11;1886
11;2025-11-05;12;1952
11;2025-11-05;13;2038
11;2025-11-05;14;2041
11;2025-11-05;15;1970
11;2025-11-05;16;2194
11;2025-11-05;17;2797
11;2025-11-05;18;2974
11;2025-11-05;19;2122
11;2025-11-05;20;1360
11;2025-11-05;21;792
11;2025-11-05;22;365
11;2025-11-05;23;250
11;2025-11-06;0;62
11;2025-11-06;1;4
11;2025-11-06;2;1
11;2025-11-06;3;1
11;2025-11-06;4;1
11;2025-11-06;5;244
11;2025-11-06;6;1316
11;2025-11-06;7;2453
11;2025-11-06;8;3218
11;2025-11-06;9;2427
11;2025-11-06;10;2015
11;2025-11-06;11;1850
11;2025-11-06;12;1982
11;2025-11-06;13;2058
11;2025-11-06;14;2071
11;2025-11-06;15;1948
11;2025-11-06;16;2199
11;2025-11-06;17;2800
11;2025-11-06;18;2984
11;2025-11-06;19;2123
11;2025-11-06;20;1346
11;2025-11-06;21;800
11;2025-11-06;22;369
11;2025-11-06;23;251
11;2025-11-07;0;62
11;2025-11-07;1;4
11;2025-11-07;2;1
11;2025-11-07;3;1
11;2025-11-07;4;1
11;2025-11-07;5;243
11;2025-11-07;6;1305
11;2025-11-07;7;2443
11;2025-11-07;8;3228
11;2025-11-07;9;2336
11;2025-11-07;10;1981
11;2025-11-07;11;1891
11;2025-11-07;12;1955
11;2025-11-07;13;2044
11;2025-11-07;14;2079
11;2025-11-07;15;2015
11;2025-11-07;16;2249
11;2025-11-07;17;2800
11;2025-11-07;18;2802
11;2025-11-07;19;2044
11;2025-11-07;20;1326
11;2025-11-07;21;784
11;2025-11-07;22;358
11;2025-11-07;23;256
11;2025-11-08;0;106
11;2025-11-08;1;2
11;2025-11-08;2;1
11;2025-11-08;3;1
11;2025-11-08;4;1
11;2025-11-08;5;165
11;2025-11-08;6;830
11;2025-11-08;7;758
11;2025-11-08;8;1038
11;2025-11-08;9;1180
11;2025-11-08;10;1397
11;2025-11-08;11;1723
11;2025-11-08;12;1918
11;2025-11-08;13;1803
11;2025-11-08;14;2084
11;2025-11-08;15;1952
11;2025-11-08;16;1828
11;2025-11-08;17;1937
11;2025-11-08;18;1533
11;2025-11-08;19;1475
11;2025-11-08;20;972
11;2025-11-08;21;704
11;2025-11-08;22;412
11;2025-11-08;23;276
11;2025-11-09;0;112
11;2025-11-09;1;16
11;2025-11-09;2;1
11;2025-11-09;3;1
11;2025-11-09;4;1
11;2025-11-09;5;107
11;2025-11-09;6;494
11;2025-11-09;7;495
11;2025-11-09;8;694
11;2025-11-09;9;950
11;2025-11-09;10;1051
11;2025-11-09;11;1528
11;2025-11-09;12;1604
11;2025-11-09;13;1558
11;2025-11-09;14;1609
11;2025-11-09;15;1615
11;2025-11-09;16;1522
11;2025-11-09;17;1685
11;2025-11-09;18;1241
11;2025-11-09;19;985
11;2025-11-09;20;763
11;2025-11-09;21;579
11;2025-11-09;22;340
11;2025-11-09;23;236
11;2025-11-10;0;61
11;2025-11-10;1;4
11;2025-11-10;2;1
11;2025-11-10;3;1
11;2025-11-10;4;1
11;2025-11-10;5;244
11;2025-11-10;6;1306
11;2025-11-10;7;2451
11;2025-11-10;8;3229
11;2025-11-10;9;2384
11;2025-11-10;10;1974
11;2025-11-10;11;1849
11;2025-11-10;12;1914
11;2025-11-10;13;2009
11;2025-11-10;14;2015
11;2025-11-10;15;1954
11;2025-11-10;16;2175
11;2025-11-10;17;2754
11;2025-11-10;18;2928
11;2025-11-10;19;2097
11;2025-11-10;20;1340
11;2025-11-10;21;785
11;2025-11-10;22;358
11;2025-11-10;23;247
11;2025-11-11;0;62
11;2025-11-11;1;4
11;2025-11-11;2;1
11;2025-11-11;3;1
11;2025-11-11;4;1
11;2025-11-11;5;245
11;2025-11-11;6;1323
11;2025-11-11;7;2474
11;2025-11-11;8;3256
11;2025-11-11;9;2446
11;2025-11-11;10;2031
11;2025-11-11;11;1904
11;2025-11-11;12;1973
11;2025-11-11;13;2056
11;2025-11-11;14;2066
11;2025-11-11;15;1989
11;2025-11-11;16;2216
11;2025-11-11;17;2836
11;2025-11-11;18;3001
11;2025-11-11;19;2134
11;2025-11-11;20;1360
11;2025-11-11;21;796
11;2025-11-11;22;362
11;2025-11-11;23;252
11;2025-11-12;0;62
11;2025-11-12;1;4
11;2025-11-12;2;1
11;2025-11-12;3;1
11;2025-11-12;4;1
11;2025-11-12;5;245
11;2025-11-12;6;1312
11;2025-11-12;7;2467
11;2025-11-12;8;3234
11;2025-11-12;9;2426
11;2025-11-12;10;1981
11;2025-11-12;11;1856
11;2025-11-12;12;1934
11;2025-11-12;13;2020
11;2025-11-12;14;2030
11;2025-11-12;15;1955
11;2025-11-12;16;2208
11;2025-11-12;17;2817
11;2025-11-12;18;2958
11;2025-11-12;19;2129
11;2025-11-12;20;1357
11;2025-11-12;21;790
11;2025-11-12;22;361
11;2025-11-12;23;250
11;2025-11-13;0;63
11;2025-11-13;1;4
11;2025-11-13;2;1
11;2025-11-13;3;1
11;2025-11-13;4;1
11;2025-11-13;5;244
11;2025-11-13;6;1304
11;2025-11-13;7;2483
11;2025-11-13;8;3250
11;2025-11-13;9;2446
11;2025-11-13;10;2027
11;2025-11-13;11;1896
11;2025-11-13;12;1960
11;2025-11-13;13;2038
11;2025-11-13;14;2043
11;2025-11-13;15;1973
11;2025-11-13;16;2198
11;2025-11-13;17;2802
11;2025-11-13;18;2978
11;2025-11-13;19;2135
11;2025-11-13;20;1369
11;2025-11-13;21;802
11;2025-11-13;22;367
11;2025-11-13;23;254
11;2025-11-14;0;62
11;2025-11-14;1;4
11;2025-11-14;2;1
11;2025-11-14;3;1
11;2025-11-14;4;1
11;2025-11-14;5;241
11;2025-11-14;6;1275
11;2025-11-14;7;2367
11;2025-11-14;8;3118
11;2025-11-14;9;2314
11;2025-11-14;10;1912
11;2025-11-14;11;1852
11;2025-11-14;12;1910
11;2025-11-14;13;2017
11;2025-11-14;14;2021
11;2025-11-14;15;1962
11;2025-11-14;16;2188
11;2025-11-14;17;2728
11;2025-11-14;18;2761
11;2025-11-14;19;2027
11;2025-11-14;20;1336
11;2025-11-14;21;782
11;2025-11-14;22;365
11;2025-11-14;23;257
11;2025-11-15;0;103
11;2025-11-15;1;2
11;2025-11-15;2;1
11;2025-11-15;3;1
11;2025-11-15;4;1
11;2025-11-15;5;166
11;2025-11-15;6;815
11;2025-11-15;7;752
11;2025-11-15;8;1054
11;2025-11-15;9;1154
11;2025-11-15;10;1414
11;2025-11-15;11;1705
11;2025-11-15;12;1938
11;2025-11-15;13;1819
11;2025-11-15;14;2085
11;2025-11-15;15;1946
11;2025-11-15;16;1807
11;2025-11-15;17;1886
11;2025-11-15;18;1504
11;2025-11-15;19;1475
11;2025-11-15;20;1013
11;2025-11-15;21;726
11;2025-11-15;22;422
11;2025-11-15;23;283
11;2025-11-16;0;115
11;2025-11-16;1;16
11;2025-11-16;2;1
11;2025-11-16;3;1
11;2025-11-16;4;1
11;2025-11-16;5;108
11;2025-11-16;6;502
11;2025-11-16;7;503
11;2025-11-16;8;706
11;2025-11-16;9;965
11;2025-11-16;10;1076
11;2025-11-16;11;1577
11;2025-11-16;12;1643
11;2025-11-16;13;1586
11;2025-11-16;14;1657
11;2025-11-16;15;1625
11;2025-11-16;16;1528
11;2025-11-16;17;1697
11;2025-11-16;18;1229
11;2025-11-16;19;995
11;2025-11-16;20;767
11;2025-11-16;21;588
11;2025-11-16;22;339
11;2025-11-16;23;234
11;2025-11-17;0;62
11;2025-11-17;1;4
11;2025-11-17;2;1
11;2025-11-17;3;1
11;2025-11-17;4;1
11;2025-11-17;5;247
11;2025-11-17;6;1316
11;2025-11-17;7;2456
11;2025-11-17;8;3185
11;2025-11-17;9;2356
11;2025-11-17;10;1923
11;2025-11-17;11;1814
11;2025-11-17;12;1861
11;2025-11-17;13;1934
11;2025-11-17;14;1982
11;2025-11-17;15;1905
11;2025-11-17;16;2171
11;2025-11-17;17;2742
11;2025-11-17;18;2945
11;2025-11-17;19;2095
11;2025-11-17;20;1340
11;2025-11-17;21;774
11;2025-11-17;22;360
11;2025-11-17;23;249
11;2025-11-18;0;62
11;2025-11-18;1;4
11;2025-11-18;2;1
11;2025-11-18;3;1
11;2025-11-18;4;1
11;2025-11-18;5;236
11;2025-11-18;6;1258
11;2025-11-18;7;2390
11;2025-11-18;8;3080
11;2025-11-18;9;2268
11;2025-11-18;10;1853
11;2025-11-18;11;1771
11;2025-11-18;12;1839
11;2025-11-18;13;1900
11;2025-11-18;14;1941
11;2025-11-18;15;1894
11;2025-11-18;16;2152
11;2025-11-18;17;2766
11;2025-11-18;18;2911
11;2025-11-18;19;2109
11;2025-11-18;20;1368
11;2025-11-18;21;796
11;2025-11-18;22;364
11;2025-11-18;23;250
11;2025-11-19;0;62
11;2025-11-19;1;4
11;2025-11-19;2;1
11;2025-11-19;3;1
11;2025-11-19;4;1
11;2025-11-19;5;248
11;2025-11-19;6;1325
11;2025-11-19;7;2470
11;2025-11-19;8;3237
11;2025-11-19;9;2412
11;2025-11-19;10;2005
11;2025-11-19;11;1885
11;2025-11-19;12;1953
11;2025-11-19;13;2032
11;2025-11-19;14;2037
11;2025-11-19;15;1971
11;2025-11-19;16;2198
11;2025-11-19;17;2795
11;2025-11-19;18;2955
11;2025-11-19;19;2126
11;2025-11-19;20;1369
11;2025-11-19;21;805
11;2025-11-19;22;369
11;2025-11-19;23;255
11;2025-11-20;0;63
11;2025-11-20;1;4
11;2025-11-20;2;1
11;2025-11-20;3;1
11;2025-11-20;4;1
11;2025-11-20;5;247
11;2025-11-20;6;1330
11;2025-11-20;7;2479
11;2025-11-20;8;3245
11;2025-11-20;9;2431
11;2025-11-20;10;2014
11;2025-11-20;11;1894
11;2025-11-20;12;1962
11;2025-11-20;13;2031
11;2025-11-20;14;2043
11;2025-11-20;15;1956
11;2025-11-20;16;2188
11;2025-11-20;17;2792
11;2025-11-20;18;2983
11;2025-11-20;19;2138
11;2025-11-20;20;1369
11;2025-11-20;21;805
11;2025-11-20;22;370
11;2025-11-20;23;256
11;2025-11-21;0;63
11;2025-11-21;1;4
11;2025-11-21;2;1
11;2025-11-21;3;1
11;2025-11-21;4;1
11;2025-11-21;5;243
11;2025-11-21;6;1304
11;2025-11-21;7;2435
11;2025-11-21;8;3217
11;2025-11-21;9;2412
11;2025-11-21;10;2000
11;2025-11-21;11;1913
11;2025-11-21;12;1954
11;2025-11-21;13;2059
11;2025-11-21;14;2088
11;2025-11-21;15;2028
11;2025-11-21;16;2261
11;2025-11-21;17;2825
11;2025-11-21;18;2854
11;2025-11-21;19;2089
11;2025-11-21;20;1355
11;2025-11-21;21;808
11;2025-11-21;22;369
11;2025-11-21;23;261
11;2025-11-22;0;109
11;2025-11-22;1;2
11;2025-11-22;2;1
11;2025-11-22;3;1
11;2025-11-22;4;1
11;2025-11-22;5;169
11;2025-11-22;6;847
11;2025-11-22;7;771
11;2025-11-22;8;1061
11;2025-11-22;9;1195
11;2025-11-22;10;1453
11;2025-11-22;11;1779
11;2025-11-22;12;2009
11;2025-11-22;13;1874
11;2025-11-22;14;2082
11;2025-11-22;15;1933
11;2025-11-22;16;1804
11;2025-11-22;17;1923
11;2025-11-22;18;1527
11;2025-11-22;19;1488
11;2025-11-22;20;990
11;2025-11-22;21;710
11;2025-11-22;22;413
11;2025-11-22;23;279
11;2025-11-23;0;114
11;2025-11-23;1;16
11;2025-11-23;2;1
11;2025-11-23;3;1
11;2025-11-23;4;1
11;2025-11-23;5;108
11;2025-11-23;6;500
11;2025-11-23;7;501
11;2025-11-23;8;704
11;2025-11-23;9;967
11;2025-11-23;10;1063
11;2025-11-23;11;1563
11;2025-11-23;12;1647
11;2025-11-23;13;1597
11;2025-11-23;14;1697
11;2025-11-23;15;1679
11;2025-11-23;16;1563
11;2025-11-23;17;1732
11;2025-11-23;18;1286
11;2025-11-23;19;1015
11;2025-11-23;20;776
11;2025-11-23;21;587
11;2025-11-23;22;343
11;2025-11-23;23;234
11;2025-11-24;0;62
11;2025-11-24;1;4
11;2025-11-24;2;1
11;2025-11-24;3;1
11;2025-11-24;4;1
11;2025-11-24;5;238
11;2025-11-24;6;1278
11;2025-11-24;7;2391
11;2025-11-24;8;3165
11;2025-11-24;9;2350
11;2025-11-24;10;1949
11;2025-11-24;11;1815
11;2025-11-24;12;1878
11;2025-11-24;13;1971
11;2025-11-24;14;1992
11;2025-11-24;15;1907
11;2025-11-24;16;2182
11;2025-11-24;17;2738
11;2025-11-24;18;2924
11;2025-11-24;19;2101
11;2025-11-24;20;1349
11;2025-11-24;21;789
11;2025-11-24;22;362
11;2025-11-24;23;247
11;2025-11-25;0;62
11;2025-11-25;1;4
11;2025-11-25;2;1
11;2025-11-25;3;1
11;2025-11-25;4;1
11;2025-11-25;5;247
11;2025-11-25;6;1330
11;2025-11-25;7;2470
11;2025-11-25;8;3233
11;2025-11-25;9;2423
11;2025-11-25;10;2008
11;2025-11-25;11;1899
11;2025-11-25;12;1960
11;2025-11-25;13;2050
11;2025-11-25;14;2055
11;2025-11-25;15;1969
11;2025-11-25;16;2201
11;2025-11-25;17;2810
11;2025-11-25;18;2971
11;2025-11-25;19;2137
11;2025-11-25;20;1369
11;2025-11-25;21;798
11;2025-11-25;22;366
11;2025-11-25;23;252
11;2025-11-26;0;63
11;2025-11-26;1;4
11;2025-11-26;2;1
11;2025-11-26;3;1
11;2025-11-26;4;1
11;2025-11-26;5;247
11;2025-11-26;6;1319
11;2025-11-26;7;2473
11;2025-11-26;8;3232
11;2025-11-26;9;2404
11;2025-11-26;10;1989
11;2025-11-26;11;1871
11;2025-11-26;12;1949
11;2025-11-26;13;2037
11;2025-11-26;14;2036
11;2025-11-26;15;1959
11;2025-11-26;16;2192
11;2025-11-26;17;2787
11;2025-11-26;18;2957
11;2025-11-26;19;2123
11;2025-11-26;20;1361
11;2025-11-26;21;800
11;2025-11-26;22;369
11;2025-11-26;23;253
11;2025-11-27;0;63
11;2025-11-27;1;4
11;2025-11-27;2;1
11;2025-11-27;3;1
11;2025-11-27;4;1
11;2025-11-27;5;245
11;2025-11-27;6;1320
11;2025-11-27;7;2463
11;2025-11-27;8;3234
11;2025-11-27;9;2429
11;2025-11-27;10;2022
11;2025-11-27;11;1892
11;2025-11-27;12;1929
11;2025-11-27;13;2039
11;2025-11-27;14;2048
11;2025-11-27;15;1985
11;2025-11-27;16;2216
11;2025-11-27;17;2780
11;2025-11-27;18;2928
11;2025-11-27;19;2087
11;2025-11-27;20;1339
11;2025-11-27;21;778
11;2025-11-27;22;354
11;2025-11-27;23;245
11;2025-11-28;0;61
11;2025-11-28;1;4
11;2025-11-28;2;1
11;2025-11-28;3;1
11;2025-11-28;4;1
11;2025-11-28;5;241
11;2025-11-28;6;1307
11;2025-11-28;7;2455
11;2025-11-28;8;3236
11;2025-11-28;9;2393
11;2025-11-28;10;2009
11;2025-11-28;11;1929
11;2025-11-28;12;1987
11;2025-11-28;13;2063
11;2025-11-28;14;2093
11;2025-11-28;15;2031
11;2025-11-28;16;2270
11;2025-11-28;17;2830
11;2025-11-28;18;2838
11;2025-11-28;19;2070
11;2025-11-28;20;1346
11;2025-11-28;21;802
11;2025-11-28;22;368
11;2025-11-28;23;259
11;2025-11-29;0;108
11;2025-11-29;1;2
11;2025-11-29;2;1
11;2025-11-29;3;1
11;2025-11-29;4;1
11;2025-11-29;5;170
11;2025-11-29;6;848
11;2025-11-29;7;780
11;2025-11-29;8;1078
11;2025-11-29;9;1223
11;2025-11-29;10;1450
11;2025-11-29;11;1768
11;2025-11-29;12;2001
11;2025-11-29;13;1855
11;2025-11-29;14;2070
11;2025-11-29;15;1918
11;2025-11-29;16;1795
11;2025-11-29;17;1922
11;2025-11-29;18;1530
11;2025-11-29;19;1490
11;2025-11-29;20;992
11;2025-11-29;21;713
11;2025-11-29;22;417
11;2025-11-29;23;279
11;2025-11-30;0;111
11;2025-11-30;1;16
11;2025-11-30;2;1
11;2025-11-30;3;1
11;2025-11-30;4;1
11;2025-11-30;5;108
11;2025-11-30;6;497
11;2025-11-30;7;499
11;2025-11-30;8;698
11;2025-11-30;9;972
11;2025-11-30;10;1071
11;2025-11-30;11;1546
11;2025-11-30;12;1635
11;2025-11-30;13;1581
11;2025-11-30;14;1661
11;2025-11-30;15;1611
11;2025-11-30;16;1521
11;2025-11-30;17;1702
11;2025-11-30;18;1264
11;2025-11-30;19;995
11;2025-11-30;20;766
11;2025-11-30;21;583
11;2025-11-30;22;343
11;2025-11-30;23;238
11;2025-12-01;0;62
11;2025-12-01;1;4
11;2025-12-01;2;1
11;2025-12-01;3;1
11;2025-12-01;4;1
11;2025-12-01;5;244
11;2025-12-01;6;1310
11;2025-12-01;7;2448
11;2025-12-01;8;3217
11;2025-12-01;9;2388
11;2025-12-01;10;1981
11;2025-12-01;11;1850
11;2025-12-01;12;1910
11;2025-12-01;13;2008
11;2025-12-01;14;2008
11;2025-12-01;15;1949
11;2025-12-01;16;2172
11;2025-12-01;17;2759
11;2025-12-01;18;2955
11;2025-12-01;19;2106
11;2025-12-01;20;1346
11;2025-12-01;21;792
11;2025-12-01;22;364
11;2025-12-01;23;249
11;2025-12-02;0;62
11;2025-12-02;1;4
11;2025-12-02;2;1
11;2025-12-02;3;1
11;2025-12-02;4;1
11;2025-12-02;5;246
11;2025-12-02;6;1322
11;2025-12-02;7;2466
11;2025-12-02;8;3243
11;2025-12-02;9;2434
11;2025-12-02;10;2018
11;2025-12-02;11;1901
11;2025-12-02;12;1972
11;2025-12-02;13;2057
11;2025-12-02;14;2055
11;2025-12-02;15;1972
11;2025-12-02;16;2207
11;2025-12-02;17;2824
11;2025-12-02;18;3001
11;2025-12-02;19;2155
11;2025-12-02;20;1369
11;2025-12-02;21;798
11;2025-12-02;22;367
11;2025-12-02;23;253
11;2025-12-03;0;62
11;2025-12-03;1;4
11;2025-12-03;2;1
11;2025-12-03;3;1
11;2025-12-03;4;1
11;2025-12-03;5;246
11;2025-12-03;6;1326
11;2025-12-03;7;2472
11;2025-12-03;8;3234
11;2025-12-03;9;2437
11;2025-12-03;10;2021
11;2025-12-03;11;1902
11;2025-12-03;12;1976
11;2025-12-03;13;2058
11;2025-12-03;14;2056
11;2025-12-03;15;1967
11;2025-12-03;16;2197
11;2025-12-03;17;2808
11;2025-12-03;18;2981
11;2025-12-03;19;2146
11;2025-12-03;20;1363
11;2025-12-03;21;800
11;2025-12-03;22;369
11;2025-12-03;23;254
11;2025-12-04;0;63
11;2025-12-04;1;4
11;2025-12-04;2;1
11;2025-12-04;3;1
11;2025-12-04;4;1
11;2025-12-04;5;246
11;2025-12-04;6;1319
11;2025-12-04;7;2477
11;2025-12-04;8;3225
11;2025-12-04;9;2429
11;2025-12-04;10;2011
11;2025-12-04;11;1892
11;2025-12-04;12;1962
11;2025-12-04;13;2043
11;2025-12-04;14;2042
11;2025-12-04;15;1960
11;2025-12-04;16;2193
11;2025-12-04;17;2799
11;2025-12-04;18;2983
11;2025-12-04;19;2131
11;2025-12-04;20;1362
11;2025-12-04;21;804
11;2025-12-04;22;372
11;2025-12-04;23;255
11;2025-12-05;0;63
11;2025-12-05;1;4
11;2025-12-05;2;1
11;2025-12-05;3;1
11;2025-12-05;4;1
11;2025-12-05;5;244
11;2025-12-05;6;1319
11;2025-12-05;7;2456
11;2025-12-05;8;3234
11;2025-12-05;9;2419
11;2025-12-05;10;2007
11;2025-12-05;11;1920
11;2025-12-05;12;1988
11;2025-12-05;13;2068
11;2025-12-05;14;2094
11;2025-12-05;15;2031
11;2025-12-05;16;2268
11;2025-12-05;17;2832
11;2025-12-05;18;2848
11;2025-12-05;19;2076
11;2025-12-05;20;1356
11;2025-12-05;21;806
11;2025-12-05;22;367
11;2025-12-05;23;260
11;2025-12-06;0;108
11;2025-12-06;1;2
11;2025-12-06;2;1
11;2025-12-06;3;1
11;2025-12-06;4;1
11;2025-12-06;5;169
11;2025-12-06;6;847
11;2025-12-06;7;776
11;2025-12-06;8;1078
11;2025-12-06;9;1226
11;2025-12-06;10;1451
11;2025-12-06;11;1768
11;2025-12-06;12;2002
11;2025-12-06;13;1863
11;2025-12-06;14;2075
11;2025-12-06;15;1931
11;2025-12-06;16;1797
11;2025-12-06;17;1926
11;2025-12-06;18;1529
11;2025-12-06;19;1489
11;2025-12-06;20;989
11;2025-12-06;21;712
11;2025-12-06;22;416
11;2025-12-06;23;278
11;2025-12-07;0;114
11;2025-12-07;1;16
11;2025-12-07;2;1
11;2025-12-07;3;1
11;2025-12-07;4;1
11;2025-12-07;5;108
11;2025-12-07;6;496
11;2025-12-07;7;499
11;2025-12-07;8;699
11;2025-12-07;9;962
11;2025-12-07;10;1054
11;2025-12-07;11;1539
11;2025-12-07;12;1614
11;2025-12-07;13;1563
11;2025-12-07;14;1660
11;2025-12-07;15;1626
11;2025-12-07;16;1525
11;2025-12-07;17;1696
11;2025-12-07;18;1253
11;2025-12-07;19;999
11;2025-12-07;20;768
11;2025-12-07;21;587
11;2025-12-07;22;343
11;2025-12-07;23;239
11;2025-12-08;0;62
11;2025-12-08;1;4
11;2025-12-08;2;1
11;2025-12-08;3;1
11;2025-12-08;4;1
11;2025-12-08;5;244
11;2025-12-08;6;1312
11;2025-12-08;7;2455
11;2025-12-08;8;3211
11;2025-12-08;9;2387
11;2025-12-08;10;1968
11;2025-12-08;11;1852
11;2025-12-08;12;1912
11;2025-12-08;13;2007
11;2025-12-08;14;2007
11;2025-12-08;15;1948
11;2025-12-08;16;2177
11;2025-12-08;17;2760
11;2025-12-08;18;2948
11;2025-12-08;19;2110
11;2025-12-08;20;1348
11;2025-12-08;21;792
11;2025-12-08;22;365
11;2025-12-08;23;250
11;2025-12-09;0;62
11;2025-12-09;1;4
11;2025-12-09;2;1
11;2025-12-09;3;1
11;2025-12-09;4;1
11;2025-12-09;5;247
11;2025-12-09;6;1327
11;2025-12-09;7;2472
11;2025-12-09;8;3229
11;2025-12-09;9;2428
11;2025-12-09;10;2006
11;2025-12-09;11;1885
11;2025-12-09;12;1947
11;2025-12-09;13;2032
11;2025-12-09;14;2045
11;2025-12-09;15;1982
11;2025-12-09;16;2217
11;2025-12-09;17;2782
11;2025-12-09;18;2946
11;2025-12-09;19;2145
11;2025-12-09;20;1379
11;2025-12-09;21;801
11;2025-12-09;22;368
11;2025-12-09;23;253
11;2025-12-10;0;63
11;2025-12-10;1;4
11;2025-12-10;2;1
11;2025-12-10;3;1
11;2025-12-10;4;1
11;2025-12-10;5;247
11;2025-12-10;6;1318
11;2025-12-10;7;2453
11;2025-12-10;8;3221
11;2025-12-10;9;2431
11;2025-12-10;10;2021
11;2025-12-10;11;1899
11;2025-12-10;12;1958
11;2025-12-10;13;2037
11;2025-12-10;14;2037
11;2025-12-10;15;1961
11;2025-12-10;16;2181
11;2025-12-10;17;2795
11;2025-12-10;18;2967
11;2025-12-10;19;2136
11;2025-12-10;20;1365
11;2025-12-10;21;799
11;2025-12-10;22;367
11;2025-12-10;23;253
11;2025-12-11;0;63
11;2025-12-11;1;4
11;2025-12-11;2;1
11;2025-12-11;3;1
11;2025-12-11;4;1
11;2025-12-11;5;249
11;2025-12-11;6;1334
11;2025-12-11;7;2481
11;2025-12-11;8;3267
11;2025-12-11;9;2399
11;2025-12-11;10;1994
11;2025-12-11;11;1889
11;2025-12-11;12;1953
11;2025-12-11;13;2054
11;2025-12-11;14;2081
11;2025-12-11;15;1982
11;2025-12-11;16;2228
11;2025-12-11;17;2831
11;2025-12-11;18;2965
11;2025-12-11;19;2111
11;2025-12-11;20;1361
11;2025-12-11;21;793
11;2025-12-11;22;362
11;2025-12-11;23;256
11;2025-12-12;0;63
11;2025-12-12;1;4
11;2025-12-12;2;1
11;2025-12-12;3;1
11;2025-12-12;4;1
11;2025-12-12;5;243
11;2025-12-12;6;1299
11;2025-12-12;7;2433
11;2025-12-12;8;3214
11;2025-12-12;9;2390
11;2025-12-12;10;1985
11;2025-12-12;11;1901
11;2025-12-12;12;1912
11;2025-12-12;13;1974
11;2025-12-12;14;2013
11;2025-12-12;15;1935
11;2025-12-12;16;2170
11;2025-12-12;17;2696
11;2025-12-12;18;2781
11;2025-12-12;19;2055
11;2025-12-12;20;1339
11;2025-12-12;21;792
11;2025-12-12;22;360
11;2025-12-12;23;251
11;2025-12-13;0;105
11;2025-12-13;1;2
11;2025-12-13;2;1
11;2025-12-13;3;1
11;2025-12-13;4;1
11;2025-12-13;5;162
11;2025-12-13;6;828
11;2025-12-13;7;747
11;2025-12-13;8;1036
11;2025-12-13;9;1170
11;2025-12-13;10;1382
11;2025-12-13;11;1697
11;2025-12-13;12;1920
11;2025-12-13;13;1793
11;2025-12-13;14;1983
11;2025-12-13;15;1837
11;2025-12-13;16;1724
11;2025-12-13;17;1849
11;2025-12-13;18;1497
11;2025-12-13;19;1468
11;2025-12-13;20;976
11;2025-12-13;21;682
11;2025-12-13;22;413
11;2025-12-13;23;267
11;2025-12-14;0;107
11;2025-12-14;1;15
11;2025-12-14;2;1
11;2025-12-14;3;1
11;2025-12-14;4;1
11;2025-12-14;5;107
11;2025-12-14;6;505
11;2025-12-14;7;502
11;2025-12-14;8;693
11;2025-12-14;9;933
11;2025-12-14;10;1034
11;2025-12-14;11;1507
11;2025-12-14;12;1560
11;2025-12-14;13;1503
11;2025-12-14;14;1589
11;2025-12-14;15;1564
11;2025-12-14;16;1515
11;2025-12-14;17;1678
11;2025-12-14;18;1262
11;2025-12-14;19;1012
11;2025-12-14;20;776
11;2025-12-14;21;592
11;2025-12-14;22;347
11;2025-12-14;23;239
11;2025-12-15;0;62
11;2025-12-15;1;4
11;2025-12-15;2;1
11;2025-12-15;3;1
11;2025-12-15;4;1
11;2025-12-15;5;245
11;2025-12-15;6;1310
11;2025-12-15;7;2434
11;2025-12-15;8;3214
11;2025-12-15;9;2395
11;2025-12-15;10;1976
11;2025-12-15;11;1850
11;2025-12-15;12;1907
11;2025-12-15;13;1995
11;2025-12-15;14;2002
11;2025-12-15;15;1938
11;2025-12-15;16;2165
11;2025-12-15;17;2754
11;2025-12-15;18;2947
11;2025-12-15;19;2107
11;2025-12-15;20;1348
11;2025-12-15;21;793
11;2025-12-15;22;364
11;2025-12-15;23;250
11;2025-12-16;0;62
11;2025-12-16;1;4
11;2025-12-16;2;1
11;2025-12-16;3;1
11;2025-12-16;4;1
11;2025-12-16;5;247
11;2025-12-16;6;1323
11;2025-12-16;7;2469
11;2025-12-16;8;3238
11;2025-12-16;9;2439
11;2025-12-16;10;2015
11;2025-12-16;11;1892
11;2025-12-16;12;1941
11;2025-12-16;13;2000
11;2025-12-16;14;2044
11;2025-12-16;15;1976
11;2025-12-16;16;2211
11;2025-12-16;17;2813
11;2025-12-16;18;2970
11;2025-12-16;19;2142
11;2025-12-16;20;1372
11;2025-12-16;21;800
11;2025-12-16;22;365
11;2025-12-16;23;252
11;2025-12-17;0;62
11;2025-12-17;1;4
11;2025-12-17;2;1
11;2025-12-17;3;1
11;2025-12-17;4;1
11;2025-12-17;5;246
11;2025-12-17;6;1316
11;2025-12-17;7;2463
11;2025-12-17;8;3228
11;2025-12-17;9;2421
11;2025-12-17;10;2011
11;2025-12-17;11;1892
11;2025-12-17;12;1957
11;2025-12-17;13;2039
11;2025-12-17;14;2043
11;2025-12-17;15;1956
11;2025-12-17;16;2176
11;2025-12-17;17;2787
11;2025-12-17;18;2967
11;2025-12-17;19;2135
11;2025-12-17;20;1363
11;2025-12-17;21;796
11;2025-12-17;22;367
11;2025-12-17;23;252
11;2025-12-18;0;63
11;2025-12-18;1;4
11;2025-12-18;2;1
11;2025-12-18;3;1
11;2025-12-18;4;1
11;2025-12-18;5;248
11;2025-12-18;6;1327
11;2025-12-18;7;2482
11;2025-12-18;8;3257
11;2025-12-18;9;2439
11;2025-12-18;10;2028
11;2025-12-18;11;1916
11;2025-12-18;12;1981
11;2025-12-18;13;2052
11;2025-12-18;14;2061
11;2025-12-18;15;1976
11;2025-12-18;16;2204
11;2025-12-18;17;2817
11;2025-12-18;18;2998
11;2025-12-18;19;2155
11;2025-12-18;20;1383
11;2025-12-18;21;803
11;2025-12-18;22;369
11;2025-12-18;23;254
11;2025-12-19;0;63
11;2025-12-19;1;4
11;2025-12-19;2;1
11;2025-12-19;3;1
11;2025-12-19;4;1
11;2025-12-19;5;244
11;2025-12-19;6;1315
11;2025-12-19;7;2452
11;2025-12-19;8;3222
11;2025-12-19;9;2415
11;2025-12-19;10;2000
11;2025-12-19;11;1911
11;2025-12-19;12;1981
11;2025-12-19;13;2056
11;2025-12-19;14;2076
11;2025-12-19;15;2006
11;2025-12-19;16;2250
11;2025-12-19;17;2804
11;2025-12-19;18;2892
11;2025-12-19;19;2078
11;2025-12-19;20;1351
11;2025-12-19;21;807
11;2025-12-19;22;370
11;2025-12-19;23;259
11;2025-12-20;0;109
11;2025-12-20;1;2
11;2025-12-20;2;1
11;2025-12-20;3;1
11;2025-12-20;4;1
11;2025-12-20;5;170
11;2025-12-20;6;856
11;2025-12-20;7;784
11;2025-12-20;8;1078
11;2025-12-20;9;1214
11;2025-12-20;10;1447
11;2025-12-20;11;1763
11;2025-12-20;12;1997
11;2025-12-20;13;1853
11;2025-12-20;14;2070
11;2025-12-20;15;1914
11;2025-12-20;16;1793
11;2025-12-20;17;1915
11;2025-12-20;18;1512
11;2025-12-20;19;1477
11;2025-12-20;20;986
11;2025-12-20;21;707
11;2025-12-20;22;413
11;2025-12-20;23;275
11;2025-12-21;0;111
11;2025-12-21;1;16
11;2025-12-21;2;1
11;2025-12-21;3;1
11;2025-12-21;4;1
11;2025-12-21;5;108
11;2025-12-21;6;496
11;2025-12-21;7;502
11;2025-12-21;8;701
11;2025-12-21;9;953
11;2025-12-21;10;1050
11;2025-12-21;11;1529
11;2025-12-21;12;1609
11;2025-12-21;13;1556
11;2025-12-21;14;1639
11;2025-12-21;15;1612
11;2025-12-21;16;1518
11;2025-12-21;17;1690
11;2025-12-21;18;1249
11;2025-12-21;19;996
11;2025-12-21;20;767
11;2025-12-21;21;583
11;2025-12-21;22;338
11;2025-12-21;23;238
11;2025-12-22;0;63
11;2025-12-22;1;4
11;2025-12-22;2;1
11;2025-12-22;3;1
11;2025-12-22;4;1
11;2025-12-22;5;245
11;2025-12-22;6;1312
11;2025-12-22;7;2453
11;2025-12-22;8;3218
11;2025-12-22;9;2368
11;2025-12-22;10;1962
11;2025-12-22;11;1834
11;2025-12-22;12;1886
11;2025-12-22;13;2004
11;2025-12-22;14;1993
11;2025-12-22;15;1933
11;2025-12-22;16;2171
11;2025-12-22;17;2738
11;2025-12-22;18;2914
11;2025-12-22;19;2110
11;2025-12-22;20;1347
11;2025-12-22;21;801
11;2025-12-22;22;370
11;2025-12-22;23;249
11;2025-12-23;0;62
11;2025-12-23;1;4
11;2025-12-23;2;1
11;2025-12-23;3;1
11;2025-12-23;4;1
11;2025-12-23;5;246
11;2025-12-23;6;1321
11;2025-12-23;7;2446
11;2025-12-23;8;3195
11;2025-12-23;9;2400
11;2025-12-23;10;1988
11;2025-12-23;11;1870
11;2025-12-23;12;1932
11;2025-12-23;13;2019
11;2025-12-23;14;2042
11;2025-12-23;15;1971
11;2025-12-23;16;2204
11;2025-12-23;17;2814
11;2025-12-23;18;2980
11;2025-12-23;19;2148
11;2025-12-23;20;1374
11;2025-12-23;21;807
11;2025-12-23;22;371
11;2025-12-23;23;255
11;2025-12-24;0;63
11;2025-12-24;1;4
11;2025-12-24;2;1
11;2025-12-24;3;1
11;2025-12-24;4;1
11;2025-12-24;5;249
11;2025-12-24;6;1331
11;2025-12-24;7;2469
11;2025-12-24;8;3235
11;2025-12-24;9;2426
11;2025-12-24;10;2016
11;2025-12-24;11;1889
11;2025-12-24;12;1956
11;2025-12-24;13;2034
11;2025-12-24;14;2038
11;2025-12-24;15;1975
11;2025-12-24;16;2205
11;2025-12-24;17;2810
11;2025-12-24;18;2981
11;2025-12-24;19;2159
11;2025-12-24;20;1388
11;2025-12-24;21;809
11;2025-12-24;22;372
11;2025-12-24;23;257
11;2025-12-25;0;63
11;2025-12-25;1;4
11;2025-12-25;2;1
11;2025-12-25;3;1
11;2025-12-25;4;1
11;2025-12-25;5;249
11;2025-12-25;6;1322
11;2025-12-25;7;2485
11;2025-12-25;8;3258
11;2025-12-25;9;2446
11;2025-12-25;10;2032
11;2025-12-25;11;1914
11;2025-12-25;12;1982
11;2025-12-25;13;2061
11;2025-12-25;14;2073
11;2025-12-25;15;1995
11;2025-12-25;16;2224
11;2025-12-25;17;2789
11;2025-12-25;18;2957
11;2025-12-25;19;2177
11;2025-12-25;20;1378
11;2025-12-25;21;804
11;2025-12-25;22;365
11;2025-12-25;23;247
11;2025-12-26;0;61
11;2025-12-26;1;4
11;2025-12-26;2;1
11;2025-12-26;3;1
11;2025-12-26;4;1
11;2025-12-26;5;245
11;2025-12-26;6;1270
11;2025-12-26;7;2375
11;2025-12-26;8;3130
11;2025-12-26;9;2321
11;2025-12-26;10;1930
11;2025-12-26;11;1805
11;2025-12-26;12;1892
11;2025-12-26;13;2021
11;2025-12-26;14;2033
11;2025-12-26;15;1954
11;2025-12-26;16;2179
11;2025-12-26;17;2710
11;2025-12-26;18;2829
11;2025-12-26;19;2063
11;2025-12-26;20;1330
11;2025-12-26;21;784
11;2025-12-26;22;360
11;2025-12-26;23;252
11;2025-12-27;0;106
11;2025-12-27;1;2
11;2025-12-27;2;1
11;2025-12-27;3;1
11;2025-12-27;4;1
11;2025-12-27;5;167
11;2025-12-27;6;837
11;2025-12-27;7;745
11;2025-12-27;8;1053
11;2025-12-27;9;1203
11;2025-12-27;10;1429
11;2025-12-27;11;1743
11;2025-12-27;12;1997
11;2025-12-27;13;1852
11;2025-12-27;14;2067
11;2025-12-27;15;1916
11;2025-12-27;16;1795
11;2025-12-27;17;1920
11;2025-12-27;18;1534
11;2025-12-27;19;1496
11;2025-12-27;20;994
11;2025-12-27;21;715
11;2025-12-27;22;414
11;2025-12-27;23;278
11;2025-12-28;0;113
11;2025-12-28;1;16
11;2025-12-28;2;1
11;2025-12-28;3;1
11;2025-12-28;4;1
11;2025-12-28;5;108
11;2025-12-28;6;497
11;2025-12-28;7;495
11;2025-12-28;8;693
11;2025-12-28;9;953
11;2025-12-28;10;1069
11;2025-12-28;11;1533
11;2025-12-28;12;1620
11;2025-12-28;13;1564
11;2025-12-28;14;1635
11;2025-12-28;15;1615
11;2025-12-28;16;1524
11;2025-12-28;17;1699
11;2025-12-28;18;1257
11;2025-12-28;19;1003
11;2025-12-28;20;784
11;2025-12-28;21;592
11;2025-12-28;22;347
11;2025-12-28;23;239
11;2025-12-29;0;62
11;2025-12-29;1;4
11;2025-12-29;2;1
11;2025-12-29;3;1
11;2025-12-29;4;1
11;2025-12-29;5;246
11;2025-12-29;6;1306
11;2025-12-29;7;2436
11;2025-12-29;8;3187
11;2025-12-29;9;2379
11;2025-12-29;10;1976
11;2025-12-29;11;1856
11;2025-12-29;12;1919
11;2025-12-29;13;1999
11;2025-12-29;14;2020
11;2025-12-29;15;1943
11;2025-12-29;16;2168
11;2025-12-29;17;2740
11;2025-12-29;18;2927
11;2025-12-29;19;2110
11;2025-12-29;20;1365
11;2025-12-29;21;797
11;2025-12-29;22;367
11;2025-12-29;23;253
11;2025-12-30;0;63
11;2025-12-30;1;4
11;2025-12-30;2;1
11;2025-12-30;3;1
11;2025-12-30;4;1
11;2025-12-30;5;246
11;2025-12-30;6;1316
11;2025-12-30;7;2443
11;2025-12-30;8;3205
11;2025-12-30;9;2407
11;2025-12-30;10;1996
11;2025-12-30;11;1875
11;2025-12-30;12;1941
11;2025-12-30;13;2028
11;2025-12-30;14;2040
11;2025-12-30;15;1962
11;2025-12-30;16;2182
11;2025-12-30;17;2769
11;2025-12-30;18;2984
11;2025-12-30;19;2128
11;2025-12-30;20;1364
11;2025-12-30;21;797
11;2025-12-30;22;368
11;2025-12-30;23;254
11;2025-12-31;0;112
11;2025-12-31;1;15
11;2025-12-31;2;1
11;2025-12-31;3;1
11;2025-12-31;4;1
11;2025-12-31;5;109
11;2025-12-31;6;505
11;2025-12-31;7;505
11;2025-12-31;8;714
11;2025-12-31;9;979
11;2025-12-31;10;1082
11;2025-12-31;11;1577
11;2025-12-31;12;1630
11;2025-12-31;13;1584
11;2025-12-31;14;1668
11;2025-12-31;15;1634
11;2025-12-31;16;1537
11;2025-12-31;17;1714
11;2025-12-31;18;1298
11;2025-12-31;19;1036
11;2025-12-31;20;788
11;2025-12-31;21;598
11;2025-12-31;22;351
11;2025-12-31;23;243
12;2025-11-01;0;55
12;2025-11-01;1;2
12;2025-11-01;2;1
12;2025-11-01;3;1
12;2025-11-01;4;7
12;2025-11-01;5;320
12;2025-11-01;6;1447
12;2025-11-01;7;2730
12;2025-11-01;8;3580
12;2025-11-01;9;2616
12;2025-11-01;10;2103
12;2025-11-01;11;1988
12;2025-11-01;12;2077
12;2025-11-01;13;2147
12;2025-11-01;14;2033
12;2025-11-01;15;2274
12;2025-11-01;16;2795
12;2025-11-01;17;3030
12;2025-11-01;18;3071
12;2025-11-01;19;2305
12;2025-11-01;20;1510
12;2025-11-01;21;966
12;2025-11-01;22;491
12;2025-11-01;23;272
12;2025-11-02;0;83
12;2025-11-02;1;4
12;2025-11-02;2;1
12;2025-11-02;3;1
12;2025-11-02;4;4
12;2025-11-02;5;130
12;2025-11-02;6;524
12;2025-11-02;7;717
12;2025-11-02;8;740
12;2025-11-02;9;937
12;2025-11-02;10;1181
12;2025-11-02;11;1289
12;2025-11-02;12;1380
12;2025-11-02;13;1558
12;2025-11-02;14;1478
12;2025-11-02;15;1501
12;2025-11-02;16;1503
12;2025-11-02;17;1550
12;2025-11-02;18;1335
12;2025-11-02;19;988
12;2025-11-02;20;766
12;2025-11-02;21;584
12;2025-11-02;22;381
12;2025-11-02;23;193
12;2025-11-03;0;81
12;2025-11-03;1;4
12;2025-11-03;2;1
12;2025-11-03;3;1
12;2025-11-03;4;4
12;2025-11-03;5;132
12;2025-11-03;6;530
12;2025-11-03;7;722
12;2025-11-03;8;741
12;2025-11-03;9;917
12;2025-11-03;10;1127
12;2025-11-03;11;1179
12;2025-11-03;12;1236
12;2025-11-03;13;1445
12;2025-11-03;14;1368
12;2025-11-03;15;1407
12;2025-11-03;16;1440
12;2025-11-03;17;1492
12;2025-11-03;18;1318
12;2025-11-03;19;986
12;2025-11-03;20;760
12;2025-11-03;21;577
12;2025-11-03;22;376
12;2025-11-03;23;189
12;2025-11-04;0;80
12;2025-11-04;1;4
12;2025-11-04;2;1
12;2025-11-04;3;1
12;2025-11-04;4;3
12;2025-11-04;5;130
12;2025-11-04;6;523
12;2025-11-04;7;704
12;2025-11-04;8;696
12;2025-11-04;9;862
12;2025-11-04;10;1089
12;2025-11-04;11;1169
12;2025-11-04;12;1231
12;2025-11-04;13;1438
12;2025-11-04;14;1458
12;2025-11-04;15;1494
12;2025-11-04;16;1496
12;2025-11-04;17;1577
12;2025-11-04;18;1364
12;2025-11-04;19;1014
12;2025-11-04;20;783
12;2025-11-04;21;600
12;2025-11-04;22;392
12;2025-11-04;23;199
12;2025-11-05;0;54
12;2025-11-05;1;2
12;2025-11-05;2;1
12;2025-11-05;3;1
12;2025-11-05;4;7
12;2025-11-05;5;319
12;2025-11-05;6;1439
12;2025-11-05;7;2747
12;2025-11-05;8;3577
12;2025-11-05;9;2623
12;2025-11-05;10;2119
12;2025-11-05;11;1981
12;2025-11-05;12;2063
12;2025-11-05;13;2110
12;2025-11-05;14;2003
12;2025-11-05;15;2237
12;2025-11-05;16;2778
12;2025-11-05;17;3031
12;2025-11-05;18;3111
12;2025-11-05;19;2328
12;2025-11-05;20;1517
12;2025-11-05;21;965
12;2025-11-05;22;487
12;2025-11-05;23;267
12;2025-11-06;0;54
12;2025-11-06;1;2
12;2025-11-06;2;1
12;2025-11-06;3;1
12;2025-11-06;4;7
12;2025-11-06;5;316
12;2025-11-06;6;1439
12;2025-11-06;7;2746
12;2025-11-06;8;3612
12;2025-11-06;9;2631
12;2025-11-06;10;2122
12;2025-11-06;11;1959
12;2025-11-06;12;2102
12;2025-11-06;13;2152
12;2025-11-06;14;2025
12;2025-11-06;15;2230
12;2025-11-06;16;2763
12;2025-11-06;17;3039
12;2025-11-06;18;3121
12;2025-11-06;19;2343
12;2025-11-06;20;1498
12;2025-11-06;21;968
12;2025-11-06;22;489
12;2025-11-06;23;264
12;2025-11-07;0;54
12;2025-11-07;1;2
12;2025-11-07;2;1
12;2025-11-07;3;1
12;2025-11-07;4;7
12;2025-11-07;5;317
12;2025-11-07;6;1428
12;2025-11-07;7;2711
12;2025-11-07;8;3636
12;2025-11-07;9;2562
12;2025-11-07;10;2061
12;2025-11-07;11;1988
12;2025-11-07;12;2092
12;2025-11-07;13;2170
12;2025-11-07;14;2038
12;2025-11-07;15;2294
12;2025-11-07;16;2829
12;2025-11-07;17;3029
12;2025-11-07;18;2951
12;2025-11-07;19;2244
12;2025-11-07;20;1491
12;2025-11-07;21;963
12;2025-11-07;22;480
12;2025-11-07;23;272
12;2025-11-08;0;67
12;2025-11-08;1;3
12;2025-11-08;2;1
12;2025-11-08;3;1
12;2025-11-08;4;2
12;2025-11-08;5;217
12;2025-11-08;6;789
12;2025-11-08;7;889
12;2025-11-08;8;1054
12;2025-11-08;9;1256
12;2025-11-08;10;1496
12;2025-11-08;11;1527
12;2025-11-08;12;1529
12;2025-11-08;13;1737
12;2025-11-08;14;1618
12;2025-11-08;15;1594
12;2025-11-08;16;1727
12;2025-11-08;17;1659
12;2025-11-08;18;1626
12;2025-11-08;19;1342
12;2025-11-08;20;933
12;2025-11-08;21;762
12;2025-11-08;22;388
12;2025-11-08;23;291
12;2025-11-09;0;83
12;2025-11-09;1;4
12;2025-11-09;2;1
12;2025-11-09;3;1
12;2025-11-09;4;4
12;2025-11-09;5;130
12;2025-11-09;6;523
12;2025-11-09;7;714
12;2025-11-09;8;733
12;2025-11-09;9;925
12;2025-11-09;10;1170
12;2025-11-09;11;1268
12;2025-11-09;12;1333
12;2025-11-09;13;1549
12;2025-11-09;14;1435
12;2025-11-09;15;1502
12;2025-11-09;16;1498
12;2025-11-09;17;1546
12;2025-11-09;18;1324
12;2025-11-09;19;982
12;2025-11-09;20;764
12;2025-11-09;21;582
12;2025-11-09;22;380
12;2025-11-09;23;193
12;2025-11-10;0;54
12;2025-11-10;1;2
12;2025-11-10;2;1
12;2025-11-10;3;1
12;2025-11-10;4;7
12;2025-11-10;5;315
12;2025-11-10;6;1422
12;2025-11-10;7;2713
12;2025-11-10;8;3616
12;2025-11-10;9;2579
12;2025-11-10;10;2063
12;2025-11-10;11;1944
12;2025-11-10;12;2033
12;2025-11-10;13;2104
12;2025-11-10;14;1978
12;2025-11-10;15;2207
12;2025-11-10;16;2725
12;2025-11-10;17;2968
12;2025-11-10;18;3065
12;2025-11-10;19;2306
12;2025-11-10;20;1510
12;2025-11-10;21;956
12;2025-11-10;22;481
12;2025-11-10;23;264
12;2025-11-11;0;54
12;2025-11-11;1;2
12;2025-11-11;2;1
12;2025-11-11;3;1
12;2025-11-11;4;7
12;2025-11-11;5;319
12;2025-11-11;6;1445
12;2025-11-11;7;2758
12;2025-11-11;8;3648
12;2025-11-11;9;2651
12;2025-11-11;10;2117
12;2025-11-11;11;2007
12;2025-11-11;12;2099
12;2025-11-11;13;2161
12;2025-11-11;14;2020
12;2025-11-11;15;2248
12;2025-11-11;16;2795
12;2025-11-11;17;3065
12;2025-11-11;18;3142
12;2025-11-11;19;2338
12;2025-11-11;20;1521
12;2025-11-11;21;969
12;2025-11-11;22;484
12;2025-11-11;23;268
12;2025-11-12;0;55
12;2025-11-12;1;2
12;2025-11-12;2;1
12;2025-11-12;3;1
12;2025-11-12;4;7
12;2025-11-12;5;320
12;2025-11-12;6;1443
12;2025-11-12;7;2735
12;2025-11-12;8;3579
12;2025-11-12;9;2620
12;2025-11-12;10;2099
12;2025-11-12;11;1957
12;2025-11-12;12;2063
12;2025-11-12;13;2119
12;2025-11-12;14;1983
12;2025-11-12;15;2221
12;2025-11-12;16;2779
12;2025-11-12;17;3023
12;2025-11-12;18;3099
12;2025-11-12;19;2330
12;2025-11-12;20;1516
12;2025-11-12;21;968
12;2025-11-12;22;487
12;2025-11-12;23;269
12;2025-11-13;0;54
12;2025-11-13;1;2
12;2025-11-13;2;1
12;2025-11-13;3;1
12;2025-11-13;4;7
12;2025-11-13;5;314
12;2025-11-13;6;1440
12;2025-11-13;7;2762
12;2025-11-13;8;3659
12;2025-11-13;9;2667
12;2025-11-13;10;2132
12;2025-11-13;11;2024
12;2025-11-13;12;2097
12;2025-11-13;13;2145
12;2025-11-13;14;2011
12;2025-11-13;15;2246
12;2025-11-13;16;2781
12;2025-11-13;17;3028
12;2025-11-13;18;3110
12;2025-11-13;19;2345
12;2025-11-13;20;1532
12;2025-11-13;21;974
12;2025-11-13;22;490
12;2025-11-13;23;270
12;2025-11-14;0;55
12;2025-11-14;1;2
12;2025-11-14;2;1
12;2025-11-14;3;1
12;2025-11-14;4;7
12;2025-11-14;5;312
12;2025-11-14;6;1403
12;2025-11-14;7;2640
12;2025-11-14;8;3480
12;2025-11-14;9;2516
12;2025-11-14;10;2020
12;2025-11-14;11;1945
12;2025-11-14;12;2043
12;2025-11-14;13;2112
12;2025-11-14;14;1975
12;2025-11-14;15;2224
12;2025-11-14;16;2758
12;2025-11-14;17;2956
12;2025-11-14;18;2923
12;2025-11-14;19;2246
12;2025-11-14;20;1494
12;2025-11-14;21;948
12;2025-11-14;22;487
12;2025-11-14;23;272
12;2025-11-15;0;66
12;2025-11-15;1;3
12;2025-11-15;2;1
12;2025-11-15;3;1
12;2025-11-15;4;2
12;2025-11-15;5;219
12;2025-11-15;6;776
12;2025-11-15;7;893
12;2025-11-15;8;1069
12;2025-11-15;9;1239
12;2025-11-15;10;1502
12;2025-11-15;11;1518
12;2025-11-15;12;1558
12;2025-11-15;13;1771
12;2025-11-15;14;1609
12;2025-11-15;15;1579
12;2025-11-15;16;1696
12;2025-11-15;17;1599
12;2025-11-15;18;1585
12;2025-11-15;19;1343
12;2025-11-15;20;966
12;2025-11-15;21;773
12;2025-11-15;22;394
12;2025-11-15;23;294
12;2025-11-16;0;84
12;2025-11-16;1;4
12;2025-11-16;2;1
12;2025-11-16;3;1
12;2025-11-16;4;4
12;2025-11-16;5;133
12;2025-11-16;6;528
12;2025-11-16;7;723
12;2025-11-16;8;745
12;2025-11-16;9;933
12;2025-11-16;10;1185
12;2025-11-16;11;1297
12;2025-11-16;12;1365
12;2025-11-16;13;1583
12;2025-11-16;14;1477
12;2025-11-16;15;1486
12;2025-11-16;16;1498
12;2025-11-16;17;1543
12;2025-11-16;18;1313
12;2025-11-16;19;990
12;2025-11-16;20;766
12;2025-11-16;21;590
12;2025-11-16;22;380
12;2025-11-16;23;190
12;2025-11-17;0;54
12;2025-11-17;1;2
12;2025-11-17;2;1
12;2025-11-17;3;1
12;2025-11-17;4;7
12;2025-11-17;5;319
12;2025-11-17;6;1433
12;2025-11-17;7;2703
12;2025-11-17;8;3533
12;2025-11-17;9;2531
12;2025-11-17;10;2008
12;2025-11-17;11;1889
12;2025-11-17;12;1979
12;2025-11-17;13;2011
12;2025-11-17;14;1920
12;2025-11-17;15;2164
12;2025-11-17;16;2708
12;2025-11-17;17;2947
12;2025-11-17;18;3075
12;2025-11-17;19;2322
12;2025-11-17;20;1519
12;2025-11-17;21;952
12;2025-11-17;22;484
12;2025-11-17;23;266
12;2025-11-18;0;54
12;2025-11-18;1;2
12;2025-11-18;2;1
12;2025-11-18;3;1
12;2025-11-18;4;7
12;2025-11-18;5;307
12;2025-11-18;6;1389
12;2025-11-18;7;2679
12;2025-11-18;8;3508
12;2025-11-18;9;2483
12;2025-11-18;10;1974
12;2025-11-18;11;1895
12;2025-11-18;12;1974
12;2025-11-18;13;2004
12;2025-11-18;14;1918
12;2025-11-18;15;2199
12;2025-11-18;16;2730
12;2025-11-18;17;2981
12;2025-11-18;18;3041
12;2025-11-18;19;2310
12;2025-11-18;20;1512
12;2025-11-18;21;962
12;2025-11-18;22;484
12;2025-11-18;23;265
12;2025-11-19;0;54
12;2025-11-19;1;2
12;2025-11-19;2;1
12;2025-11-19;3;1
12;2025-11-19;4;7
12;2025-11-19;5;324
12;2025-11-19;6;1460
12;2025-11-19;7;2767
12;2025-11-19;8;3629
12;2025-11-19;9;2621
12;2025-11-19;10;2096
12;2025-11-19;11;1976
12;2025-11-19;12;2072
12;2025-11-19;13;2133
12;2025-11-19;14;1996
12;2025-11-19;15;2238
12;2025-11-19;16;2772
12;2025-11-19;17;3015
12;2025-11-19;18;3093
12;2025-11-19;19;2344
12;2025-11-19;20;1530
12;2025-11-19;21;979
12;2025-11-19;22;496
12;2025-11-19;23;272
12;2025-11-20;0;55
12;2025-11-20;1;2
12;2025-11-20;2;1
12;2025-11-20;3;1
12;2025-11-20;4;7
12;2025-11-20;5;321
12;2025-11-20;6;1456
12;2025-11-20;7;2756
12;2025-11-20;8;3640
12;2025-11-20;9;2618
12;2025-11-20;10;2097
12;2025-11-20;11;1986
12;2025-11-20;12;2073
12;2025-11-20;13;2125
12;2025-11-20;14;2000
12;2025-11-20;15;2221
12;2025-11-20;16;2752
12;2025-11-20;17;3007
12;2025-11-20;18;3094
12;2025-11-20;19;2334
12;2025-11-20;20;1527
12;2025-11-20;21;975
12;2025-11-20;22;491
12;2025-11-20;23;272
12;2025-11-21;0;55
12;2025-11-21;1;2
12;2025-11-21;2;1
12;2025-11-21;3;1
12;2025-11-21;4;7
12;2025-11-21;5;317
12;2025-11-21;6;1442
12;2025-11-21;7;2708
12;2025-11-21;8;3586
12;2025-11-21;9;2589
12;2025-11-21;10;2061
12;2025-11-21;11;1999
12;2025-11-21;12;2068
12;2025-11-21;13;2160
12;2025-11-21;14;2036
12;2025-11-21;15;2283
12;2025-11-21;16;2817
12;2025-11-21;17;3029
12;2025-11-21;18;2986
12;2025-11-21;19;2280
12;2025-11-21;20;1525
12;2025-11-21;21;979
12;2025-11-21;22;494
12;2025-11-21;23;277
12;2025-11-22;0;69
12;2025-11-22;1;3
12;2025-11-22;2;1
12;2025-11-22;3;1
12;2025-11-22;4;2
12;2025-11-22;5;223
12;2025-11-22;6;797
12;2025-11-22;7;915
12;2025-11-22;8;1066
12;2025-11-22;9;1287
12;2025-11-22;10;1530
12;2025-11-22;11;1558
12;2025-11-22;12;1599
12;2025-11-22;13;1800
12;2025-11-22;14;1625
12;2025-11-22;15;1592
12;2025-11-22;16;1714
12;2025-11-22;17;1641
12;2025-11-22;18;1620
12;2025-11-22;19;1360
12;2025-11-22;20;946
12;2025-11-22;21;763
12;2025-11-22;22;387
12;2025-11-22;23;293
12;2025-11-23;0;84
12;2025-11-23;1;4
12;2025-11-23;2;1
12;2025-11-23;3;1
12;2025-11-23;4;4
12;2025-11-23;5;132
12;2025-11-23;6;527
12;2025-11-23;7;716
12;2025-11-23;8;742
12;2025-11-23;9;939
12;2025-11-23;10;1184
12;2025-11-23;11;1289
12;2025-11-23;12;1366
12;2025-11-23;13;1599
12;2025-11-23;14;1499
12;2025-11-23;15;1524
12;2025-11-23;16;1525
12;2025-11-23;17;1568
12;2025-11-23;18;1357
12;2025-11-23;19;1009
12;2025-11-23;20;778
12;2025-11-23;21;592
12;2025-11-23;22;385
12;2025-11-23;23;191
12;2025-11-24;0;54
12;2025-11-24;1;2
12;2025-11-24;2;1
12;2025-11-24;3;1
12;2025-11-24;4;7
12;2025-11-24;5;306
12;2025-11-24;6;1386
12;2025-11-24;7;2686
12;2025-11-24;8;3584
12;2025-11-24;9;2531
12;2025-11-24;10;2033
12;2025-11-24;11;1883
12;2025-11-24;12;1994
12;2025-11-24;13;2074
12;2025-11-24;14;1953
12;2025-11-24;15;2185
12;2025-11-24;16;2733
12;2025-11-24;17;2952
12;2025-11-24;18;3056
12;2025-11-24;19;2321
12;2025-11-24;20;1515
12;2025-11-24;21;957
12;2025-11-24;22;481
12;2025-11-24;23;262
12;2025-11-25;0;54
12;2025-11-25;1;2
12;2025-11-25;2;1
12;2025-11-25;3;1
12;2025-11-25;4;7
12;2025-11-25;5;324
12;2025-11-25;6;1462
12;2025-11-25;7;2757
12;2025-11-25;8;3618
12;2025-11-25;9;2628
12;2025-11-25;10;2103
12;2025-11-25;11;1990
12;2025-11-25;12;2074
12;2025-11-25;13;2144
12;2025-11-25;14;2008
12;2025-11-25;15;2237
12;2025-11-25;16;2772
12;2025-11-25;17;3024
12;2025-11-25;18;3109
12;2025-11-25;19;2336
12;2025-11-25;20;1528
12;2025-11-25;21;967
12;2025-11-25;22;488
12;2025-11-25;23;269
12;2025-11-26;0;55
12;2025-11-26;1;2
12;2025-11-26;2;1
12;2025-11-26;3;1
12;2025-11-26;4;7
12;2025-11-26;5;321
12;2025-11-26;6;1460
12;2025-11-26;7;2762
12;2025-11-26;8;3636
12;2025-11-26;9;2609
12;2025-11-26;10;2077
12;2025-11-26;11;1966
12;2025-11-26;12;2076
12;2025-11-26;13;2136
12;2025-11-26;14;1998
12;2025-11-26;15;2246
12;2025-11-26;16;2764
12;2025-11-26;17;3043
12;2025-11-26;18;3094
12;2025-11-26;19;2333
12;2025-11-26;20;1532
12;2025-11-26;21;972
12;2025-11-26;22;489
12;2025-11-26;23;270
12;2025-11-27;0;55
12;2025-11-27;1;2
12;2025-11-27;2;1
12;2025-11-27;3;1
12;2025-11-27;4;7
12;2025-11-27;5;316
12;2025-11-27;6;1438
12;2025-11-27;7;2741
12;2025-11-27;8;3610
12;2025-11-27;9;2627
12;2025-11-27;10;2115
12;2025-11-27;11;1986
12;2025-11-27;12;2041
12;2025-11-27;13;2121
12;2025-11-27;14;1985
12;2025-11-27;15;2249
12;2025-11-27;16;2788
12;2025-11-27;17;3000
12;2025-11-27;18;3074
12;2025-11-27;19;2291
12;2025-11-27;20;1499
12;2025-11-27;21;950
12;2025-11-27;22;474
12;2025-11-27;23;260
12;2025-11-28;0;54
12;2025-11-28;1;2
12;2025-11-28;2;1
12;2025-11-28;3;1
12;2025-11-28;4;7
12;2025-11-28;5;313
12;2025-11-28;6;1430
12;2025-11-28;7;2720
12;2025-11-28;8;3601
12;2025-11-28;9;2576
12;2025-11-28;10;2064
12;2025-11-28;11;2011
12;2025-11-28;12;2091
12;2025-11-28;13;2164
12;2025-11-28;14;2038
12;2025-11-28;15;2290
12;2025-11-28;16;2828
12;2025-11-28;17;3037
12;2025-11-28;18;2979
12;2025-11-28;19;2272
12;2025-11-28;20;1513
12;2025-11-28;21;974
12;2025-11-28;22;493
12;2025-11-28;23;276
12;2025-11-29;0;69
12;2025-11-29;1;3
12;2025-11-29;2;1
12;2025-11-29;3;1
12;2025-11-29;4;2
12;2025-11-29;5;225
12;2025-11-29;6;801
12;2025-11-29;7;916
12;2025-11-29;8;1081
12;2025-11-29;9;1293
12;2025-11-29;10;1517
12;2025-11-29;11;1545
12;2025-11-29;12;1584
12;2025-11-29;13;1780
12;2025-11-29;14;1603
12;2025-11-29;15;1572
12;2025-11-29;16;1697
12;2025-11-29;17;1638
12;2025-11-29;18;1615
12;2025-11-29;19;1360
12;2025-11-29;20;946
12;2025-11-29;21;762
12;2025-11-29;22;391
12;2025-11-29;23;292
12;2025-11-30;0;81
12;2025-11-30;1;4
12;2025-11-30;2;1
12;2025-11-30;3;1
12;2025-11-30;4;4
12;2025-11-30;5;130
12;2025-11-30;6;523
12;2025-11-30;7;714
12;2025-11-30;8;741
12;2025-11-30;9;945
12;2025-11-30;10;1192
12;2025-11-30;11;1295
12;2025-11-30;12;1373
12;2025-11-30;13;1589
12;2025-11-30;14;1480
12;2025-11-30;15;1491
12;2025-11-30;16;1495
12;2025-11-30;17;1557
12;2025-11-30;18;1351
12;2025-11-30;19;996
12;2025-11-30;20;765
12;2025-11-30;21;587
12;2025-11-30;22;382
12;2025-11-30;23;194
12;2025-12-01;0;54
12;2025-12-01;1;2
12;2025-12-01;2;1
12;2025-12-01;3;1
12;2025-12-01;4;7
12;2025-12-01;5;316
12;2025-12-01;6;1429
12;2025-12-01;7;2706
12;2025-12-01;8;3595
12;2025-12-01;9;2564
12;2025-12-01;10;2059
12;2025-12-01;11;1936
12;2025-12-01;12;2027
12;2025-12-01;13;2095
12;2025-12-01;14;1969
12;2025-12-01;15;2200
12;2025-12-01;16;2721
12;2025-12-01;17;2969
12;2025-12-01;18;3087
12;2025-12-01;19;2323
12;2025-12-01;20;1518
12;2025-12-01;21;964
12;2025-12-01;22;485
12;2025-12-01;23;266
12;2025-12-02;0;54
12;2025-12-02;1;2
12;2025-12-02;2;1
12;2025-12-02;3;1
12;2025-12-02;4;7
12;2025-12-02;5;320
12;2025-12-02;6;1448
12;2025-12-02;7;2749
12;2025-12-02;8;3624
12;2025-12-02;9;2636
12;2025-12-02;10;2105
12;2025-12-02;11;1999
12;2025-12-02;12;2084
12;2025-12-02;13;2149
12;2025-12-02;14;2011
12;2025-12-02;15;2237
12;2025-12-02;16;2775
12;2025-12-02;17;3043
12;2025-12-02;18;3138
12;2025-12-02;19;2352
12;2025-12-02;20;1532
12;2025-12-02;21;970
12;2025-12-02;22;489
12;2025-12-02;23;269
12;2025-12-03;0;55
12;2025-12-03;1;2
12;2025-12-03;2;1
12;2025-12-03;3;1
12;2025-12-03;4;7
12;2025-12-03;5;321
12;2025-12-03;6;1450
12;2025-12-03;7;2753
12;2025-12-03;8;3647
12;2025-12-03;9;2654
12;2025-12-03;10;2125
12;2025-12-03;11;2006
12;2025-12-03;12;2100
12;2025-12-03;13;2166
12;2025-12-03;14;2021
12;2025-12-03;15;2234
12;2025-12-03;16;2772
12;2025-12-03;17;3044
12;2025-12-03;18;3130
12;2025-12-03;19;2362
12;2025-12-03;20;1536
12;2025-12-03;21;980
12;2025-12-03;22;494
12;2025-12-03;23;272
12;2025-12-04;0;55
12;2025-12-04;1;2
12;2025-12-04;2;1
12;2025-12-04;3;1
12;2025-12-04;4;7
12;2025-12-04;5;318
12;2025-12-04;6;1447
12;2025-12-04;7;2751
12;2025-12-04;8;3625
12;2025-12-04;9;2622
12;2025-12-04;10;2104
12;2025-12-04;11;1998
12;2025-12-04;12;2075
12;2025-12-04;13;2136
12;2025-12-04;14;1999
12;2025-12-04;15;2224
12;2025-12-04;16;2756
12;2025-12-04;17;3017
12;2025-12-04;18;3113
12;2025-12-04;19;2328
12;2025-12-04;20;1524
12;2025-12-04;21;967
12;2025-12-04;22;490
12;2025-12-04;23;270
12;2025-12-05;0;55
12;2025-12-05;1;2
12;2025-12-05;2;1
12;2025-12-05;3;1
12;2025-12-05;4;7
12;2025-12-05;5;318
12;2025-12-05;6;1441
12;2025-12-05;7;2720
12;2025-12-05;8;3617
12;2025-12-05;9;2590
12;2025-12-05;10;2070
12;2025-12-05;11;2012
12;2025-12-05;12;2102
12;2025-12-05;13;2171
12;2025-12-05;14;2045
12;2025-12-05;15;2286
12;2025-12-05;16;2826
12;2025-12-05;17;3039
12;2025-12-05;18;2987
12;2025-12-05;19;2272
12;2025-12-05;20;1522
12;2025-12-05;21;975
12;2025-12-05;22;493
12;2025-12-05;23;276
12;2025-12-06;0;69
12;2025-12-06;1;3
12;2025-12-06;2;1
12;2025-12-06;3;1
12;2025-12-06;4;2
12;2025-12-06;5;220
12;2025-12-06;6;798
12;2025-12-06;7;913
12;2025-12-06;8;1082
12;2025-12-06;9;1296
12;2025-12-06;10;1526
12;2025-12-06;11;1550
12;2025-12-06;12;1592
12;2025-12-06;13;1789
12;2025-12-06;14;1617
12;2025-12-06;15;1592
12;2025-12-06;16;1708
12;2025-12-06;17;1643
12;2025-12-06;18;1620
12;2025-12-06;19;1357
12;2025-12-06;20;945
12;2025-12-06;21;761
12;2025-12-06;22;389
12;2025-12-06;23;292
12;2025-12-07;0;83
12;2025-12-07;1;4
12;2025-12-07;2;1
12;2025-12-07;3;1
12;2025-12-07;4;4
12;2025-12-07;5;130
12;2025-12-07;6;522
12;2025-12-07;7;715
12;2025-12-07;8;742
12;2025-12-07;9;937
12;2025-12-07;10;1171
12;2025-12-07;11;1274
12;2025-12-07;12;1346
12;2025-12-07;13;1561
12;2025-12-07;14;1473
12;2025-12-07;15;1494
12;2025-12-07;16;1493
12;2025-12-07;17;1546
12;2025-12-07;18;1343
12;2025-12-07;19;1002
12;2025-12-07;20;771
12;2025-12-07;21;591
12;2025-12-07;22;384
12;2025-12-07;23;195
12;2025-12-08;0;54
12;2025-12-08;1;2
12;2025-12-08;2;1
12;2025-12-08;3;1
12;2025-12-08;4;7
12;2025-12-08;5;318
12;2025-12-08;6;1429
12;2025-12-08;7;2712
12;2025-12-08;8;3586
12;2025-12-08;9;2572
12;2025-12-08;10;2051
12;2025-12-08;11;1933
12;2025-12-08;12;2022
12;2025-12-08;13;2089
12;2025-12-08;14;1963
12;2025-12-08;15;2199
12;2025-12-08;16;2724
12;2025-12-08;17;2967
12;2025-12-08;18;3078
12;2025-12-08;19;2325
12;2025-12-08;20;1519
12;2025-12-08;21;964
12;2025-12-08;22;487
12;2025-12-08;23;265
12;2025-12-09;0;54
12;2025-12-09;1;2
12;2025-12-09;2;1
12;2025-12-09;3;1
12;2025-12-09;4;7
12;2025-12-09;5;322
12;2025-12-09;6;1455
12;2025-12-09;7;2745
12;2025-12-09;8;3612
12;2025-12-09;9;2629
12;2025-12-09;10;2104
12;2025-12-09;11;1963
12;2025-12-09;12;2045
12;2025-12-09;13;2092
12;2025-12-09;14;1974
12;2025-12-09;15;2239
12;2025-12-09;16;2774
12;2025-12-09;17;2995
12;2025-12-09;18;3071
12;2025-12-09;19;2349
12;2025-12-09;20;1532
12;2025-12-09;21;969
12;2025-12-09;22;488
12;2025-12-09;23;269
12;2025-12-10;0;55
12;2025-12-10;1;2
12;2025-12-10;2;1
12;2025-12-10;3;1
12;2025-12-10;4;7
12;2025-12-10;5;323
12;2025-12-10;6;1453
12;2025-12-10;7;2743
12;2025-12-10;8;3612
12;2025-12-10;9;2638
12;2025-12-10;10;2115
12;2025-12-10;11;2004
12;2025-12-10;12;2076
12;2025-12-10;13;2135
12;2025-12-10;14;1994
12;2025-12-10;15;2227
12;2025-12-10;16;2754
12;2025-12-10;17;3011
12;2025-12-10;18;3095
12;2025-12-10;19;2342
12;2025-12-10;20;1531
12;2025-12-10;21;978
12;2025-12-10;22;493
12;2025-12-10;23;270
12;2025-12-11;0;55
12;2025-12-11;1;2
12;2025-12-11;2;1
12;2025-12-11;3;1
12;2025-12-11;4;7
12;2025-12-11;5;322
12;2025-12-11;6;1460
12;2025-12-11;7;2751
12;2025-12-11;8;3647
12;2025-12-11;9;2563
12;2025-12-11;10;2073
12;2025-12-11;11;1972
12;2025-12-11;12;2071
12;2025-12-11;13;2135
12;2025-12-11;14;2024
12;2025-12-11;15;2242
12;2025-12-11;16;2772
12;2025-12-11;17;3041
12;2025-12-11;18;3106
12;2025-12-11;19;2317
12;2025-12-11;20;1518
12;2025-12-11;21;963
12;2025-12-11;22;491
12;2025-12-11;23;272
12;2025-12-12;0;55
12;2025-12-12;1;2
12;2025-12-12;2;1
12;2025-12-12;3;1
12;2025-12-12;4;7
12;2025-12-12;5;316
12;2025-12-12;6;1424
12;2025-12-12;7;2702
12;2025-12-12;8;3610
12;2025-12-12;9;2576
12;2025-12-12;10;2072
12;2025-12-12;11;1992
12;2025-12-12;12;2029
12;2025-12-12;13;2091
12;2025-12-12;14;1976
12;2025-12-12;15;2193
12;2025-12-12;16;2696
12;2025-12-12;17;2900
12;2025-12-12;18;2926
12;2025-12-12;19;2257
12;2025-12-12;20;1497
12;2025-12-12;21;961
12;2025-12-12;22;477
12;2025-12-12;23;267
12;2025-12-13;0;66
12;2025-12-13;1;3
12;2025-12-13;2;1
12;2025-12-13;3;1
12;2025-12-13;4;2
12;2025-12-13;5;215
12;2025-12-13;6;786
12;2025-12-13;7;871
12;2025-12-13;8;1030
12;2025-12-13;9;1237
12;2025-12-13;10;1465
12;2025-12-13;11;1486
12;2025-12-13;12;1517
12;2025-12-13;13;1714
12;2025-12-13;14;1526
12;2025-12-13;15;1497
12;2025-12-13;16;1612
12;2025-12-13;17;1566
12;2025-12-13;18;1575
12;2025-12-13;19;1333
12;2025-12-13;20;924
12;2025-12-13;21;743
12;2025-12-13;22;387
12;2025-12-13;23;282
12;2025-12-14;0;79
12;2025-12-14;1;4
12;2025-12-14;2;1
12;2025-12-14;3;1
12;2025-12-14;4;4
12;2025-12-14;5;132
12;2025-12-14;6;533
12;2025-12-14;7;724
12;2025-12-14;8;727
12;2025-12-14;9;901
12;2025-12-14;10;1140
12;2025-12-14;11;1235
12;2025-12-14;12;1289
12;2025-12-14;13;1497
12;2025-12-14;14;1408
12;2025-12-14;15;1433
12;2025-12-14;16;1478
12;2025-12-14;17;1526
12;2025-12-14;18;1339
12;2025-12-14;19;1006
12;2025-12-14;20;778
12;2025-12-14;21;595
12;2025-12-14;22;388
12;2025-12-14;23;195
12;2025-12-15;0;54
12;2025-12-15;1;2
12;2025-12-15;2;1
12;2025-12-15;3;1
12;2025-12-15;4;7
12;2025-12-15;5;317
12;2025-12-15;6;1425
12;2025-12-15;7;2683
12;2025-12-15;8;3561
12;2025-12-15;9;2550
12;2025-12-15;10;2039
12;2025-12-15;11;1940
12;2025-12-15;12;2008
12;2025-12-15;13;2069
12;2025-12-15;14;1949
12;2025-12-15;15;2178
12;2025-12-15;16;2695
12;2025-12-15;17;2946
12;2025-12-15;18;3055
12;2025-12-15;19;2310
12;2025-12-15;20;1510
12;2025-12-15;21;958
12;2025-12-15;22;484
12;2025-12-15;23;265
12;2025-12-16;0;54
12;2025-12-16;1;2
12;2025-12-16;2;1
12;2025-12-16;3;1
12;2025-12-16;4;7
12;2025-12-16;5;320
12;2025-12-16;6;1449
12;2025-12-16;7;2742
12;2025-12-16;8;3610
12;2025-12-16;9;2635
12;2025-12-16;10;2117
12;2025-12-16;11;1992
12;2025-12-16;12;2085
12;2025-12-16;13;2091
12;2025-12-16;14;2002
12;2025-12-16;15;2235
12;2025-12-16;16;2773
12;2025-12-16;17;3032
12;2025-12-16;18;3095
12;2025-12-16;19;2355
12;2025-12-16;20;1534
12;2025-12-16;21;972
12;2025-12-16;22;491
12;2025-12-16;23;269
12;2025-12-17;0;54
12;2025-12-17;1;2
12;2025-12-17;2;1
12;2025-12-17;3;1
12;2025-12-17;4;7
12;2025-12-17;5;321
12;2025-12-17;6;1444
12;2025-12-17;7;2732
12;2025-12-17;8;3589
12;2025-12-17;9;2611
12;2025-12-17;10;2109
12;2025-12-17;11;1988
12;2025-12-17;12;2078
12;2025-12-17;13;2139
12;2025-12-17;14;1993
12;2025-12-17;15;2226
12;2025-12-17;16;2748
12;2025-12-17;17;3007
12;2025-12-17;18;3086
12;2025-12-17;19;2333
12;2025-12-17;20;1526
12;2025-12-17;21;975
12;2025-12-17;22;491
12;2025-12-17;23;270
12;2025-12-18;0;55
12;2025-12-18;1;2
12;2025-12-18;2;1
12;2025-12-18;3;1
12;2025-12-18;4;7
12;2025-12-18;5;321
12;2025-12-18;6;1445
12;2025-12-18;7;2753
12;2025-12-18;8;3623
12;2025-12-18;9;2625
12;2025-12-18;10;2115
12;2025-12-18;11;2005
12;2025-12-18;12;2089
12;2025-12-18;13;2134
12;2025-12-18;14;2005
12;2025-12-18;15;2232
12;2025-12-18;16;2763
12;2025-12-18;17;3028
12;2025-12-18;18;3117
12;2025-12-18;19;2359
12;2025-12-18;20;1541
12;2025-12-18;21;976
12;2025-12-18;22;491
12;2025-12-18;23;270
12;2025-12-19;0;55
12;2025-12-19;1;2
12;2025-12-19;2;1
12;2025-12-19;3;1
12;2025-12-19;4;7
12;2025-12-19;5;318
12;2025-12-19;6;1438
12;2025-12-19;7;2717
12;2025-12-19;8;3593
12;2025-12-19;9;2585
12;2025-12-19;10;2065
12;2025-12-19;11;2001
12;2025-12-19;12;2088
12;2025-12-19;13;2150
12;2025-12-19;14;2018
12;2025-12-19;15;2272
12;2025-12-19;16;2810
12;2025-12-19;17;3020
12;2025-12-19;18;3030
12;2025-12-19;19;2277
12;2025-12-19;20;1519
12;2025-12-19;21;977
12;2025-12-19;22;493
12;2025-12-19;23;275
12;2025-12-20;0;69
12;2025-12-20;1;3
12;2025-12-20;2;1
12;2025-12-20;3;1
12;2025-12-20;4;2
12;2025-12-20;5;225
12;2025-12-20;6;807
12;2025-12-20;7;920
12;2025-12-20;8;1080
12;2025-12-20;9;1280
12;2025-12-20;10;1516
12;2025-12-20;11;1539
12;2025-12-20;12;1580
12;2025-12-20;13;1781
12;2025-12-20;14;1601
12;2025-12-20;15;1570
12;2025-12-20;16;1691
12;2025-12-20;17;1626
12;2025-12-20;18;1589
12;2025-12-20;19;1336
12;2025-12-20;20;939
12;2025-12-20;21;748
12;2025-12-20;22;384
12;2025-12-20;23;287
12;2025-12-21;0;81
12;2025-12-21;1;4
12;2025-12-21;2;1
12;2025-12-21;3;1
12;2025-12-21;4;4
12;2025-12-21;5;131
12;2025-12-21;6;520
12;2025-12-21;7;715
12;2025-12-21;8;738
12;2025-12-21;9;930
12;2025-12-21;10;1166
12;2025-12-21;11;1267
12;2025-12-21;12;1342
12;2025-12-21;13;1556
12;2025-12-21;14;1452
12;2025-12-21;15;1485
12;2025-12-21;16;1484
12;2025-12-21;17;1537
12;2025-12-21;18;1332
12;2025-12-21;19;994
12;2025-12-21;20;768
12;2025-12-21;21;586
12;2025-12-21;22;376
12;2025-12-21;23;194
12;2025-12-22;0;55
12;2025-12-22;1;2
12;2025-12-22;2;1
12;2025-12-22;3;1
12;2025-12-22;4;7
12;2025-12-22;5;317
12;2025-12-22;6;1429
12;2025-12-22;7;2711
12;2025-12-22;8;3599
12;2025-12-22;9;2553
12;2025-12-22;10;2052
12;2025-12-22;11;1913
12;2025-12-22;12;2007
12;2025-12-22;13;2082
12;2025-12-22;14;1940
12;2025-12-22;15;2165
12;2025-12-22;16;2695
12;2025-12-22;17;2916
12;2025-12-22;18;3003
12;2025-12-22;19;2301
12;2025-12-22;20;1488
12;2025-12-22;21;956
12;2025-12-22;22;486
12;2025-12-22;23;262
12;2025-12-23;0;54
12;2025-12-23;1;2
12;2025-12-23;2;1
12;2025-12-23;3;1
12;2025-12-23;4;7
12;2025-12-23;5;321
12;2025-12-23;6;1457
12;2025-12-23;7;2729
12;2025-12-23;8;3564
12;2025-12-23;9;2565
12;2025-12-23;10;2057
12;2025-12-23;11;1938
12;2025-12-23;12;2026
12;2025-12-23;13;2088
12;2025-12-23;14;1970
12;2025-12-23;15;2215
12;2025-12-23;16;2737
12;2025-12-23;17;2990
12;2025-12-23;18;3068
12;2025-12-23;19;2331
12;2025-12-23;20;1527
12;2025-12-23;21;976
12;2025-12-23;22;492
12;2025-12-23;23;269
12;2025-12-24;0;55
12;2025-12-24;1;2
12;2025-12-24;2;1
12;2025-12-24;3;1
12;2025-12-24;4;7
12;2025-12-24;5;321
12;2025-12-24;6;1453
12;2025-12-24;7;2745
12;2025-12-24;8;3598
12;2025-12-24;9;2606
12;2025-12-24;10;2087
12;2025-12-24;11;1969
12;2025-12-24;12;2073
12;2025-12-24;13;2128
12;2025-12-24;14;1979
12;2025-12-24;15;2226
12;2025-12-24;16;2736
12;2025-12-24;17;3001
12;2025-12-24;18;3100
12;2025-12-24;19;2351
12;2025-12-24;20;1534
12;2025-12-24;21;978
12;2025-12-24;22;491
12;2025-12-24;23;272
12;2025-12-25;0;55
12;2025-12-25;1;2
12;2025-12-25;2;1
12;2025-12-25;3;1
12;2025-12-25;4;7
12;2025-12-25;5;322
12;2025-12-25;6;1458
12;2025-12-25;7;2746
12;2025-12-25;8;3613
12;2025-12-25;9;2623
12;2025-12-25;10;2114
12;2025-12-25;11;2001
12;2025-12-25;12;2088
12;2025-12-25;13;2138
12;2025-12-25;14;2017
12;2025-12-25;15;2250
12;2025-12-25;16;2783
12;2025-12-25;17;2994
12;2025-12-25;18;3055
12;2025-12-25;19;2368
12;2025-12-25;20;1531
12;2025-12-25;21;977
12;2025-12-25;22;484
12;2025-12-25;23;265
12;2025-12-26;0;53
12;2025-12-26;1;2
12;2025-12-26;2;1
12;2025-12-26;3;1
12;2025-12-26;4;7
12;2025-12-26;5;317
12;2025-12-26;6;1415
12;2025-12-26;7;2643
12;2025-12-26;8;3490
12;2025-12-26;9;2502
12;2025-12-26;10;2002
12;2025-12-26;11;1907
12;2025-12-26;12;1990
12;2025-12-26;13;2095
12;2025-12-26;14;1958
12;2025-12-26;15;2194
12;2025-12-26;16;2687
12;2025-12-26;17;2917
12;2025-12-26;18;2934
12;2025-12-26;19;2253
12;2025-12-26;20;1492
12;2025-12-26;21;953
12;2025-12-26;22;478
12;2025-12-26;23;268
12;2025-12-27;0;66
12;2025-12-27;1;3
12;2025-12-27;2;1
12;2025-12-27;3;1
12;2025-12-27;4;2
12;2025-12-27;5;221
12;2025-12-27;6;791
12;2025-12-27;7;898
12;2025-12-27;8;1058
12;2025-12-27;9;1297
12;2025-12-27;10;1494
12;2025-12-27;11;1520
12;2025-12-27;12;1579
12;2025-12-27;13;1780
12;2025-12-27;14;1602
12;2025-12-27;15;1570
12;2025-12-27;16;1695
12;2025-12-27;17;1638
12;2025-12-27;18;1617
12;2025-12-27;19;1359
12;2025-12-27;20;945
12;2025-12-27;21;764
12;2025-12-27;22;388
12;2025-12-27;23;291
12;2025-12-28;0;83
12;2025-12-28;1;4
12;2025-12-28;2;1
12;2025-12-28;3;1
12;2025-12-28;4;4
12;2025-12-28;5;133
12;2025-12-28;6;521
12;2025-12-28;7;708
12;2025-12-28;8;732
12;2025-12-28;9;917
12;2025-12-28;10;1172
12;2025-12-28;11;1267
12;2025-12-28;12;1356
12;2025-12-28;13;1575
12;2025-12-28;14;1467
12;2025-12-28;15;1495
12;2025-12-28;16;1493
12;2025-12-28;17;1546
12;2025-12-28;18;1343
12;2025-12-28;19;1002
12;2025-12-28;20;779
12;2025-12-28;21;592
12;2025-12-28;22;388
12;2025-12-28;23;195
12;2025-12-29;0;54
12;2025-12-29;1;2
12;2025-12-29;2;1
12;2025-12-29;3;1
12;2025-12-29;4;7
12;2025-12-29;5;320
12;2025-12-29;6;1423
12;2025-12-29;7;2691
12;2025-12-29;8;3591
12;2025-12-29;9;2581
12;2025-12-29;10;2063
12;2025-12-29;11;1951
12;2025-12-29;12;2039
12;2025-12-29;13;2095
12;2025-12-29;14;1969
12;2025-12-29;15;2209
12;2025-12-29;16;2716
12;2025-12-29;17;2971
12;2025-12-29;18;3072
12;2025-12-29;19;2315
12;2025-12-29;20;1521
12;2025-12-29;21;968
12;2025-12-29;22;485
12;2025-12-29;23;268
12;2025-12-30;0;55
12;2025-12-30;1;2
12;2025-12-30;2;1
12;2025-12-30;3;1
12;2025-12-30;4;7
12;2025-12-30;5;321
12;2025-12-30;6;1457
12;2025-12-30;7;2755
12;2025-12-30;8;3619
12;2025-12-30;9;2621
12;2025-12-30;10;2091
12;2025-12-30;11;1971
12;2025-12-30;12;2086
12;2025-12-30;13;2121
12;2025-12-30;14;1999
12;2025-12-30;15;2236
12;2025-12-30;16;2737
12;2025-12-30;17;3004
12;2025-12-30;18;3112
12;2025-12-30;19;2328
12;2025-12-30;20;1527
12;2025-12-30;21;970
12;2025-12-30;22;487
12;2025-12-30;23;270
12;2025-12-31;0;83
12;2025-12-31;1;4
12;2025-12-31;2;1
12;2025-12-31;3;1
12;2025-12-31;4;4
12;2025-12-31;5;133
12;2025-12-31;6;526
12;2025-12-31;7;723
12;2025-12-31;8;745
12;2025-12-31;9;937
12;2025-12-31;10;1182
12;2025-12-31;11;1290
12;2025-12-31;12;1361
12;2025-12-31;13;1576
12;2025-12-31;14;1475
12;2025-12-31;15;1508
12;2025-12-31;16;1501
12;2025-12-31;17;1568
12;2025-12-31;18;1366
12;2025-12-31;19;1019
12;2025-12-31;20;786
12;2025-12-31;21;603
12;2025-12-31;22;389
12;2025-12-31;23;196
17;2025-11-01;0;126
17;2025-11-01;1;14
17;2025-11-01;2;1
17;2025-11-01;3;1
17;2025-11-01;4;26
17;2025-11-01;5;311
17;2025-11-01;6;1532
17;2025-11-01;7;4128
17;2025-11-01;8;5287
17;2025-11-01;9;3852
17;2025-11-01;10;3040
17;2025-11-01;11;3014
17;2025-11-01;12;3037
17;2025-11-01;13;3087
17;2025-11-01;14;3218
17;2025-11-01;15;3323
17;2025-11-01;16;3801
17;2025-11-01;17;4553
17;2025-11-01;18;4626
17;2025-11-01;19;3189
17;2025-11-01;20;2268
17;2025-11-01;21;1456
17;2025-11-01;22;711
17;2025-11-01;23;387
17;2025-11-02;0;185
17;2025-11-02;1;24
17;2025-11-02;2;1
17;2025-11-02;3;1
17;2025-11-02;4;4
17;2025-11-02;5;107
17;2025-11-02;6;437
17;2025-11-02;7;850
17;2025-11-02;8;1253
17;2025-11-02;9;1724
17;2025-11-02;10;2038
17;2025-11-02;11;2599
17;2025-11-02;12;2942
17;2025-11-02;13;3129
17;2025-11-02;14;3310
17;2025-11-02;15;3225
17;2025-11-02;16;3138
17;2025-11-02;17;2972
17;2025-11-02;18;2577
17;2025-11-02;19;2039
17;2025-11-02;20;1493
17;2025-11-02;21;1101
17;2025-11-02;22;675
17;2025-11-02;23;310
17;2025-11-03;0;182
17;2025-11-03;1;24
17;2025-11-03;2;1
17;2025-11-03;3;1
17;2025-11-03;4;4
17;2025-11-03;5;107
17;2025-11-03;6;437
17;2025-11-03;7;869
17;2025-11-03;8;1260
17;2025-11-03;9;1698
17;2025-11-03;10;1957
17;2025-11-03;11;2419
17;2025-11-03;12;2717
17;2025-11-03;13;2965
17;2025-11-03;14;3090
17;2025-11-03;15;3035
17;2025-11-03;16;3003
17;2025-11-03;17;2883
17;2025-11-03;18;2545
17;2025-11-03;19;2003
17;2025-11-03;20;1460
17;2025-11-03;21;1085
17;2025-11-03;22;669
17;2025-11-03;23;304
17;2025-11-04;0;183
17;2025-11-04;1;24
17;2025-11-04;2;1
17;2025-11-04;3;1
17;2025-11-04;4;4
17;2025-11-04;5;104
17;2025-11-04;6;439
17;2025-11-04;7;849
17;2025-11-04;8;1178
17;2025-11-04;9;1617
17;2025-11-04;10;1876
17;2025-11-04;11;2386
17;2025-11-04;12;2677
17;2025-11-04;13;2889
17;2025-11-04;14;3232
17;2025-11-04;15;3186
17;2025-11-04;16;3086
17;2025-11-04;17;2999
17;2025-11-04;18;2625
17;2025-11-04;19;2095
17;2025-11-04;20;1538
17;2025-11-04;21;1145
17;2025-11-04;22;710
17;2025-11-04;23;333
17;2025-11-05;0;124
17;2025-11-05;1;14
17;2025-11-05;2;1
17;2025-11-05;3;1
17;2025-11-05;4;26
17;2025-11-05;5;310
17;2025-11-05;6;1538
17;2025-11-05;7;4156
17;2025-11-05;8;5329
17;2025-11-05;9;3894
17;2025-11-05;10;3069
17;2025-11-05;11;3016
17;2025-11-05;12;3019
17;2025-11-05;13;3052
17;2025-11-05;14;3166
17;2025-11-05;15;3253
17;2025-11-05;16;3736
17;2025-11-05;17;4533
17;2025-11-05;18;4649
17;2025-11-05;19;3181
17;2025-11-05;20;2270
17;2025-11-05;21;1448
17;2025-11-05;22;699
17;2025-11-05;23;377
17;2025-11-06;0;124
17;2025-11-06;1;14
17;2025-11-06;2;1
17;2025-11-06;3;1
17;2025-11-06;4;26
17;2025-11-06;5;310
17;2025-11-06;6;1535
17;2025-11-06;7;4146
17;2025-11-06;8;5337
17;2025-11-06;9;3902
17;2025-11-06;10;3064
17;2025-11-06;11;2983
17;2025-11-06;12;3079
17;2025-11-06;13;3128
17;2025-11-06;14;3211
17;2025-11-06;15;3266
17;2025-11-06;16;3749
17;2025-11-06;17;4560
17;2025-11-06;18;4676
17;2025-11-06;19;3199
17;2025-11-06;20;2246
17;2025-11-06;21;1450
17;2025-11-06;22;699
17;2025-11-06;23;378
17;2025-11-07;0;126
17;2025-11-07;1;14
17;2025-11-07;2;1
17;2025-11-07;3;1
17;2025-11-07;4;25
17;2025-11-07;5;308
17;2025-11-07;6;1528
17;2025-11-07;7;4134
17;2025-11-07;8;5368
17;2025-11-07;9;3805
17;2025-11-07;10;3040
17;2025-11-07;11;3082
17;2025-11-07;12;3092
17;2025-11-07;13;3159
17;2025-11-07;14;3269
17;2025-11-07;15;3388
17;2025-11-07;16;3888
17;2025-11-07;17;4602
17;2025-11-07;18;4508
17;2025-11-07;19;3133
17;2025-11-07;20;2270
17;2025-11-07;21;1457
17;2025-11-07;22;694
17;2025-11-07;23;389
17;2025-11-08;0;201
17;2025-11-08;1;29
17;2025-11-08;2;1
17;2025-11-08;3;1
17;2025-11-08;4;6
17;2025-11-08;5;133
17;2025-11-08;6;568
17;2025-11-08;7;1243
17;2025-11-08;8;1771
17;2025-11-08;9;2265
17;2025-11-08;10;2522
17;2025-11-08;11;3014
17;2025-11-08;12;3247
17;2025-11-08;13;3474
17;2025-11-08;14;3635
17;2025-11-08;15;3657
17;2025-11-08;16;3693
17;2025-11-08;17;3439
17;2025-11-08;18;3023
17;2025-11-08;19;2345
17;2025-11-08;20;1834
17;2025-11-08;21;1318
17;2025-11-08;22;795
17;2025-11-08;23;446
17;2025-11-09;0;185
17;2025-11-09;1;24
17;2025-11-09;2;1
17;2025-11-09;3;1
17;2025-11-09;4;4
17;2025-11-09;5;107
17;2025-11-09;6;437
17;2025-11-09;7;853
17;2025-11-09;8;1250
17;2025-11-09;9;1719
17;2025-11-09;10;2032
17;2025-11-09;11;2608
17;2025-11-09;12;2919
17;2025-11-09;13;3163
17;2025-11-09;14;3244
17;2025-11-09;15;3213
17;2025-11-09;16;3123
17;2025-11-09;17;2960
17;2025-11-09;18;2561
17;2025-11-09;19;2026
17;2025-11-09;20;1485
17;2025-11-09;21;1099
17;2025-11-09;22;674
17;2025-11-09;23;310
17;2025-11-10;0;123
17;2025-11-10;1;14
17;2025-11-10;2;1
17;2025-11-10;3;1
17;2025-11-10;4;26
17;2025-11-10;5;306
17;2025-11-10;6;1519
17;2025-11-10;7;4152
17;2025-11-10;8;5368
17;2025-11-10;9;3833
17;2025-11-10;10;3002
17;2025-11-10;11;2981
17;2025-11-10;12;2993
17;2025-11-10;13;3056
17;2025-11-10;14;3143
17;2025-11-10;15;3237
17;2025-11-10;16;3737
17;2025-11-10;17;4499
17;2025-11-10;18;4614
17;2025-11-10;19;3167
17;2025-11-10;20;2254
17;2025-11-10;21;1429
17;2025-11-10;22;679
17;2025-11-10;23;372
17;2025-11-11;0;124
17;2025-11-11;1;14
17;2025-11-11;2;1
17;2025-11-11;3;1
17;2025-11-11;4;26
17;2025-11-11;5;310
17;2025-11-11;6;1542
17;2025-11-11;7;4186
17;2025-11-11;8;5371
17;2025-11-11;9;3921
17;2025-11-11;10;3077
17;2025-11-11;11;3056
17;2025-11-11;12;3073
17;2025-11-11;13;3121
17;2025-11-11;14;3207
17;2025-11-11;15;3291
17;2025-11-11;16;3783
17;2025-11-11;17;4606
17;2025-11-11;18;4728
17;2025-11-11;19;3226
17;2025-11-11;20;2284
17;2025-11-11;21;1453
17;2025-11-11;22;694
17;2025-11-11;23;379
17;2025-11-12;0;124
17;2025-11-12;1;14
17;2025-11-12;2;1
17;2025-11-12;3;1
17;2025-11-12;4;26
17;2025-11-12;5;308
17;2025-11-12;6;1520
17;2025-11-12;7;4115
17;2025-11-12;8;5322
17;2025-11-12;9;3872
17;2025-11-12;10;3028
17;2025-11-12;11;2985
17;2025-11-12;12;3020
17;2025-11-12;13;3066
17;2025-11-12;14;3163
17;2025-11-12;15;3244
17;2025-11-12;16;3740
17;2025-11-12;17;4547
17;2025-11-12;18;4641
17;2025-11-12;19;3203
17;2025-11-12;20;2270
17;2025-11-12;21;1442
17;2025-11-12;22;691
17;2025-11-12;23;378
17;2025-11-13;0;125
17;2025-11-13;1;14
17;2025-11-13;2;1
17;2025-11-13;3;1
17;2025-11-13;4;26
17;2025-11-13;5;311
17;2025-11-13;6;1531
17;2025-11-13;7;4191
17;2025-11-13;8;5389
17;2025-11-13;9;3939
17;2025-11-13;10;3078
17;2025-11-13;11;3068
17;2025-11-13;12;3060
17;2025-11-13;13;3099
17;2025-11-13;14;3181
17;2025-11-13;15;3271
17;2025-11-13;16;3782
17;2025-11-13;17;4568
17;2025-11-13;18;4675
17;2025-11-13;19;3210
17;2025-11-13;20;2294
17;2025-11-13;21;1455
17;2025-11-13;22;694
17;2025-11-13;23;381
17;2025-11-14;0;126
17;2025-11-14;1;14
17;2025-11-14;2;1
17;2025-11-14;3;1
17;2025-11-14;4;25
17;2025-11-14;5;302
17;2025-11-14;6;1494
17;2025-11-14;7;4023
17;2025-11-14;8;5169
17;2025-11-14;9;3759
17;2025-11-14;10;2946
17;2025-11-14;11;3023
17;2025-11-14;12;3036
17;2025-11-14;13;3085
17;2025-11-14;14;3170
17;2025-11-14;15;3289
17;2025-11-14;16;3794
17;2025-11-14;17;4488
17;2025-11-14;18;4440
17;2025-11-14;19;3097
17;2025-11-14;20;2275
17;2025-11-14;21;1441
17;2025-11-14;22;708
17;2025-11-14;23;392
17;2025-11-15;0;195
17;2025-11-15;1;28
17;2025-11-15;2;1
17;2025-11-15;3;1
17;2025-11-15;4;6
17;2025-11-15;5;133
17;2025-11-15;6;563
17;2025-11-15;7;1234
17;2025-11-15;8;1792
17;2025-11-15;9;2231
17;2025-11-15;10;2566
17;2025-11-15;11;3008
17;2025-11-15;12;3291
17;2025-11-15;13;3535
17;2025-11-15;14;3582
17;2025-11-15;15;3573
17;2025-11-15;16;3593
17;2025-11-15;17;3290
17;2025-11-15;18;2874
17;2025-11-15;19;2255
17;2025-11-15;20;1880
17;2025-11-15;21;1344
17;2025-11-15;22;797
17;2025-11-15;23;450
17;2025-11-16;0;187
17;2025-11-16;1;24
17;2025-11-16;2;1
17;2025-11-16;3;1
17;2025-11-16;4;4
17;2025-11-16;5;107
17;2025-11-16;6;439
17;2025-11-16;7;858
17;2025-11-16;8;1252
17;2025-11-16;9;1717
17;2025-11-16;10;2044
17;2025-11-16;11;2636
17;2025-11-16;12;2935
17;2025-11-16;13;3155
17;2025-11-16;14;3250
17;2025-11-16;15;3187
17;2025-11-16;16;3102
17;2025-11-16;17;2949
17;2025-11-16;18;2519
17;2025-11-16;19;2038
17;2025-11-16;20;1501
17;2025-11-16;21;1111
17;2025-11-16;22;671
17;2025-11-16;23;307
17;2025-11-17;0;123
17;2025-11-17;1;14
17;2025-11-17;2;1
17;2025-11-17;3;1
17;2025-11-17;4;26
17;2025-11-17;5;309
17;2025-11-17;6;1528
17;2025-11-17;7;4142
17;2025-11-17;8;5286
17;2025-11-17;9;3784
17;2025-11-17;10;2936
17;2025-11-17;11;2908
17;2025-11-17;12;2919
17;2025-11-17;13;2947
17;2025-11-17;14;3069
17;2025-11-17;15;3174
17;2025-11-17;16;3699
17;2025-11-17;17;4452
17;2025-11-17;18;4631
17;2025-11-17;19;3182
17;2025-11-17;20;2263
17;2025-11-17;21;1408
17;2025-11-17;22;688
17;2025-11-17;23;375
17;2025-11-18;0;123
17;2025-11-18;1;14
17;2025-11-18;2;1
17;2025-11-18;3;1
17;2025-11-18;4;26
17;2025-11-18;5;299
17;2025-11-18;6;1467
17;2025-11-18;7;4064
17;2025-11-18;8;5180
17;2025-11-18;9;3682
17;2025-11-18;10;2868
17;2025-11-18;11;2884
17;2025-11-18;12;2888
17;2025-11-18;13;2921
17;2025-11-18;14;3045
17;2025-11-18;15;3188
17;2025-11-18;16;3684
17;2025-11-18;17;4484
17;2025-11-18;18;4565
17;2025-11-18;19;3134
17;2025-11-18;20;2258
17;2025-11-18;21;1431
17;2025-11-18;22;680
17;2025-11-18;23;373
17;2025-11-19;0;123
17;2025-11-19;1;14
17;2025-11-19;2;1
17;2025-11-19;3;1
17;2025-11-19;4;26
17;2025-11-19;5;310
17;2025-11-19;6;1535
17;2025-11-19;7;4147
17;2025-11-19;8;5331
17;2025-11-19;9;3861
17;2025-11-19;10;3031
17;2025-11-19;11;3009
17;2025-11-19;12;3039
17;2025-11-19;13;3077
17;2025-11-19;14;3168
17;2025-11-19;15;3251
17;2025-11-19;16;3743
17;2025-11-19;17;4530
17;2025-11-19;18;4663
17;2025-11-19;19;3208
17;2025-11-19;20;2284
17;2025-11-19;21;1454
17;2025-11-19;22;701
17;2025-11-19;23;382
17;2025-11-20;0;125
17;2025-11-20;1;14
17;2025-11-20;2;1
17;2025-11-20;3;1
17;2025-11-20;4;26
17;2025-11-20;5;310
17;2025-11-20;6;1541
17;2025-11-20;7;4158
17;2025-11-20;8;5350
17;2025-11-20;9;3877
17;2025-11-20;10;3049
17;2025-11-20;11;3028
17;2025-11-20;12;3039
17;2025-11-20;13;3083
17;2025-11-20;14;3172
17;2025-11-20;15;3246
17;2025-11-20;16;3744
17;2025-11-20;17;4531
17;2025-11-20;18;4670
17;2025-11-20;19;3220
17;2025-11-20;20;2291
17;2025-11-20;21;1456
17;2025-11-20;22;701
17;2025-11-20;23;384
17;2025-11-21;0;126
17;2025-11-21;1;14
17;2025-11-21;2;1
17;2025-11-21;3;1
17;2025-11-21;4;25
17;2025-11-21;5;307
17;2025-11-21;6;1537
17;2025-11-21;7;4105
17;2025-11-21;8;5283
17;2025-11-21;9;3852
17;2025-11-21;10;3038
17;2025-11-21;11;3082
17;2025-11-21;12;3038
17;2025-11-21;13;3138
17;2025-11-21;14;3243
17;2025-11-21;15;3342
17;2025-11-21;16;3846
17;2025-11-21;17;4571
17;2025-11-21;18;4515
17;2025-11-21;19;3154
17;2025-11-21;20;2286
17;2025-11-21;21;1473
17;2025-11-21;22;711
17;2025-11-21;23;394
17;2025-11-22;0;203
17;2025-11-22;1;29
17;2025-11-22;2;1
17;2025-11-22;3;1
17;2025-11-22;4;6
17;2025-11-22;5;135
17;2025-11-22;6;582
17;2025-11-22;7;1275
17;2025-11-22;8;1798
17;2025-11-22;9;2317
17;2025-11-22;10;2619
17;2025-11-22;11;3105
17;2025-11-22;12;3397
17;2025-11-22;13;3659
17;2025-11-22;14;3650
17;2025-11-22;15;3626
17;2025-11-22;16;3647
17;2025-11-22;17;3373
17;2025-11-22;18;2993
17;2025-11-22;19;2364
17;2025-11-22;20;1853
17;2025-11-22;21;1319
17;2025-11-22;22;789
17;2025-11-22;23;446
17;2025-11-23;0;185
17;2025-11-23;1;24
17;2025-11-23;2;1
17;2025-11-23;3;1
17;2025-11-23;4;4
17;2025-11-23;5;107
17;2025-11-23;6;428
17;2025-11-23;7;815
17;2025-11-23;8;1237
17;2025-11-23;9;1660
17;2025-11-23;10;1961
17;2025-11-23;11;2485
17;2025-11-23;12;2909
17;2025-11-23;13;3128
17;2025-11-23;14;3179
17;2025-11-23;15;3125
17;2025-11-23;16;3129
17;2025-11-23;17;2971
17;2025-11-23;18;2595
17;2025-11-23;19;2074
17;2025-11-23;20;1517
17;2025-11-23;21;1109
17;2025-11-23;22;679
17;2025-11-23;23;307
17;2025-11-24;0;122
17;2025-11-24;1;13
17;2025-11-24;2;1
17;2025-11-24;3;1
17;2025-11-24;4;25
17;2025-11-24;5;296
17;2025-11-24;6;1468
17;2025-11-24;7;4082
17;2025-11-24;8;5294
17;2025-11-24;9;3795
17;2025-11-24;10;2975
17;2025-11-24;11;2893
17;2025-11-24;12;2939
17;2025-11-24;13;3007
17;2025-11-24;14;3095
17;2025-11-24;15;3182
17;2025-11-24;16;3720
17;2025-11-24;17;4437
17;2025-11-24;18;4608
17;2025-11-24;19;3162
17;2025-11-24;20;2256
17;2025-11-24;21;1427
17;2025-11-24;22;682
17;2025-11-24;23;370
17;2025-11-25;0;122
17;2025-11-25;1;14
17;2025-11-25;2;1
17;2025-11-25;3;1
17;2025-11-25;4;26
17;2025-11-25;5;309
17;2025-11-25;6;1540
17;2025-11-25;7;4156
17;2025-11-25;8;5341
17;2025-11-25;9;3871
17;2025-11-25;10;3046
17;2025-11-25;11;3029
17;2025-11-25;12;3035
17;2025-11-25;13;3092
17;2025-11-25;14;3185
17;2025-11-25;15;3258
17;2025-11-25;16;3753
17;2025-11-25;17;4549
17;2025-11-25;18;4678
17;2025-11-25;19;3214
17;2025-11-25;20;2287
17;2025-11-25;21;1453
17;2025-11-25;22;697
17;2025-11-25;23;379
17;2025-11-26;0;125
17;2025-11-26;1;14
17;2025-11-26;2;1
17;2025-11-26;3;1
17;2025-11-26;4;26
17;2025-11-26;5;310
17;2025-11-26;6;1534
17;2025-11-26;7;4169
17;2025-11-26;8;5347
17;2025-11-26;9;3849
17;2025-11-26;10;2999
17;2025-11-26;11;2982
17;2025-11-26;12;3017
17;2025-11-26;13;3084
17;2025-11-26;14;3159
17;2025-11-26;15;3271
17;2025-11-26;16;3759
17;2025-11-26;17;4569
17;2025-11-26;18;4648
17;2025-11-26;19;3199
17;2025-11-26;20;2280
17;2025-11-26;21;1451
17;2025-11-26;22;698
17;2025-11-26;23;382
17;2025-11-27;0;125
17;2025-11-27;1;14
17;2025-11-27;2;1
17;2025-11-27;3;1
17;2025-11-27;4;26
17;2025-11-27;5;310
17;2025-11-27;6;1538
17;2025-11-27;7;4153
17;2025-11-27;8;5336
17;2025-11-27;9;3905
17;2025-11-27;10;3065
17;2025-11-27;11;3027
17;2025-11-27;12;2996
17;2025-11-27;13;3082
17;2025-11-27;14;3158
17;2025-11-27;15;3273
17;2025-11-27;16;3774
17;2025-11-27;17;4501
17;2025-11-27;18;4581
17;2025-11-27;19;3152
17;2025-11-27;20;2254
17;2025-11-27;21;1419
17;2025-11-27;22;675
17;2025-11-27;23;370
17;2025-11-28;0;124
17;2025-11-28;1;14
17;2025-11-28;2;1
17;2025-11-28;3;1
17;2025-11-28;4;25
17;2025-11-28;5;307
17;2025-11-28;6;1531
17;2025-11-28;7;4135
17;2025-11-28;8;5329
17;2025-11-28;9;3860
17;2025-11-28;10;3040
17;2025-11-28;11;3083
17;2025-11-28;12;3106
17;2025-11-28;13;3148
17;2025-11-28;14;3257
17;2025-11-28;15;3351
17;2025-11-28;16;3866
17;2025-11-28;17;4582
17;2025-11-28;18;4510
17;2025-11-28;19;3155
17;2025-11-28;20;2278
17;2025-11-28;21;1465
17;2025-11-28;22;705
17;2025-11-28;23;393
17;2025-11-29;0;203
17;2025-11-29;1;28
17;2025-11-29;2;1
17;2025-11-29;3;1
17;2025-11-29;4;6
17;2025-11-29;5;137
17;2025-11-29;6;575
17;2025-11-29;7;1243
17;2025-11-29;8;1793
17;2025-11-29;9;2272
17;2025-11-29;10;2539
17;2025-11-29;11;3008
17;2025-11-29;12;3380
17;2025-11-29;13;3624
17;2025-11-29;14;3607
17;2025-11-29;15;3604
17;2025-11-29;16;3619
17;2025-11-29;17;3367
17;2025-11-29;18;2996
17;2025-11-29;19;2374
17;2025-11-29;20;1844
17;2025-11-29;21;1330
17;2025-11-29;22;800
17;2025-11-29;23;449
17;2025-11-30;0;182
17;2025-11-30;1;24
17;2025-11-30;2;1
17;2025-11-30;3;1
17;2025-11-30;4;4
17;2025-11-30;5;107
17;2025-11-30;6;436
17;2025-11-30;7;840
17;2025-11-30;8;1248
17;2025-11-30;9;1646
17;2025-11-30;10;1993
17;2025-11-30;11;2557
17;2025-11-30;12;2946
17;2025-11-30;13;3187
17;2025-11-30;14;3294
17;2025-11-30;15;3188
17;2025-11-30;16;3111
17;2025-11-30;17;2980
17;2025-11-30;18;2593
17;2025-11-30;19;2058
17;2025-11-30;20;1490
17;2025-11-30;21;1103
17;2025-11-30;22;677
17;2025-11-30;23;312
17;2025-12-01;0;124
17;2025-12-01;1;14
17;2025-12-01;2;1
17;2025-12-01;3;1
17;2025-12-01;4;26
17;2025-12-01;5;307
17;2025-12-01;6;1529
17;2025-12-01;7;4148
17;2025-12-01;8;5343
17;2025-12-01;9;3832
17;2025-12-01;10;3007
17;2025-12-01;11;2977
17;2025-12-01;12;2994
17;2025-12-01;13;3056
17;2025-12-01;14;3149
17;2025-12-01;15;3235
17;2025-12-01;16;3730
17;2025-12-01;17;4502
17;2025-12-01;18;4656
17;2025-12-01;19;3191
17;2025-12-01;20;2270
17;2025-12-01;21;1445
17;2025-12-01;22;691
17;2025-12-01;23;375
17;2025-12-02;0;124
17;2025-12-02;1;14
17;2025-12-02;2;1
17;2025-12-02;3;1
17;2025-12-02;4;26
17;2025-12-02;5;310
17;2025-12-02;6;1538
17;2025-12-02;7;4159
17;2025-12-02;8;5352
17;2025-12-02;9;3894
17;2025-12-02;10;3052
17;2025-12-02;11;3045
17;2025-12-02;12;3055
17;2025-12-02;13;3107
17;2025-12-02;14;3192
17;2025-12-02;15;3273
17;2025-12-02;16;3772
17;2025-12-02;17;4588
17;2025-12-02;18;4722
17;2025-12-02;19;3247
17;2025-12-02;20;2297
17;2025-12-02;21;1457
17;2025-12-02;22;703
17;2025-12-02;23;381
17;2025-12-03;0;125
17;2025-12-03;1;14
17;2025-12-03;2;1
17;2025-12-03;3;1
17;2025-12-03;4;26
17;2025-12-03;5;310
17;2025-12-03;6;1541
17;2025-12-03;7;4164
17;2025-12-03;8;5357
17;2025-12-03;9;3906
17;2025-12-03;10;3064
17;2025-12-03;11;3050
17;2025-12-03;12;3068
17;2025-12-03;13;3116
17;2025-12-03;14;3197
17;2025-12-03;15;3260
17;2025-12-03;16;3756
17;2025-12-03;17;4572
17;2025-12-03;18;4703
17;2025-12-03;19;3232
17;2025-12-03;20;2290
17;2025-12-03;21;1456
17;2025-12-03;22;703
17;2025-12-03;23;384
17;2025-12-04;0;125
17;2025-12-04;1;14
17;2025-12-04;2;1
17;2025-12-04;3;1
17;2025-12-04;4;26
17;2025-12-04;5;311
17;2025-12-04;6;1544
17;2025-12-04;7;4164
17;2025-12-04;8;5351
17;2025-12-04;9;3891
17;2025-12-04;10;3053
17;2025-12-04;11;3043
17;2025-12-04;12;3054
17;2025-12-04;13;3102
17;2025-12-04;14;3175
17;2025-12-04;15;3258
17;2025-12-04;16;3758
17;2025-12-04;17;4550
17;2025-12-04;18;4681
17;2025-12-04;19;3214
17;2025-12-04;20;2285
17;2025-12-04;21;1454
17;2025-12-04;22;701
17;2025-12-04;23;383
17;2025-12-05;0;126
17;2025-12-05;1;14
17;2025-12-05;2;1
17;2025-12-05;3;1
17;2025-12-05;4;25
17;2025-12-05;5;307
17;2025-12-05;6;1536
17;2025-12-05;7;4129
17;2025-12-05;8;5361
17;2025-12-05;9;3867
17;2025-12-05;10;3045
17;2025-12-05;11;3086
17;2025-12-05;12;3100
17;2025-12-05;13;3148
17;2025-12-05;14;3255
17;2025-12-05;15;3352
17;2025-12-05;16;3862
17;2025-12-05;17;4585
17;2025-12-05;18;4515
17;2025-12-05;19;3147
17;2025-12-05;20;2279
17;2025-12-05;21;1468
17;2025-12-05;22;706
17;2025-12-05;23;393
17;2025-12-06;0;203
17;2025-12-06;1;29
17;2025-12-06;2;1
17;2025-12-06;3;1
17;2025-12-06;4;6
17;2025-12-06;5;136
17;2025-12-06;6;580
17;2025-12-06;7;1264
17;2025-12-06;8;1830
17;2025-12-06;9;2332
17;2025-12-06;10;2611
17;2025-12-06;11;3084
17;2025-12-06;12;3385
17;2025-12-06;13;3636
17;2025-12-06;14;3636
17;2025-12-06;15;3625
17;2025-12-06;16;3629
17;2025-12-06;17;3377
17;2025-12-06;18;3001
17;2025-12-06;19;2362
17;2025-12-06;20;1833
17;2025-12-06;21;1323
17;2025-12-06;22;796
17;2025-12-06;23;448
17;2025-12-07;0;185
17;2025-12-07;1;24
17;2025-12-07;2;1
17;2025-12-07;3;1
17;2025-12-07;4;4
17;2025-12-07;5;107
17;2025-12-07;6;436
17;2025-12-07;7;836
17;2025-12-07;8;1244
17;2025-12-07;9;1698
17;2025-12-07;10;2021
17;2025-12-07;11;2588
17;2025-12-07;12;2907
17;2025-12-07;13;3131
17;2025-12-07;14;3268
17;2025-12-07;15;3187
17;2025-12-07;16;3090
17;2025-12-07;17;2936
17;2025-12-07;18;2560
17;2025-12-07;19;2050
17;2025-12-07;20;1503
17;2025-12-07;21;1107
17;2025-12-07;22;677
17;2025-12-07;23;312
17;2025-12-08;0;124
17;2025-12-08;1;14
17;2025-12-08;2;1
17;2025-12-08;3;1
17;2025-12-08;4;26
17;2025-12-08;5;307
17;2025-12-08;6;1524
17;2025-12-08;7;4158
17;2025-12-08;8;5332
17;2025-12-08;9;3831
17;2025-12-08;10;2992
17;2025-12-08;11;2978
17;2025-12-08;12;2997
17;2025-12-08;13;3050
17;2025-12-08;14;3142
17;2025-12-08;15;3234
17;2025-12-08;16;3732
17;2025-12-08;17;4499
17;2025-12-08;18;4642
17;2025-12-08;19;3196
17;2025-12-08;20;2273
17;2025-12-08;21;1446
17;2025-12-08;22;694
17;2025-12-08;23;376
17;2025-12-09;0;123
17;2025-12-09;1;14
17;2025-12-09;2;1
17;2025-12-09;3;1
17;2025-12-09;4;26
17;2025-12-09;5;309
17;2025-12-09;6;1536
17;2025-12-09;7;4135
17;2025-12-09;8;5319
17;2025-12-09;9;3869
17;2025-12-09;10;3043
17;2025-12-09;11;3001
17;2025-12-09;12;3009
17;2025-12-09;13;3049
17;2025-12-09;14;3134
17;2025-12-09;15;3254
17;2025-12-09;16;3749
17;2025-12-09;17;4515
17;2025-12-09;18;4636
17;2025-12-09;19;3205
17;2025-12-09;20;2283
17;2025-12-09;21;1442
17;2025-12-09;22;693
17;2025-12-09;23;379
17;2025-12-10;0;124
17;2025-12-10;1;14
17;2025-12-10;2;1
17;2025-12-10;3;1
17;2025-12-10;4;26
17;2025-12-10;5;311
17;2025-12-10;6;1541
17;2025-12-10;7;4131
17;2025-12-10;8;5315
17;2025-12-10;9;3912
17;2025-12-10;10;3076
17;2025-12-10;11;3054
17;2025-12-10;12;3045
17;2025-12-10;13;3086
17;2025-12-10;14;3166
17;2025-12-10;15;3246
17;2025-12-10;16;3731
17;2025-12-10;17;4538
17;2025-12-10;18;4676
17;2025-12-10;19;3220
17;2025-12-10;20;2288
17;2025-12-10;21;1453
17;2025-12-10;22;698
17;2025-12-10;23;380
17;2025-12-11;0;125
17;2025-12-11;1;14
17;2025-12-11;2;1
17;2025-12-11;3;1
17;2025-12-11;4;26
17;2025-12-11;5;311
17;2025-12-11;6;1545
17;2025-12-11;7;4159
17;2025-12-11;8;5354
17;2025-12-11;9;3802
17;2025-12-11;10;3008
17;2025-12-11;11;3006
17;2025-12-11;12;3032
17;2025-12-11;13;3103
17;2025-12-11;14;3201
17;2025-12-11;15;3279
17;2025-12-11;16;3771
17;2025-12-11;17;4557
17;2025-12-11;18;4641
17;2025-12-11;19;3171
17;2025-12-11;20;2270
17;2025-12-11;21;1431
17;2025-12-11;22;689
17;2025-12-11;23;383
17;2025-12-12;0;126
17;2025-12-12;1;14
17;2025-12-12;2;1
17;2025-12-12;3;1
17;2025-12-12;4;25
17;2025-12-12;5;306
17;2025-12-12;6;1528
17;2025-12-12;7;4104
17;2025-12-12;8;5338
17;2025-12-12;9;3860
17;2025-12-12;10;3029
17;2025-12-12;11;3092
17;2025-12-12;12;2975
17;2025-12-12;13;3019
17;2025-12-12;14;3126
17;2025-12-12;15;3231
17;2025-12-12;16;3726
17;2025-12-12;17;4396
17;2025-12-12;18;4434
17;2025-12-12;19;3091
17;2025-12-12;20;2245
17;2025-12-12;21;1432
17;2025-12-12;22;675
17;2025-12-12;23;376
17;2025-12-13;0;190
17;2025-12-13;1;25
17;2025-12-13;2;1
17;2025-12-13;3;1
17;2025-12-13;4;6
17;2025-12-13;5;124
17;2025-12-13;6;523
17;2025-12-13;7;1138
17;2025-12-13;8;1618
17;2025-12-13;9;2012
17;2025-12-13;10;2276
17;2025-12-13;11;2717
17;2025-12-13;12;3058
17;2025-12-13;13;3263
17;2025-12-13;14;3261
17;2025-12-13;15;3286
17;2025-12-13;16;3333
17;2025-12-13;17;3142
17;2025-12-13;18;2783
17;2025-12-13;19;2204
17;2025-12-13;20;1665
17;2025-12-13;21;1190
17;2025-12-13;22;737
17;2025-12-13;23;394
17;2025-12-14;0;164
17;2025-12-14;1;22
17;2025-12-14;2;1
17;2025-12-14;3;1
17;2025-12-14;4;4
17;2025-12-14;5;105
17;2025-12-14;6;438
17;2025-12-14;7;860
17;2025-12-14;8;1181
17;2025-12-14;9;1668
17;2025-12-14;10;1976
17;2025-12-14;11;2527
17;2025-12-14;12;2816
17;2025-12-14;13;3027
17;2025-12-14;14;3145
17;2025-12-14;15;3074
17;2025-12-14;16;3059
17;2025-12-14;17;2900
17;2025-12-14;18;2560
17;2025-12-14;19;2073
17;2025-12-14;20;1517
17;2025-12-14;21;1120
17;2025-12-14;22;686
17;2025-12-14;23;314
17;2025-12-15;0;123
17;2025-12-15;1;14
17;2025-12-15;2;1
17;2025-12-15;3;1
17;2025-12-15;4;26
17;2025-12-15;5;308
17;2025-12-15;6;1528
17;2025-12-15;7;4139
17;2025-12-15;8;5337
17;2025-12-15;9;3836
17;2025-12-15;10;3001
17;2025-12-15;11;2977
17;2025-12-15;12;2985
17;2025-12-15;13;3043
17;2025-12-15;14;3136
17;2025-12-15;15;3227
17;2025-12-15;16;3722
17;2025-12-15;17;4497
17;2025-12-15;18;4634
17;2025-12-15;19;3183
17;2025-12-15;20;2264
17;2025-12-15;21;1441
17;2025-12-15;22;695
17;2025-12-15;23;376
17;2025-12-16;0;124
17;2025-12-16;1;14
17;2025-12-16;2;1
17;2025-12-16;3;1
17;2025-12-16;4;26
17;2025-12-16;5;310
17;2025-12-16;6;1538
17;2025-12-16;7;4157
17;2025-12-16;8;5343
17;2025-12-16;9;3895
17;2025-12-16;10;3066
17;2025-12-16;11;3026
17;2025-12-16;12;3013
17;2025-12-16;13;3013
17;2025-12-16;14;3142
17;2025-12-16;15;3261
17;2025-12-16;16;3748
17;2025-12-16;17;4552
17;2025-12-16;18;4669
17;2025-12-16;19;3213
17;2025-12-16;20;2292
17;2025-12-16;21;1456
17;2025-12-16;22;695
17;2025-12-16;23;379
17;2025-12-17;0;123
17;2025-12-17;1;14
17;2025-12-17;2;1
17;2025-12-17;3;1
17;2025-12-17;4;26
17;2025-12-17;5;308
17;2025-12-17;6;1525
17;2025-12-17;7;4129
17;2025-12-17;8;5329
17;2025-12-17;9;3876
17;2025-12-17;10;3059
17;2025-12-17;11;3036
17;2025-12-17;12;3045
17;2025-12-17;13;3088
17;2025-12-17;14;3166
17;2025-12-17;15;3249
17;2025-12-17;16;3730
17;2025-12-17;17;4538
17;2025-12-17;18;4668
17;2025-12-17;19;3216
17;2025-12-17;20;2287
17;2025-12-17;21;1452
17;2025-12-17;22;697
17;2025-12-17;23;380
17;2025-12-18;0;125
17;2025-12-18;1;14
17;2025-12-18;2;1
17;2025-12-18;3;1
17;2025-12-18;4;26
17;2025-12-18;5;311
17;2025-12-18;6;1542
17;2025-12-18;7;4157
17;2025-12-18;8;5336
17;2025-12-18;9;3889
17;2025-12-18;10;3071
17;2025-12-18;11;3064
17;2025-12-18;12;3074
17;2025-12-18;13;3110
17;2025-12-18;14;3188
17;2025-12-18;15;3268
17;2025-12-18;16;3761
17;2025-12-18;17;4556
17;2025-12-18;18;4681
17;2025-12-18;19;3237
17;2025-12-18;20;2307
17;2025-12-18;21;1455
17;2025-12-18;22;698
17;2025-12-18;23;382
17;2025-12-19;0;126
17;2025-12-19;1;14
17;2025-12-19;2;1
17;2025-12-19;3;1
17;2025-12-19;4;26
17;2025-12-19;5;308
17;2025-12-19;6;1533
17;2025-12-19;7;4123
17;2025-12-19;8;5321
17;2025-12-19;9;3858
17;2025-12-19;10;3044
17;2025-12-19;11;3085
17;2025-12-19;12;3098
17;2025-12-19;13;3141
17;2025-12-19;14;3240
17;2025-12-19;15;3332
17;2025-12-19;16;3844
17;2025-12-19;17;4540
17;2025-12-19;18;4569
17;2025-12-19;19;3153
17;2025-12-19;20;2282
17;2025-12-19;21;1468
17;2025-12-19;22;705
17;2025-12-19;23;392
17;2025-12-20;0;203
17;2025-12-20;1;28
17;2025-12-20;2;1
17;2025-12-20;3;1
17;2025-12-20;4;6
17;2025-12-20;5;137
17;2025-12-20;6;555
17;2025-12-20;7;1207
17;2025-12-20;8;1761
17;2025-12-20;9;2222
17;2025-12-20;10;2555
17;2025-12-20;11;2983
17;2025-12-20;12;3348
17;2025-12-20;13;3623
17;2025-12-20;14;3613
17;2025-12-20;15;3592
17;2025-12-20;16;3605
17;2025-12-20;17;3334
17;2025-12-20;18;2922
17;2025-12-20;19;2325
17;2025-12-20;20;1811
17;2025-12-20;21;1306
17;2025-12-20;22;788
17;2025-12-20;23;440
17;2025-12-21;0;181
17;2025-12-21;1;23
17;2025-12-21;2;1
17;2025-12-21;3;1
17;2025-12-21;4;4
17;2025-12-21;5;106
17;2025-12-21;6;430
17;2025-12-21;7;848
17;2025-12-21;8;1233
17;2025-12-21;9;1701
17;2025-12-21;10;2015
17;2025-12-21;11;2587
17;2025-12-21;12;2916
17;2025-12-21;13;3140
17;2025-12-21;14;3259
17;2025-12-21;15;3174
17;2025-12-21;16;3085
17;2025-12-21;17;2933
17;2025-12-21;18;2558
17;2025-12-21;19;2044
17;2025-12-21;20;1496
17;2025-12-21;21;1103
17;2025-12-21;22;670
17;2025-12-21;23;311
17;2025-12-22;0;124
17;2025-12-22;1;14
17;2025-12-22;2;1
17;2025-12-22;3;1
17;2025-12-22;4;26
17;2025-12-22;5;308
17;2025-12-22;6;1527
17;2025-12-22;7;4155
17;2025-12-22;8;5351
17;2025-12-22;9;3783
17;2025-12-22;10;2979
17;2025-12-22;11;2932
17;2025-12-22;12;2945
17;2025-12-22;13;3034
17;2025-12-22;14;3093
17;2025-12-22;15;3168
17;2025-12-22;16;3678
17;2025-12-22;17;4426
17;2025-12-22;18;4573
17;2025-12-22;19;3148
17;2025-12-22;20;2226
17;2025-12-22;21;1431
17;2025-12-22;22;694
17;2025-12-22;23;369
17;2025-12-23;0;122
17;2025-12-23;1;13
17;2025-12-23;2;1
17;2025-12-23;3;1
17;2025-12-23;4;26
17;2025-12-23;5;306
17;2025-12-23;6;1524
17;2025-12-23;7;4105
17;2025-12-23;8;5252
17;2025-12-23;9;3823
17;2025-12-23;10;3005
17;2025-12-23;11;2987
17;2025-12-23;12;2997
17;2025-12-23;13;3048
17;2025-12-23;14;3155
17;2025-12-23;15;3252
17;2025-12-23;16;3728
17;2025-12-23;17;4518
17;2025-12-23;18;4643
17;2025-12-23;19;3207
17;2025-12-23;20;2291
17;2025-12-23;21;1459
17;2025-12-23;22;702
17;2025-12-23;23;380
17;2025-12-24;0;125
17;2025-12-24;1;14
17;2025-12-24;2;1
17;2025-12-24;3;1
17;2025-12-24;4;26
17;2025-12-24;5;310
17;2025-12-24;6;1539
17;2025-12-24;7;4151
17;2025-12-24;8;5332
17;2025-12-24;9;3868
17;2025-12-24;10;3033
17;2025-12-24;11;3017
17;2025-12-24;12;3026
17;2025-12-24;13;3069
17;2025-12-24;14;3157
17;2025-12-24;15;3235
17;2025-12-24;16;3719
17;2025-12-24;17;4534
17;2025-12-24;18;4669
17;2025-12-24;19;3214
17;2025-12-24;20;2282
17;2025-12-24;21;1457
17;2025-12-24;22;700
17;2025-12-24;23;383
17;2025-12-25;0;126
17;2025-12-25;1;14
17;2025-12-25;2;1
17;2025-12-25;3;1
17;2025-12-25;4;26
17;2025-12-25;5;311
17;2025-12-25;6;1550
17;2025-12-25;7;4153
17;2025-12-25;8;5337
17;2025-12-25;9;3892
17;2025-12-25;10;3069
17;2025-12-25;11;3064
17;2025-12-25;12;3079
17;2025-12-25;13;3114
17;2025-12-25;14;3194
17;2025-12-25;15;3279
17;2025-12-25;16;3772
17;2025-12-25;17;4520
17;2025-12-25;18;4632
17;2025-12-25;19;3221
17;2025-12-25;20;2277
17;2025-12-25;21;1448
17;2025-12-25;22;685
17;2025-12-25;23;370
17;2025-12-26;0;121
17;2025-12-26;1;13
17;2025-12-26;2;1
17;2025-12-26;3;1
17;2025-12-26;4;25
17;2025-12-26;5;306
17;2025-12-26;6;1496
17;2025-12-26;7;4027
17;2025-12-26;8;5173
17;2025-12-26;9;3748
17;2025-12-26;10;2942
17;2025-12-26;11;2939
17;2025-12-26;12;2966
17;2025-12-26;13;3063
17;2025-12-26;14;3132
17;2025-12-26;15;3237
17;2025-12-26;16;3700
17;2025-12-26;17;4412
17;2025-12-26;18;4465
17;2025-12-26;19;3102
17;2025-12-26;20;2213
17;2025-12-26;21;1418
17;2025-12-26;22;675
17;2025-12-26;23;378
17;2025-12-27;0;194
17;2025-12-27;1;26
17;2025-12-27;2;1
17;2025-12-27;3;1
17;2025-12-27;4;6
17;2025-12-27;5;128
17;2025-12-27;6;522
17;2025-12-27;7;1118
17;2025-12-27;8;1623
17;2025-12-27;9;2296
17;2025-12-27;10;2430
17;2025-12-27;11;2898
17;2025-12-27;12;3340
17;2025-12-27;13;3622
17;2025-12-27;14;3611
17;2025-12-27;15;3589
17;2025-12-27;16;3612
17;2025-12-27;17;3364
17;2025-12-27;18;2992
17;2025-12-27;19;2376
17;2025-12-27;20;1855
17;2025-12-27;21;1285
17;2025-12-27;22;748
17;2025-12-27;23;424
17;2025-12-28;0;182
17;2025-12-28;1;23
17;2025-12-28;2;1
17;2025-12-28;3;1
17;2025-12-28;4;4
17;2025-12-28;5;106
17;2025-12-28;6;431
17;2025-12-28;7;820
17;2025-12-28;8;1204
17;2025-12-28;9;1650
17;2025-12-28;10;2001
17;2025-12-28;11;2533
17;2025-12-28;12;2884
17;2025-12-28;13;3139
17;2025-12-28;14;3196
17;2025-12-28;15;3129
17;2025-12-28;16;3097
17;2025-12-28;17;2946
17;2025-12-28;18;2571
17;2025-12-28;19;2059
17;2025-12-28;20;1507
17;2025-12-28;21;1113
17;2025-12-28;22;678
17;2025-12-28;23;313
17;2025-12-29;0;123
17;2025-12-29;1;14
17;2025-12-29;2;1
17;2025-12-29;3;1
17;2025-12-29;4;26
17;2025-12-29;5;310
17;2025-12-29;6;1525
17;2025-12-29;7;4138
17;2025-12-29;8;5326
17;2025-12-29;9;3840
17;2025-12-29;10;3014
17;2025-12-29;11;2982
17;2025-12-29;12;2985
17;2025-12-29;13;3030
17;2025-12-29;14;3121
17;2025-12-29;15;3223
17;2025-12-29;16;3708
17;2025-12-29;17;4500
17;2025-12-29;18;4654
17;2025-12-29;19;3187
17;2025-12-29;20;2272
17;2025-12-29;21;1449
17;2025-12-29;22;695
17;2025-12-29;23;379
17;2025-12-30;0;125
17;2025-12-30;1;14
17;2025-12-30;2;1
17;2025-12-30;3;1
17;2025-12-30;4;26
17;2025-12-30;5;310
17;2025-12-30;6;1547
17;2025-12-30;7;4160
17;2025-12-30;8;5325
17;2025-12-30;9;3854
17;2025-12-30;10;3018
17;2025-12-30;11;3000
17;2025-12-30;12;3025
17;2025-12-30;13;3053
17;2025-12-30;14;3153
17;2025-12-30;15;3231
17;2025-12-30;16;3716
17;2025-12-30;17;4498
17;2025-12-30;18;4698
17;2025-12-30;19;3198
17;2025-12-30;20;2276
17;2025-12-30;21;1452
17;2025-12-30;22;697
17;2025-12-30;23;380
17;2025-12-31;0;181
17;2025-12-31;1;23
17;2025-12-31;2;1
17;2025-12-31;3;1
17;2025-12-31;4;4
17;2025-12-31;5;106
17;2025-12-31;6;439
17;2025-12-31;7;859
17;2025-12-31;8;1259
17;2025-12-31;9;1736
17;2025-12-31;10;2054
17;2025-12-31;11;2615
17;2025-12-31;12;2927
17;2025-12-31;13;3131
17;2025-12-31;14;3221
17;2025-12-31;15;3173
17;2025-12-31;16;3096
17;2025-12-31;17;2966
17;2025-12-31;18;2603
17;2025-12-31;19;2087
17;2025-12-31;20;1522
17;2025-12-31;21;1130
17;2025-12-31;22;684
17;2025-12-31;23;316
25;2025-11-01;0;4
25;2025-11-01;1;1
25;2025-11-01;2;1
25;2025-11-01;3;1
25;2025-11-01;4;1
25;2025-11-01;5;21
25;2025-11-01;6;277
25;2025-11-01;7;557
25;2025-11-01;8;945
25;2025-11-01;9;498
25;2025-11-01;10;409
25;2025-11-01;11;467
25;2025-11-01;12;456
25;2025-11-01;13;581
25;2025-11-01;14;494
25;2025-11-01;15;617
25;2025-11-01;16;744
25;2025-11-01;17;832
25;2025-11-01;18;799
25;2025-11-01;19;641
25;2025-11-01;20;332
25;2025-11-01;21;232
25;2025-11-01;22;96
25;2025-11-01;23;10
25;2025-11-02;0;17
25;2025-11-02;1;1
25;2025-11-02;2;1
25;2025-11-02;3;1
25;2025-11-02;4;1
25;2025-11-02;5;11
25;2025-11-02;6;113
25;2025-11-02;7;108
25;2025-11-02;8;205
25;2025-11-02;9;236
25;2025-11-02;10;239
25;2025-11-02;11;342
25;2025-11-02;12;411
25;2025-11-02;13;519
25;2025-11-02;14;627
25;2025-11-02;15;711
25;2025-11-02;16;601
25;2025-11-02;17;605
25;2025-11-02;18;454
25;2025-11-02;19;300
25;2025-11-02;20;237
25;2025-11-02;21;148
25;2025-11-02;22;94
25;2025-11-02;23;36
25;2025-11-03;0;16
25;2025-11-03;1;1
25;2025-11-03;2;1
25;2025-11-03;3;1
25;2025-11-03;4;1
25;2025-11-03;5;11
25;2025-11-03;6;111
25;2025-11-03;7;106
25;2025-11-03;8;200
25;2025-11-03;9;224
25;2025-11-03;10;220
25;2025-11-03;11;307
25;2025-11-03;12;366
25;2025-11-03;13;479
25;2025-11-03;14;569
25;2025-11-03;15;658
25;2025-11-03;16;564
25;2025-11-03;17;575
25;2025-11-03;18;447
25;2025-11-03;19;296
25;2025-11-03;20;230
25;2025-11-03;21;145
25;2025-11-03;22;92
25;2025-11-03;23;35
25;2025-11-04;0;16
25;2025-11-04;1;1
25;2025-11-04;2;1
25;2025-11-04;3;1
25;2025-11-04;4;1
25;2025-11-04;5;11
25;2025-11-04;6;111
25;2025-11-04;7;103
25;2025-11-04;8;186
25;2025-11-04;9;210
25;2025-11-04;10;214
25;2025-11-04;11;302
25;2025-11-04;12;359
25;2025-11-04;13;470
25;2025-11-04;14;605
25;2025-11-04;15;695
25;2025-11-04;16;588
25;2025-11-04;17;594
25;2025-11-04;18;457
25;2025-11-04;19;309
25;2025-11-04;20;243
25;2025-11-04;21;155
25;2025-11-04;22;99
25;2025-11-04;23;37
25;2025-11-05;0;4
25;2025-11-05;1;1
25;2025-11-05;2;1
25;2025-11-05;3;1
25;2025-11-05;4;1
25;2025-11-05;5;21
25;2025-11-05;6;276
25;2025-11-05;7;558
25;2025-11-05;8;945
25;2025-11-05;9;501
25;2025-11-05;10;410
25;2025-11-05;11;460
25;2025-11-05;12;445
25;2025-11-05;13;577
25;2025-11-05;14;481
25;2025-11-05;15;604
25;2025-11-05;16;722
25;2025-11-05;17;823
25;2025-11-05;18;802
25;2025-11-05;19;642
25;2025-11-05;20;334
25;2025-11-05;21;234
25;2025-11-05;22;96
25;2025-11-05;23;10
25;2025-11-06;0;4
25;2025-11-06;1;1
25;2025-11-06;2;1
25;2025-11-06;3;1
25;2025-11-06;4;1
25;2025-11-06;5;21
25;2025-11-06;6;275
25;2025-11-06;7;556
25;2025-11-06;8;942
25;2025-11-06;9;497
25;2025-11-06;10;407
25;2025-11-06;11;452
25;2025-11-06;12;458
25;2025-11-06;13;580
25;2025-11-06;14;486
25;2025-11-06;15;586
25;2025-11-06;16;725
25;2025-11-06;17;826
25;2025-11-06;18;808
25;2025-11-06;19;647
25;2025-11-06;20;329
25;2025-11-06;21;236
25;2025-11-06;22;96
25;2025-11-06;23;10
25;2025-11-07;0;4
25;2025-11-07;1;1
25;2025-11-07;2;1
25;2025-11-07;3;1
25;2025-11-07;4;1
25;2025-11-07;5;21
25;2025-11-07;6;274
25;2025-11-07;7;553
25;2025-11-07;8;947
25;2025-11-07;9;485
25;2025-11-07;10;407
25;2025-11-07;11;473
25;2025-11-07;12;462
25;2025-11-07;13;587
25;2025-11-07;14;497
25;2025-11-07;15;632
25;2025-11-07;16;765
25;2025-11-07;17;836
25;2025-11-07;18;772
25;2025-11-07;19;630
25;2025-11-07;20;329
25;2025-11-07;21;233
25;2025-11-07;22;94
25;2025-11-07;23;10
25;2025-11-08;0;7
25;2025-11-08;1;1
25;2025-11-08;2;1
25;2025-11-08;3;1
25;2025-11-08;4;1
25;2025-11-08;5;21
25;2025-11-08;6;138
25;2025-11-08;7;137
25;2025-11-08;8;315
25;2025-11-08;9;290
25;2025-11-08;10;298
25;2025-11-08;11;405
25;2025-11-08;12;415
25;2025-11-08;13;680
25;2025-11-08;14;712
25;2025-11-08;15;852
25;2025-11-08;16;795
25;2025-11-08;17;642
25;2025-11-08;18;545
25;2025-11-08;19;465
25;2025-11-08;20;262
25;2025-11-08;21;201
25;2025-11-08;22;116
25;2025-11-08;23;44
25;2025-11-09;0;16
25;2025-11-09;1;1
25;2025-11-09;2;1
25;2025-11-09;3;1
25;2025-11-09;4;1
25;2025-11-09;5;11
25;2025-11-09;6;112
25;2025-11-09;7;107
25;2025-11-09;8;202
25;2025-11-09;9;233
25;2025-11-09;10;235
25;2025-11-09;11;336
25;2025-11-09;12;401
25;2025-11-09;13;527
25;2025-11-09;14;605
25;2025-11-09;15;708
25;2025-11-09;16;595
25;2025-11-09;17;600
25;2025-11-09;18;450
25;2025-11-09;19;300
25;2025-11-09;20;237
25;2025-11-09;21;148
25;2025-11-09;22;94
25;2025-11-09;23;36
25;2025-11-10;0;4
25;2025-11-10;1;1
25;2025-11-10;2;1
25;2025-11-10;3;1
25;2025-11-10;4;1
25;2025-11-10;5;21
25;2025-11-10;6;273
25;2025-11-10;7;552
25;2025-11-10;8;944
25;2025-11-10;9;493
25;2025-11-10;10;400
25;2025-11-10;11;454
25;2025-11-10;12;444
25;2025-11-10;13;568
25;2025-11-10;14;476
25;2025-11-10;15;596
25;2025-11-10;16;725
25;2025-11-10;17;812
25;2025-11-10;18;791
25;2025-11-10;19;640
25;2025-11-10;20;328
25;2025-11-10;21;229
25;2025-11-10;22;93
25;2025-11-10;23;10
25;2025-11-11;0;4
25;2025-11-11;1;1
25;2025-11-11;2;1
25;2025-11-11;3;1
25;2025-11-11;4;1
25;2025-11-11;5;21
25;2025-11-11;6;275
25;2025-11-11;7;556
25;2025-11-11;8;946
25;2025-11-11;9;502
25;2025-11-11;10;411
25;2025-11-11;11;469
25;2025-11-11;12;458
25;2025-11-11;13;582
25;2025-11-11;14;489
25;2025-11-11;15;607
25;2025-11-11;16;739
25;2025-11-11;17;835
25;2025-11-11;18;810
25;2025-11-11;19;649
25;2025-11-11;20;332
25;2025-11-11;21;231
25;2025-11-11;22;95
25;2025-11-11;23;10
25;2025-11-12;0;4
25;2025-11-12;1;1
25;2025-11-12;2;1
25;2025-11-12;3;1
25;2025-11-12;4;1
25;2025-11-12;5;21
25;2025-11-12;6;274
25;2025-11-12;7;555
25;2025-11-12;8;946
25;2025-11-12;9;498
25;2025-11-12;10;404
25;2025-11-12;11;459
25;2025-11-12;12;450
25;2025-11-12;13;568
25;2025-11-12;14;481
25;2025-11-12;15;600
25;2025-11-12;16;736
25;2025-11-12;17;830
25;2025-11-12;18;801
25;2025-11-12;19;649
25;2025-11-12;20;335
25;2025-11-12;21;234
25;2025-11-12;22;95
25;2025-11-12;23;10
25;2025-11-13;0;4
25;2025-11-13;1;1
25;2025-11-13;2;1
25;2025-11-13;3;1
25;2025-11-13;4;1
25;2025-11-13;5;21
25;2025-11-13;6;275
25;2025-11-13;7;559
25;2025-11-13;8;957
25;2025-11-13;9;505
25;2025-11-13;10;412
25;2025-11-13;11;475
25;2025-11-13;12;461
25;2025-11-13;13;583
25;2025-11-13;14;490
25;2025-11-13;15;611
25;2025-11-13;16;739
25;2025-11-13;17;832
25;2025-11-13;18;811
25;2025-11-13;19;650
25;2025-11-13;20;338
25;2025-11-13;21;235
25;2025-11-13;22;96
25;2025-11-13;23;10
25;2025-11-14;0;4
25;2025-11-14;1;1
25;2025-11-14;2;1
25;2025-11-14;3;1
25;2025-11-14;4;1
25;2025-11-14;5;21
25;2025-11-14;6;267
25;2025-11-14;7;541
25;2025-11-14;8;921
25;2025-11-14;9;487
25;2025-11-14;10;393
25;2025-11-14;11;462
25;2025-11-14;12;452
25;2025-11-14;13;573
25;2025-11-14;14;483
25;2025-11-14;15;607
25;2025-11-14;16;743
25;2025-11-14;17;812
25;2025-11-14;18;758
25;2025-11-14;19;620
25;2025-11-14;20;329
25;2025-11-14;21;231
25;2025-11-14;22;95
25;2025-11-14;23;10
25;2025-11-15;0;7
25;2025-11-15;1;1
25;2025-11-15;2;1
25;2025-11-15;3;1
25;2025-11-15;4;1
25;2025-11-15;5;22
25;2025-11-15;6;138
25;2025-11-15;7;137
25;2025-11-15;8;321
25;2025-11-15;9;284
25;2025-11-15;10;299
25;2025-11-15;11;390
25;2025-11-15;12;415
25;2025-11-15;13;690
25;2025-11-15;14;703
25;2025-11-15;15;825
25;2025-11-15;16;765
25;2025-11-15;17;604
25;2025-11-15;18;528
25;2025-11-15;19;464
25;2025-11-15;20;269
25;2025-11-15;21;204
25;2025-11-15;22;118
25;2025-11-15;23;45
25;2025-11-16;0;17
25;2025-11-16;1;1
25;2025-11-16;2;1
25;2025-11-16;3;1
25;2025-11-16;4;1
25;2025-11-16;5;12
25;2025-11-16;6;113
25;2025-11-16;7;108
25;2025-11-16;8;204
25;2025-11-16;9;233
25;2025-11-16;10;237
25;2025-11-16;11;342
25;2025-11-16;12;406
25;2025-11-16;13;530
25;2025-11-16;14;615
25;2025-11-16;15;700
25;2025-11-16;16;590
25;2025-11-16;17;593
25;2025-11-16;18;442
25;2025-11-16;19;301
25;2025-11-16;20;238
25;2025-11-16;21;150
25;2025-11-16;22;94
25;2025-11-16;23;36
25;2025-11-17;0;4
25;2025-11-17;1;1
25;2025-11-17;2;1
25;2025-11-17;3;1
25;2025-11-17;4;1
25;2025-11-17;5;21
25;2025-11-17;6;274
25;2025-11-17;7;551
25;2025-11-17;8;924
25;2025-11-17;9;483
25;2025-11-17;10;386
25;2025-11-17;11;441
25;2025-11-17;12;429
25;2025-11-17;13;536
25;2025-11-17;14;460
25;2025-11-17;15;581
25;2025-11-17;16;718
25;2025-11-17;17;812
25;2025-11-17;18;799
25;2025-11-17;19;646
25;2025-11-17;20;332
25;2025-11-17;21;229
25;2025-11-17;22;93
25;2025-11-17;23;10
25;2025-11-18;0;4
25;2025-11-18;1;1
25;2025-11-18;2;1
25;2025-11-18;3;1
25;2025-11-18;4;1
25;2025-11-18;5;21
25;2025-11-18;6;264
25;2025-11-18;7;537
25;2025-11-18;8;892
25;2025-11-18;9;460
25;2025-11-18;10;375
25;2025-11-18;11;432
25;2025-11-18;12;420
25;2025-11-18;13;531
25;2025-11-18;14;451
25;2025-11-18;15;577
25;2025-11-18;16;713
25;2025-11-18;17;804
25;2025-11-18;18;776
25;2025-11-18;19;623
25;2025-11-18;20;327
25;2025-11-18;21;230
25;2025-11-18;22;94
25;2025-11-18;23;10
25;2025-11-19;0;4
25;2025-11-19;1;1
25;2025-11-19;2;1
25;2025-11-19;3;1
25;2025-11-19;4;1
25;2025-11-19;5;21
25;2025-11-19;6;275
25;2025-11-19;7;558
25;2025-11-19;8;947
25;2025-11-19;9;497
25;2025-11-19;10;406
25;2025-11-19;11;463
25;2025-11-19;12;455
25;2025-11-19;13;576
25;2025-11-19;14;485
25;2025-11-19;15;605
25;2025-11-19;16;735
25;2025-11-19;17;825
25;2025-11-19;18;805
25;2025-11-19;19;647
25;2025-11-19;20;336
25;2025-11-19;21;235
25;2025-11-19;22;96
25;2025-11-19;23;10
25;2025-11-20;0;4
25;2025-11-20;1;1
25;2025-11-20;2;1
25;2025-11-20;3;1
25;2025-11-20;4;1
25;2025-11-20;5;21
25;2025-11-20;6;277
25;2025-11-20;7;560
25;2025-11-20;8;949
25;2025-11-20;9;498
25;2025-11-20;10;407
25;2025-11-20;11;465
25;2025-11-20;12;456
25;2025-11-20;13;577
25;2025-11-20;14;486
25;2025-11-20;15;603
25;2025-11-20;16;734
25;2025-11-20;17;824
25;2025-11-20;18;809
25;2025-11-20;19;649
25;2025-11-20;20;335
25;2025-11-20;21;235
25;2025-11-20;22;96
25;2025-11-20;23;11
25;2025-11-21;0;4
25;2025-11-21;1;1
25;2025-11-21;2;1
25;2025-11-21;3;1
25;2025-11-21;4;1
25;2025-11-21;5;21
25;2025-11-21;6;273
25;2025-11-21;7;546
25;2025-11-21;8;929
25;2025-11-21;9;491
25;2025-11-21;10;402
25;2025-11-21;11;468
25;2025-11-21;12;452
25;2025-11-21;13;582
25;2025-11-21;14;492
25;2025-11-21;15;619
25;2025-11-21;16;753
25;2025-11-21;17;829
25;2025-11-21;18;773
25;2025-11-21;19;630
25;2025-11-21;20;330
25;2025-11-21;21;233
25;2025-11-21;22;95
25;2025-11-21;23;10
25;2025-11-22;0;7
25;2025-11-22;1;1
25;2025-11-22;2;1
25;2025-11-22;3;1
25;2025-11-22;4;1
25;2025-11-22;5;22
25;2025-11-22;6;141
25;2025-11-22;7;141
25;2025-11-22;8;321
25;2025-11-22;9;296
25;2025-11-22;10;309
25;2025-11-22;11;410
25;2025-11-22;12;431
25;2025-11-22;13;702
25;2025-11-22;14;703
25;2025-11-22;15;825
25;2025-11-22;16;768
25;2025-11-22;17;623
25;2025-11-22;18;545
25;2025-11-22;19;467
25;2025-11-22;20;262
25;2025-11-22;21;200
25;2025-11-22;22;116
25;2025-11-22;23;45
25;2025-11-23;0;17
25;2025-11-23;1;1
25;2025-11-23;2;1
25;2025-11-23;3;1
25;2025-11-23;4;1
25;2025-11-23;5;11
25;2025-11-23;6;113
25;2025-11-23;7;108
25;2025-11-23;8;204
25;2025-11-23;9;235
25;2025-11-23;10;238
25;2025-11-23;11;339
25;2025-11-23;12;404
25;2025-11-23;13;532
25;2025-11-23;14;624
25;2025-11-23;15;716
25;2025-11-23;16;602
25;2025-11-23;17;597
25;2025-11-23;18;457
25;2025-11-23;19;308
25;2025-11-23;20;243
25;2025-11-23;21;150
25;2025-11-23;22;95
25;2025-11-23;23;36
25;2025-11-24;0;4
25;2025-11-24;1;1
25;2025-11-24;2;1
25;2025-11-24;3;1
25;2025-11-24;4;1
25;2025-11-24;5;20
25;2025-11-24;6;263
25;2025-11-24;7;536
25;2025-11-24;8;921
25;2025-11-24;9;482
25;2025-11-24;10;394
25;2025-11-24;11;439
25;2025-11-24;12;435
25;2025-11-24;13;553
25;2025-11-24;14;467
25;2025-11-24;15;584
25;2025-11-24;16;727
25;2025-11-24;17;807
25;2025-11-24;18;796
25;2025-11-24;19;637
25;2025-11-24;20;330
25;2025-11-24;21;228
25;2025-11-24;22;94
25;2025-11-24;23;10
25;2025-11-25;0;4
25;2025-11-25;1;1
25;2025-11-25;2;1
25;2025-11-25;3;1
25;2025-11-25;4;1
25;2025-11-25;5;21
25;2025-11-25;6;274
25;2025-11-25;7;557
25;2025-11-25;8;943
25;2025-11-25;9;497
25;2025-11-25;10;406
25;2025-11-25;11;464
25;2025-11-25;12;453
25;2025-11-25;13;575
25;2025-11-25;14;485
25;2025-11-25;15;600
25;2025-11-25;16;732
25;2025-11-25;17;822
25;2025-11-25;18;800
25;2025-11-25;19;645
25;2025-11-25;20;334
25;2025-11-25;21;232
25;2025-11-25;22;95
25;2025-11-25;23;10
25;2025-11-26;0;4
25;2025-11-26;1;1
25;2025-11-26;2;1
25;2025-11-26;3;1
25;2025-11-26;4;1
25;2025-11-26;5;21
25;2025-11-26;6;276
25;2025-11-26;7;555
25;2025-11-26;8;941
25;2025-11-26;9;492
25;2025-11-26;10;400
25;2025-11-26;11;459
25;2025-11-26;12;450
25;2025-11-26;13;578
25;2025-11-26;14;484
25;2025-11-26;15;602
25;2025-11-26;16;731
25;2025-11-26;17;834
25;2025-11-26;18;810
25;2025-11-26;19;649
25;2025-11-26;20;333
25;2025-11-26;21;234
25;2025-11-26;22;97
25;2025-11-26;23;10
25;2025-11-27;0;4
25;2025-11-27;1;1
25;2025-11-27;2;1
25;2025-11-27;3;1
25;2025-11-27;4;1
25;2025-11-27;5;21
25;2025-11-27;6;276
25;2025-11-27;7;556
25;2025-11-27;8;944
25;2025-11-27;9;500
25;2025-11-27;10;410
25;2025-11-27;11;464
25;2025-11-27;12;445
25;2025-11-27;13;571
25;2025-11-27;14;480
25;2025-11-27;15;612
25;2025-11-27;16;738
25;2025-11-27;17;816
25;2025-11-27;18;790
25;2025-11-27;19;635
25;2025-11-27;20;330
25;2025-11-27;21;230
25;2025-11-27;22;94
25;2025-11-27;23;10
25;2025-11-28;0;4
25;2025-11-28;1;1
25;2025-11-28;2;1
25;2025-11-28;3;1
25;2025-11-28;4;1
25;2025-11-28;5;21
25;2025-11-28;6;275
25;2025-11-28;7;552
25;2025-11-28;8;941
25;2025-11-28;9;493
25;2025-11-28;10;403
25;2025-11-28;11;470
25;2025-11-28;12;459
25;2025-11-28;13;582
25;2025-11-28;14;493
25;2025-11-28;15;619
25;2025-11-28;16;755
25;2025-11-28;17;830
25;2025-11-28;18;769
25;2025-11-28;19;626
25;2025-11-28;20;328
25;2025-11-28;21;232
25;2025-11-28;22;95
25;2025-11-28;23;10
25;2025-11-29;0;7
25;2025-11-29;1;1
25;2025-11-29;2;1
25;2025-11-29;3;1
25;2025-11-29;4;1
25;2025-11-29;5;22
25;2025-11-29;6;141
25;2025-11-29;7;142
25;2025-11-29;8;327
25;2025-11-29;9;301
25;2025-11-29;10;307
25;2025-11-29;11;407
25;2025-11-29;12;429
25;2025-11-29;13;694
25;2025-11-29;14;697
25;2025-11-29;15;813
25;2025-11-29;16;760
25;2025-11-29;17;619
25;2025-11-29;18;543
25;2025-11-29;19;466
25;2025-11-29;20;261
25;2025-11-29;21;199
25;2025-11-29;22;115
25;2025-11-29;23;44
25;2025-11-30;0;16
25;2025-11-30;1;1
25;2025-11-30;2;1
25;2025-11-30;3;1
25;2025-11-30;4;1
25;2025-11-30;5;11
25;2025-11-30;6;113
25;2025-11-30;7;107
25;2025-11-30;8;203
25;2025-11-30;9;238
25;2025-11-30;10;240
25;2025-11-30;11;341
25;2025-11-30;12;407
25;2025-11-30;13;532
25;2025-11-30;14;618
25;2025-11-30;15;703
25;2025-11-30;16;592
25;2025-11-30;17;606
25;2025-11-30;18;461
25;2025-11-30;19;304
25;2025-11-30;20;237
25;2025-11-30;21;148
25;2025-11-30;22;94
25;2025-11-30;23;36
25;2025-12-01;0;4
25;2025-12-01;1;1
25;2025-12-01;2;1
25;2025-12-01;3;1
25;2025-12-01;4;1
25;2025-12-01;5;21
25;2025-12-01;6;273
25;2025-12-01;7;554
25;2025-12-01;8;943
25;2025-12-01;9;495
25;2025-12-01;10;404
25;2025-12-01;11;456
25;2025-12-01;12;446
25;2025-12-01;13;569
25;2025-12-01;14;477
25;2025-12-01;15;596
25;2025-12-01;16;728
25;2025-12-01;17;816
25;2025-12-01;18;800
25;2025-12-01;19;643
25;2025-12-01;20;331
25;2025-12-01;21;230
25;2025-12-01;22;94
25;2025-12-01;23;10
25;2025-12-02;0;4
25;2025-12-02;1;1
25;2025-12-02;2;1
25;2025-12-02;3;1
25;2025-12-02;4;1
25;2025-12-02;5;21
25;2025-12-02;6;274
25;2025-12-02;7;555
25;2025-12-02;8;945
25;2025-12-02;9;500
25;2025-12-02;10;408
25;2025-12-02;11;467
25;2025-12-02;12;456
25;2025-12-02;13;579
25;2025-12-02;14;484
25;2025-12-02;15;602
25;2025-12-02;16;733
25;2025-12-02;17;829
25;2025-12-02;18;811
25;2025-12-02;19;654
25;2025-12-02;20;334
25;2025-12-02;21;232
25;2025-12-02;22;95
25;2025-12-02;23;10
25;2025-12-03;0;4
25;2025-12-03;1;1
25;2025-12-03;2;1
25;2025-12-03;3;1
25;2025-12-03;4;1
25;2025-12-03;5;21
25;2025-12-03;6;275
25;2025-12-03;7;557
25;2025-12-03;8;943
25;2025-12-03;9;502
25;2025-12-03;10;410
25;2025-12-03;11;469
25;2025-12-03;12;460
25;2025-12-03;13;583
25;2025-12-03;14;489
25;2025-12-03;15;605
25;2025-12-03;16;737
25;2025-12-03;17;831
25;2025-12-03;18;812
25;2025-12-03;19;654
25;2025-12-03;20;336
25;2025-12-03;21;234
25;2025-12-03;22;96
25;2025-12-03;23;10
25;2025-12-04;0;4
25;2025-12-04;1;1
25;2025-12-04;2;1
25;2025-12-04;3;1
25;2025-12-04;4;1
25;2025-12-04;5;21
25;2025-12-04;6;276
25;2025-12-04;7;557
25;2025-12-04;8;945
25;2025-12-04;9;501
25;2025-12-04;10;410
25;2025-12-04;11;472
25;2025-12-04;12;459
25;2025-12-04;13;581
25;2025-12-04;14;489
25;2025-12-04;15;608
25;2025-12-04;16;736
25;2025-12-04;17;829
25;2025-12-04;18;811
25;2025-12-04;19;649
25;2025-12-04;20;334
25;2025-12-04;21;234
25;2025-12-04;22;96
25;2025-12-04;23;10
25;2025-12-05;0;4
25;2025-12-05;1;1
25;2025-12-05;2;1
25;2025-12-05;3;1
25;2025-12-05;4;1
25;2025-12-05;5;21
25;2025-12-05;6;275
25;2025-12-05;7;549
25;2025-12-05;8;938
25;2025-12-05;9;493
25;2025-12-05;10;405
25;2025-12-05;11;472
25;2025-12-05;12;461
25;2025-12-05;13;586
25;2025-12-05;14;495
25;2025-12-05;15;621
25;2025-12-05;16;756
25;2025-12-05;17;832
25;2025-12-05;18;772
25;2025-12-05;19;628
25;2025-12-05;20;331
25;2025-12-05;21;233
25;2025-12-05;22;95
25;2025-12-05;23;10
25;2025-12-06;0;7
25;2025-12-06;1;1
25;2025-12-06;2;1
25;2025-12-06;3;1
25;2025-12-06;4;1
25;2025-12-06;5;22
25;2025-12-06;6;140
25;2025-12-06;7;141
25;2025-12-06;8;328
25;2025-12-06;9;301
25;2025-12-06;10;309
25;2025-12-06;11;408
25;2025-12-06;12;430
25;2025-12-06;13;699
25;2025-12-06;14;703
25;2025-12-06;15;828
25;2025-12-06;16;766
25;2025-12-06;17;624
25;2025-12-06;18;544
25;2025-12-06;19;467
25;2025-12-06;20;261
25;2025-12-06;21;199
25;2025-12-06;22;115
25;2025-12-06;23;44
25;2025-12-07;0;17
25;2025-12-07;1;1
25;2025-12-07;2;1
25;2025-12-07;3;1
25;2025-12-07;4;1
25;2025-12-07;5;11
25;2025-12-07;6;113
25;2025-12-07;7;107
25;2025-12-07;8;203
25;2025-12-07;9;235
25;2025-12-07;10;235
25;2025-12-07;11;335
25;2025-12-07;12;398
25;2025-12-07;13;518
25;2025-12-07;14;609
25;2025-12-07;15;697
25;2025-12-07;16;588
25;2025-12-07;17;593
25;2025-12-07;18;452
25;2025-12-07;19;303
25;2025-12-07;20;239
25;2025-12-07;21;150
25;2025-12-07;22;95
25;2025-12-07;23;36
25;2025-12-08;0;4
25;2025-12-08;1;1
25;2025-12-08;2;1
25;2025-12-08;3;1
25;2025-12-08;4;1
25;2025-12-08;5;21
25;2025-12-08;6;272
25;2025-12-08;7;552
25;2025-12-08;8;932
25;2025-12-08;9;491
25;2025-12-08;10;398
25;2025-12-08;11;454
25;2025-12-08;12;445
25;2025-12-08;13;567
25;2025-12-08;14;476
25;2025-12-08;15;595
25;2025-12-08;16;728
25;2025-12-08;17;813
25;2025-12-08;18;796
25;2025-12-08;19;642
25;2025-12-08;20;332
25;2025-12-08;21;230
25;2025-12-08;22;94
25;2025-12-08;23;10
25;2025-12-09;0;4
25;2025-12-09;1;1
25;2025-12-09;2;1
25;2025-12-09;3;1
25;2025-12-09;4;1
25;2025-12-09;5;21
25;2025-12-09;6;274
25;2025-12-09;7;553
25;2025-12-09;8;936
25;2025-12-09;9;496
25;2025-12-09;10;404
25;2025-12-09;11;457
25;2025-12-09;12;446
25;2025-12-09;13;564
25;2025-12-09;14;475
25;2025-12-09;15;597
25;2025-12-09;16;730
25;2025-12-09;17;810
25;2025-12-09;18;793
25;2025-12-09;19;643
25;2025-12-09;20;334
25;2025-12-09;21;233
25;2025-12-09;22;96
25;2025-12-09;23;10
25;2025-12-10;0;4
25;2025-12-10;1;1
25;2025-12-10;2;1
25;2025-12-10;3;1
25;2025-12-10;4;1
25;2025-12-10;5;21
25;2025-12-10;6;276
25;2025-12-10;7;558
25;2025-12-10;8;948
25;2025-12-10;9;508
25;2025-12-10;10;413
25;2025-12-10;11;469
25;2025-12-10;12;456
25;2025-12-10;13;578
25;2025-12-10;14;484
25;2025-12-10;15;604
25;2025-12-10;16;733
25;2025-12-10;17;825
25;2025-12-10;18;807
25;2025-12-10;19;651
25;2025-12-10;20;336
25;2025-12-10;21;234
25;2025-12-10;22;96
25;2025-12-10;23;10
25;2025-12-11;0;4
25;2025-12-11;1;1
25;2025-12-11;2;1
25;2025-12-11;3;1
25;2025-12-11;4;1
25;2025-12-11;5;21
25;2025-12-11;6;279
25;2025-12-11;7;558
25;2025-12-11;8;940
25;2025-12-11;9;481
25;2025-12-11;10;398
25;2025-12-11;11;454
25;2025-12-11;12;446
25;2025-12-11;13;570
25;2025-12-11;14;490
25;2025-12-11;15;602
25;2025-12-11;16;734
25;2025-12-11;17;824
25;2025-12-11;18;801
25;2025-12-11;19;639
25;2025-12-11;20;332
25;2025-12-11;21;231
25;2025-12-11;22;95
25;2025-12-11;23;10
25;2025-12-12;0;4
25;2025-12-12;1;1
25;2025-12-12;2;1
25;2025-12-12;3;1
25;2025-12-12;4;1
25;2025-12-12;5;21
25;2025-12-12;6;275
25;2025-12-12;7;549
25;2025-12-12;8;939
25;2025-12-12;9;492
25;2025-12-12;10;406
25;2025-12-12;11;471
25;2025-12-12;12;443
25;2025-12-12;13;559
25;2025-12-12;14;474
25;2025-12-12;15;577
25;2025-12-12;16;717
25;2025-12-12;17;788
25;2025-12-12;18;758
25;2025-12-12;19;620
25;2025-12-12;20;329
25;2025-12-12;21;231
25;2025-12-12;22;94
25;2025-12-12;23;10
25;2025-12-13;0;7
25;2025-12-13;1;1
25;2025-12-13;2;1
25;2025-12-13;3;1
25;2025-12-13;4;1
25;2025-12-13;5;21
25;2025-12-13;6;141
25;2025-12-13;7;137
25;2025-12-13;8;316
25;2025-12-13;9;290
25;2025-12-13;10;300
25;2025-12-13;11;394
25;2025-12-13;12;414
25;2025-12-13;13;672
25;2025-12-13;14;670
25;2025-12-13;15;781
25;2025-12-13;16;728
25;2025-12-13;17;591
25;2025-12-13;18;526
25;2025-12-13;19;462
25;2025-12-13;20;257
25;2025-12-13;21;193
25;2025-12-13;22;115
25;2025-12-13;23;42
25;2025-12-14;0;16
25;2025-12-14;1;1
25;2025-12-14;2;1
25;2025-12-14;3;1
25;2025-12-14;4;1
25;2025-12-14;5;11
25;2025-12-14;6;113
25;2025-12-14;7;108
25;2025-12-14;8;201
25;2025-12-14;9;224
25;2025-12-14;10;227
25;2025-12-14;11;323
25;2025-12-14;12;383
25;2025-12-14;13;500
25;2025-12-14;14;589
25;2025-12-14;15;671
25;2025-12-14;16;580
25;2025-12-14;17;581
25;2025-12-14;18;451
25;2025-12-14;19;307
25;2025-12-14;20;242
25;2025-12-14;21;152
25;2025-12-14;22;96
25;2025-12-14;23;37
25;2025-12-15;0;4
25;2025-12-15;1;1
25;2025-12-15;2;1
25;2025-12-15;3;1
25;2025-12-15;4;1
25;2025-12-15;5;21
25;2025-12-15;6;273
25;2025-12-15;7;550
25;2025-12-15;8;935
25;2025-12-15;9;489
25;2025-12-15;10;399
25;2025-12-15;11;455
25;2025-12-15;12;444
25;2025-12-15;13;564
25;2025-12-15;14;475
25;2025-12-15;15;593
25;2025-12-15;16;723
25;2025-12-15;17;808
25;2025-12-15;18;791
25;2025-12-15;19;635
25;2025-12-15;20;328
25;2025-12-15;21;229
25;2025-12-15;22;95
25;2025-12-15;23;10
25;2025-12-16;0;4
25;2025-12-16;1;1
25;2025-12-16;2;1
25;2025-12-16;3;1
25;2025-12-16;4;1
25;2025-12-16;5;21
25;2025-12-16;6;276
25;2025-12-16;7;557
25;2025-12-16;8;946
25;2025-12-16;9;500
25;2025-12-16;10;408
25;2025-12-16;11;461
25;2025-12-16;12;449
25;2025-12-16;13;550
25;2025-12-16;14;472
25;2025-12-16;15;597
25;2025-12-16;16;727
25;2025-12-16;17;818
25;2025-12-16;18;798
25;2025-12-16;19;644
25;2025-12-16;20;335
25;2025-12-16;21;232
25;2025-12-16;22;95
25;2025-12-16;23;10
25;2025-12-17;0;4
25;2025-12-17;1;1
25;2025-12-17;2;1
25;2025-12-17;3;1
25;2025-12-17;4;1
25;2025-12-17;5;21
25;2025-12-17;6;275
25;2025-12-17;7;556
25;2025-12-17;8;943
25;2025-12-17;9;500
25;2025-12-17;10;410
25;2025-12-17;11;468
25;2025-12-17;12;457
25;2025-12-17;13;580
25;2025-12-17;14;484
25;2025-12-17;15;606
25;2025-12-17;16;733
25;2025-12-17;17;827
25;2025-12-17;18;808
25;2025-12-17;19;654
25;2025-12-17;20;337
25;2025-12-17;21;233
25;2025-12-17;22;96
25;2025-12-17;23;10
25;2025-12-18;0;4
25;2025-12-18;1;1
25;2025-12-18;2;1
25;2025-12-18;3;1
25;2025-12-18;4;1
25;2025-12-18;5;21
25;2025-12-18;6;278
25;2025-12-18;7;559
25;2025-12-18;8;945
25;2025-12-18;9;501
25;2025-12-18;10;410
25;2025-12-18;11;470
25;2025-12-18;12;458
25;2025-12-18;13;580
25;2025-12-18;14;487
25;2025-12-18;15;606
25;2025-12-18;16;735
25;2025-12-18;17;828
25;2025-12-18;18;812
25;2025-12-18;19;654
25;2025-12-18;20;338
25;2025-12-18;21;235
25;2025-12-18;22;96
25;2025-12-18;23;10
25;2025-12-19;0;4
25;2025-12-19;1;1
25;2025-12-19;2;1
25;2025-12-19;3;1
25;2025-12-19;4;1
25;2025-12-19;5;21
25;2025-12-19;6;275
25;2025-12-19;7;549
25;2025-12-19;8;934
25;2025-12-19;9;492
25;2025-12-19;10;403
25;2025-12-19;11;468
25;2025-12-19;12;457
25;2025-12-19;13;580
25;2025-12-19;14;489
25;2025-12-19;15;614
25;2025-12-19;16;746
25;2025-12-19;17;823
25;2025-12-19;18;783
25;2025-12-19;19;627
25;2025-12-19;20;328
25;2025-12-19;21;233
25;2025-12-19;22;95
25;2025-12-19;23;10
25;2025-12-20;0;7
25;2025-12-20;1;1
25;2025-12-20;2;1
25;2025-12-20;3;1
25;2025-12-20;4;1
25;2025-12-20;5;22
25;2025-12-20;6;142
25;2025-12-20;7;142
25;2025-12-20;8;327
25;2025-12-20;9;298
25;2025-12-20;10;307
25;2025-12-20;11;406
25;2025-12-20;12;428
25;2025-12-20;13;695
25;2025-12-20;14;697
25;2025-12-20;15;814
25;2025-12-20;16;758
25;2025-12-20;17;616
25;2025-12-20;18;535
25;2025-12-20;19;464
25;2025-12-20;20;261
25;2025-12-20;21;196
25;2025-12-20;22;114
25;2025-12-20;23;44
25;2025-12-21;0;16
25;2025-12-21;1;1
25;2025-12-21;2;1
25;2025-12-21;3;1
25;2025-12-21;4;1
25;2025-12-21;5;11
25;2025-12-21;6;112
25;2025-12-21;7;107
25;2025-12-21;8;202
25;2025-12-21;9;232
25;2025-12-21;10;234
25;2025-12-21;11;333
25;2025-12-21;12;398
25;2025-12-21;13;519
25;2025-12-21;14;609
25;2025-12-21;15;696
25;2025-12-21;16;586
25;2025-12-21;17;593
25;2025-12-21;18;451
25;2025-12-21;19;302
25;2025-12-21;20;238
25;2025-12-21;21;148
25;2025-12-21;22;93
25;2025-12-21;23;36
25;2025-12-22;0;4
25;2025-12-22;1;1
25;2025-12-22;2;1
25;2025-12-22;3;1
25;2025-12-22;4;1
25;2025-12-22;5;21
25;2025-12-22;6;273
25;2025-12-22;7;551
25;2025-12-22;8;942
25;2025-12-22;9;491
25;2025-12-22;10;395
25;2025-12-22;11;452
25;2025-12-22;12;435
25;2025-12-22;13;562
25;2025-12-22;14;467
25;2025-12-22;15;583
25;2025-12-22;16;719
25;2025-12-22;17;799
25;2025-12-22;18;781
25;2025-12-22;19;630
25;2025-12-22;20;324
25;2025-12-22;21;231
25;2025-12-22;22;96
25;2025-12-22;23;10
25;2025-12-23;0;4
25;2025-12-23;1;1
25;2025-12-23;2;1
25;2025-12-23;3;1
25;2025-12-23;4;1
25;2025-12-23;5;21
25;2025-12-23;6;274
25;2025-12-23;7;553
25;2025-12-23;8;934
25;2025-12-23;9;491
25;2025-12-23;10;401
25;2025-12-23;11;458
25;2025-12-23;12;448
25;2025-12-23;13;568
25;2025-12-23;14;480
25;2025-12-23;15;599
25;2025-12-23;16;733
25;2025-12-23;17;818
25;2025-12-23;18;804
25;2025-12-23;19;647
25;2025-12-23;20;334
25;2025-12-23;21;234
25;2025-12-23;22;97
25;2025-12-23;23;10
25;2025-12-24;0;4
25;2025-12-24;1;1
25;2025-12-24;2;1
25;2025-12-24;3;1
25;2025-12-24;4;1
25;2025-12-24;5;21
25;2025-12-24;6;277
25;2025-12-24;7;559
25;2025-12-24;8;950
25;2025-12-24;9;499
25;2025-12-24;10;408
25;2025-12-24;11;464
25;2025-12-24;12;455
25;2025-12-24;13;575
25;2025-12-24;14;481
25;2025-12-24;15;606
25;2025-12-24;16;733
25;2025-12-24;17;824
25;2025-12-24;18;807
25;2025-12-24;19;648
25;2025-12-24;20;335
25;2025-12-24;21;236
25;2025-12-24;22;97
25;2025-12-24;23;11
25;2025-12-25;0;4
25;2025-12-25;1;1
25;2025-12-25;2;1
25;2025-12-25;3;1
25;2025-12-25;4;1
25;2025-12-25;5;21
25;2025-12-25;6;277
25;2025-12-25;7;559
25;2025-12-25;8;946
25;2025-12-25;9;501
25;2025-12-25;10;410
25;2025-12-25;11;469
25;2025-12-25;12;458
25;2025-12-25;13;581
25;2025-12-25;14;486
25;2025-12-25;15;605
25;2025-12-25;16;736
25;2025-12-25;17;816
25;2025-12-25;18;784
25;2025-12-25;19;644
25;2025-12-25;20;328
25;2025-12-25;21;233
25;2025-12-25;22;94
25;2025-12-25;23;10
25;2025-12-26;0;4
25;2025-12-26;1;1
25;2025-12-26;2;1
25;2025-12-26;3;1
25;2025-12-26;4;1
25;2025-12-26;5;21
25;2025-12-26;6;272
25;2025-12-26;7;544
25;2025-12-26;8;916
25;2025-12-26;9;481
25;2025-12-26;10;392
25;2025-12-26;11;446
25;2025-12-26;12;437
25;2025-12-26;13;558
25;2025-12-26;14;477
25;2025-12-26;15;592
25;2025-12-26;16;726
25;2025-12-26;17;792
25;2025-12-26;18;759
25;2025-12-26;19;614
25;2025-12-26;20;322
25;2025-12-26;21;227
25;2025-12-26;22;94
25;2025-12-26;23;10
25;2025-12-27;0;7
25;2025-12-27;1;1
25;2025-12-27;2;1
25;2025-12-27;3;1
25;2025-12-27;4;1
25;2025-12-27;5;22
25;2025-12-27;6;140
25;2025-12-27;7;139
25;2025-12-27;8;317
25;2025-12-27;9;297
25;2025-12-27;10;302
25;2025-12-27;11;400
25;2025-12-27;12;428
25;2025-12-27;13;694
25;2025-12-27;14;696
25;2025-12-27;15;814
25;2025-12-27;16;759
25;2025-12-27;17;618
25;2025-12-27;18;545
25;2025-12-27;19;468
25;2025-12-27;20;262
25;2025-12-27;21;200
25;2025-12-27;22;116
25;2025-12-27;23;44
25;2025-12-28;0;17
25;2025-12-28;1;1
25;2025-12-28;2;1
25;2025-12-28;3;1
25;2025-12-28;4;1
25;2025-12-28;5;12
25;2025-12-28;6;112
25;2025-12-28;7;107
25;2025-12-28;8;201
25;2025-12-28;9;230
25;2025-12-28;10;235
25;2025-12-28;11;331
25;2025-12-28;12;400
25;2025-12-28;13;522
25;2025-12-28;14;610
25;2025-12-28;15;697
25;2025-12-28;16;589
25;2025-12-28;17;594
25;2025-12-28;18;454
25;2025-12-28;19;304
25;2025-12-28;20;241
25;2025-12-28;21;152
25;2025-12-28;22;96
25;2025-12-28;23;36
25;2025-12-29;0;4
25;2025-12-29;1;1
25;2025-12-29;2;1
25;2025-12-29;3;1
25;2025-12-29;4;1
25;2025-12-29;5;21
25;2025-12-29;6;272
25;2025-12-29;7;550
25;2025-12-29;8;940
25;2025-12-29;9;492
25;2025-12-29;10;401
25;2025-12-29;11;454
25;2025-12-29;12;443
25;2025-12-29;13;560
25;2025-12-29;14;472
25;2025-12-29;15;591
25;2025-12-29;16;716
25;2025-12-29;17;802
25;2025-12-29;18;793
25;2025-12-29;19;635
25;2025-12-29;20;329
25;2025-12-29;21;231
25;2025-12-29;22;95
25;2025-12-29;23;10
25;2025-12-30;0;4
25;2025-12-30;1;1
25;2025-12-30;2;1
25;2025-12-30;3;1
25;2025-12-30;4;1
25;2025-12-30;5;21
25;2025-12-30;6;275
25;2025-12-30;7;556
25;2025-12-30;8;944
25;2025-12-30;9;496
25;2025-12-30;10;404
25;2025-12-30;11;457
25;2025-12-30;12;452
25;2025-12-30;13;559
25;2025-12-30;14;477
25;2025-12-30;15;602
25;2025-12-30;16;724
25;2025-12-30;17;815
25;2025-12-30;18;801
25;2025-12-30;19;638
25;2025-12-30;20;329
25;2025-12-30;21;232
25;2025-12-30;22;96
25;2025-12-30;23;10
25;2025-12-31;0;16
25;2025-12-31;1;1
25;2025-12-31;2;1
25;2025-12-31;3;1
25;2025-12-31;4;1
25;2025-12-31;5;12
25;2025-12-31;6;112
25;2025-12-31;7;107
25;2025-12-31;8;204
25;2025-12-31;9;234
25;2025-12-31;10;236
25;2025-12-31;11;336
25;2025-12-31;12;403
25;2025-12-31;13;520
25;2025-12-31;14;611
25;2025-12-31;15;699
25;2025-12-31;16;594
25;2025-12-31;17;601
25;2025-12-31;18;459
25;2025-12-31;19;310
25;2025-12-31;20;243
25;2025-12-31;21;152
25;2025-12-31;22;97
25;2025-12-31;23;37
26;2025-11-01;0;33
26;2025-11-01;1;2
26;2025-11-01;2;1
26;2025-11-01;3;1
26;2025-11-01;4;3
26;2025-11-01;5;96
26;2025-11-01;6;473
26;2025-11-01;7;1113
26;2025-11-01;8;2288
26;2025-11-01;9;1495
26;2025-11-01;10;1287
26;2025-11-01;11;1147
26;2025-11-01;12;1189
26;2025-11-01;13;1210
26;2025-11-01;14;1380
26;2025-11-01;15;1423
26;2025-11-01;16;1556
26;2025-11-01;17;1794
26;2025-11-01;18;1816
26;2025-11-01;19;1213
26;2025-11-01;20;731
26;2025-11-01;21;493
26;2025-11-01;22;204
26;2025-11-01;23;131
26;2025-11-02;0;49
26;2025-11-02;1;5
26;2025-11-02;2;1
26;2025-11-02;3;1
26;2025-11-02;4;2
26;2025-11-02;5;21
26;2025-11-02;6;157
26;2025-11-02;7;261
26;2025-11-02;8;387
26;2025-11-02;9;541
26;2025-11-02;10;606
26;2025-11-02;11;846
26;2025-11-02;12;837
26;2025-11-02;13;873
26;2025-11-02;14;870
26;2025-11-02;15;792
26;2025-11-02;16;755
26;2025-11-02;17;778
26;2025-11-02;18;693
26;2025-11-02;19;504
26;2025-11-02;20;393
26;2025-11-02;21;273
26;2025-11-02;22;157
26;2025-11-02;23;104
26;2025-11-03;0;48
26;2025-11-03;1;4
26;2025-11-03;2;1
26;2025-11-03;3;1
26;2025-11-03;4;2
26;2025-11-03;5;21
26;2025-11-03;6;155
26;2025-11-03;7;257
26;2025-11-03;8;385
26;2025-11-03;9;524
26;2025-11-03;10;574
26;2025-11-03;11;771
26;2025-11-03;12;761
26;2025-11-03;13;813
26;2025-11-03;14;798
26;2025-11-03;15;732
26;2025-11-03;16;721
26;2025-11-03;17;747
26;2025-11-03;18;681
26;2025-11-03;19;494
26;2025-11-03;20;382
26;2025-11-03;21;264
26;2025-11-03;22;153
26;2025-11-03;23;101
26;2025-11-04;0;48
26;2025-11-04;1;5
26;2025-11-04;2;1
26;2025-11-04;3;1
26;2025-11-04;4;2
26;2025-11-04;5;21
26;2025-11-04;6;156
26;2025-11-04;7;253
26;2025-11-04;8;361
26;2025-11-04;9;495
26;2025-11-04;10;552
26;2025-11-04;11;759
26;2025-11-04;12;745
26;2025-11-04;13;796
26;2025-11-04;14;838
26;2025-11-04;15;774
26;2025-11-04;16;741
26;2025-11-04;17;777
26;2025-11-04;18;698
26;2025-11-04;19;516
26;2025-11-04;20;398
26;2025-11-04;21;278
26;2025-11-04;22;161
26;2025-11-04;23;107
26;2025-11-05;0;33
26;2025-11-05;1;2
26;2025-11-05;2;1
26;2025-11-05;3;1
26;2025-11-05;4;3
26;2025-11-05;5;95
26;2025-11-05;6;473
26;2025-11-05;7;1114
26;2025-11-05;8;2322
26;2025-11-05;9;1515
26;2025-11-05;10;1287
26;2025-11-05;11;1140
26;2025-11-05;12;1178
26;2025-11-05;13;1207
26;2025-11-05;14;1362
26;2025-11-05;15;1402
26;2025-11-05;16;1535
26;2025-11-05;17;1779
26;2025-11-05;18;1830
26;2025-11-05;19;1213
26;2025-11-05;20;731
26;2025-11-05;21;491
26;2025-11-05;22;200
26;2025-11-05;23;128
26;2025-11-06;0;33
26;2025-11-06;1;2
26;2025-11-06;2;1
26;2025-11-06;3;1
26;2025-11-06;4;3
26;2025-11-06;5;95
26;2025-11-06;6;471
26;2025-11-06;7;1115
26;2025-11-06;8;2324
26;2025-11-06;9;1513
26;2025-11-06;10;1293
26;2025-11-06;11;1117
26;2025-11-06;12;1204
26;2025-11-06;13;1216
26;2025-11-06;14;1374
26;2025-11-06;15;1372
26;2025-11-06;16;1526
26;2025-11-06;17;1781
26;2025-11-06;18;1840
26;2025-11-06;19;1219
26;2025-11-06;20;723
26;2025-11-06;21;495
26;2025-11-06;22;203
26;2025-11-06;23;128
26;2025-11-07;0;33
26;2025-11-07;1;2
26;2025-11-07;2;1
26;2025-11-07;3;1
26;2025-11-07;4;3
26;2025-11-07;5;95
26;2025-11-07;6;465
26;2025-11-07;7;1098
26;2025-11-07;8;2291
26;2025-11-07;9;1450
26;2025-11-07;10;1269
26;2025-11-07;11;1152
26;2025-11-07;12;1196
26;2025-11-07;13;1217
26;2025-11-07;14;1382
26;2025-11-07;15;1432
26;2025-11-07;16;1577
26;2025-11-07;17;1793
26;2025-11-07;18;1723
26;2025-11-07;19;1175
26;2025-11-07;20;713
26;2025-11-07;21;484
26;2025-11-07;22;197
26;2025-11-07;23;130
26;2025-11-08;0;52
26;2025-11-08;1;3
26;2025-11-08;2;1
26;2025-11-08;3;1
26;2025-11-08;4;2
26;2025-11-08;5;51
26;2025-11-08;6;230
26;2025-11-08;7;364
26;2025-11-08;8;608
26;2025-11-08;9;669
26;2025-11-08;10;831
26;2025-11-08;11;1005
26;2025-11-08;12;1058
26;2025-11-08;13;1042
26;2025-11-08;14;1113
26;2025-11-08;15;1004
26;2025-11-08;16;1056
26;2025-11-08;17;967
26;2025-11-08;18;890
26;2025-11-08;19;763
26;2025-11-08;20;532
26;2025-11-08;21;349
26;2025-11-08;22;198
26;2025-11-08;23;155
26;2025-11-09;0;49
26;2025-11-09;1;5
26;2025-11-09;2;1
26;2025-11-09;3;1
26;2025-11-09;4;2
26;2025-11-09;5;21
26;2025-11-09;6;156
26;2025-11-09;7;259
26;2025-11-09;8;382
26;2025-11-09;9;536
26;2025-11-09;10;601
26;2025-11-09;11;838
26;2025-11-09;12;820
26;2025-11-09;13;878
26;2025-11-09;14;842
26;2025-11-09;15;784
26;2025-11-09;16;750
26;2025-11-09;17;775
26;2025-11-09;18;691
26;2025-11-09;19;502
26;2025-11-09;20;393
26;2025-11-09;21;272
26;2025-11-09;22;156
26;2025-11-09;23;104
26;2025-11-10;0;33
26;2025-11-10;1;2
26;2025-11-10;2;1
26;2025-11-10;3;1
26;2025-11-10;4;3
26;2025-11-10;5;95
26;2025-11-10;6;470
26;2025-11-10;7;1112
26;2025-11-10;8;2300
26;2025-11-10;9;1487
26;2025-11-10;10;1266
26;2025-11-10;11;1125
26;2025-11-10;12;1171
26;2025-11-10;13;1195
26;2025-11-10;14;1353
26;2025-11-10;15;1391
26;2025-11-10;16;1523
26;2025-11-10;17;1749
26;2025-11-10;18;1801
26;2025-11-10;19;1210
26;2025-11-10;20;725
26;2025-11-10;21;487
26;2025-11-10;22;199
26;2025-11-10;23;126
26;2025-11-11;0;33
26;2025-11-11;1;2
26;2025-11-11;2;1
26;2025-11-11;3;1
26;2025-11-11;4;3
26;2025-11-11;5;96
26;2025-11-11;6;476
26;2025-11-11;7;1121
26;2025-11-11;8;2323
26;2025-11-11;9;1523
26;2025-11-11;10;1298
26;2025-11-11;11;1156
26;2025-11-11;12;1198
26;2025-11-11;13;1218
26;2025-11-11;14;1379
26;2025-11-11;15;1417
26;2025-11-11;16;1557
26;2025-11-11;17;1811
26;2025-11-11;18;1864
26;2025-11-11;19;1235
26;2025-11-11;20;735
26;2025-11-11;21;495
26;2025-11-11;22;202
26;2025-11-11;23;129
26;2025-11-12;0;33
26;2025-11-12;1;2
26;2025-11-12;2;1
26;2025-11-12;3;1
26;2025-11-12;4;3
26;2025-11-12;5;96
26;2025-11-12;6;474
26;2025-11-12;7;1123
26;2025-11-12;8;2325
26;2025-11-12;9;1516
26;2025-11-12;10;1272
26;2025-11-12;11;1129
26;2025-11-12;12;1182
26;2025-11-12;13;1191
26;2025-11-12;14;1354
26;2025-11-12;15;1391
26;2025-11-12;16;1548
26;2025-11-12;17;1789
26;2025-11-12;18;1826
26;2025-11-12;19;1228
26;2025-11-12;20;737
26;2025-11-12;21;495
26;2025-11-12;22;202
26;2025-11-12;23;129
26;2025-11-13;0;33
26;2025-11-13;1;2
26;2025-11-13;2;1
26;2025-11-13;3;1
26;2025-11-13;4;3
26;2025-11-13;5;96
26;2025-11-13;6;470
26;2025-11-13;7;1123
26;2025-11-13;8;2323
26;2025-11-13;9;1531
26;2025-11-13;10;1296
26;2025-11-13;11;1156
26;2025-11-13;12;1198
26;2025-11-13;13;1215
26;2025-11-13;14;1374
26;2025-11-13;15;1412
26;2025-11-13;16;1543
26;2025-11-13;17;1791
26;2025-11-13;18;1846
26;2025-11-13;19;1226
26;2025-11-13;20;739
26;2025-11-13;21;497
26;2025-11-13;22;203
26;2025-11-13;23;130
26;2025-11-14;0;33
26;2025-11-14;1;2
26;2025-11-14;2;1
26;2025-11-14;3;1
26;2025-11-14;4;3
26;2025-11-14;5;94
26;2025-11-14;6;464
26;2025-11-14;7;1073
26;2025-11-14;8;2231
26;2025-11-14;9;1445
26;2025-11-14;10;1224
26;2025-11-14;11;1128
26;2025-11-14;12;1173
26;2025-11-14;13;1192
26;2025-11-14;14;1346
26;2025-11-14;15;1389
26;2025-11-14;16;1538
26;2025-11-14;17;1743
26;2025-11-14;18;1696
26;2025-11-14;19;1161
26;2025-11-14;20;717
26;2025-11-14;21;483
26;2025-11-14;22;202
26;2025-11-14;23;130
26;2025-11-15;0;52
26;2025-11-15;1;3
26;2025-11-15;2;1
26;2025-11-15;3;1
26;2025-11-15;4;3
26;2025-11-15;5;51
26;2025-11-15;6;227
26;2025-11-15;7;369
26;2025-11-15;8;625
26;2025-11-15;9;661
26;2025-11-15;10;836
26;2025-11-15;11;993
26;2025-11-15;12;1085
26;2025-11-15;13;1069
26;2025-11-15;14;1111
26;2025-11-15;15;1003
26;2025-11-15;16;1043
26;2025-11-15;17;939
26;2025-11-15;18;875
26;2025-11-15;19;761
26;2025-11-15;20;550
26;2025-11-15;21;355
26;2025-11-15;22;203
26;2025-11-15;23;159
26;2025-11-16;0;51
26;2025-11-16;1;5
26;2025-11-16;2;1
26;2025-11-16;3;1
26;2025-11-16;4;2
26;2025-11-16;5;21
26;2025-11-16;6;158
26;2025-11-16;7;263
26;2025-11-16;8;389
26;2025-11-16;9;538
26;2025-11-16;10;610
26;2025-11-16;11;857
26;2025-11-16;12;840
26;2025-11-16;13;896
26;2025-11-16;14;857
26;2025-11-16;15;784
26;2025-11-16;16;748
26;2025-11-16;17;772
26;2025-11-16;18;681
26;2025-11-16;19;505
26;2025-11-16;20;396
26;2025-11-16;21;276
26;2025-11-16;22;156
26;2025-11-16;23;103
26;2025-11-17;0;33
26;2025-11-17;1;2
26;2025-11-17;2;1
26;2025-11-17;3;1
26;2025-11-17;4;3
26;2025-11-17;5;96
26;2025-11-17;6;473
26;2025-11-17;7;1109
26;2025-11-17;8;2271
26;2025-11-17;9;1463
26;2025-11-17;10;1224
26;2025-11-17;11;1087
26;2025-11-17;12;1132
26;2025-11-17;13;1134
26;2025-11-17;14;1309
26;2025-11-17;15;1356
26;2025-11-17;16;1510
26;2025-11-17;17;1736
26;2025-11-17;18;1812
26;2025-11-17;19;1216
26;2025-11-17;20;729
26;2025-11-17;21;484
26;2025-11-17;22;199
26;2025-11-17;23;127
26;2025-11-18;0;33
26;2025-11-18;1;2
26;2025-11-18;2;1
26;2025-11-18;3;1
26;2025-11-18;4;3
26;2025-11-18;5;93
26;2025-11-18;6;455
26;2025-11-18;7;1074
26;2025-11-18;8;2180
26;2025-11-18;9;1400
26;2025-11-18;10;1171
26;2025-11-18;11;1073
26;2025-11-18;12;1111
26;2025-11-18;13;1111
26;2025-11-18;14;1284
26;2025-11-18;15;1346
26;2025-11-18;16;1501
26;2025-11-18;17;1750
26;2025-11-18;18;1776
26;2025-11-18;19;1192
26;2025-11-18;20;730
26;2025-11-18;21;492
26;2025-11-18;22;202
26;2025-11-18;23;128
26;2025-11-19;0;33
26;2025-11-19;1;2
26;2025-11-19;2;1
26;2025-11-19;3;1
26;2025-11-19;4;3
26;2025-11-19;5;97
26;2025-11-19;6;479
26;2025-11-19;7;1126
26;2025-11-19;8;2329
26;2025-11-19;9;1507
26;2025-11-19;10;1283
26;2025-11-19;11;1145
26;2025-11-19;12;1195
26;2025-11-19;13;1207
26;2025-11-19;14;1371
26;2025-11-19;15;1411
26;2025-11-19;16;1544
26;2025-11-19;17;1782
26;2025-11-19;18;1832
26;2025-11-19;19;1230
26;2025-11-19;20;742
26;2025-11-19;21;500
26;2025-11-19;22;205
26;2025-11-19;23;131
26;2025-11-20;0;34
26;2025-11-20;1;2
26;2025-11-20;2;1
26;2025-11-20;3;1
26;2025-11-20;4;3
26;2025-11-20;5;96
26;2025-11-20;6;478
26;2025-11-20;7;1128
26;2025-11-20;8;2326
26;2025-11-20;9;1509
26;2025-11-20;10;1287
26;2025-11-20;11;1153
26;2025-11-20;12;1196
26;2025-11-20;13;1207
26;2025-11-20;14;1374
26;2025-11-20;15;1404
26;2025-11-20;16;1537
26;2025-11-20;17;1776
26;2025-11-20;18;1840
26;2025-11-20;19;1231
26;2025-11-20;20;742
26;2025-11-20;21;500
26;2025-11-20;22;205
26;2025-11-20;23;132
26;2025-11-21;0;33
26;2025-11-21;1;2
26;2025-11-21;2;1
26;2025-11-21;3;1
26;2025-11-21;4;3
26;2025-11-21;5;95
26;2025-11-21;6;472
26;2025-11-21;7;1099
26;2025-11-21;8;2287
26;2025-11-21;9;1495
26;2025-11-21;10;1271
26;2025-11-21;11;1157
26;2025-11-21;12;1188
26;2025-11-21;13;1219
26;2025-11-21;14;1391
26;2025-11-21;15;1435
26;2025-11-21;16;1572
26;2025-11-21;17;1785
26;2025-11-21;18;1755
26;2025-11-21;19;1193
26;2025-11-21;20;730
26;2025-11-21;21;499
26;2025-11-21;22;205
26;2025-11-21;23;133
26;2025-11-22;0;53
26;2025-11-22;1;3
26;2025-11-22;2;1
26;2025-11-22;3;1
26;2025-11-22;4;3
26;2025-11-22;5;52
26;2025-11-22;6;234
26;2025-11-22;7;380
26;2025-11-22;8;625
26;2025-11-22;9;695
26;2025-11-22;10;859
26;2025-11-22;11;1029
26;2025-11-22;12;1108
26;2025-11-22;13;1078
26;2025-11-22;14;1117
26;2025-11-22;15;1007
26;2025-11-22;16;1053
26;2025-11-22;17;965
26;2025-11-22;18;900
26;2025-11-22;19;776
26;2025-11-22;20;543
26;2025-11-22;21;349
26;2025-11-22;22;200
26;2025-11-22;23;157
26;2025-11-23;0;50
26;2025-11-23;1;5
26;2025-11-23;2;1
26;2025-11-23;3;1
26;2025-11-23;4;2
26;2025-11-23;5;21
26;2025-11-23;6;159
26;2025-11-23;7;263
26;2025-11-23;8;390
26;2025-11-23;9;547
26;2025-11-23;10;611
26;2025-11-23;11;855
26;2025-11-23;12;842
26;2025-11-23;13;908
26;2025-11-23;14;884
26;2025-11-23;15;808
26;2025-11-23;16;763
26;2025-11-23;17;787
26;2025-11-23;18;710
26;2025-11-23;19;517
26;2025-11-23;20;400
26;2025-11-23;21;276
26;2025-11-23;22;158
26;2025-11-23;23;103
26;2025-11-24;0;33
26;2025-11-24;1;2
26;2025-11-24;2;1
26;2025-11-24;3;1
26;2025-11-24;4;3
26;2025-11-24;5;92
26;2025-11-24;6;454
26;2025-11-24;7;1075
26;2025-11-24;8;2244
26;2025-11-24;9;1452
26;2025-11-24;10;1249
26;2025-11-24;11;1080
26;2025-11-24;12;1140
26;2025-11-24;13;1168
26;2025-11-24;14;1319
26;2025-11-24;15;1360
26;2025-11-24;16;1516
26;2025-11-24;17;1732
26;2025-11-24;18;1801
26;2025-11-24;19;1207
26;2025-11-24;20;727
26;2025-11-24;21;483
26;2025-11-24;22;199
26;2025-11-24;23;126
26;2025-11-25;0;33
26;2025-11-25;1;2
26;2025-11-25;2;1
26;2025-11-25;3;1
26;2025-11-25;4;3
26;2025-11-25;5;97
26;2025-11-25;6;481
26;2025-11-25;7;1128
26;2025-11-25;8;2336
26;2025-11-25;9;1512
26;2025-11-25;10;1291
26;2025-11-25;11;1153
26;2025-11-25;12;1194
26;2025-11-25;13;1210
26;2025-11-25;14;1374
26;2025-11-25;15;1408
26;2025-11-25;16;1548
26;2025-11-25;17;1783
26;2025-11-25;18;1837
26;2025-11-25;19;1230
26;2025-11-25;20;741
26;2025-11-25;21;495
26;2025-11-25;22;204
26;2025-11-25;23;129
26;2025-11-26;0;33
26;2025-11-26;1;2
26;2025-11-26;2;1
26;2025-11-26;3;1
26;2025-11-26;4;3
26;2025-11-26;5;96
26;2025-11-26;6;475
26;2025-11-26;7;1124
26;2025-11-26;8;2312
26;2025-11-26;9;1497
26;2025-11-26;10;1267
26;2025-11-26;11;1135
26;2025-11-26;12;1190
26;2025-11-26;13;1207
26;2025-11-26;14;1363
26;2025-11-26;15;1415
26;2025-11-26;16;1553
26;2025-11-26;17;1813
26;2025-11-26;18;1832
26;2025-11-26;19;1223
26;2025-11-26;20;740
26;2025-11-26;21;499
26;2025-11-26;22;205
26;2025-11-26;23;130
26;2025-11-27;0;33
26;2025-11-27;1;2
26;2025-11-27;2;1
26;2025-11-27;3;1
26;2025-11-27;4;3
26;2025-11-27;5;96
26;2025-11-27;6;474
26;2025-11-27;7;1119
26;2025-11-27;8;2330
26;2025-11-27;9;1519
26;2025-11-27;10;1296
26;2025-11-27;11;1143
26;2025-11-27;12;1170
26;2025-11-27;13;1202
26;2025-11-27;14;1356
26;2025-11-27;15;1418
26;2025-11-27;16;1555
26;2025-11-27;17;1764
26;2025-11-27;18;1809
26;2025-11-27;19;1199
26;2025-11-27;20;723
26;2025-11-27;21;487
26;2025-11-27;22;200
26;2025-11-27;23;126
26;2025-11-28;0;32
26;2025-11-28;1;2
26;2025-11-28;2;1
26;2025-11-28;3;1
26;2025-11-28;4;3
26;2025-11-28;5;94
26;2025-11-28;6;467
26;2025-11-28;7;1103
26;2025-11-28;8;2291
26;2025-11-28;9;1493
26;2025-11-28;10;1275
26;2025-11-28;11;1162
26;2025-11-28;12;1203
26;2025-11-28;13;1218
26;2025-11-28;14;1393
26;2025-11-28;15;1436
26;2025-11-28;16;1579
26;2025-11-28;17;1791
26;2025-11-28;18;1741
26;2025-11-28;19;1188
26;2025-11-28;20;727
26;2025-11-28;21;493
26;2025-11-28;22;204
26;2025-11-28;23;132
26;2025-11-29;0;53
26;2025-11-29;1;3
26;2025-11-29;2;1
26;2025-11-29;3;1
26;2025-11-29;4;3
26;2025-11-29;5;52
26;2025-11-29;6;237
26;2025-11-29;7;380
26;2025-11-29;8;636
26;2025-11-29;9;696
26;2025-11-29;10;857
26;2025-11-29;11;1027
26;2025-11-29;12;1106
26;2025-11-29;13;1071
26;2025-11-29;14;1109
26;2025-11-29;15;996
26;2025-11-29;16;1043
26;2025-11-29;17;963
26;2025-11-29;18;899
26;2025-11-29;19;775
26;2025-11-29;20;543
26;2025-11-29;21;352
26;2025-11-29;22;202
26;2025-11-29;23;157
26;2025-11-30;0;49
26;2025-11-30;1;5
26;2025-11-30;2;1
26;2025-11-30;3;1
26;2025-11-30;4;2
26;2025-11-30;5;21
26;2025-11-30;6;157
26;2025-11-30;7;260
26;2025-11-30;8;387
26;2025-11-30;9;550
26;2025-11-30;10;616
26;2025-11-30;11;852
26;2025-11-30;12;845
26;2025-11-30;13;904
26;2025-11-30;14;874
26;2025-11-30;15;788
26;2025-11-30;16;751
26;2025-11-30;17;785
26;2025-11-30;18;708
26;2025-11-30;19;511
26;2025-11-30;20;394
26;2025-11-30;21;273
26;2025-11-30;22;157
26;2025-11-30;23;104
26;2025-12-01;0;33
26;2025-12-01;1;2
26;2025-12-01;2;1
26;2025-12-01;3;1
26;2025-12-01;4;3
26;2025-12-01;5;95
26;2025-12-01;6;470
26;2025-12-01;7;1108
26;2025-12-01;8;2295
26;2025-12-01;9;1486
26;2025-12-01;10;1270
26;2025-12-01;11;1127
26;2025-12-01;12;1172
26;2025-12-01;13;1194
26;2025-12-01;14;1355
26;2025-12-01;15;1392
26;2025-12-01;16;1519
26;2025-12-01;17;1750
26;2025-12-01;18;1820
26;2025-12-01;19;1217
26;2025-12-01;20;730
26;2025-12-01;21;490
26;2025-12-01;22;201
26;2025-12-01;23;127
26;2025-12-02;0;33
26;2025-12-02;1;2
26;2025-12-02;2;1
26;2025-12-02;3;1
26;2025-12-02;4;3
26;2025-12-02;5;96
26;2025-12-02;6;477
26;2025-12-02;7;1122
26;2025-12-02;8;2322
26;2025-12-02;9;1516
26;2025-12-02;10;1292
26;2025-12-02;11;1156
26;2025-12-02;12;1198
26;2025-12-02;13;1216
26;2025-12-02;14;1379
26;2025-12-02;15;1413
26;2025-12-02;16;1552
26;2025-12-02;17;1802
26;2025-12-02;18;1861
26;2025-12-02;19;1243
26;2025-12-02;20;740
26;2025-12-02;21;496
26;2025-12-02;22;204
26;2025-12-02;23;130
26;2025-12-03;0;33
26;2025-12-03;1;2
26;2025-12-03;2;1
26;2025-12-03;3;1
26;2025-12-03;4;3
26;2025-12-03;5;96
26;2025-12-03;6;477
26;2025-12-03;7;1122
26;2025-12-03;8;2325
26;2025-12-03;9;1522
26;2025-12-03;10;1295
26;2025-12-03;11;1162
26;2025-12-03;12;1209
26;2025-12-03;13;1224
26;2025-12-03;14;1385
26;2025-12-03;15;1413
26;2025-12-03;16;1545
26;2025-12-03;17;1798
26;2025-12-03;18;1856
26;2025-12-03;19;1238
26;2025-12-03;20;743
26;2025-12-03;21;499
26;2025-12-03;22;205
26;2025-12-03;23;130
26;2025-12-04;0;33
26;2025-12-04;1;2
26;2025-12-04;2;1
26;2025-12-04;3;1
26;2025-12-04;4;3
26;2025-12-04;5;96
26;2025-12-04;6;476
26;2025-12-04;7;1118
26;2025-12-04;8;2312
26;2025-12-04;9;1517
26;2025-12-04;10;1292
26;2025-12-04;11;1155
26;2025-12-04;12;1199
26;2025-12-04;13;1215
26;2025-12-04;14;1378
26;2025-12-04;15;1410
26;2025-12-04;16;1541
26;2025-12-04;17;1787
26;2025-12-04;18;1845
26;2025-12-04;19;1225
26;2025-12-04;20;738
26;2025-12-04;21;498
26;2025-12-04;22;205
26;2025-12-04;23;131
26;2025-12-05;0;33
26;2025-12-05;1;2
26;2025-12-05;2;1
26;2025-12-05;3;1
26;2025-12-05;4;3
26;2025-12-05;5;95
26;2025-12-05;6;472
26;2025-12-05;7;1104
26;2025-12-05;8;2302
26;2025-12-05;9;1497
26;2025-12-05;10;1277
26;2025-12-05;11;1162
26;2025-12-05;12;1208
26;2025-12-05;13;1227
26;2025-12-05;14;1397
26;2025-12-05;15;1439
26;2025-12-05;16;1578
26;2025-12-05;17;1792
26;2025-12-05;18;1750
26;2025-12-05;19;1187
26;2025-12-05;20;728
26;2025-12-05;21;496
26;2025-12-05;22;204
26;2025-12-05;23;133
26;2025-12-06;0;53
26;2025-12-06;1;3
26;2025-12-06;2;1
26;2025-12-06;3;1
26;2025-12-06;4;3
26;2025-12-06;5;52
26;2025-12-06;6;236
26;2025-12-06;7;380
26;2025-12-06;8;637
26;2025-12-06;9;697
26;2025-12-06;10;858
26;2025-12-06;11;1026
26;2025-12-06;12;1106
26;2025-12-06;13;1075
26;2025-12-06;14;1114
26;2025-12-06;15;1004
26;2025-12-06;16;1047
26;2025-12-06;17;966
26;2025-12-06;18;898
26;2025-12-06;19;774
26;2025-12-06;20;541
26;2025-12-06;21;351
26;2025-12-06;22;201
26;2025-12-06;23;157
26;2025-12-07;0;50
26;2025-12-07;1;5
26;2025-12-07;2;1
26;2025-12-07;3;1
26;2025-12-07;4;2
26;2025-12-07;5;21
26;2025-12-07;6;157
26;2025-12-07;7;260
26;2025-12-07;8;388
26;2025-12-07;9;544
26;2025-12-07;10;605
26;2025-12-07;11;846
26;2025-12-07;12;828
26;2025-12-07;13;885
26;2025-12-07;14;867
26;2025-12-07;15;789
26;2025-12-07;16;749
26;2025-12-07;17;777
26;2025-12-07;18;698
26;2025-12-07;19;510
26;2025-12-07;20;397
26;2025-12-07;21;275
26;2025-12-07;22;158
26;2025-12-07;23;105
26;2025-12-08;0;33
26;2025-12-08;1;2
26;2025-12-08;2;1
26;2025-12-08;3;1
26;2025-12-08;4;3
26;2025-12-08;5;95
26;2025-12-08;6;472
26;2025-12-08;7;1110
26;2025-12-08;8;2289
26;2025-12-08;9;1483
26;2025-12-08;10;1261
26;2025-12-08;11;1124
26;2025-12-08;12;1170
26;2025-12-08;13;1190
26;2025-12-08;14;1351
26;2025-12-08;15;1391
26;2025-12-08;16;1519
26;2025-12-08;17;1750
26;2025-12-08;18;1813
26;2025-12-08;19;1217
26;2025-12-08;20;731
26;2025-12-08;21;490
26;2025-12-08;22;202
26;2025-12-08;23;127
26;2025-12-09;0;33
26;2025-12-09;1;2
26;2025-12-09;2;1
26;2025-12-09;3;1
26;2025-12-09;4;3
26;2025-12-09;5;97
26;2025-12-09;6;480
26;2025-12-09;7;1124
26;2025-12-09;8;2326
26;2025-12-09;9;1514
26;2025-12-09;10;1289
26;2025-12-09;11;1140
26;2025-12-09;12;1180
26;2025-12-09;13;1193
26;2025-12-09;14;1356
26;2025-12-09;15;1407
26;2025-12-09;16;1545
26;2025-12-09;17;1763
26;2025-12-09;18;1821
26;2025-12-09;19;1230
26;2025-12-09;20;745
26;2025-12-09;21;497
26;2025-12-09;22;206
26;2025-12-09;23;131
26;2025-12-10;0;33
26;2025-12-10;1;2
26;2025-12-10;2;1
26;2025-12-10;3;1
26;2025-12-10;4;3
26;2025-12-10;5;97
26;2025-12-10;6;479
26;2025-12-10;7;1131
26;2025-12-10;8;2325
26;2025-12-10;9;1537
26;2025-12-10;10;1305
26;2025-12-10;11;1163
26;2025-12-10;12;1201
26;2025-12-10;13;1211
26;2025-12-10;14;1370
26;2025-12-10;15;1408
26;2025-12-10;16;1539
26;2025-12-10;17;1784
26;2025-12-10;18;1843
26;2025-12-10;19;1234
26;2025-12-10;20;743
26;2025-12-10;21;498
26;2025-12-10;22;204
26;2025-12-10;23;130
26;2025-12-11;0;33
26;2025-12-11;1;2
26;2025-12-11;2;1
26;2025-12-11;3;1
26;2025-12-11;4;3
26;2025-12-11;5;97
26;2025-12-11;6;480
26;2025-12-11;7;1125
26;2025-12-11;8;2322
26;2025-12-11;9;1462
26;2025-12-11;10;1255
26;2025-12-11;11;1131
26;2025-12-11;12;1183
26;2025-12-11;13;1203
26;2025-12-11;14;1383
26;2025-12-11;15;1413
26;2025-12-11;16;1547
26;2025-12-11;17;1790
26;2025-12-11;18;1828
26;2025-12-11;19;1210
26;2025-12-11;20;734
26;2025-12-11;21;493
26;2025-12-11;22;204
26;2025-12-11;23;131
26;2025-12-12;0;33
26;2025-12-12;1;2
26;2025-12-12;2;1
26;2025-12-12;3;1
26;2025-12-12;4;3
26;2025-12-12;5;95
26;2025-12-12;6;468
26;2025-12-12;7;1091
26;2025-12-12;8;2274
26;2025-12-12;9;1490
26;2025-12-12;10;1268
26;2025-12-12;11;1159
26;2025-12-12;12;1156
26;2025-12-12;13;1166
26;2025-12-12;14;1338
26;2025-12-12;15;1385
26;2025-12-12;16;1540
26;2025-12-12;17;1717
26;2025-12-12;18;1708
26;2025-12-12;19;1174
26;2025-12-12;20;726
26;2025-12-12;21;489
26;2025-12-12;22;201
26;2025-12-12;23;129
26;2025-12-13;0;51
26;2025-12-13;1;3
26;2025-12-13;2;1
26;2025-12-13;3;1
26;2025-12-13;4;3
26;2025-12-13;5;51
26;2025-12-13;6;231
26;2025-12-13;7;366
26;2025-12-13;8;613
26;2025-12-13;9;658
26;2025-12-13;10;816
26;2025-12-13;11;975
26;2025-12-13;12;1053
26;2025-12-13;13;1028
26;2025-12-13;14;1055
26;2025-12-13;15;946
26;2025-12-13;16;990
26;2025-12-13;17;919
26;2025-12-13;18;865
26;2025-12-13;19;757
26;2025-12-13;20;529
26;2025-12-13;21;346
26;2025-12-13;22;201
26;2025-12-13;23;155
26;2025-12-14;0;48
26;2025-12-14;1;4
26;2025-12-14;2;1
26;2025-12-14;3;1
26;2025-12-14;4;2
26;2025-12-14;5;21
26;2025-12-14;6;159
26;2025-12-14;7;263
26;2025-12-14;8;383
26;2025-12-14;9;520
26;2025-12-14;10;585
26;2025-12-14;11;812
26;2025-12-14;12;788
26;2025-12-14;13;842
26;2025-12-14;14;820
26;2025-12-14;15;750
26;2025-12-14;16;736
26;2025-12-14;17;762
26;2025-12-14;18;694
26;2025-12-14;19;514
26;2025-12-14;20;400
26;2025-12-14;21;278
26;2025-12-14;22;161
26;2025-12-14;23;106
26;2025-12-15;0;33
26;2025-12-15;1;2
26;2025-12-15;2;1
26;2025-12-15;3;1
26;2025-12-15;4;3
26;2025-12-15;5;95
26;2025-12-15;6;471
26;2025-12-15;7;1105
26;2025-12-15;8;2293
26;2025-12-15;9;1481
26;2025-12-15;10;1260
26;2025-12-15;11;1129
26;2025-12-15;12;1166
26;2025-12-15;13;1184
26;2025-12-15;14;1347
26;2025-12-15;15;1383
26;2025-12-15;16;1518
26;2025-12-15;17;1746
26;2025-12-15;18;1809
26;2025-12-15;19;1211
26;2025-12-15;20;727
26;2025-12-15;21;489
26;2025-12-15;22;201
26;2025-12-15;23;127
26;2025-12-16;0;33
26;2025-12-16;1;2
26;2025-12-16;2;1
26;2025-12-16;3;1
26;2025-12-16;4;3
26;2025-12-16;5;96
26;2025-12-16;6;478
26;2025-12-16;7;1127
26;2025-12-16;8;2340
26;2025-12-16;9;1518
26;2025-12-16;10;1303
26;2025-12-16;11;1159
26;2025-12-16;12;1197
26;2025-12-16;13;1175
26;2025-12-16;14;1367
26;2025-12-16;15;1402
26;2025-12-16;16;1539
26;2025-12-16;17;1783
26;2025-12-16;18;1834
26;2025-12-16;19;1231
26;2025-12-16;20;743
26;2025-12-16;21;496
26;2025-12-16;22;204
26;2025-12-16;23;130
26;2025-12-17;0;33
26;2025-12-17;1;2
26;2025-12-17;2;1
26;2025-12-17;3;1
26;2025-12-17;4;3
26;2025-12-17;5;96
26;2025-12-17;6;474
26;2025-12-17;7;1123
26;2025-12-17;8;2322
26;2025-12-17;9;1514
26;2025-12-17;10;1296
26;2025-12-17;11;1155
26;2025-12-17;12;1200
26;2025-12-17;13;1213
26;2025-12-17;14;1371
26;2025-12-17;15;1411
26;2025-12-17;16;1536
26;2025-12-17;17;1784
26;2025-12-17;18;1841
26;2025-12-17;19;1233
26;2025-12-17;20;743
26;2025-12-17;21;499
26;2025-12-17;22;204
26;2025-12-17;23;130
26;2025-12-18;0;33
26;2025-12-18;1;2
26;2025-12-18;2;1
26;2025-12-18;3;1
26;2025-12-18;4;3
26;2025-12-18;5;97
26;2025-12-18;6;477
26;2025-12-18;7;1127
26;2025-12-18;8;2330
26;2025-12-18;9;1516
26;2025-12-18;10;1298
26;2025-12-18;11;1163
26;2025-12-18;12;1206
26;2025-12-18;13;1216
26;2025-12-18;14;1379
26;2025-12-18;15;1413
26;2025-12-18;16;1543
26;2025-12-18;17;1793
26;2025-12-18;18;1851
26;2025-12-18;19;1242
26;2025-12-18;20;747
26;2025-12-18;21;499
26;2025-12-18;22;205
26;2025-12-18;23;131
26;2025-12-19;0;33
26;2025-12-19;1;2
26;2025-12-19;2;1
26;2025-12-19;3;1
26;2025-12-19;4;3
26;2025-12-19;5;95
26;2025-12-19;6;471
26;2025-12-19;7;1107
26;2025-12-19;8;2291
26;2025-12-19;9;1495
26;2025-12-19;10;1273
26;2025-12-19;11;1158
26;2025-12-19;12;1201
26;2025-12-19;13;1214
26;2025-12-19;14;1381
26;2025-12-19;15;1429
26;2025-12-19;16;1572
26;2025-12-19;17;1780
26;2025-12-19;18;1764
26;2025-12-19;19;1191
26;2025-12-19;20;729
26;2025-12-19;21;496
26;2025-12-19;22;204
26;2025-12-19;23;132
26;2025-12-20;0;53
26;2025-12-20;1;3
26;2025-12-20;2;1
26;2025-12-20;3;1
26;2025-12-20;4;3
26;2025-12-20;5;52
26;2025-12-20;6;238
26;2025-12-20;7;380
26;2025-12-20;8;633
26;2025-12-20;9;691
26;2025-12-20;10;856
26;2025-12-20;11;1026
26;2025-12-20;12;1106
26;2025-12-20;13;1071
26;2025-12-20;14;1109
26;2025-12-20;15;995
26;2025-12-20;16;1041
26;2025-12-20;17;955
26;2025-12-20;18;881
26;2025-12-20;19;766
26;2025-12-20;20;539
26;2025-12-20;21;346
26;2025-12-20;22;199
26;2025-12-20;23;155
26;2025-12-21;0;49
26;2025-12-21;1;4
26;2025-12-21;2;1
26;2025-12-21;3;1
26;2025-12-21;4;2
26;2025-12-21;5;21
26;2025-12-21;6;158
26;2025-12-21;7;262
26;2025-12-21;8;387
26;2025-12-21;9;539
26;2025-12-21;10;601
26;2025-12-21;11;839
26;2025-12-21;12;826
26;2025-12-21;13;884
26;2025-12-21;14;855
26;2025-12-21;15;785
26;2025-12-21;16;744
26;2025-12-21;17;772
26;2025-12-21;18;696
26;2025-12-21;19;509
26;2025-12-21;20;396
26;2025-12-21;21;274
26;2025-12-21;22;155
26;2025-12-21;23;104
26;2025-12-22;0;33
26;2025-12-22;1;2
26;2025-12-22;2;1
26;2025-12-22;3;1
26;2025-12-22;4;3
26;2025-12-22;5;96
26;2025-12-22;6;469
26;2025-12-22;7;1107
26;2025-12-22;8;2295
26;2025-12-22;9;1464
26;2025-12-22;10;1252
26;2025-12-22;11;1110
26;2025-12-22;12;1152
26;2025-12-22;13;1177
26;2025-12-22;14;1323
26;2025-12-22;15;1372
26;2025-12-22;16;1503
26;2025-12-22;17;1723
26;2025-12-22;18;1790
26;2025-12-22;19;1205
26;2025-12-22;20;721
26;2025-12-22;21;492
26;2025-12-22;22;204
26;2025-12-22;23;127
26;2025-12-23;0;33
26;2025-12-23;1;2
26;2025-12-23;2;1
26;2025-12-23;3;1
26;2025-12-23;4;3
26;2025-12-23;5;96
26;2025-12-23;6;478
26;2025-12-23;7;1114
26;2025-12-23;8;2298
26;2025-12-23;9;1489
26;2025-12-23;10;1276
26;2025-12-23;11;1141
26;2025-12-23;12;1184
26;2025-12-23;13;1204
26;2025-12-23;14;1373
26;2025-12-23;15;1415
26;2025-12-23;16;1553
26;2025-12-23;17;1788
26;2025-12-23;18;1841
26;2025-12-23;19;1240
26;2025-12-23;20;749
26;2025-12-23;21;502
26;2025-12-23;22;207
26;2025-12-23;23;131
26;2025-12-24;0;33
26;2025-12-24;1;2
26;2025-12-24;2;1
26;2025-12-24;3;1
26;2025-12-24;4;3
26;2025-12-24;5;97
26;2025-12-24;6;479
26;2025-12-24;7;1131
26;2025-12-24;8;2336
26;2025-12-24;9;1513
26;2025-12-24;10;1291
26;2025-12-24;11;1155
26;2025-12-24;12;1200
26;2025-12-24;13;1211
26;2025-12-24;14;1364
26;2025-12-24;15;1418
26;2025-12-24;16;1546
26;2025-12-24;17;1787
26;2025-12-24;18;1852
26;2025-12-24;19;1234
26;2025-12-24;20;748
26;2025-12-24;21;502
26;2025-12-24;22;207
26;2025-12-24;23;132
26;2025-12-25;0;34
26;2025-12-25;1;2
26;2025-12-25;2;1
26;2025-12-25;3;1
26;2025-12-25;4;3
26;2025-12-25;5;97
26;2025-12-25;6;485
26;2025-12-25;7;1129
26;2025-12-25;8;2328
26;2025-12-25;9;1516
26;2025-12-25;10;1295
26;2025-12-25;11;1159
26;2025-12-25;12;1203
26;2025-12-25;13;1217
26;2025-12-25;14;1381
26;2025-12-25;15;1417
26;2025-12-25;16;1553
26;2025-12-25;17;1789
26;2025-12-25;18;1824
26;2025-12-25;19;1238
26;2025-12-25;20;742
26;2025-12-25;21;501
26;2025-12-25;22;203
26;2025-12-25;23;127
26;2025-12-26;0;32
26;2025-12-26;1;2
26;2025-12-26;2;1
26;2025-12-26;3;1
26;2025-12-26;4;3
26;2025-12-26;5;95
26;2025-12-26;6;479
26;2025-12-26;7;1098
26;2025-12-26;8;2248
26;2025-12-26;9;1451
26;2025-12-26;10;1237
26;2025-12-26;11;1113
26;2025-12-26;12;1159
26;2025-12-26;13;1186
26;2025-12-26;14;1347
26;2025-12-26;15;1387
26;2025-12-26;16;1530
26;2025-12-26;17;1726
26;2025-12-26;18;1735
26;2025-12-26;19;1190
26;2025-12-26;20;722
26;2025-12-26;21;489
26;2025-12-26;22;201
26;2025-12-26;23;128
26;2025-12-27;0;51
26;2025-12-27;1;3
26;2025-12-27;2;1
26;2025-12-27;3;1
26;2025-12-27;4;3
26;2025-12-27;5;51
26;2025-12-27;6;233
26;2025-12-27;7;368
26;2025-12-27;8;615
26;2025-12-27;9;698
26;2025-12-27;10;842
26;2025-12-27;11;1013
26;2025-12-27;12;1106
26;2025-12-27;13;1070
26;2025-12-27;14;1107
26;2025-12-27;15;997
26;2025-12-27;16;1041
26;2025-12-27;17;963
26;2025-12-27;18;899
26;2025-12-27;19;774
26;2025-12-27;20;545
26;2025-12-27;21;353
26;2025-12-27;22;201
26;2025-12-27;23;156
26;2025-12-28;0;50
26;2025-12-28;1;5
26;2025-12-28;2;1
26;2025-12-28;3;1
26;2025-12-28;4;2
26;2025-12-28;5;22
26;2025-12-28;6;158
26;2025-12-28;7;263
26;2025-12-28;8;385
26;2025-12-28;9;537
26;2025-12-28;10;610
26;2025-12-28;11;838
26;2025-12-28;12;842
26;2025-12-28;13;894
26;2025-12-28;14;867
26;2025-12-28;15;795
26;2025-12-28;16;746
26;2025-12-28;17;775
26;2025-12-28;18;699
26;2025-12-28;19;511
26;2025-12-28;20;401
26;2025-12-28;21;277
26;2025-12-28;22;160
26;2025-12-28;23;105
26;2025-12-29;0;33
26;2025-12-29;1;2
26;2025-12-29;2;1
26;2025-12-29;3;1
26;2025-12-29;4;3
26;2025-12-29;5;96
26;2025-12-29;6;471
26;2025-12-29;7;1104
26;2025-12-29;8;2299
26;2025-12-29;9;1491
26;2025-12-29;10;1269
26;2025-12-29;11;1131
26;2025-12-29;12;1170
26;2025-12-29;13;1181
26;2025-12-29;14;1348
26;2025-12-29;15;1390
26;2025-12-29;16;1526
26;2025-12-29;17;1751
26;2025-12-29;18;1820
26;2025-12-29;19;1218
26;2025-12-29;20;734
26;2025-12-29;21;495
26;2025-12-29;22;204
26;2025-12-29;23;129
26;2025-12-30;0;33
26;2025-12-30;1;2
26;2025-12-30;2;1
26;2025-12-30;3;1
26;2025-12-30;4;3
26;2025-12-30;5;97
26;2025-12-30;6;480
26;2025-12-30;7;1127
26;2025-12-30;8;2313
26;2025-12-30;9;1514
26;2025-12-30;10;1289
26;2025-12-30;11;1150
26;2025-12-30;12;1202
26;2025-12-30;13;1206
26;2025-12-30;14;1373
26;2025-12-30;15;1412
26;2025-12-30;16;1554
26;2025-12-30;17;1790
26;2025-12-30;18;1857
26;2025-12-30;19;1235
26;2025-12-30;20;742
26;2025-12-30;21;498
26;2025-12-30;22;206
26;2025-12-30;23;131
26;2025-12-31;0;50
26;2025-12-31;1;5
26;2025-12-31;2;1
26;2025-12-31;3;1
26;2025-12-31;4;2
26;2025-12-31;5;22
26;2025-12-31;6;158
26;2025-12-31;7;263
26;2025-12-31;8;392
26;2025-12-31;9;544
26;2025-12-31;10;612
26;2025-12-31;11;849
26;2025-12-31;12;835
26;2025-12-31;13;890
26;2025-12-31;14;866
26;2025-12-31;15;791
26;2025-12-31;16;755
26;2025-12-31;17;787
26;2025-12-31;18;705
26;2025-12-31;19;522
26;2025-12-31;20;404
26;2025-12-31;21;280
26;2025-12-31;22;161
26;2025-12-31;23;107
28;2025-11-01;0;3
28;2025-11-01;1;1
28;2025-11-01;2;1
28;2025-11-01;3;1
28;2025-11-01;4;2
28;2025-11-01;5;79
28;2025-11-01;6;260
28;2025-11-01;7;805
28;2025-11-01;8;1303
28;2025-11-01;9;847
28;2025-11-01;10;641
28;2025-11-01;11;592
28;2025-11-01;12;745
28;2025-11-01;13;730
28;2025-11-01;14;700
28;2025-11-01;15;726
28;2025-11-01;16;921
28;2025-11-01;17;1067
28;2025-11-01;18;1002
28;2025-11-01;19;744
28;2025-11-01;20;503
28;2025-11-01;21;326
28;2025-11-01;22;121
28;2025-11-01;23;14
28;2025-11-02;0;3
28;2025-11-02;1;1
28;2025-11-02;2;1
28;2025-11-02;3;1
28;2025-11-02;4;1
28;2025-11-02;5;30
28;2025-11-02;6;77
28;2025-11-02;7;166
28;2025-11-02;8;258
28;2025-11-02;9;362
28;2025-11-02;10;406
28;2025-11-02;11;446
28;2025-11-02;12;465
28;2025-11-02;13;544
28;2025-11-02;14;526
28;2025-11-02;15;520
28;2025-11-02;16;462
28;2025-11-02;17;504
28;2025-11-02;18;428
28;2025-11-02;19;383
28;2025-11-02;20;291
28;2025-11-02;21;233
28;2025-11-02;22;111
28;2025-11-02;23;13
28;2025-11-03;0;3
28;2025-11-03;1;1
28;2025-11-03;2;1
28;2025-11-03;3;1
28;2025-11-03;4;1
28;2025-11-03;5;30
28;2025-11-03;6;77
28;2025-11-03;7;164
28;2025-11-03;8;255
28;2025-11-03;9;350
28;2025-11-03;10;388
28;2025-11-03;11;413
28;2025-11-03;12;425
28;2025-11-03;13;513
28;2025-11-03;14;491
28;2025-11-03;15;490
28;2025-11-03;16;444
28;2025-11-03;17;488
28;2025-11-03;18;425
28;2025-11-03;19;380
28;2025-11-03;20;283
28;2025-11-03;21;228
28;2025-11-03;22;107
28;2025-11-03;23;13
28;2025-11-04;0;3
28;2025-11-04;1;1
28;2025-11-04;2;1
28;2025-11-04;3;1
28;2025-11-04;4;1
28;2025-11-04;5;29
28;2025-11-04;6;76
28;2025-11-04;7;160
28;2025-11-04;8;243
28;2025-11-04;9;335
28;2025-11-04;10;375
28;2025-11-04;11;409
28;2025-11-04;12;417
28;2025-11-04;13;504
28;2025-11-04;14;512
28;2025-11-04;15;514
28;2025-11-04;16;457
28;2025-11-04;17;501
28;2025-11-04;18;429
28;2025-11-04;19;387
28;2025-11-04;20;290
28;2025-11-04;21;233
28;2025-11-04;22;111
28;2025-11-04;23;14
28;2025-11-05;0;3
28;2025-11-05;1;1
28;2025-11-05;2;1
28;2025-11-05;3;1
28;2025-11-05;4;2
28;2025-11-05;5;79
28;2025-11-05;6;260
28;2025-11-05;7;813
28;2025-11-05;8;1330
28;2025-11-05;9;864
28;2025-11-05;10;646
28;2025-11-05;11;579
28;2025-11-05;12;723
28;2025-11-05;13;719
28;2025-11-05;14;687
28;2025-11-05;15;723
28;2025-11-05;16;914
28;2025-11-05;17;1068
28;2025-11-05;18;1008
28;2025-11-05;19;743
28;2025-11-05;20;505
28;2025-11-05;21;327
28;2025-11-05;22;120
28;2025-11-05;23;14
28;2025-11-06;0;3
28;2025-11-06;1;1
28;2025-11-06;2;1
28;2025-11-06;3;1
28;2025-11-06;4;2
28;2025-11-06;5;79
28;2025-11-06;6;262
28;2025-11-06;7;811
28;2025-11-06;8;1325
28;2025-11-06;9;860
28;2025-11-06;10;640
28;2025-11-06;11;572
28;2025-11-06;12;746
28;2025-11-06;13;732
28;2025-11-06;14;692
28;2025-11-06;15;704
28;2025-11-06;16;909
28;2025-11-06;17;1067
28;2025-11-06;18;1017
28;2025-11-06;19;751
28;2025-11-06;20;502
28;2025-11-06;21;332
28;2025-11-06;22;122
28;2025-11-06;23;14
28;2025-11-07;0;3
28;2025-11-07;1;1
28;2025-11-07;2;1
28;2025-11-07;3;1
28;2025-11-07;4;2
28;2025-11-07;5;79
28;2025-11-07;6;259
28;2025-11-07;7;805
28;2025-11-07;8;1330
28;2025-11-07;9;839
28;2025-11-07;10;638
28;2025-11-07;11;601
28;2025-11-07;12;759
28;2025-11-07;13;741
28;2025-11-07;14;707
28;2025-11-07;15;737
28;2025-11-07;16;949
28;2025-11-07;17;1081
28;2025-11-07;18;969
28;2025-11-07;19;726
28;2025-11-07;20;497
28;2025-11-07;21;326
28;2025-11-07;22;120
28;2025-11-07;23;14
28;2025-11-08;0;3
28;2025-11-08;1;1
28;2025-11-08;2;1
28;2025-11-08;3;1
28;2025-11-08;4;2
28;2025-11-08;5;40
28;2025-11-08;6;107
28;2025-11-08;7;233
28;2025-11-08;8;401
28;2025-11-08;9;464
28;2025-11-08;10;506
28;2025-11-08;11;518
28;2025-11-08;12;602
28;2025-11-08;13;612
28;2025-11-08;14;582
28;2025-11-08;15;632
28;2025-11-08;16;628
28;2025-11-08;17;609
28;2025-11-08;18;520
28;2025-11-08;19;392
28;2025-11-08;20;286
28;2025-11-08;21;259
28;2025-11-08;22;104
28;2025-11-08;23;13
28;2025-11-09;0;3
28;2025-11-09;1;1
28;2025-11-09;2;1
28;2025-11-09;3;1
28;2025-11-09;4;1
28;2025-11-09;5;30
28;2025-11-09;6;77
28;2025-11-09;7;166
28;2025-11-09;8;258
28;2025-11-09;9;359
28;2025-11-09;10;406
28;2025-11-09;11;445
28;2025-11-09;12;458
28;2025-11-09;13;556
28;2025-11-09;14;515
28;2025-11-09;15;524
28;2025-11-09;16;462
28;2025-11-09;17;504
28;2025-11-09;18;430
28;2025-11-09;19;383
28;2025-11-09;20;290
28;2025-11-09;21;232
28;2025-11-09;22;110
28;2025-11-09;23;13
28;2025-11-10;0;3
28;2025-11-10;1;1
28;2025-11-10;2;1
28;2025-11-10;3;1
28;2025-11-10;4;2
28;2025-11-10;5;78
28;2025-11-10;6;259
28;2025-11-10;7;807
28;2025-11-10;8;1318
28;2025-11-10;9;843
28;2025-11-10;10;629
28;2025-11-10;11;575
28;2025-11-10;12;729
28;2025-11-10;13;719
28;2025-11-10;14;683
28;2025-11-10;15;710
28;2025-11-10;16;908
28;2025-11-10;17;1054
28;2025-11-10;18;1004
28;2025-11-10;19;743
28;2025-11-10;20;499
28;2025-11-10;21;323
28;2025-11-10;22;117
28;2025-11-10;23;14
28;2025-11-11;0;3
28;2025-11-11;1;1
28;2025-11-11;2;1
28;2025-11-11;3;1
28;2025-11-11;4;2
28;2025-11-11;5;79
28;2025-11-11;6;263
28;2025-11-11;7;816
28;2025-11-11;8;1325
28;2025-11-11;9;869
28;2025-11-11;10;651
28;2025-11-11;11;597
28;2025-11-11;12;750
28;2025-11-11;13;735
28;2025-11-11;14;698
28;2025-11-11;15;717
28;2025-11-11;16;919
28;2025-11-11;17;1076
28;2025-11-11;18;1025
28;2025-11-11;19;754
28;2025-11-11;20;508
28;2025-11-11;21;328
28;2025-11-11;22;120
28;2025-11-11;23;14
28;2025-11-12;0;3
28;2025-11-12;1;1
28;2025-11-12;2;1
28;2025-11-12;3;1
28;2025-11-12;4;2
28;2025-11-12;5;79
28;2025-11-12;6;261
28;2025-11-12;7;811
28;2025-11-12;8;1317
28;2025-11-12;9;860
28;2025-11-12;10;634
28;2025-11-12;11;575
28;2025-11-12;12;737
28;2025-11-12;13;718
28;2025-11-12;14;687
28;2025-11-12;15;710
28;2025-11-12;16;916
28;2025-11-12;17;1075
28;2025-11-12;18;1009
28;2025-11-12;19;749
28;2025-11-12;20;506
28;2025-11-12;21;326
28;2025-11-12;22;120
28;2025-11-12;23;14
28;2025-11-13;0;3
28;2025-11-13;1;1
28;2025-11-13;2;1
28;2025-11-13;3;1
28;2025-11-13;4;2
28;2025-11-13;5;79
28;2025-11-13;6;260
28;2025-11-13;7;818
28;2025-11-13;8;1326
28;2025-11-13;9;877
28;2025-11-13;10;652
28;2025-11-13;11;598
28;2025-11-13;12;756
28;2025-11-13;13;734
28;2025-11-13;14;697
28;2025-11-13;15;721
28;2025-11-13;16;918
28;2025-11-13;17;1081
28;2025-11-13;18;1020
28;2025-11-13;19;753
28;2025-11-13;20;513
28;2025-11-13;21;332
28;2025-11-13;22;122
28;2025-11-13;23;14
28;2025-11-14;0;3
28;2025-11-14;1;1
28;2025-11-14;2;1
28;2025-11-14;3;1
28;2025-11-14;4;2
28;2025-11-14;5;77
28;2025-11-14;6;257
28;2025-11-14;7;787
28;2025-11-14;8;1280
28;2025-11-14;9;828
28;2025-11-14;10;620
28;2025-11-14;11;588
28;2025-11-14;12;740
28;2025-11-14;13;719
28;2025-11-14;14;685
28;2025-11-14;15;715
28;2025-11-14;16;928
28;2025-11-14;17;1059
28;2025-11-14;18;957
28;2025-11-14;19;719
28;2025-11-14;20;500
28;2025-11-14;21;326
28;2025-11-14;22;121
28;2025-11-14;23;14
28;2025-11-15;0;3
28;2025-11-15;1;1
28;2025-11-15;2;1
28;2025-11-15;3;1
28;2025-11-15;4;2
28;2025-11-15;5;40
28;2025-11-15;6;106
28;2025-11-15;7;234
28;2025-11-15;8;412
28;2025-11-15;9;456
28;2025-11-15;10;507
28;2025-11-15;11;505
28;2025-11-15;12;608
28;2025-11-15;13;613
28;2025-11-15;14;576
28;2025-11-15;15;626
28;2025-11-15;16;618
28;2025-11-15;17;588
28;2025-11-15;18;509
28;2025-11-15;19;388
28;2025-11-15;20;292
28;2025-11-15;21;264
28;2025-11-15;22;106
28;2025-11-15;23;13
28;2025-11-16;0;3
28;2025-11-16;1;1
28;2025-11-16;2;1
28;2025-11-16;3;1
28;2025-11-16;4;1
28;2025-11-16;5;31
28;2025-11-16;6;77
28;2025-11-16;7;167
28;2025-11-16;8;259
28;2025-11-16;9;363
28;2025-11-16;10;410
28;2025-11-16;11;453
28;2025-11-16;12;467
28;2025-11-16;13;563
28;2025-11-16;14;526
28;2025-11-16;15;516
28;2025-11-16;16;460
28;2025-11-16;17;500
28;2025-11-16;18;421
28;2025-11-16;19;383
28;2025-11-16;20;289
28;2025-11-16;21;233
28;2025-11-16;22;109
28;2025-11-16;23;13
28;2025-11-17;0;3
28;2025-11-17;1;1
28;2025-11-17;2;1
28;2025-11-17;3;1
28;2025-11-17;4;2
28;2025-11-17;5;78
28;2025-11-17;6;259
28;2025-11-17;7;804
28;2025-11-17;8;1295
28;2025-11-17;9;832
28;2025-11-17;10;611
28;2025-11-17;11;560
28;2025-11-17;12;709
28;2025-11-17;13;693
28;2025-11-17;14;664
28;2025-11-17;15;695
28;2025-11-17;16;901
28;2025-11-17;17;1053
28;2025-11-17;18;1013
28;2025-11-17;19;748
28;2025-11-17;20;502
28;2025-11-17;21;324
28;2025-11-17;22;119
28;2025-11-17;23;14
28;2025-11-18;0;3
28;2025-11-18;1;1
28;2025-11-18;2;1
28;2025-11-18;3;1
28;2025-11-18;4;2
28;2025-11-18;5;77
28;2025-11-18;6;253
28;2025-11-18;7;792
28;2025-11-18;8;1271
28;2025-11-18;9;810
28;2025-11-18;10;608
28;2025-11-18;11;562
28;2025-11-18;12;708
28;2025-11-18;13;686
28;2025-11-18;14;656
28;2025-11-18;15;693
28;2025-11-18;16;898
28;2025-11-18;17;1050
28;2025-11-18;18;987
28;2025-11-18;19;730
28;2025-11-18;20;502
28;2025-11-18;21;324
28;2025-11-18;22;119
28;2025-11-18;23;14
28;2025-11-19;0;3
28;2025-11-19;1;1
28;2025-11-19;2;1
28;2025-11-19;3;1
28;2025-11-19;4;2
28;2025-11-19;5;79
28;2025-11-19;6;263
28;2025-11-19;7;816
28;2025-11-19;8;1329
28;2025-11-19;9;859
28;2025-11-19;10;636
28;2025-11-19;11;586
28;2025-11-19;12;747
28;2025-11-19;13;734
28;2025-11-19;14;694
28;2025-11-19;15;713
28;2025-11-19;16;916
28;2025-11-19;17;1068
28;2025-11-19;18;1013
28;2025-11-19;19;751
28;2025-11-19;20;507
28;2025-11-19;21;327
28;2025-11-19;22;121
28;2025-11-19;23;14
28;2025-11-20;0;3
28;2025-11-20;1;1
28;2025-11-20;2;1
28;2025-11-20;3;1
28;2025-11-20;4;2
28;2025-11-20;5;79
28;2025-11-20;6;263
28;2025-11-20;7;816
28;2025-11-20;8;1322
28;2025-11-20;9;860
28;2025-11-20;10;644
28;2025-11-20;11;590
28;2025-11-20;12;749
28;2025-11-20;13;733
28;2025-11-20;14;698
28;2025-11-20;15;716
28;2025-11-20;16;913
28;2025-11-20;17;1070
28;2025-11-20;18;1019
28;2025-11-20;19;755
28;2025-11-20;20;510
28;2025-11-20;21;329
28;2025-11-20;22;121
28;2025-11-20;23;14
28;2025-11-21;0;3
28;2025-11-21;1;1
28;2025-11-21;2;1
28;2025-11-21;3;1
28;2025-11-21;4;2
28;2025-11-21;5;78
28;2025-11-21;6;259
28;2025-11-21;7;798
28;2025-11-21;8;1302
28;2025-11-21;9;852
28;2025-11-21;10;637
28;2025-11-21;11;596
28;2025-11-21;12;747
28;2025-11-21;13;738
28;2025-11-21;14;703
28;2025-11-21;15;730
28;2025-11-21;16;934
28;2025-11-21;17;1069
28;2025-11-21;18;977
28;2025-11-21;19;728
28;2025-11-21;20;502
28;2025-11-21;21;327
28;2025-11-21;22;120
28;2025-11-21;23;14
28;2025-11-22;0;3
28;2025-11-22;1;1
28;2025-11-22;2;1
28;2025-11-22;3;1
28;2025-11-22;4;2
28;2025-11-22;5;40
28;2025-11-22;6;108
28;2025-11-22;7;239
28;2025-11-22;8;409
28;2025-11-22;9;474
28;2025-11-22;10;518
28;2025-11-22;11;526
28;2025-11-22;12;623
28;2025-11-22;13;624
28;2025-11-22;14;578
28;2025-11-22;15;621
28;2025-11-22;16;618
28;2025-11-22;17;600
28;2025-11-22;18;518
28;2025-11-22;19;393
28;2025-11-22;20;288
28;2025-11-22;21;259
28;2025-11-22;22;104
28;2025-11-22;23;13
28;2025-11-23;0;3
28;2025-11-23;1;1
28;2025-11-23;2;1
28;2025-11-23;3;1
28;2025-11-23;4;1
28;2025-11-23;5;30
28;2025-11-23;6;77
28;2025-11-23;7;166
28;2025-11-23;8;257
28;2025-11-23;9;362
28;2025-11-23;10;406
28;2025-11-23;11;448
28;2025-11-23;12;463
28;2025-11-23;13;564
28;2025-11-23;14;530
28;2025-11-23;15;527
28;2025-11-23;16;467
28;2025-11-23;17;502
28;2025-11-23;18;428
28;2025-11-23;19;388
28;2025-11-23;20;292
28;2025-11-23;21;234
28;2025-11-23;22;111
28;2025-11-23;23;13
28;2025-11-24;0;3
28;2025-11-24;1;1
28;2025-11-24;2;1
28;2025-11-24;3;1
28;2025-11-24;4;2
28;2025-11-24;5;76
28;2025-11-24;6;252
28;2025-11-24;7;790
28;2025-11-24;8;1297
28;2025-11-24;9;834
28;2025-11-24;10;625
28;2025-11-24;11;560
28;2025-11-24;12;719
28;2025-11-24;13;708
28;2025-11-24;14;675
28;2025-11-24;15;701
28;2025-11-24;16;908
28;2025-11-24;17;1049
28;2025-11-24;18;1010
28;2025-11-24;19;743
28;2025-11-24;20;501
28;2025-11-24;21;321
28;2025-11-24;22;119
28;2025-11-24;23;14
28;2025-11-25;0;3
28;2025-11-25;1;1
28;2025-11-25;2;1
28;2025-11-25;3;1
28;2025-11-25;4;2
28;2025-11-25;5;79
28;2025-11-25;6;264
28;2025-11-25;7;815
28;2025-11-25;8;1308
28;2025-11-25;9;862
28;2025-11-25;10;646
28;2025-11-25;11;591
28;2025-11-25;12;743
28;2025-11-25;13;727
28;2025-11-25;14;690
28;2025-11-25;15;711
28;2025-11-25;16;910
28;2025-11-25;17;1060
28;2025-11-25;18;1009
28;2025-11-25;19;746
28;2025-11-25;20;508
28;2025-11-25;21;327
28;2025-11-25;22;120
28;2025-11-25;23;14
28;2025-11-26;0;3
28;2025-11-26;1;1
28;2025-11-26;2;1
28;2025-11-26;3;1
28;2025-11-26;4;2
28;2025-11-26;5;79
28;2025-11-26;6;261
28;2025-11-26;7;812
28;2025-11-26;8;1322
28;2025-11-26;9;852
28;2025-11-26;10;632
28;2025-11-26;11;582
28;2025-11-26;12;742
28;2025-11-26;13;727
28;2025-11-26;14;690
28;2025-11-26;15;728
28;2025-11-26;16;927
28;2025-11-26;17;1090
28;2025-11-26;18;1017
28;2025-11-26;19;756
28;2025-11-26;20;508
28;2025-11-26;21;329
28;2025-11-26;22;121
28;2025-11-26;23;14
28;2025-11-27;0;3
28;2025-11-27;1;1
28;2025-11-27;2;1
28;2025-11-27;3;1
28;2025-11-27;4;2
28;2025-11-27;5;79
28;2025-11-27;6;261
28;2025-11-27;7;811
28;2025-11-27;8;1320
28;2025-11-27;9;864
28;2025-11-27;10;646
28;2025-11-27;11;587
28;2025-11-27;12;730
28;2025-11-27;13;724
28;2025-11-27;14;684
28;2025-11-27;15;722
28;2025-11-27;16;918
28;2025-11-27;17;1062
28;2025-11-27;18;1005
28;2025-11-27;19;741
28;2025-11-27;20;502
28;2025-11-27;21;324
28;2025-11-27;22;118
28;2025-11-27;23;14
28;2025-11-28;0;3
28;2025-11-28;1;1
28;2025-11-28;2;1
28;2025-11-28;3;1
28;2025-11-28;4;2
28;2025-11-28;5;78
28;2025-11-28;6;259
28;2025-11-28;7;807
28;2025-11-28;8;1317
28;2025-11-28;9;852
28;2025-11-28;10;639
28;2025-11-28;11;599
28;2025-11-28;12;757
28;2025-11-28;13;740
28;2025-11-28;14;707
28;2025-11-28;15;732
28;2025-11-28;16;941
28;2025-11-28;17;1076
28;2025-11-28;18;974
28;2025-11-28;19;731
28;2025-11-28;20;501
28;2025-11-28;21;326
28;2025-11-28;22;120
28;2025-11-28;23;14
28;2025-11-29;0;3
28;2025-11-29;1;1
28;2025-11-29;2;1
28;2025-11-29;3;1
28;2025-11-29;4;2
28;2025-11-29;5;40
28;2025-11-29;6;108
28;2025-11-29;7;239
28;2025-11-29;8;415
28;2025-11-29;9;475
28;2025-11-29;10;517
28;2025-11-29;11;524
28;2025-11-29;12;622
28;2025-11-29;13;621
28;2025-11-29;14;573
28;2025-11-29;15;616
28;2025-11-29;16;614
28;2025-11-29;17;600
28;2025-11-29;18;518
28;2025-11-29;19;393
28;2025-11-29;20;289
28;2025-11-29;21;260
28;2025-11-29;22;104
28;2025-11-29;23;13
28;2025-11-30;0;3
28;2025-11-30;1;1
28;2025-11-30;2;1
28;2025-11-30;3;1
28;2025-11-30;4;1
28;2025-11-30;5;31
28;2025-11-30;6;77
28;2025-11-30;7;166
28;2025-11-30;8;257
28;2025-11-30;9;363
28;2025-11-30;10;407
28;2025-11-30;11;446
28;2025-11-30;12;462
28;2025-11-30;13;558
28;2025-11-30;14;523
28;2025-11-30;15;518
28;2025-11-30;16;459
28;2025-11-30;17;505
28;2025-11-30;18;434
28;2025-11-30;19;386
28;2025-11-30;20;290
28;2025-11-30;21;233
28;2025-11-30;22;110
28;2025-11-30;23;13
28;2025-12-01;0;3
28;2025-12-01;1;1
28;2025-12-01;2;1
28;2025-12-01;3;1
28;2025-12-01;4;2
28;2025-12-01;5;78
28;2025-12-01;6;259
28;2025-12-01;7;801
28;2025-12-01;8;1308
28;2025-12-01;9;841
28;2025-12-01;10;633
28;2025-12-01;11;575
28;2025-12-01;12;729
28;2025-12-01;13;716
28;2025-12-01;14;681
28;2025-12-01;15;707
28;2025-12-01;16;907
28;2025-12-01;17;1056
28;2025-12-01;18;1014
28;2025-12-01;19;747
28;2025-12-01;20;500
28;2025-12-01;21;323
28;2025-12-01;22;118
28;2025-12-01;23;14
28;2025-12-02;0;3
28;2025-12-02;1;1
28;2025-12-02;2;1
28;2025-12-02;3;1
28;2025-12-02;4;2
28;2025-12-02;5;79
28;2025-12-02;6;262
28;2025-12-02;7;810
28;2025-12-02;8;1312
28;2025-12-02;9;864
28;2025-12-02;10;645
28;2025-12-02;11;593
28;2025-12-02;12;745
28;2025-12-02;13;730
28;2025-12-02;14;690
28;2025-12-02;15;713
28;2025-12-02;16;910
28;2025-12-02;17;1065
28;2025-12-02;18;1020
28;2025-12-02;19;756
28;2025-12-02;20;507
28;2025-12-02;21;327
28;2025-12-02;22;120
28;2025-12-02;23;14
28;2025-12-03;0;3
28;2025-12-03;1;1
28;2025-12-03;2;1
28;2025-12-03;3;1
28;2025-12-03;4;2
28;2025-12-03;5;79
28;2025-12-03;6;261
28;2025-12-03;7;805
28;2025-12-03;8;1308
28;2025-12-03;9;861
28;2025-12-03;10;645
28;2025-12-03;11;596
28;2025-12-03;12;754
28;2025-12-03;13;737
28;2025-12-03;14;697
28;2025-12-03;15;714
28;2025-12-03;16;915
28;2025-12-03;17;1073
28;2025-12-03;18;1022
28;2025-12-03;19;757
28;2025-12-03;20;508
28;2025-12-03;21;327
28;2025-12-03;22;120
28;2025-12-03;23;14
28;2025-12-04;0;3
28;2025-12-04;1;1
28;2025-12-04;2;1
28;2025-12-04;3;1
28;2025-12-04;4;2
28;2025-12-04;5;79
28;2025-12-04;6;261
28;2025-12-04;7;815
28;2025-12-04;8;1318
28;2025-12-04;9;867
28;2025-12-04;10;649
28;2025-12-04;11;596
28;2025-12-04;12;754
28;2025-12-04;13;733
28;2025-12-04;14;696
28;2025-12-04;15;720
28;2025-12-04;16;913
28;2025-12-04;17;1077
28;2025-12-04;18;1021
28;2025-12-04;19;750
28;2025-12-04;20;509
28;2025-12-04;21;329
28;2025-12-04;22;121
28;2025-12-04;23;14
28;2025-12-05;0;3
28;2025-12-05;1;1
28;2025-12-05;2;1
28;2025-12-05;3;1
28;2025-12-05;4;2
28;2025-12-05;5;78
28;2025-12-05;6;260
28;2025-12-05;7;802
28;2025-12-05;8;1302
28;2025-12-05;9;850
28;2025-12-05;10;639
28;2025-12-05;11;598
28;2025-12-05;12;757
28;2025-12-05;13;741
28;2025-12-05;14;706
28;2025-12-05;15;732
28;2025-12-05;16;938
28;2025-12-05;17;1074
28;2025-12-05;18;978
28;2025-12-05;19;729
28;2025-12-05;20;503
28;2025-12-05;21;327
28;2025-12-05;22;120
28;2025-12-05;23;14
28;2025-12-06;0;3
28;2025-12-06;1;1
28;2025-12-06;2;1
28;2025-12-06;3;1
28;2025-12-06;4;2
28;2025-12-06;5;40
28;2025-12-06;6;108
28;2025-12-06;7;239
28;2025-12-06;8;416
28;2025-12-06;9;477
28;2025-12-06;10;518
28;2025-12-06;11;525
28;2025-12-06;12;623
28;2025-12-06;13;623
28;2025-12-06;14;578
28;2025-12-06;15;620
28;2025-12-06;16;616
28;2025-12-06;17;602
28;2025-12-06;18;519
28;2025-12-06;19;394
28;2025-12-06;20;289
28;2025-12-06;21;260
28;2025-12-06;22;104
28;2025-12-06;23;13
28;2025-12-07;0;3
28;2025-12-07;1;1
28;2025-12-07;2;1
28;2025-12-07;3;1
28;2025-12-07;4;1
28;2025-12-07;5;31
28;2025-12-07;6;77
28;2025-12-07;7;166
28;2025-12-07;8;257
28;2025-12-07;9;361
28;2025-12-07;10;405
28;2025-12-07;11;443
28;2025-12-07;12;456
28;2025-12-07;13;550
28;2025-12-07;14;521
28;2025-12-07;15;514
28;2025-12-07;16;458
28;2025-12-07;17;498
28;2025-12-07;18;428
28;2025-12-07;19;384
28;2025-12-07;20;291
28;2025-12-07;21;233
28;2025-12-07;22;110
28;2025-12-07;23;13
28;2025-12-08;0;3
28;2025-12-08;1;1
28;2025-12-08;2;1
28;2025-12-08;3;1
28;2025-12-08;4;2
28;2025-12-08;5;78
28;2025-12-08;6;260
28;2025-12-08;7;802
28;2025-12-08;8;1297
28;2025-12-08;9;841
28;2025-12-08;10;626
28;2025-12-08;11;575
28;2025-12-08;12;729
28;2025-12-08;13;714
28;2025-12-08;14;679
28;2025-12-08;15;706
28;2025-12-08;16;907
28;2025-12-08;17;1055
28;2025-12-08;18;1009
28;2025-12-08;19;746
28;2025-12-08;20;500
28;2025-12-08;21;323
28;2025-12-08;22;119
28;2025-12-08;23;14
28;2025-12-09;0;3
28;2025-12-09;1;1
28;2025-12-09;2;1
28;2025-12-09;3;1
28;2025-12-09;4;2
28;2025-12-09;5;79
28;2025-12-09;6;263
28;2025-12-09;7;811
28;2025-12-09;8;1306
28;2025-12-09;9;860
28;2025-12-09;10;644
28;2025-12-09;11;581
28;2025-12-09;12;732
28;2025-12-09;13;716
28;2025-12-09;14;680
28;2025-12-09;15;708
28;2025-12-09;16;907
28;2025-12-09;17;1052
28;2025-12-09;18;1004
28;2025-12-09;19;747
28;2025-12-09;20;509
28;2025-12-09;21;327
28;2025-12-09;22;121
28;2025-12-09;23;14
28;2025-12-10;0;3
28;2025-12-10;1;1
28;2025-12-10;2;1
28;2025-12-10;3;1
28;2025-12-10;4;2
28;2025-12-10;5;79
28;2025-12-10;6;262
28;2025-12-10;7;811
28;2025-12-10;8;1319
28;2025-12-10;9;877
28;2025-12-10;10;652
28;2025-12-10;11;602
28;2025-12-10;12;750
28;2025-12-10;13;732
28;2025-12-10;14;690
28;2025-12-10;15;712
28;2025-12-10;16;912
28;2025-12-10;17;1067
28;2025-12-10;18;1017
28;2025-12-10;19;756
28;2025-12-10;20;508
28;2025-12-10;21;327
28;2025-12-10;22;120
28;2025-12-10;23;14
28;2025-12-11;0;3
28;2025-12-11;1;1
28;2025-12-11;2;1
28;2025-12-11;3;1
28;2025-12-11;4;2
28;2025-12-11;5;79
28;2025-12-11;6;263
28;2025-12-11;7;813
28;2025-12-11;8;1316
28;2025-12-11;9;827
28;2025-12-11;10;626
28;2025-12-11;11;576
28;2025-12-11;12;732
28;2025-12-11;13;721
28;2025-12-11;14;697
28;2025-12-11;15;716
28;2025-12-11;16;917
28;2025-12-11;17;1068
28;2025-12-11;18;1014
28;2025-12-11;19;744
28;2025-12-11;20;505
28;2025-12-11;21;326
28;2025-12-11;22;121
28;2025-12-11;23;15
28;2025-12-12;0;3
28;2025-12-12;1;1
28;2025-12-12;2;1
28;2025-12-12;3;1
28;2025-12-12;4;2
28;2025-12-12;5;78
28;2025-12-12;6;260
28;2025-12-12;7;805
28;2025-12-12;8;1315
28;2025-12-12;9;852
28;2025-12-12;10;638
28;2025-12-12;11;600
28;2025-12-12;12;730
28;2025-12-12;13;713
28;2025-12-12;14;680
28;2025-12-12;15;699
28;2025-12-12;16;914
28;2025-12-12;17;1045
28;2025-12-12;18;958
28;2025-12-12;19;720
28;2025-12-12;20;499
28;2025-12-12;21;323
28;2025-12-12;22;119
28;2025-12-12;23;14
28;2025-12-13;0;3
28;2025-12-13;1;1
28;2025-12-13;2;1
28;2025-12-13;3;1
28;2025-12-13;4;2
28;2025-12-13;5;39
28;2025-12-13;6;107
28;2025-12-13;7;231
28;2025-12-13;8;402
28;2025-12-13;9;456
28;2025-12-13;10;498
28;2025-12-13;11;504
28;2025-12-13;12;595
28;2025-12-13;13;601
28;2025-12-13;14;551
28;2025-12-13;15;593
28;2025-12-13;16;595
28;2025-12-13;17;577
28;2025-12-13;18;502
28;2025-12-13;19;383
28;2025-12-13;20;282
28;2025-12-13;21;256
28;2025-12-13;22;103
28;2025-12-13;23;13
28;2025-12-14;0;3
28;2025-12-14;1;1
28;2025-12-14;2;1
28;2025-12-14;3;1
28;2025-12-14;4;1
28;2025-12-14;5;30
28;2025-12-14;6;78
28;2025-12-14;7;167
28;2025-12-14;8;253
28;2025-12-14;9;350
28;2025-12-14;10;394
28;2025-12-14;11;429
28;2025-12-14;12;440
28;2025-12-14;13;532
28;2025-12-14;14;505
28;2025-12-14;15;499
28;2025-12-14;16;454
28;2025-12-14;17;492
28;2025-12-14;18;428
28;2025-12-14;19;389
28;2025-12-14;20;293
28;2025-12-14;21;235
28;2025-12-14;22;111
28;2025-12-14;23;14
28;2025-12-15;0;3
28;2025-12-15;1;1
28;2025-12-15;2;1
28;2025-12-15;3;1
28;2025-12-15;4;2
28;2025-12-15;5;78
28;2025-12-15;6;258
28;2025-12-15;7;801
28;2025-12-15;8;1300
28;2025-12-15;9;839
28;2025-12-15;10;626
28;2025-12-15;11;580
28;2025-12-15;12;727
28;2025-12-15;13;711
28;2025-12-15;14;678
28;2025-12-15;15;702
28;2025-12-15;16;900
28;2025-12-15;17;1045
28;2025-12-15;18;1002
28;2025-12-15;19;737
28;2025-12-15;20;498
28;2025-12-15;21;323
28;2025-12-15;22;119
28;2025-12-15;23;14
28;2025-12-16;0;3
28;2025-12-16;1;1
28;2025-12-16;2;1
28;2025-12-16;3;1
28;2025-12-16;4;2
28;2025-12-16;5;79
28;2025-12-16;6;261
28;2025-12-16;7;811
28;2025-12-16;8;1309
28;2025-12-16;9;862
28;2025-12-16;10;652
28;2025-12-16;11;601
28;2025-12-16;12;752
28;2025-12-16;13;706
28;2025-12-16;14;695
28;2025-12-16;15;704
28;2025-12-16;16;904
28;2025-12-16;17;1059
28;2025-12-16;18;1006
28;2025-12-16;19;747
28;2025-12-16;20;509
28;2025-12-16;21;328
28;2025-12-16;22;121
28;2025-12-16;23;14
28;2025-12-17;0;3
28;2025-12-17;1;1
28;2025-12-17;2;1
28;2025-12-17;3;1
28;2025-12-17;4;2
28;2025-12-17;5;79
28;2025-12-17;6;262
28;2025-12-17;7;808
28;2025-12-17;8;1316
28;2025-12-17;9;864
28;2025-12-17;10;647
28;2025-12-17;11;594
28;2025-12-17;12;751
28;2025-12-17;13;733
28;2025-12-17;14;691
28;2025-12-17;15;715
28;2025-12-17;16;910
28;2025-12-17;17;1070
28;2025-12-17;18;1016
28;2025-12-17;19;756
28;2025-12-17;20;507
28;2025-12-17;21;327
28;2025-12-17;22;120
28;2025-12-17;23;14
28;2025-12-18;0;3
28;2025-12-18;1;1
28;2025-12-18;2;1
28;2025-12-18;3;1
28;2025-12-18;4;2
28;2025-12-18;5;79
28;2025-12-18;6;261
28;2025-12-18;7;813
28;2025-12-18;8;1316
28;2025-12-18;9;863
28;2025-12-18;10;645
28;2025-12-18;11;591
28;2025-12-18;12;749
28;2025-12-18;13;730
28;2025-12-18;14;693
28;2025-12-18;15;717
28;2025-12-18;16;911
28;2025-12-18;17;1071
28;2025-12-18;18;1018
28;2025-12-18;19;755
28;2025-12-18;20;513
28;2025-12-18;21;330
28;2025-12-18;22;121
28;2025-12-18;23;14
28;2025-12-19;0;3
28;2025-12-19;1;1
28;2025-12-19;2;1
28;2025-12-19;3;1
28;2025-12-19;4;2
28;2025-12-19;5;78
28;2025-12-19;6;259
28;2025-12-19;7;804
28;2025-12-19;8;1303
28;2025-12-19;9;850
28;2025-12-19;10;637
28;2025-12-19;11;596
28;2025-12-19;12;752
28;2025-12-19;13;735
28;2025-12-19;14;698
28;2025-12-19;15;726
28;2025-12-19;16;926
28;2025-12-19;17;1062
28;2025-12-19;18;989
28;2025-12-19;19;728
28;2025-12-19;20;500
28;2025-12-19;21;327
28;2025-12-19;22;120
28;2025-12-19;23;14
28;2025-12-20;0;3
28;2025-12-20;1;1
28;2025-12-20;2;1
28;2025-12-20;3;1
28;2025-12-20;4;2
28;2025-12-20;5;40
28;2025-12-20;6;109
28;2025-12-20;7;239
28;2025-12-20;8;415
28;2025-12-20;9;472
28;2025-12-20;10;517
28;2025-12-20;11;524
28;2025-12-20;12;621
28;2025-12-20;13;621
28;2025-12-20;14;573
28;2025-12-20;15;615
28;2025-12-20;16;614
28;2025-12-20;17;598
28;2025-12-20;18;511
28;2025-12-20;19;389
28;2025-12-20;20;285
28;2025-12-20;21;254
28;2025-12-20;22;103
28;2025-12-20;23;13
28;2025-12-21;0;3
28;2025-12-21;1;1
28;2025-12-21;2;1
28;2025-12-21;3;1
28;2025-12-21;4;1
28;2025-12-21;5;30
28;2025-12-21;6;77
28;2025-12-21;7;166
28;2025-12-21;8;256
28;2025-12-21;9;360
28;2025-12-21;10;404
28;2025-12-21;11;442
28;2025-12-21;12;457
28;2025-12-21;13;551
28;2025-12-21;14;519
28;2025-12-21;15;514
28;2025-12-21;16;457
28;2025-12-21;17;500
28;2025-12-21;18;428
28;2025-12-21;19;384
28;2025-12-21;20;290
28;2025-12-21;21;232
28;2025-12-21;22;109
28;2025-12-21;23;13
28;2025-12-22;0;3
28;2025-12-22;1;1
28;2025-12-22;2;1
28;2025-12-22;3;1
28;2025-12-22;4;2
28;2025-12-22;5;79
28;2025-12-22;6;259
28;2025-12-22;7;803
28;2025-12-22;8;1311
28;2025-12-22;9;835
28;2025-12-22;10;625
28;2025-12-22;11;570
28;2025-12-22;12;717
28;2025-12-22;13;711
28;2025-12-22;14;664
28;2025-12-22;15;699
28;2025-12-22;16;898
28;2025-12-22;17;1039
28;2025-12-22;18;986
28;2025-12-22;19;733
28;2025-12-22;20;494
28;2025-12-22;21;322
28;2025-12-22;22;120
28;2025-12-22;23;14
28;2025-12-23;0;3
28;2025-12-23;1;1
28;2025-12-23;2;1
28;2025-12-23;3;1
28;2025-12-23;4;2
28;2025-12-23;5;78
28;2025-12-23;6;263
28;2025-12-23;7;813
28;2025-12-23;8;1305
28;2025-12-23;9;845
28;2025-12-23;10;632
28;2025-12-23;11;582
28;2025-12-23;12;734
28;2025-12-23;13;722
28;2025-12-23;14;689
28;2025-12-23;15;713
28;2025-12-23;16;918
28;2025-12-23;17;1063
28;2025-12-23;18;1013
28;2025-12-23;19;752
28;2025-12-23;20;509
28;2025-12-23;21;328
28;2025-12-23;22;121
28;2025-12-23;23;14
28;2025-12-24;0;3
28;2025-12-24;1;1
28;2025-12-24;2;1
28;2025-12-24;3;1
28;2025-12-24;4;2
28;2025-12-24;5;79
28;2025-12-24;6;261
28;2025-12-24;7;817
28;2025-12-24;8;1324
28;2025-12-24;9;860
28;2025-12-24;10;641
28;2025-12-24;11;590
28;2025-12-24;12;748
28;2025-12-24;13;734
28;2025-12-24;14;691
28;2025-12-24;15;721
28;2025-12-24;16;915
28;2025-12-24;17;1067
28;2025-12-24;18;1013
28;2025-12-24;19;752
28;2025-12-24;20;510
28;2025-12-24;21;328
28;2025-12-24;22;121
28;2025-12-24;23;14
28;2025-12-25;0;3
28;2025-12-25;1;1
28;2025-12-25;2;1
28;2025-12-25;3;1
28;2025-12-25;4;2
28;2025-12-25;5;79
28;2025-12-25;6;264
28;2025-12-25;7;813
28;2025-12-25;8;1317
28;2025-12-25;9;861
28;2025-12-25;10;647
28;2025-12-25;11;591
28;2025-12-25;12;749
28;2025-12-25;13;731
28;2025-12-25;14;692
28;2025-12-25;15;717
28;2025-12-25;16;918
28;2025-12-25;17;1063
28;2025-12-25;18;1003
28;2025-12-25;19;751
28;2025-12-25;20;506
28;2025-12-25;21;328
28;2025-12-25;22;119
28;2025-12-25;23;14
28;2025-12-26;0;3
28;2025-12-26;1;1
28;2025-12-26;2;1
28;2025-12-26;3;1
28;2025-12-26;4;2
28;2025-12-26;5;78
28;2025-12-26;6;263
28;2025-12-26;7;798
28;2025-12-26;8;1287
28;2025-12-26;9;832
28;2025-12-26;10;618
28;2025-12-26;11;573
28;2025-12-26;12;726
28;2025-12-26;13;725
28;2025-12-26;14;691
28;2025-12-26;15;717
28;2025-12-26;16;925
28;2025-12-26;17;1049
28;2025-12-26;18;975
28;2025-12-26;19;727
28;2025-12-26;20;494
28;2025-12-26;21;322
28;2025-12-26;22;119
28;2025-12-26;23;14
28;2025-12-27;0;3
28;2025-12-27;1;1
28;2025-12-27;2;1
28;2025-12-27;3;1
28;2025-12-27;4;2
28;2025-12-27;5;39
28;2025-12-27;6;107
28;2025-12-27;7;233
28;2025-12-27;8;403
28;2025-12-27;9;477
28;2025-12-27;10;509
28;2025-12-27;11;516
28;2025-12-27;12;621
28;2025-12-27;13;620
28;2025-12-27;14;572
28;2025-12-27;15;617
28;2025-12-27;16;614
28;2025-12-27;17;599
28;2025-12-27;18;519
28;2025-12-27;19;393
28;2025-12-27;20;289
28;2025-12-27;21;260
28;2025-12-27;22;105
28;2025-12-27;23;13
28;2025-12-28;0;3
28;2025-12-28;1;1
28;2025-12-28;2;1
28;2025-12-28;3;1
28;2025-12-28;4;1
28;2025-12-28;5;31
28;2025-12-28;6;77
28;2025-12-28;7;166
28;2025-12-28;8;256
28;2025-12-28;9;358
28;2025-12-28;10;402
28;2025-12-28;11;441
28;2025-12-28;12;460
28;2025-12-28;13;554
28;2025-12-28;14;525
28;2025-12-28;15;519
28;2025-12-28;16;459
28;2025-12-28;17;500
28;2025-12-28;18;430
28;2025-12-28;19;386
28;2025-12-28;20;291
28;2025-12-28;21;234
28;2025-12-28;22;111
28;2025-12-28;23;14
28;2025-12-29;0;3
28;2025-12-29;1;1
28;2025-12-29;2;1
28;2025-12-29;3;1
28;2025-12-29;4;2
28;2025-12-29;5;79
28;2025-12-29;6;258
28;2025-12-29;7;798
28;2025-12-29;8;1303
28;2025-12-29;9;847
28;2025-12-29;10;632
28;2025-12-29;11;581
28;2025-12-29;12;729
28;2025-12-29;13;715
28;2025-12-29;14;678
28;2025-12-29;15;704
28;2025-12-29;16;900
28;2025-12-29;17;1043
28;2025-12-29;18;1001
28;2025-12-29;19;744
28;2025-12-29;20;504
28;2025-12-29;21;326
28;2025-12-29;22;120
28;2025-12-29;23;14
28;2025-12-30;0;3
28;2025-12-30;1;1
28;2025-12-30;2;1
28;2025-12-30;3;1
28;2025-12-30;4;2
28;2025-12-30;5;79
28;2025-12-30;6;261
28;2025-12-30;7;809
28;2025-12-30;8;1320
28;2025-12-30;9;864
28;2025-12-30;10;643
28;2025-12-30;11;595
28;2025-12-30;12;756
28;2025-12-30;13;732
28;2025-12-30;14;697
28;2025-12-30;15;721
28;2025-12-30;16;915
28;2025-12-30;17;1063
28;2025-12-30;18;1013
28;2025-12-30;19;756
28;2025-12-30;20;506
28;2025-12-30;21;326
28;2025-12-30;22;121
28;2025-12-30;23;14
28;2025-12-31;0;3
28;2025-12-31;1;1
28;2025-12-31;2;1
28;2025-12-31;3;1
28;2025-12-31;4;1
28;2025-12-31;5;30
28;2025-12-31;6;77
28;2025-12-31;7;165
28;2025-12-31;8;258
28;2025-12-31;9;362
28;2025-12-31;10;406
28;2025-12-31;11;445
28;2025-12-31;12;460
28;2025-12-31;13;553
28;2025-12-31;14;522
28;2025-12-31;15;517
28;2025-12-31;16;463
28;2025-12-31;17;506
28;2025-12-31;18;430
28;2025-12-31;19;389
28;2025-12-31;20;293
28;2025-12-31;21;235
28;2025-12-31;22;111
28;2025-12-31;23;14
50;2025-11-01;0;27
50;2025-11-01;1;3
50;2025-11-01;2;1
50;2025-11-01;3;1
50;2025-11-01;4;4
50;2025-11-01;5;74
50;2025-11-01;6;519
50;2025-11-01;7;1696
50;2025-11-01;8;2763
50;2025-11-01;9;2205
50;2025-11-01;10;1701
50;2025-11-01;11;1541
50;2025-11-01;12;1452
50;2025-11-01;13;1532
50;2025-11-01;14;1467
50;2025-11-01;15;1703
50;2025-11-01;16;1801
50;2025-11-01;17;2367
50;2025-11-01;18;2296
50;2025-11-01;19;1366
50;2025-11-01;20;912
50;2025-11-01;21;611
50;2025-11-01;22;249
50;2025-11-01;23;148
50;2025-11-02;0;3
50;2025-11-02;1;1
50;2025-11-02;2;1
50;2025-11-02;3;1
50;2025-11-02;4;1
50;2025-11-02;5;1
50;2025-11-02;6;4
50;2025-11-02;7;6
50;2025-11-02;8;12
50;2025-11-02;9;9
50;2025-11-02;10;23
50;2025-11-02;11;76
50;2025-11-02;12;61
50;2025-11-02;13;76
50;2025-11-02;14;124
50;2025-11-02;15;105
50;2025-11-02;16;119
50;2025-11-02;17;103
50;2025-11-02;18;58
50;2025-11-02;19;63
50;2025-11-02;20;46
50;2025-11-02;21;30
50;2025-11-02;22;35
50;2025-11-02;23;11
50;2025-11-03;0;3
50;2025-11-03;1;1
50;2025-11-03;2;1
50;2025-11-03;3;1
50;2025-11-03;4;1
50;2025-11-03;5;1
50;2025-11-03;6;4
50;2025-11-03;7;6
50;2025-11-03;8;12
50;2025-11-03;9;9
50;2025-11-03;10;21
50;2025-11-03;11;69
50;2025-11-03;12;53
50;2025-11-03;13;64
50;2025-11-03;14;109
50;2025-11-03;15;91
50;2025-11-03;16;106
50;2025-11-03;17;97
50;2025-11-03;18;60
50;2025-11-03;19;61
50;2025-11-03;20;45
50;2025-11-03;21;29
50;2025-11-03;22;33
50;2025-11-03;23;10
50;2025-11-04;0;3
50;2025-11-04;1;1
50;2025-11-04;2;1
50;2025-11-04;3;1
50;2025-11-04;4;1
50;2025-11-04;5;1
50;2025-11-04;6;4
50;2025-11-04;7;6
50;2025-11-04;8;12
50;2025-11-04;9;9
50;2025-11-04;10;22
50;2025-11-04;11;72
50;2025-11-04;12;55
50;2025-11-04;13;67
50;2025-11-04;14;118
50;2025-11-04;15;99
50;2025-11-04;16;114
50;2025-11-04;17;105
50;2025-11-04;18;63
50;2025-11-04;19;68
50;2025-11-04;20;49
50;2025-11-04;21;32
50;2025-11-04;22;36
50;2025-11-04;23;11
50;2025-11-05;0;27
50;2025-11-05;1;3
50;2025-11-05;2;1
50;2025-11-05;3;1
50;2025-11-05;4;4
50;2025-11-05;5;74
50;2025-11-05;6;523
50;2025-11-05;7;1727
50;2025-11-05;8;2803
50;2025-11-05;9;2253
50;2025-11-05;10;1712
50;2025-11-05;11;1541
50;2025-11-05;12;1444
50;2025-11-05;13;1510
50;2025-11-05;14;1444
50;2025-11-05;15;1723
50;2025-11-05;16;1782
50;2025-11-05;17;2382
50;2025-11-05;18;2326
50;2025-11-05;19;1388
50;2025-11-05;20;918
50;2025-11-05;21;617
50;2025-11-05;22;249
50;2025-11-05;23;147
50;2025-11-06;0;28
50;2025-11-06;1;3
50;2025-11-06;2;1
50;2025-11-06;3;1
50;2025-11-06;4;4
50;2025-11-06;5;74
50;2025-11-06;6;519
50;2025-11-06;7;1718
50;2025-11-06;8;2806
50;2025-11-06;9;2255
50;2025-11-06;10;1717
50;2025-11-06;11;1503
50;2025-11-06;12;1468
50;2025-11-06;13;1542
50;2025-11-06;14;1460
50;2025-11-06;15;1671
50;2025-11-06;16;1789
50;2025-11-06;17;2376
50;2025-11-06;18;2339
50;2025-11-06;19;1382
50;2025-11-06;20;911
50;2025-11-06;21;625
50;2025-11-06;22;249
50;2025-11-06;23;146
50;2025-11-07;0;28
50;2025-11-07;1;3
50;2025-11-07;2;1
50;2025-11-07;3;1
50;2025-11-07;4;4
50;2025-11-07;5;74
50;2025-11-07;6;514
50;2025-11-07;7;1697
50;2025-11-07;8;2810
50;2025-11-07;9;2171
50;2025-11-07;10;1685
50;2025-11-07;11;1561
50;2025-11-07;12;1470
50;2025-11-07;13;1552
50;2025-11-07;14;1476
50;2025-11-07;15;1726
50;2025-11-07;16;1867
50;2025-11-07;17;2388
50;2025-11-07;18;2189
50;2025-11-07;19;1326
50;2025-11-07;20;895
50;2025-11-07;21;608
50;2025-11-07;22;244
50;2025-11-07;23;148
50;2025-11-08;0;49
50;2025-11-08;1;7
50;2025-11-08;2;1
50;2025-11-08;3;3
50;2025-11-08;4;1
50;2025-11-08;5;8
50;2025-11-08;6;11
50;2025-11-08;7;16
50;2025-11-08;8;32
50;2025-11-08;9;62
50;2025-11-08;10;23
50;2025-11-08;11;39
50;2025-11-08;12;71
50;2025-11-08;13;48
50;2025-11-08;14;61
50;2025-11-08;15;92
50;2025-11-08;16;60
50;2025-11-08;17;57
50;2025-11-08;18;14
50;2025-11-08;19;13
50;2025-11-08;20;9
50;2025-11-08;21;10
50;2025-11-08;22;10
50;2025-11-08;23;3
50;2025-11-09;0;3
50;2025-11-09;1;1
50;2025-11-09;2;1
50;2025-11-09;3;1
50;2025-11-09;4;1
50;2025-11-09;5;1
50;2025-11-09;6;4
50;2025-11-09;7;6
50;2025-11-09;8;12
50;2025-11-09;9;9
50;2025-11-09;10;21
50;2025-11-09;11;72
50;2025-11-09;12;58
50;2025-11-09;13;70
50;2025-11-09;14;112
50;2025-11-09;15;97
50;2025-11-09;16;118
50;2025-11-09;17;103
50;2025-11-09;18;61
50;2025-11-09;19;63
50;2025-11-09;20;47
50;2025-11-09;21;30
50;2025-11-09;22;35
50;2025-11-09;23;11
50;2025-11-10;0;27
50;2025-11-10;1;3
50;2025-11-10;2;1
50;2025-11-10;3;1
50;2025-11-10;4;4
50;2025-11-10;5;74
50;2025-11-10;6;521
50;2025-11-10;7;1713
50;2025-11-10;8;2823
50;2025-11-10;9;2217
50;2025-11-10;10;1684
50;2025-11-10;11;1511
50;2025-11-10;12;1425
50;2025-11-10;13;1517
50;2025-11-10;14;1445
50;2025-11-10;15;1675
50;2025-11-10;16;1780
50;2025-11-10;17;2356
50;2025-11-10;18;2332
50;2025-11-10;19;1379
50;2025-11-10;20;920
50;2025-11-10;21;616
50;2025-11-10;22;246
50;2025-11-10;23;145
50;2025-11-11;0;28
50;2025-11-11;1;3
50;2025-11-11;2;1
50;2025-11-11;3;1
50;2025-11-11;4;4
50;2025-11-11;5;75
50;2025-11-11;6;530
50;2025-11-11;7;1747
50;2025-11-11;8;2855
50;2025-11-11;9;2296
50;2025-11-11;10;1747
50;2025-11-11;11;1583
50;2025-11-11;12;1480
50;2025-11-11;13;1559
50;2025-11-11;14;1481
50;2025-11-11;15;1718
50;2025-11-11;16;1820
50;2025-11-11;17;2430
50;2025-11-11;18;2394
50;2025-11-11;19;1411
50;2025-11-11;20;937
50;2025-11-11;21;626
50;2025-11-11;22;250
50;2025-11-11;23;147
50;2025-11-12;0;28
50;2025-11-12;1;3
50;2025-11-12;2;1
50;2025-11-12;3;1
50;2025-11-12;4;4
50;2025-11-12;5;74
50;2025-11-12;6;525
50;2025-11-12;7;1732
50;2025-11-12;8;2811
50;2025-11-12;9;2257
50;2025-11-12;10;1699
50;2025-11-12;11;1530
50;2025-11-12;12;1451
50;2025-11-12;13;1530
50;2025-11-12;14;1450
50;2025-11-12;15;1685
50;2025-11-12;16;1798
50;2025-11-12;17;2410
50;2025-11-12;18;2350
50;2025-11-12;19;1394
50;2025-11-12;20;922
50;2025-11-12;21;620
50;2025-11-12;22;248
50;2025-11-12;23;147
50;2025-11-13;0;28
50;2025-11-13;1;3
50;2025-11-13;2;1
50;2025-11-13;3;1
50;2025-11-13;4;4
50;2025-11-13;5;73
50;2025-11-13;6;520
50;2025-11-13;7;1735
50;2025-11-13;8;2859
50;2025-11-13;9;2295
50;2025-11-13;10;1748
50;2025-11-13;11;1574
50;2025-11-13;12;1477
50;2025-11-13;13;1541
50;2025-11-13;14;1460
50;2025-11-13;15;1689
50;2025-11-13;16;1791
50;2025-11-13;17;2397
50;2025-11-13;18;2354
50;2025-11-13;19;1391
50;2025-11-13;20;929
50;2025-11-13;21;628
50;2025-11-13;22;250
50;2025-11-13;23;149
50;2025-11-14;0;28
50;2025-11-14;1;3
50;2025-11-14;2;1
50;2025-11-14;3;1
50;2025-11-14;4;4
50;2025-11-14;5;73
50;2025-11-14;6;514
50;2025-11-14;7;1668
50;2025-11-14;8;2734
50;2025-11-14;9;2157
50;2025-11-14;10;1650
50;2025-11-14;11;1530
50;2025-11-14;12;1443
50;2025-11-14;13;1525
50;2025-11-14;14;1447
50;2025-11-14;15;1686
50;2025-11-14;16;1813
50;2025-11-14;17;2323
50;2025-11-14;18;2184
50;2025-11-14;19;1317
50;2025-11-14;20;907
50;2025-11-14;21;607
50;2025-11-14;22;249
50;2025-11-14;23;148
50;2025-11-15;0;48
50;2025-11-15;1;7
50;2025-11-15;2;1
50;2025-11-15;3;3
50;2025-11-15;4;1
50;2025-11-15;5;9
50;2025-11-15;6;11
50;2025-11-15;7;18
50;2025-11-15;8;35
50;2025-11-15;9;66
50;2025-11-15;10;26
50;2025-11-15;11;44
50;2025-11-15;12;80
50;2025-11-15;13;52
50;2025-11-15;14;65
50;2025-11-15;15;96
50;2025-11-15;16;61
50;2025-11-15;17;58
50;2025-11-15;18;15
50;2025-11-15;19;14
50;2025-11-15;20;10
50;2025-11-15;21;10
50;2025-11-15;22;10
50;2025-11-15;23;4
50;2025-11-16;0;3
50;2025-11-16;1;1
50;2025-11-16;2;1
50;2025-11-16;3;1
50;2025-11-16;4;1
50;2025-11-16;5;1
50;2025-11-16;6;4
50;2025-11-16;7;6
50;2025-11-16;8;13
50;2025-11-16;9;10
50;2025-11-16;10;25
50;2025-11-16;11;81
50;2025-11-16;12;62
50;2025-11-16;13;76
50;2025-11-16;14;124
50;2025-11-16;15;103
50;2025-11-16;16;120
50;2025-11-16;17;106
50;2025-11-16;18;62
50;2025-11-16;19;67
50;2025-11-16;20;49
50;2025-11-16;21;32
50;2025-11-16;22;36
50;2025-11-16;23;11
50;2025-11-17;0;28
50;2025-11-17;1;3
50;2025-11-17;2;1
50;2025-11-17;3;1
50;2025-11-17;4;4
50;2025-11-17;5;75
50;2025-11-17;6;524
50;2025-11-17;7;1714
50;2025-11-17;8;2780
50;2025-11-17;9;2187
50;2025-11-17;10;1647
50;2025-11-17;11;1482
50;2025-11-17;12;1396
50;2025-11-17;13;1463
50;2025-11-17;14;1407
50;2025-11-17;15;1646
50;2025-11-17;16;1772
50;2025-11-17;17;2354
50;2025-11-17;18;2335
50;2025-11-17;19;1382
50;2025-11-17;20;921
50;2025-11-17;21;614
50;2025-11-17;22;247
50;2025-11-17;23;146
50;2025-11-18;0;28
50;2025-11-18;1;3
50;2025-11-18;2;1
50;2025-11-18;3;1
50;2025-11-18;4;4
50;2025-11-18;5;72
50;2025-11-18;6;504
50;2025-11-18;7;1681
50;2025-11-18;8;2717
50;2025-11-18;9;2101
50;2025-11-18;10;1579
50;2025-11-18;11;1462
50;2025-11-18;12;1379
50;2025-11-18;13;1429
50;2025-11-18;14;1370
50;2025-11-18;15;1652
50;2025-11-18;16;1769
50;2025-11-18;17;2362
50;2025-11-18;18;2311
50;2025-11-18;19;1363
50;2025-11-18;20;925
50;2025-11-18;21;622
50;2025-11-18;22;250
50;2025-11-18;23;146
50;2025-11-19;0;28
50;2025-11-19;1;3
50;2025-11-19;2;1
50;2025-11-19;3;1
50;2025-11-19;4;4
50;2025-11-19;5;75
50;2025-11-19;6;528
50;2025-11-19;7;1735
50;2025-11-19;8;2817
50;2025-11-19;9;2245
50;2025-11-19;10;1705
50;2025-11-19;11;1546
50;2025-11-19;12;1459
50;2025-11-19;13;1534
50;2025-11-19;14;1457
50;2025-11-19;15;1696
50;2025-11-19;16;1802
50;2025-11-19;17;2390
50;2025-11-19;18;2344
50;2025-11-19;19;1390
50;2025-11-19;20;931
50;2025-11-19;21;625
50;2025-11-19;22;252
50;2025-11-19;23;149
50;2025-11-20;0;28
50;2025-11-20;1;3
50;2025-11-20;2;1
50;2025-11-20;3;1
50;2025-11-20;4;4
50;2025-11-20;5;75
50;2025-11-20;6;528
50;2025-11-20;7;1736
50;2025-11-20;8;2819
50;2025-11-20;9;2257
50;2025-11-20;10;1716
50;2025-11-20;11;1556
50;2025-11-20;12;1464
50;2025-11-20;13;1535
50;2025-11-20;14;1458
50;2025-11-20;15;1685
50;2025-11-20;16;1790
50;2025-11-20;17;2391
50;2025-11-20;18;2359
50;2025-11-20;19;1397
50;2025-11-20;20;935
50;2025-11-20;21;632
50;2025-11-20;22;253
50;2025-11-20;23;149
50;2025-11-21;0;28
50;2025-11-21;1;3
50;2025-11-21;2;1
50;2025-11-21;3;1
50;2025-11-21;4;4
50;2025-11-21;5;74
50;2025-11-21;6;522
50;2025-11-21;7;1703
50;2025-11-21;8;2781
50;2025-11-21;9;2224
50;2025-11-21;10;1691
50;2025-11-21;11;1567
50;2025-11-21;12;1456
50;2025-11-21;13;1553
50;2025-11-21;14;1485
50;2025-11-21;15;1734
50;2025-11-21;16;1847
50;2025-11-21;17;2376
50;2025-11-21;18;2234
50;2025-11-21;19;1356
50;2025-11-21;20;923
50;2025-11-21;21;628
50;2025-11-21;22;252
50;2025-11-21;23;151
50;2025-11-22;0;52
50;2025-11-22;1;7
50;2025-11-22;2;1
50;2025-11-22;3;3
50;2025-11-22;4;1
50;2025-11-22;5;9
50;2025-11-22;6;12
50;2025-11-22;7;18
50;2025-11-22;8;35
50;2025-11-22;9;70
50;2025-11-22;10;26
50;2025-11-22;11;45
50;2025-11-22;12;83
50;2025-11-22;13;53
50;2025-11-22;14;67
50;2025-11-22;15;100
50;2025-11-22;16;64
50;2025-11-22;17;60
50;2025-11-22;18;16
50;2025-11-22;19;14
50;2025-11-22;20;10
50;2025-11-22;21;10
50;2025-11-22;22;10
50;2025-11-22;23;4
50;2025-11-23;0;3
50;2025-11-23;1;1
50;2025-11-23;2;1
50;2025-11-23;3;1
50;2025-11-23;4;1
50;2025-11-23;5;1
50;2025-11-23;6;4
50;2025-11-23;7;7
50;2025-11-23;8;13
50;2025-11-23;9;10
50;2025-11-23;10;25
50;2025-11-23;11;82
50;2025-11-23;12;63
50;2025-11-23;13;78
50;2025-11-23;14;129
50;2025-11-23;15;107
50;2025-11-23;16;124
50;2025-11-23;17;109
50;2025-11-23;18;64
50;2025-11-23;19;69
50;2025-11-23;20;50
50;2025-11-23;21;32
50;2025-11-23;22;36
50;2025-11-23;23;11
50;2025-11-24;0;27
50;2025-11-24;1;3
50;2025-11-24;2;1
50;2025-11-24;3;1
50;2025-11-24;4;4
50;2025-11-24;5;72
50;2025-11-24;6;507
50;2025-11-24;7;1687
50;2025-11-24;8;2804
50;2025-11-24;9;2194
50;2025-11-24;10;1671
50;2025-11-24;11;1482
50;2025-11-24;12;1404
50;2025-11-24;13;1503
50;2025-11-24;14;1430
50;2025-11-24;15;1650
50;2025-11-24;16;1790
50;2025-11-24;17;2340
50;2025-11-24;18;2322
50;2025-11-24;19;1374
50;2025-11-24;20;918
50;2025-11-24;21;614
50;2025-11-24;22;247
50;2025-11-24;23;144
50;2025-11-25;0;28
50;2025-11-25;1;3
50;2025-11-25;2;1
50;2025-11-25;3;1
50;2025-11-25;4;4
50;2025-11-25;5;75
50;2025-11-25;6;531
50;2025-11-25;7;1740
50;2025-11-25;8;2826
50;2025-11-25;9;2247
50;2025-11-25;10;1712
50;2025-11-25;11;1553
50;2025-11-25;12;1463
50;2025-11-25;13;1550
50;2025-11-25;14;1474
50;2025-11-25;15;1700
50;2025-11-25;16;1800
50;2025-11-25;17;2392
50;2025-11-25;18;2357
50;2025-11-25;19;1399
50;2025-11-25;20;937
50;2025-11-25;21;626
50;2025-11-25;22;252
50;2025-11-25;23;147
50;2025-11-26;0;28
50;2025-11-26;1;3
50;2025-11-26;2;1
50;2025-11-26;3;1
50;2025-11-26;4;4
50;2025-11-26;5;75
50;2025-11-26;6;526
50;2025-11-26;7;1735
50;2025-11-26;8;2827
50;2025-11-26;9;2236
50;2025-11-26;10;1696
50;2025-11-26;11;1531
50;2025-11-26;12;1458
50;2025-11-26;13;1541
50;2025-11-26;14;1456
50;2025-11-26;15;1704
50;2025-11-26;16;1812
50;2025-11-26;17;2396
50;2025-11-26;18;2355
50;2025-11-26;19;1393
50;2025-11-26;20;932
50;2025-11-26;21;628
50;2025-11-26;22;255
50;2025-11-26;23;149
50;2025-11-27;0;28
50;2025-11-27;1;3
50;2025-11-27;2;1
50;2025-11-27;3;1
50;2025-11-27;4;4
50;2025-11-27;5;74
50;2025-11-27;6;523
50;2025-11-27;7;1728
50;2025-11-27;8;2813
50;2025-11-27;9;2260
50;2025-11-27;10;1726
50;2025-11-27;11;1544
50;2025-11-27;12;1437
50;2025-11-27;13;1538
50;2025-11-27;14;1448
50;2025-11-27;15;1703
50;2025-11-27;16;1803
50;2025-11-27;17;2366
50;2025-11-27;18;2328
50;2025-11-27;19;1367
50;2025-11-27;20;911
50;2025-11-27;21;614
50;2025-11-27;22;246
50;2025-11-27;23;144
50;2025-11-28;0;27
50;2025-11-28;1;3
50;2025-11-28;2;1
50;2025-11-28;3;1
50;2025-11-28;4;4
50;2025-11-28;5;73
50;2025-11-28;6;517
50;2025-11-28;7;1706
50;2025-11-28;8;2798
50;2025-11-28;9;2222
50;2025-11-28;10;1694
50;2025-11-28;11;1580
50;2025-11-28;12;1485
50;2025-11-28;13;1560
50;2025-11-28;14;1494
50;2025-11-28;15;1739
50;2025-11-28;16;1859
50;2025-11-28;17;2385
50;2025-11-28;18;2224
50;2025-11-28;19;1347
50;2025-11-28;20;918
50;2025-11-28;21;624
50;2025-11-28;22;251
50;2025-11-28;23;150
50;2025-11-29;0;52
50;2025-11-29;1;7
50;2025-11-29;2;1
50;2025-11-29;3;3
50;2025-11-29;4;1
50;2025-11-29;5;9
50;2025-11-29;6;12
50;2025-11-29;7;18
50;2025-11-29;8;35
50;2025-11-29;9;70
50;2025-11-29;10;27
50;2025-11-29;11;46
50;2025-11-29;12;82
50;2025-11-29;13;55
50;2025-11-29;14;66
50;2025-11-29;15;96
50;2025-11-29;16;62
50;2025-11-29;17;60
50;2025-11-29;18;16
50;2025-11-29;19;14
50;2025-11-29;20;10
50;2025-11-29;21;10
50;2025-11-29;22;10
50;2025-11-29;23;4
50;2025-11-30;0;3
50;2025-11-30;1;1
50;2025-11-30;2;1
50;2025-11-30;3;1
50;2025-11-30;4;1
50;2025-11-30;5;1
50;2025-11-30;6;4
50;2025-11-30;7;6
50;2025-11-30;8;12
50;2025-11-30;9;10
50;2025-11-30;10;24
50;2025-11-30;11;80
50;2025-11-30;12;63
50;2025-11-30;13;77
50;2025-11-30;14;128
50;2025-11-30;15;103
50;2025-11-30;16;122
50;2025-11-30;17;108
50;2025-11-30;18;63
50;2025-11-30;19;65
50;2025-11-30;20;47
50;2025-11-30;21;31
50;2025-11-30;22;35
50;2025-11-30;23;11
50;2025-12-01;0;27
50;2025-12-01;1;3
50;2025-12-01;2;1
50;2025-12-01;3;1
50;2025-12-01;4;4
50;2025-12-01;5;74
50;2025-12-01;6;524
50;2025-12-01;7;1709
50;2025-12-01;8;2812
50;2025-12-01;9;2212
50;2025-12-01;10;1688
50;2025-12-01;11;1513
50;2025-12-01;12;1426
50;2025-12-01;13;1514
50;2025-12-01;14;1445
50;2025-12-01;15;1671
50;2025-12-01;16;1777
50;2025-12-01;17;2354
50;2025-12-01;18;2340
50;2025-12-01;19;1386
50;2025-12-01;20;923
50;2025-12-01;21;622
50;2025-12-01;22;249
50;2025-12-01;23;146
50;2025-12-02;0;28
50;2025-12-02;1;3
50;2025-12-02;2;1
50;2025-12-02;3;1
50;2025-12-02;4;4
50;2025-12-02;5;75
50;2025-12-02;6;531
50;2025-12-02;7;1737
50;2025-12-02;8;2842
50;2025-12-02;9;2270
50;2025-12-02;10;1727
50;2025-12-02;11;1571
50;2025-12-02;12;1476
50;2025-12-02;13;1554
50;2025-12-02;14;1474
50;2025-12-02;15;1705
50;2025-12-02;16;1807
50;2025-12-02;17;2417
50;2025-12-02;18;2384
50;2025-12-02;19;1420
50;2025-12-02;20;944
50;2025-12-02;21;628
50;2025-12-02;22;253
50;2025-12-02;23;149
50;2025-12-03;0;28
50;2025-12-03;1;3
50;2025-12-03;2;1
50;2025-12-03;3;1
50;2025-12-03;4;4
50;2025-12-03;5;75
50;2025-12-03;6;527
50;2025-12-03;7;1740
50;2025-12-03;8;2850
50;2025-12-03;9;2276
50;2025-12-03;10;1730
50;2025-12-03;11;1570
50;2025-12-03;12;1482
50;2025-12-03;13;1559
50;2025-12-03;14;1474
50;2025-12-03;15;1705
50;2025-12-03;16;1802
50;2025-12-03;17;2408
50;2025-12-03;18;2376
50;2025-12-03;19;1402
50;2025-12-03;20;931
50;2025-12-03;21;627
50;2025-12-03;22;253
50;2025-12-03;23;148
50;2025-12-04;0;28
50;2025-12-04;1;3
50;2025-12-04;2;1
50;2025-12-04;3;1
50;2025-12-04;4;4
50;2025-12-04;5;75
50;2025-12-04;6;527
50;2025-12-04;7;1730
50;2025-12-04;8;2835
50;2025-12-04;9;2262
50;2025-12-04;10;1729
50;2025-12-04;11;1571
50;2025-12-04;12;1473
50;2025-12-04;13;1544
50;2025-12-04;14;1465
50;2025-12-04;15;1692
50;2025-12-04;16;1790
50;2025-12-04;17;2398
50;2025-12-04;18;2365
50;2025-12-04;19;1393
50;2025-12-04;20;932
50;2025-12-04;21;627
50;2025-12-04;22;252
50;2025-12-04;23;148
50;2025-12-05;0;28
50;2025-12-05;1;3
50;2025-12-05;2;1
50;2025-12-05;3;1
50;2025-12-05;4;4
50;2025-12-05;5;74
50;2025-12-05;6;524
50;2025-12-05;7;1703
50;2025-12-05;8;2811
50;2025-12-05;9;2229
50;2025-12-05;10;1696
50;2025-12-05;11;1578
50;2025-12-05;12;1492
50;2025-12-05;13;1559
50;2025-12-05;14;1491
50;2025-12-05;15;1738
50;2025-12-05;16;1854
50;2025-12-05;17;2384
50;2025-12-05;18;2230
50;2025-12-05;19;1352
50;2025-12-05;20;924
50;2025-12-05;21;626
50;2025-12-05;22;250
50;2025-12-05;23;150
50;2025-12-06;0;52
50;2025-12-06;1;7
50;2025-12-06;2;1
50;2025-12-06;3;3
50;2025-12-06;4;1
50;2025-12-06;5;9
50;2025-12-06;6;11
50;2025-12-06;7;18
50;2025-12-06;8;35
50;2025-12-06;9;68
50;2025-12-06;10;26
50;2025-12-06;11;43
50;2025-12-06;12;79
50;2025-12-06;13;52
50;2025-12-06;14;65
50;2025-12-06;15;98
50;2025-12-06;16;63
50;2025-12-06;17;60
50;2025-12-06;18;15
50;2025-12-06;19;13
50;2025-12-06;20;10
50;2025-12-06;21;10
50;2025-12-06;22;10
50;2025-12-06;23;4
50;2025-12-07;0;3
50;2025-12-07;1;1
50;2025-12-07;2;1
50;2025-12-07;3;1
50;2025-12-07;4;1
50;2025-12-07;5;1
50;2025-12-07;6;4
50;2025-12-07;7;6
50;2025-12-07;8;12
50;2025-12-07;9;10
50;2025-12-07;10;24
50;2025-12-07;11;80
50;2025-12-07;12;62
50;2025-12-07;13;76
50;2025-12-07;14;128
50;2025-12-07;15;105
50;2025-12-07;16;120
50;2025-12-07;17;107
50;2025-12-07;18;63
50;2025-12-07;19;68
50;2025-12-07;20;49
50;2025-12-07;21;32
50;2025-12-07;22;36
50;2025-12-07;23;11
50;2025-12-08;0;27
50;2025-12-08;1;3
50;2025-12-08;2;1
50;2025-12-08;3;1
50;2025-12-08;4;4
50;2025-12-08;5;74
50;2025-12-08;6;523
50;2025-12-08;7;1712
50;2025-12-08;8;2802
50;2025-12-08;9;2215
50;2025-12-08;10;1676
50;2025-12-08;11;1506
50;2025-12-08;12;1420
50;2025-12-08;13;1505
50;2025-12-08;14;1438
50;2025-12-08;15;1668
50;2025-12-08;16;1773
50;2025-12-08;17;2349
50;2025-12-08;18;2331
50;2025-12-08;19;1383
50;2025-12-08;20;924
50;2025-12-08;21;622
50;2025-12-08;22;251
50;2025-12-08;23;146
50;2025-12-09;0;28
50;2025-12-09;1;3
50;2025-12-09;2;1
50;2025-12-09;3;1
50;2025-12-09;4;4
50;2025-12-09;5;75
50;2025-12-09;6;531
50;2025-12-09;7;1740
50;2025-12-09;8;2817
50;2025-12-09;9;2247
50;2025-12-09;10;1710
50;2025-12-09;11;1534
50;2025-12-09;12;1446
50;2025-12-09;13;1530
50;2025-12-09;14;1449
50;2025-12-09;15;1702
50;2025-12-09;16;1802
50;2025-12-09;17;2371
50;2025-12-09;18;2338
50;2025-12-09;19;1397
50;2025-12-09;20;938
50;2025-12-09;21;625
50;2025-12-09;22;252
50;2025-12-09;23;149
50;2025-12-10;0;28
50;2025-12-10;1;3
50;2025-12-10;2;1
50;2025-12-10;3;1
50;2025-12-10;4;4
50;2025-12-10;5;75
50;2025-12-10;6;526
50;2025-12-10;7;1730
50;2025-12-10;8;2836
50;2025-12-10;9;2279
50;2025-12-10;10;1732
50;2025-12-10;11;1560
50;2025-12-10;12;1463
50;2025-12-10;13;1537
50;2025-12-10;14;1457
50;2025-12-10;15;1688
50;2025-12-10;16;1786
50;2025-12-10;17;2385
50;2025-12-10;18;2347
50;2025-12-10;19;1394
50;2025-12-10;20;931
50;2025-12-10;21;627
50;2025-12-10;22;252
50;2025-12-10;23;148
50;2025-12-11;0;28
50;2025-12-11;1;3
50;2025-12-11;2;1
50;2025-12-11;3;1
50;2025-12-11;4;4
50;2025-12-11;5;75
50;2025-12-11;6;531
50;2025-12-11;7;1737
50;2025-12-11;8;2840
50;2025-12-11;9;2207
50;2025-12-11;10;1686
50;2025-12-11;11;1536
50;2025-12-11;12;1455
50;2025-12-11;13;1545
50;2025-12-11;14;1476
50;2025-12-11;15;1707
50;2025-12-11;16;1812
50;2025-12-11;17;2400
50;2025-12-11;18;2352
50;2025-12-11;19;1373
50;2025-12-11;20;924
50;2025-12-11;21;623
50;2025-12-11;22;251
50;2025-12-11;23;150
50;2025-12-12;0;28
50;2025-12-12;1;3
50;2025-12-12;2;1
50;2025-12-12;3;1
50;2025-12-12;4;4
50;2025-12-12;5;74
50;2025-12-12;6;521
50;2025-12-12;7;1696
50;2025-12-12;8;2813
50;2025-12-12;9;2221
50;2025-12-12;10;1686
50;2025-12-12;11;1572
50;2025-12-12;12;1422
50;2025-12-12;13;1493
50;2025-12-12;14;1424
50;2025-12-12;15;1657
50;2025-12-12;16;1799
50;2025-12-12;17;2308
50;2025-12-12;18;2202
50;2025-12-12;19;1333
50;2025-12-12;20;915
50;2025-12-12;21;616
50;2025-12-12;22;246
50;2025-12-12;23;146
50;2025-12-13;0;50
50;2025-12-13;1;7
50;2025-12-13;2;1
50;2025-12-13;3;3
50;2025-12-13;4;1
50;2025-12-13;5;9
50;2025-12-13;6;12
50;2025-12-13;7;18
50;2025-12-13;8;36
50;2025-12-13;9;69
50;2025-12-13;10;27
50;2025-12-13;11;45
50;2025-12-13;12;79
50;2025-12-13;13;54
50;2025-12-13;14;64
50;2025-12-13;15;93
50;2025-12-13;16;60
50;2025-12-13;17;59
50;2025-12-13;18;16
50;2025-12-13;19;14
50;2025-12-13;20;10
50;2025-12-13;21;10
50;2025-12-13;22;10
50;2025-12-13;23;3
50;2025-12-14;0;3
50;2025-12-14;1;1
50;2025-12-14;2;1
50;2025-12-14;3;1
50;2025-12-14;4;1
50;2025-12-14;5;1
50;2025-12-14;6;4
50;2025-12-14;7;6
50;2025-12-14;8;12
50;2025-12-14;9;9
50;2025-12-14;10;24
50;2025-12-14;11;78
50;2025-12-14;12;59
50;2025-12-14;13;73
50;2025-12-14;14;120
50;2025-12-14;15;99
50;2025-12-14;16;118
50;2025-12-14;17;104
50;2025-12-14;18;63
50;2025-12-14;19;69
50;2025-12-14;20;49
50;2025-12-14;21;32
50;2025-12-14;22;36
50;2025-12-14;23;11
50;2025-12-15;0;28
50;2025-12-15;1;3
50;2025-12-15;2;1
50;2025-12-15;3;1
50;2025-12-15;4;4
50;2025-12-15;5;74
50;2025-12-15;6;521
50;2025-12-15;7;1707
50;2025-12-15;8;2806
50;2025-12-15;9;2213
50;2025-12-15;10;1679
50;2025-12-15;11;1518
50;2025-12-15;12;1421
50;2025-12-15;13;1499
50;2025-12-15;14;1429
50;2025-12-15;15;1658
50;2025-12-15;16;1768
50;2025-12-15;17;2343
50;2025-12-15;18;2319
50;2025-12-15;19;1377
50;2025-12-15;20;921
50;2025-12-15;21;619
50;2025-12-15;22;250
50;2025-12-15;23;146
50;2025-12-16;0;28
50;2025-12-16;1;3
50;2025-12-16;2;1
50;2025-12-16;3;1
50;2025-12-16;4;4
50;2025-12-16;5;75
50;2025-12-16;6;529
50;2025-12-16;7;1740
50;2025-12-16;8;2829
50;2025-12-16;9;2261
50;2025-12-16;10;1718
50;2025-12-16;11;1541
50;2025-12-16;12;1444
50;2025-12-16;13;1494
50;2025-12-16;14;1464
50;2025-12-16;15;1701
50;2025-12-16;16;1794
50;2025-12-16;17;2387
50;2025-12-16;18;2350
50;2025-12-16;19;1396
50;2025-12-16;20;936
50;2025-12-16;21;628
50;2025-12-16;22;251
50;2025-12-16;23;148
50;2025-12-17;0;27
50;2025-12-17;1;3
50;2025-12-17;2;1
50;2025-12-17;3;1
50;2025-12-17;4;4
50;2025-12-17;5;75
50;2025-12-17;6;526
50;2025-12-17;7;1733
50;2025-12-17;8;2824
50;2025-12-17;9;2253
50;2025-12-17;10;1722
50;2025-12-17;11;1555
50;2025-12-17;12;1465
50;2025-12-17;13;1541
50;2025-12-17;14;1462
50;2025-12-17;15;1696
50;2025-12-17;16;1784
50;2025-12-17;17;2384
50;2025-12-17;18;2343
50;2025-12-17;19;1392
50;2025-12-17;20;929
50;2025-12-17;21;625
50;2025-12-17;22;252
50;2025-12-17;23;148
50;2025-12-18;0;28
50;2025-12-18;1;3
50;2025-12-18;2;1
50;2025-12-18;3;1
50;2025-12-18;4;4
50;2025-12-18;5;75
50;2025-12-18;6;528
50;2025-12-18;7;1738
50;2025-12-18;8;2822
50;2025-12-18;9;2260
50;2025-12-18;10;1723
50;2025-12-18;11;1569
50;2025-12-18;12;1473
50;2025-12-18;13;1543
50;2025-12-18;14;1463
50;2025-12-18;15;1695
50;2025-12-18;16;1793
50;2025-12-18;17;2401
50;2025-12-18;18;2365
50;2025-12-18;19;1404
50;2025-12-18;20;941
50;2025-12-18;21;632
50;2025-12-18;22;252
50;2025-12-18;23;149
50;2025-12-19;0;28
50;2025-12-19;1;3
50;2025-12-19;2;1
50;2025-12-19;3;1
50;2025-12-19;4;4
50;2025-12-19;5;74
50;2025-12-19;6;524
50;2025-12-19;7;1706
50;2025-12-19;8;2797
50;2025-12-19;9;2227
50;2025-12-19;10;1693
50;2025-12-19;11;1565
50;2025-12-19;12;1481
50;2025-12-19;13;1549
50;2025-12-19;14;1478
50;2025-12-19;15;1727
50;2025-12-19;16;1842
50;2025-12-19;17;2378
50;2025-12-19;18;2274
50;2025-12-19;19;1358
50;2025-12-19;20;923
50;2025-12-19;21;628
50;2025-12-19;22;252
50;2025-12-19;23;150
50;2025-12-20;0;52
50;2025-12-20;1;7
50;2025-12-20;2;1
50;2025-12-20;3;3
50;2025-12-20;4;1
50;2025-12-20;5;9
50;2025-12-20;6;12
50;2025-12-20;7;18
50;2025-12-20;8;35
50;2025-12-20;9;70
50;2025-12-20;10;27
50;2025-12-20;11;45
50;2025-12-20;12;82
50;2025-12-20;13;54
50;2025-12-20;14;66
50;2025-12-20;15;97
50;2025-12-20;16;61
50;2025-12-20;17;59
50;2025-12-20;18;15
50;2025-12-20;19;14
50;2025-12-20;20;10
50;2025-12-20;21;10
50;2025-12-20;22;10
50;2025-12-20;23;4
50;2025-12-21;0;3
50;2025-12-21;1;1
50;2025-12-21;2;1
50;2025-12-21;3;1
50;2025-12-21;4;1
50;2025-12-21;5;1
50;2025-12-21;6;4
50;2025-12-21;7;6
50;2025-12-21;8;12
50;2025-12-21;9;10
50;2025-12-21;10;24
50;2025-12-21;11;80
50;2025-12-21;12;61
50;2025-12-21;13;75
50;2025-12-21;14;124
50;2025-12-21;15;104
50;2025-12-21;16;120
50;2025-12-21;17;106
50;2025-12-21;18;63
50;2025-12-21;19;67
50;2025-12-21;20;49
50;2025-12-21;21;31
50;2025-12-21;22;36
50;2025-12-21;23;11
50;2025-12-22;0;28
50;2025-12-22;1;3
50;2025-12-22;2;1
50;2025-12-22;3;1
50;2025-12-22;4;4
50;2025-12-22;5;74
50;2025-12-22;6;523
50;2025-12-22;7;1712
50;2025-12-22;8;2817
50;2025-12-22;9;2198
50;2025-12-22;10;1677
50;2025-12-22;11;1505
50;2025-12-22;12;1413
50;2025-12-22;13;1508
50;2025-12-22;14;1420
50;2025-12-22;15;1660
50;2025-12-22;16;1762
50;2025-12-22;17;2320
50;2025-12-22;18;2309
50;2025-12-22;19;1367
50;2025-12-22;20;906
50;2025-12-22;21;620
50;2025-12-22;22;252
50;2025-12-22;23;144
50;2025-12-23;0;28
50;2025-12-23;1;3
50;2025-12-23;2;1
50;2025-12-23;3;1
50;2025-12-23;4;4
50;2025-12-23;5;74
50;2025-12-23;6;527
50;2025-12-23;7;1731
50;2025-12-23;8;2797
50;2025-12-23;9;2226
50;2025-12-23;10;1693
50;2025-12-23;11;1535
50;2025-12-23;12;1446
50;2025-12-23;13;1522
50;2025-12-23;14;1455
50;2025-12-23;15;1690
50;2025-12-23;16;1805
50;2025-12-23;17;2394
50;2025-12-23;18;2355
50;2025-12-23;19;1397
50;2025-12-23;20;940
50;2025-12-23;21;629
50;2025-12-23;22;254
50;2025-12-23;23;148
50;2025-12-24;0;28
50;2025-12-24;1;3
50;2025-12-24;2;1
50;2025-12-24;3;1
50;2025-12-24;4;4
50;2025-12-24;5;75
50;2025-12-24;6;527
50;2025-12-24;7;1737
50;2025-12-24;8;2831
50;2025-12-24;9;2251
50;2025-12-24;10;1711
50;2025-12-24;11;1548
50;2025-12-24;12;1462
50;2025-12-24;13;1543
50;2025-12-24;14;1459
50;2025-12-24;15;1696
50;2025-12-24;16;1803
50;2025-12-24;17;2389
50;2025-12-24;18;2369
50;2025-12-24;19;1408
50;2025-12-24;20;944
50;2025-12-24;21;628
50;2025-12-24;22;254
50;2025-12-24;23;151
50;2025-12-25;0;28
50;2025-12-25;1;3
50;2025-12-25;2;1
50;2025-12-25;3;1
50;2025-12-25;4;4
50;2025-12-25;5;75
50;2025-12-25;6;529
50;2025-12-25;7;1742
50;2025-12-25;8;2824
50;2025-12-25;9;2260
50;2025-12-25;10;1727
50;2025-12-25;11;1563
50;2025-12-25;12;1472
50;2025-12-25;13;1546
50;2025-12-25;14;1470
50;2025-12-25;15;1709
50;2025-12-25;16;1813
50;2025-12-25;17;2408
50;2025-12-25;18;2336
50;2025-12-25;19;1418
50;2025-12-25;20;942
50;2025-12-25;21;631
50;2025-12-25;22;251
50;2025-12-25;23;146
50;2025-12-26;0;27
50;2025-12-26;1;3
50;2025-12-26;2;1
50;2025-12-26;3;1
50;2025-12-26;4;4
50;2025-12-26;5;74
50;2025-12-26;6;520
50;2025-12-26;7;1672
50;2025-12-26;8;2751
50;2025-12-26;9;2168
50;2025-12-26;10;1646
50;2025-12-26;11;1499
50;2025-12-26;12;1417
50;2025-12-26;13;1527
50;2025-12-26;14;1463
50;2025-12-26;15;1681
50;2025-12-26;16;1808
50;2025-12-26;17;2315
50;2025-12-26;18;2239
50;2025-12-26;19;1338
50;2025-12-26;20;913
50;2025-12-26;21;614
50;2025-12-26;22;247
50;2025-12-26;23;146
50;2025-12-27;0;49
50;2025-12-27;1;7
50;2025-12-27;2;1
50;2025-12-27;3;3
50;2025-12-27;4;1
50;2025-12-27;5;9
50;2025-12-27;6;12
50;2025-12-27;7;18
50;2025-12-27;8;35
50;2025-12-27;9;69
50;2025-12-27;10;26
50;2025-12-27;11;45
50;2025-12-27;12;82
50;2025-12-27;13;55
50;2025-12-27;14;66
50;2025-12-27;15;97
50;2025-12-27;16;62
50;2025-12-27;17;60
50;2025-12-27;18;16
50;2025-12-27;19;14
50;2025-12-27;20;10
50;2025-12-27;21;10
50;2025-12-27;22;10
50;2025-12-27;23;3
50;2025-12-28;0;3
50;2025-12-28;1;1
50;2025-12-28;2;1
50;2025-12-28;3;1
50;2025-12-28;4;1
50;2025-12-28;5;1
50;2025-12-28;6;4
50;2025-12-28;7;6
50;2025-12-28;8;12
50;2025-12-28;9;10
50;2025-12-28;10;24
50;2025-12-28;11;79
50;2025-12-28;12;63
50;2025-12-28;13;75
50;2025-12-28;14;124
50;2025-12-28;15;103
50;2025-12-28;16;119
50;2025-12-28;17;107
50;2025-12-28;18;64
50;2025-12-28;19;69
50;2025-12-28;20;49
50;2025-12-28;21;31
50;2025-12-28;22;36
50;2025-12-28;23;11
50;2025-12-29;0;28
50;2025-12-29;1;3
50;2025-12-29;2;1
50;2025-12-29;3;1
50;2025-12-29;4;4
50;2025-12-29;5;75
50;2025-12-29;6;521
50;2025-12-29;7;1704
50;2025-12-29;8;2817
50;2025-12-29;9;2227
50;2025-12-29;10;1698
50;2025-12-29;11;1523
50;2025-12-29;12;1434
50;2025-12-29;13;1513
50;2025-12-29;14;1441
50;2025-12-29;15;1674
50;2025-12-29;16;1780
50;2025-12-29;17;2352
50;2025-12-29;18;2328
50;2025-12-29;19;1393
50;2025-12-29;20;930
50;2025-12-29;21;622
50;2025-12-29;22;250
50;2025-12-29;23;147
50;2025-12-30;0;28
50;2025-12-30;1;3
50;2025-12-30;2;1
50;2025-12-30;3;1
50;2025-12-30;4;4
50;2025-12-30;5;75
50;2025-12-30;6;528
50;2025-12-30;7;1734
50;2025-12-30;8;2833
50;2025-12-30;9;2243
50;2025-12-30;10;1702
50;2025-12-30;11;1526
50;2025-12-30;12;1457
50;2025-12-30;13;1528
50;2025-12-30;14;1469
50;2025-12-30;15;1692
50;2025-12-30;16;1809
50;2025-12-30;17;2381
50;2025-12-30;18;2367
50;2025-12-30;19;1394
50;2025-12-30;20;934
50;2025-12-30;21;622
50;2025-12-30;22;251
50;2025-12-30;23;148
50;2025-12-31;0;3
50;2025-12-31;1;1
50;2025-12-31;2;1
50;2025-12-31;3;1
50;2025-12-31;4;1
50;2025-12-31;5;1
50;2025-12-31;6;4
50;2025-12-31;7;6
50;2025-12-31;8;13
50;2025-12-31;9;10
50;2025-12-31;10;25
50;2025-12-31;11;80
50;2025-12-31;12;63
50;2025-12-31;13;77
50;2025-12-31;14;128
50;2025-12-31;15;105
50;2025-12-31;16;121
50;2025-12-31;17;110
50;2025-12-31;18;64
50;2025-12-31;19;69
50;2025-12-31;20;50
50;2025-12-31;21;32
50;2025-12-31;22;36
50;2025-12-31;23;11
